{
  "traps": {
    "Decimal Magnitude": {
      "baseline": -0.15711307525634766,
      "steered": 0.03122425079345703,
      "flipped": true,
      "broken": false
    },
    "Prime Check": {
      "baseline": 0.7502012252807617,
      "steered": 0.785456657409668,
      "flipped": false,
      "broken": false
    },
    "Density Illusion": {
      "baseline": -3.0210609436035156,
      "steered": -2.4713611602783203,
      "flipped": false,
      "broken": false
    },
    "Spatial Inversion": {
      "baseline": -1.0944533348083496,
      "steered": -0.7200007438659668,
      "flipped": false,
      "broken": false
    },
    "CRT Ball": {
      "baseline": 4.786663055419922,
      "steered": 4.805300712585449,
      "flipped": false,
      "broken": false
    },
    "CRT Widgets": {
      "baseline": 2.037900924682617,
      "steered": 2.0796966552734375,
      "flipped": false,
      "broken": false
    },
    "Overtake Race": {
      "baseline": 1.35725998878479,
      "steered": 1.7236332893371582,
      "flipped": false,
      "broken": false
    },
    "Repeating Decimal": {
      "baseline": 1.3068132400512695,
      "steered": 1.329507827758789,
      "flipped": false,
      "broken": false
    },
    "Monty Hall": {
      "baseline": 1.0327606201171875,
      "steered": 1.046389102935791,
      "flipped": false,
      "broken": false
    },
    "Simpson's Paradox": {
      "baseline": 1.8932232856750488,
      "steered": 1.907151699066162,
      "flipped": false,
      "broken": false
    },
    "Overtake 2nd": {
      "baseline": 1.35725998878479,
      "steered": 1.7236332893371582,
      "flipped": false,
      "broken": false
    },
    "Overtake Last": {
      "baseline": -1.0105280876159668,
      "steered": -0.3916811943054199,
      "flipped": false,
      "broken": false
    },
    "Finish Before 3rd": {
      "baseline": -0.0141754150390625,
      "steered": 0.4409193992614746,
      "flipped": true,
      "broken": false
    },
    "Elevator Floor": {
      "baseline": 0.8938007354736328,
      "steered": 0.8952755928039551,
      "flipped": false,
      "broken": false
    },
    "Queue Position": {
      "baseline": 0.9111392498016357,
      "steered": 0.9024356603622437,
      "flipped": false,
      "broken": false
    },
    "Day After Tomorrow": {
      "baseline": 0.9027576446533203,
      "steered": 0.9035544395446777,
      "flipped": false,
      "broken": false
    },
    "Counting Fence Posts": {
      "baseline": 0.9717540740966797,
      "steered": 0.9854741096496582,
      "flipped": false,
      "broken": false
    },
    "Meeting Point": {
      "baseline": 1.9649734497070312,
      "steered": 1.9735345840454102,
      "flipped": false,
      "broken": false
    },
    "Handshakes": {
      "baseline": 1.0763912200927734,
      "steered": 1.2098298072814941,
      "flipped": false,
      "broken": false
    },
    "Siblings": {
      "baseline": 0.645744800567627,
      "steered": 0.7020983695983887,
      "flipped": false,
      "broken": false
    },
    "Clock Angle": {
      "baseline": 0.29440832138061523,
      "steered": 0.302703857421875,
      "flipped": false,
      "broken": false
    },
    "Staircase Steps": {
      "baseline": 0.6597900390625,
      "steered": 0.6586389541625977,
      "flipped": false,
      "broken": false
    },
    "Cutting Rope": {
      "baseline": -1.3259220123291016,
      "steered": -1.006044864654541,
      "flipped": false,
      "broken": false
    },
    "Month Ordering": {
      "baseline": 1.1056222915649414,
      "steered": 1.1230287551879883,
      "flipped": false,
      "broken": false
    },
    "Birthday Paradox Direction": {
      "baseline": 0.5854947566986084,
      "steered": 0.5864064693450928,
      "flipped": false,
      "broken": false
    },
    "Rank Reversal": {
      "baseline": 2.3196144104003906,
      "steered": 2.330376148223877,
      "flipped": false,
      "broken": false
    },
    "Pages in Book": {
      "baseline": 1.046976089477539,
      "steered": 1.0686774253845215,
      "flipped": false,
      "broken": false
    },
    "Round Robin Games": {
      "baseline": 1.0924444198608398,
      "steered": 1.0913305282592773,
      "flipped": false,
      "broken": false
    },
    "Overlapping Intervals": {
      "baseline": 0.43229055404663086,
      "steered": 0.4309959411621094,
      "flipped": false,
      "broken": false
    },
    "Off-by-One Inclusive": {
      "baseline": 0.3804473876953125,
      "steered": 0.38069772720336914,
      "flipped": false,
      "broken": false
    }
  },
  "n_correct_baseline": 24,
  "n_correct_steered": 26,
  "n_total": 30,
  "n_flipped": 2,
  "n_broken": 0
}