{
  "analysis": "CMB acoustic peak spacing vs GUE/Poisson",
  "source": "Planck Release 3.01, CMB TT power spectrum (83 bins)",
  "method": "Local extrema detection, normalized nearest-neighbor spacings, KL divergence",
  "caveat": "With only ~8-10 acoustic peaks in 83 bins, statistics are severely limited. KL divergence estimates are unreliable at this sample size. Results are directional only, not statistically significant.",
  "poisson_pdf": "P(s) = exp(-s)",
  "gue_wigner_pdf": "P(s) = (32/pi^2) * s^2 * exp(-4*s^2/pi)",
  "results": {
    "maxima": {
      "n_extrema": 10,
      "n_spacings": 9,
      "ell_positions": [
        225.16,
        524.79,
        824.68,
        1124.63,
        1424.61,
        1724.59,
        1994.58,
        2294.57,
        2384.56,
        2444.56
      ],
      "Dl_values": [
        5793.44,
        2573.48,
        2521.91,
        1231.87,
        809.06,
        397.74,
        234.66,
        117.77,
        120.36,
        103.08
      ],
      "raw_spacings_ell": [
        299.62037499999997,
        299.89627600000006,
        299.951584,
        299.97195999999985,
        299.98172,
        269.98824000000013,
        299.99019,
        89.9975300000001,
        59.998459999999795
      ],
      "normalized_spacings": [
        1.2150075822306878,
        1.2161264040295898,
        1.2163506866384008,
        1.2164333145120738,
        1.2164728928418278,
        1.0948446303530557,
        1.2165072400193904,
        0.3649540900949541,
        0.24330315928002025
      ],
      "mean_spacing_ell": 246.59959277777776,
      "std_spacing_normalized": 0.37493624655706387,
      "kl_divergence_poisson": 1.63061,
      "kl_divergence_gue": 1.280685,
      "better_fit": "GUE"
    },
    "minima": {
      "n_extrema": 9,
      "n_spacings": 8,
      "ell_positions": [
        404.87,
        674.72,
        1034.64,
        1304.61,
        1664.59,
        1964.58,
        2264.57,
        2354.56,
        2414.56
      ],
      "Dl_values": [
        1753.36,
        1813.16,
        1047.86,
        732.34,
        391.66,
        231.91,
        116.16,
        109.71,
        90.45
      ],
      "raw_spacings_ell": [
        269.852148,
        359.9228209999999,
        269.9700500000001,
        359.9751799999999,
        299.98626000000013,
        299.98990000000003,
        89.9974699999998,
        59.998419999999896
      ],
      "normalized_spacings": [
        1.0742028711481588,
        1.4327480087723619,
        1.0746722046993382,
        1.4329564347142982,
        1.1941580016513271,
        1.1941724914320455,
        0.3582537377841071,
        0.23883624979836365
      ],
      "mean_spacing_ell": 251.21153112499996,
      "std_spacing_normalized": 0.4260887412590105,
      "kl_divergence_poisson": 1.142082,
      "kl_divergence_gue": 0.9212,
      "better_fit": "GUE"
    },
    "all_extrema": {
      "n_extrema": 19,
      "n_spacings": 18,
      "ell_positions": [
        225.16,
        404.87,
        524.79,
        674.72,
        824.68,
        1034.64,
        1124.63,
        1304.61,
        1424.61,
        1664.59,
        1724.59,
        1964.58,
        1994.58,
        2264.57,
        2294.57,
        2354.56,
        2384.56,
        2414.56,
        2444.56
      ],
      "Dl_values": [
        5793.44,
        1753.36,
        2573.48,
        1813.16,
        2521.91,
        1047.86,
        1231.87,
        732.34,
        809.06,
        391.66,
        397.74,
        231.91,
        234.66,
        116.16,
        117.77,
        109.71,
        120.36,
        90.45,
        103.08
      ],
      "raw_spacings_ell": [
        179.70484600000003,
        119.91552899999994,
        149.93661900000006,
        149.959657,
        209.9631639999999,
        89.98842000000013,
        179.98163,
        119.99032999999986,
        239.98485000000005,
        59.996869999999944,
        239.98939000000018,
        29.998849999999948,
        269.9910500000001,
        29.999139999999898,
        59.998329999999896,
        29.9992000000002,
        29.999219999999696,
        29.9992400000001
      ],
      "normalized_spacings": [
        1.457462633865258,
        0.9725525305961177,
        1.2160329813286825,
        1.2162198267304971,
        1.7028670780426418,
        0.7298342952341599,
        1.4597074388698583,
        0.9731591901542892,
        1.9463523625220374,
        0.48659342316161797,
        1.9463891833452107,
        0.24330007736090054,
        2.189712050686973,
        0.2433024293518076,
        0.48660526421928973,
        0.24330291597061848,
        0.24330307817688387,
        0.24330324038315665
      ],
      "mean_spacing_ell": 123.29979638888888,
      "std_spacing_normalized": 0.6531665125441941,
      "kl_divergence_poisson": 0.226495,
      "kl_divergence_gue": 0.872417,
      "better_fit": "Poisson"
    }
  }
}