{
  "source": "COD via OPTIMADE",
  "n_structures_total": 9800,
  "n_structures_analyzed": 9755,
  "cell_parameter_ratios": {
    "a_over_b": {
      "mean": 1.0946692627054548,
      "median": 1.0,
      "std": 0.739914997350074,
      "min": 0.10805989656157,
      "max": 10.18720427895495
    },
    "b_over_c": {
      "mean": 0.9617524868254722,
      "median": 0.8547949802619378,
      "std": 0.7059734328078492,
      "min": 0.06273708306082408,
      "max": 9.860416666666666
    }
  },
  "volume_verification": {
    "mean_relative_error": 9.391329094071303e-06,
    "median_relative_error": 4.0043241939100614e-06,
    "max_relative_error": 0.00028425840959349564,
    "pct_within_0_1pct": 100.0,
    "pct_within_1pct": 100.0,
    "pct_within_5pct": 100.0
  },
  "angle_distributions": {
    "alpha": {
      "name": "alpha",
      "mean": 89.72153357252691,
      "median": 90.0,
      "std": 6.252050874647898,
      "min": 19.22,
      "max": 121.52,
      "histogram_centers": [
        20.640833333333333,
        23.4825,
        26.324166666666663,
        29.16583333333333,
        32.0075,
        34.84916666666666,
        37.69083333333333,
        40.5325,
        43.37416666666667,
        46.215833333333336,
        49.057500000000005,
        51.899166666666666,
        54.740833333333335,
        57.582499999999996,
        60.424166666666665,
        63.26583333333333,
        66.1075,
        68.94916666666667,
        71.79083333333334,
        74.63250000000001,
        77.47416666666668,
        80.31583333333333,
        83.1575,
        85.99916666666667,
        88.84083333333334,
        91.6825,
        94.52416666666667,
        97.36583333333334,
        100.2075,
        103.04916666666666,
        105.89083333333333,
        108.7325,
        111.57416666666667,
        114.41583333333334,
        117.25750000000001,
        120.09916666666666
      ],
      "histogram_counts": [
        1,
        4,
        1,
        1,
        1,
        2,
        3,
        5,
        3,
        5,
        2,
        0,
        14,
        15,
        9,
        20,
        57,
        58,
        65,
        67,
        81,
        74,
        67,
        80,
        8415,
        97,
        100,
        120,
        79,
        81,
        66,
        63,
        44,
        31,
        22,
        2
      ],
      "pct_at_90": 85.66888774987186,
      "pct_at_120": 0.0
    },
    "beta": {
      "name": "beta",
      "mean": 93.55090312660175,
      "median": 90.0,
      "std": 9.523220751653357,
      "min": 19.22,
      "max": 151.55,
      "histogram_centers": [
        21.057916666666664,
        24.73375,
        28.409583333333334,
        32.08541666666667,
        35.761250000000004,
        39.437083333333334,
        43.11291666666667,
        46.78875,
        50.46458333333334,
        54.14041666666667,
        57.816250000000004,
        61.49208333333334,
        65.16791666666667,
        68.84375,
        72.51958333333334,
        76.19541666666666,
        79.87125,
        83.54708333333335,
        87.22291666666666,
        90.89875,
        94.57458333333335,
        98.25041666666667,
        101.92625000000001,
        105.60208333333334,
        109.27791666666667,
        112.95375000000001,
        116.62958333333334,
        120.30541666666667,
        123.98125000000002,
        127.65708333333333,
        131.33291666666668,
        135.00875000000002,
        138.68458333333336,
        142.36041666666668,
        146.03625,
        149.71208333333334
      ],
      "histogram_counts": [
        1,
        4,
        2,
        2,
        1,
        8,
        3,
        7,
        0,
        18,
        21,
        14,
        17,
        56,
        58,
        94,
        127,
        124,
        150,
        5777,
        729,
        618,
        572,
        484,
        338,
        234,
        146,
        67,
        43,
        28,
        6,
        5,
        0,
        0,
        0,
        1
      ],
      "pct_at_90": 54.351614556637614,
      "pct_at_120": 0.24602767811378778
    },
    "gamma": {
      "name": "gamma",
      "mean": 92.62675756022553,
      "median": 90.0,
      "std": 11.112548581932746,
      "min": 19.22,
      "max": 123.23,
      "histogram_centers": [
        20.664583333333333,
        23.55375,
        26.442916666666665,
        29.33208333333333,
        32.22125,
        35.110416666666666,
        37.999583333333334,
        40.888749999999995,
        43.77791666666666,
        46.66708333333333,
        49.55625,
        52.44541666666667,
        55.334583333333335,
        58.223749999999995,
        61.11291666666666,
        64.00208333333333,
        66.89125,
        69.78041666666667,
        72.66958333333332,
        75.55875,
        78.44791666666666,
        81.33708333333334,
        84.22625,
        87.11541666666668,
        90.00458333333333,
        92.89375000000001,
        95.78291666666667,
        98.67208333333332,
        101.56125,
        104.45041666666665,
        107.33958333333334,
        110.22874999999999,
        113.11791666666667,
        116.00708333333333,
        118.89625000000001,
        121.78541666666666
      ],
      "histogram_counts": [
        1,
        4,
        1,
        1,
        2,
        1,
        3,
        5,
        3,
        7,
        0,
        2,
        15,
        15,
        11,
        46,
        53,
        72,
        65,
        82,
        84,
        77,
        89,
        68,
        7441,
        90,
        98,
        96,
        70,
        73,
        69,
        66,
        42,
        28,
        972,
        3
      ],
      "pct_at_90": 75.58175294720655,
      "pct_at_120": 9.861609431060995
    }
  },
  "crystal_system_classification": {
    "cubic": {
      "count": 1213,
      "pct": 12.43
    },
    "hexagonal": {
      "count": 865,
      "pct": 8.87
    },
    "trigonal": {
      "count": 94,
      "pct": 0.96
    },
    "tetragonal": {
      "count": 1194,
      "pct": 12.24
    },
    "orthorhombic": {
      "count": 1757,
      "pct": 18.01
    },
    "monoclinic": {
      "count": 3074,
      "pct": 31.51
    },
    "triclinic": {
      "count": 1558,
      "pct": 15.97
    }
  },
  "knn_graph": {
    "k": 10,
    "features": [
      "cell_a",
      "cell_b",
      "cell_c",
      "cell_alpha",
      "cell_beta",
      "cell_gamma"
    ],
    "normalization": "min-max to [0,1]"
  },
  "ollivier_ricci_curvature": {
    "global": {
      "n_edges_sampled": 5000,
      "n_edges_total": 48594,
      "mean_orc": 0.1881723444478065,
      "median_orc": 0.1891610868571016,
      "std_orc": 0.5254111941375706,
      "pct_positive": 70.08,
      "pct_negative": 28.860000000000003
    },
    "by_crystal_system": {
      "cubic": {
        "n_edges": 594,
        "mean_orc": 0.25488310624761856,
        "median_orc": 0.30823841059603435,
        "std_orc": 0.5632457060844315,
        "pct_positive": 71.38047138047138
      },
      "hexagonal": {
        "n_edges": 398,
        "mean_orc": 0.3413319842916038,
        "median_orc": 0.497616555893562,
        "std_orc": 0.7202672632344523,
        "pct_positive": 77.88944723618091
      },
      "trigonal": {
        "n_edges": 48,
        "mean_orc": 0.5104875196684558,
        "median_orc": 0.6928897774929048,
        "std_orc": 0.534220728659722,
        "pct_positive": 83.33333333333334
      },
      "tetragonal": {
        "n_edges": 473,
        "mean_orc": 0.2694873186720328,
        "median_orc": 0.3958438663902275,
        "std_orc": 1.0359884289984842,
        "pct_positive": 78.43551797040169
      },
      "orthorhombic": {
        "n_edges": 723,
        "mean_orc": 0.16730205199234313,
        "median_orc": 0.14354431761657482,
        "std_orc": 0.3936003145433506,
        "pct_positive": 68.74135546334716
      },
      "monoclinic": {
        "n_edges": 1391,