{
  "cell_volume_distribution": {
    "count": 9755,
    "mean": 1724.7550220399796,
    "median": 1098.06,
    "std": 2727.671072888355,
    "min": 12.8,
    "max": 100078.63,
    "q25": 430.91999999999996,
    "q75": 2071.37,
    "log_normal_test": {
      "shapiro_wilk_stat": 0.98366884701768,
      "shapiro_wilk_p": 1.338522483565953e-23,
      "dagostino_k2_stat": 315.7293510954486,
      "dagostino_k2_p": 2.755767171141605e-69,
      "log_mean": 6.832699151634212,
      "log_std": 1.1916543330293023,
      "interpretation": "not log-normal (heavy tails likely)"
    }
  },
  "volume_by_nelements": {
    "0": {
      "count": 1,
      "mean": 491.12,
      "median": 491.12,
      "std": 0.0,
      "min": 491.12,
      "max": 491.12
    },
    "1": {
      "count": 40,
      "mean": 208.98475,
      "median": 61.21,
      "std": 522.1764673651404,
      "min": 17.48,
      "max": 3324.11
    },
    "2": {
      "count": 797,
      "mean": 485.91462986198246,
      "median": 179.84,
      "std": 958.388367841724,
      "min": 12.8,
      "max": 14827.4
    },
    "3": {
      "count": 2406,
      "mean": 1103.0118620116375,
      "median": 697.0450000000001,
      "std": 1440.352524648926,
      "min": 34.37,
      "max": 25041.19
    },
    "4": {
      "count": 3246,
      "mean": 1631.6015773259396,
      "median": 1133.165,
      "std": 2185.7733942029163,
      "min": 23.47,
      "max": 48857.77
    },
    "5": {
      "count": 2109,
      "mean": 2115.960459933618,
      "median": 1427.89,
      "std": 2408.594193084876,
      "min": 55.96,
      "max": 30957.34
    },
    "6": {
      "count": 883,
      "mean": 2850.9917893544734,
      "median": 2200.89,
      "std": 2636.693277836458,
      "min": 57.24,
      "max": 26089.19
    },
    "7": {
      "count": 234,
      "mean": 5186.931068376069,
      "median": 3272.45,
      "std": 8172.415219257488,
      "min": 175.69,
      "max": 75762.03
    },
    "8": {
      "count": 32,
      "mean": 7796.6025,
      "median": 3737.965,
      "std": 17011.358972568152,
      "min": 739.61,
      "max": 100078.63
    },
    "9": {
      "count": 5,
      "mean": 6873.082,
      "median": 3544.61,
      "std": 6879.763981941241,
      "min": 1121.62,
      "max": 20266.02
    },
    "10": {
      "count": 1,
      "mean": 738.08,
      "median": 738.08,
      "std": 0.0,
      "min": 738.08,
      "max": 738.08
    },
    "13": {
      "count": 1,
      "mean": 512.51,
      "median": 512.51,
      "std": 0.0,
      "min": 512.51,
      "max": 512.51
    }
  },
  "nelements_volume_correlation": {
    "pearson_r": 0.30252720803816485,
    "pearson_p": 1.395530208781376e-205,
    "spearman_rho": 0.454714984639324,
    "spearman_p": 0.0
  },
  "cell_parameter_ratios": {
    "a_over_b": {
      "count": 9755,
      "mean": 1.0946692627054548,
      "median": 1.0,
      "std": 0.739914997350074,
      "fraction_within_1pct_of_1": 0.33900563813429013,
      "fraction_within_5pct_of_1": 0.40369041517170684
    },
    "b_over_c": {
      "count": 9755,
      "mean": 0.9617524868254722,
      "median": 0.8547949802619378,
      "std": 0.7059734328078492,
      "fraction_within_1pct_of_1": 0.1441312147616607,
      "fraction_within_5pct_of_1": 0.19682214249103025
    },
    "a_over_c": {
      "count": 9755,
      "mean": 0.9118654527639843,
      "median": 0.8074299334264815,
      "std": 0.6284269954889159,
      "fraction_within_1pct_of_1": 0.14126089185033316,
      "fraction_within_5pct_of_1": 0.19261916965658638
    },
    "cubic_fraction": 0.13070220399794977,
    "cubic_count": 1275,
    "total_with_params": 9755
  },
  "angle_distribution": {
    "alpha": {
      "count": 9755,
      "mean": 89.72153357252691,
      "std": 6.252050874647898,
      "min": 19.22,
      "max": 121.52,
      "fraction_exactly_90": 0.8512557662737058,
      "fraction_within_0.1_of_90": 0.8528959507944643,
      "unique_values_sample": [
        19.22,
        23.49,
        24.13,
        24.17,
        24.19,
        27.7,
        29.43,
        31.33,
        33.43,
        36.03,
        38.37,
        38.72,
        39.49,
        39.73,
        40.03,
        43.83,
        44.28,
        44.32,
        46.1,
        46.33
      ]
    },
    "beta": {
      "count": 9755,
      "mean": 93.55090312660175,
      "std": 9.523220751653357,
      "min": 19.22,
      "max": 151.55,
      "fraction_exactly_90": 0.527011788826243,
      "fraction_within_0.1_of_90": 0.5309072270630446,
      "unique_values_sample": [
        19.22,
        23.49,
        24.13,
        24.17,
        24.19,
        27.7,
        29.43,
        31.33,
        33.43,
        36.03,
        38.37,
        38.72,
        39.49,
        39.73,
        40.03,
        43.83,
        44.28,
        44.32,
        46.1,
        46.33
      ]
    },
    "gamma": {
      "count": 9755,
      "mean": 92.62675756022553,
      "std": 11.112548581932746,
      "min": 19.22,
      "max": 123.23,
      "fraction_exactly_90": 0.7503844182470528,
      "fraction_within_0.1_of_90": 0.7514095335725269,
      "unique_values_sample": [
        19.22,
        23.49,
        24.13,
        24.17,
        24.19,
        27.7,
        29.43,
        31.33,
        33.43,
        36.03,
        38.37,
        38.72,
        39.49,
        39.73,
        40.03,
        43.83,
        44.28,
        44.32,
        46.1,
        46.33
      ]
    },
    "all_90_fraction": 0.4257303946694003,
    "all_90_count": 4153,
    "total_with_angles": 9755,
    "monoclinic_count": 3165,
    "monoclinic_fraction": 0.32444900051255765,
    "triclinic_count": 1449,
    "triclinic_fraction": 0.14853921066119938
  },
  "element_analysis": {
    "total_structures_with_elements": 9791,
    "unique_elements": 91,
    "top_30_elements": {
      "O": {
        "count": 7199,
        "fraction": 0.7353
      },
      "H": {
        "count": 5911,
        "fraction": 0.6037
      },
      "C": {
        "count": 5192,
        "fraction": 0.5303
      },
      "N": {
        "count": 3933,
        "fraction": 0.4017
      },
      "S": {
        "count": 1291,
        "fraction": 0.1319
      },
      "P": {
        "count": 1189,
        "fraction": 0.1214
      },
      "Cl": {
        "count": 1154,
        "fraction": 0.1179
      },
      "F": {
        "count": 979,
        "fraction": 0.1
      },
      "Cu": {
        "count": 680,
        "fraction": 0.0695
      },
      "Si": {
        "count": 662,
        "fraction": 0.0676
      },
      "Fe": {
        "count": 625,
        "fraction": 0.0638
      },
      "Ba": {
        "count": 538,
        "fraction": 0.0549
      },
      "Br": {
        "count": 481,
        "fraction": 0.0491
      },
      "K": {
        "count": 451,
        "fraction": 0.0461
      },
      "Na": {
        "count": 390,
        "fraction": 0.0398
      },
      "Ca": {
        "count": 381,
        "fraction": 0.0389
      },
      "B": {
        "count": 359,
        "fraction": 0.0367
      },
      "Al": {
        "count": 343,
        "fraction": 0.035
      },
      "Li": {
        "count": 336,
        "fraction": 0.0343
      },
      "Ti": {
        "count": 321,
        "fraction": 0.0328
      },
      "Ni": {
        "count": 319,
        "fraction": 0.0326
      },
      "Sr": {
        "count": 309,
        "fraction": 0.0316
      },
      "Mn": {
        "count": 266,
        "fraction": 0.0272
      },
      "I": {
        "count": 259,
        "fraction": 0.0265
      },
      "V": {
        "count": 252,
        "fraction": 0.0257
      },
      "W": {
        "count": 250,
        "fraction": 0.0255
      },
      "Nb": {
        "count": 248,
        "fraction": 0.0253
      },
      "Co": {
        "count": 245,
        "fraction": 0.025
      },
      "Pb": {
        "count": 239,
        "fraction": 0.0244
      },
      "Mg": {
        "count": 236,
        "fraction": 0.0241
      }
    },