{
  "genus2_distribution": {
    "name": "genus-2",
    "count": 66158,
    "min": 169,
    "max": 1000000,
    "mean": 316537.11047794676,
    "median": 226104.5,
    "std": 284262.19575298275,
    "p25": 73459.25,
    "p75": 497287.75,
    "p90": 789536.0000000001,
    "p99": 978469.9,
    "num_distinct_conductors": 55828
  },
  "ec_distribution": {
    "name": "elliptic_curves",
    "count": 31073,
    "min": 11,
    "max": 4998,
    "mean": 2624.0723135841404,
    "median": 2650.0,
    "std": 1404.2566445617924,
    "p25": 1430.0,
    "p75": 3844.0,
    "p90": 4554.0,
    "p99": 4950.0,
    "num_distinct_conductors": 3437
  },
  "density_scaling": {
    "genus2_mean_curves_per_conductor": 1.1850326001289675,
    "genus2_median_curves_per_conductor": 1.0,
    "genus2_max_curves_per_conductor": 24,
    "ec_mean_curves_per_conductor": 9.040733197556008,
    "ec_median_curves_per_conductor": 4.0,
    "ec_max_curves_per_conductor": 192
  },
  "prime_conductor_fraction": {
    "genus2_prime_conductor_fraction": 0.09660027226481335,
    "genus2_prime_conductors": 5393,
    "genus2_total_distinct_conductors": 55828,
    "ec_prime_conductor_fraction": 0.04684317718940937,
    "ec_prime_conductors": 161,
    "ec_total_distinct_conductors": 3437
  },
  "growth_exponent": {
    "genus2_alpha": 1.1226,
    "genus2_r_squared": 0.917307,
    "ec_alpha": 1.271,
    "ec_r_squared": 0.987321,
    "interpretation": "genus-2: N(cond<=N) ~ N^1.123, EC: N(cond<=N) ~ N^1.271. EC grows FASTER."
  },
  "histogram": {
    "bin_edges": [
      11.0,
      16.307190486791608,
      24.174951052046065,
      35.83868471041621,
      53.129841669892976,
      78.76349533127485,
      116.7646656156927,
      173.10033130196618,
      256.61637053344515,
      380.4265487561804,
      563.9716542545228,
      836.0721086435894,
      1239.45337603132,
      1837.4547547672446,
      2723.974972440948,
      4038.216250622498,
      5986.541965978034,
      8874.880017852342,
      13156.759908958064,
      19504.52636585107,
      28914.911527507527,
      42865.542744344726,
      63546.9609865216,
      94206.58160581098,
      139658.60648685807,
      207039.95446373321,
      306930.90689243266,
      455016.4331798719,
      674549.059134969,
      1000000.0
    ],
    "genus2_counts": [
      0,
      0,
      0,
      0,
      0,
      0,
      1,
      4,
      13,
      25,
      69,
      121,
      169,
      271,
      458,
      641,
      977,
      1317,
      1843,
      2333,
      3018,
      3735,
      4503,
      5552,
      6395,
      7497,
      8490,
      8347,
      10379
    ],
    "ec_counts": [
      17,
      23,
      32,
      63,
      93,
      141,
      242,
      397,
      572,
      959,
      1539,
      2523,
      3698,
      5743,
      8608,
      6423,
      0,
      0,
      0,
      0,
      0,
      0,
      0,
      0,
      0,
      0,
      0,
      0,
      0
    ],
    "genus2_density": [
      0.0,
      0.0,
      0.0,
      0.0,
      0.0,
      0.0,
      1.5e-05,
      6e-05,
      0.000196,
      0.000378,
      0.001043,
      0.001829,
      0.002554,
      0.004096,
      0.006923,
      0.009689,
      0.014768,
      0.019907,
      0.027858,
      0.035264,
      0.045618,
      0.056456,
      0.068064,
      0.08392,
      0.096663,
      0.11332,
      0.128329,
      0.126168,
      0.156882
    ],
    "ec_density": [
      0.000547,
      0.00074,
      0.00103,
      0.002027,
      0.002993,
      0.004538,
      0.007788,
      0.012776,
      0.018408,
      0.030863,
      0.049529,
      0.081196,
      0.11901,
      0.184823,
      0.277025,
      0.206707,
      0.0,
      0.0,
      0.0,
      0.0,
      0.0,
      0.0,
      0.0,
      0.0,
      0.0,
      0.0,
      0.0,
      0.0,
      0.0
    ]
  },
  "summary": {
    "genus2_alpha": 1.1226,
    "ec_alpha": 1.271,
    "genus2_faster": false,
    "genus2_median_conductor": 226104.5,
    "ec_median_conductor": 2650.0,
    "genus2_prime_fraction": 0.0966,
    "ec_prime_fraction": 0.0468,
    "genus2_mean_per_cond": 1.185,
    "ec_mean_per_cond": 9.041
  }
}