{
  "description": "EC abc quality: rad(N)/N distribution for elliptic curve conductors",
  "note": "rad(N)/N = 1 iff N squarefree iff semistable. Measures distance from Frey-curve regime.",
  "n_curves": 31073,
  "n_unique_conductors": 3437,
  "distribution": {
    "mean": 0.44718297207053664,
    "median": 0.25,
    "std": 0.41545454649253066,
    "min": 0.0015432098765432098,
    "max": 1.0,
    "percentiles": {
      "1": 0.005208333333333333,
      "5": 0.011904761904761904,
      "10": 0.022727272727272728,
      "25": 0.07692307692307693,
      "50": 0.25,
      "75": 1.0,
      "90": 1.0,
      "95": 1.0,
      "99": 1.0
    }
  },
  "histogram": {
    "0.0-0.1": 8658,
    "0.1-0.2": 4266,
    "0.2-0.3": 3127,
    "0.3-0.4": 3130,
    "0.4-0.5": 0,
    "0.5-0.6": 1212,
    "0.6-0.7": 0,
    "0.7-0.8": 0,
    "0.8-0.9": 0,
    "0.9-1.0": 0,
    "1.0-1.0": 10680
  },
  "squarefree_analysis": {
    "n_squarefree_curves": 10680,
    "frac_squarefree_curves": 0.343707,
    "n_semistable_flag": 10680,
    "frac_semistable_flag": 0.343707,
    "agreement_sqfree_vs_semistable": 1.0,
    "n_unique_squarefree_conductors": 1873,
    "frac_unique_squarefree": 0.544952
  },
  "by_rank": {
    "0": {
      "count": 15599,
      "mean_ratio": 0.43418212965968267,
      "median_ratio": 0.25,
      "frac_squarefree": 0.33066222193730366
    },
    "1": {
      "count": 14783,
      "mean_ratio": 0.452618631251126,
      "median_ratio": 0.25,
      "frac_squarefree": 0.3487790029087465
    },
    "2": {
      "count": 691,
      "mean_ratio": 0.6243823803198246,
      "median_ratio": 1.0,
      "frac_squarefree": 0.5296671490593343
    }
  },
  "by_cm_status": {
    "non-CM": {
      "count": 30779,
      "mean_ratio": 0.45125059009344665,
      "median_ratio": 0.25,
      "frac_squarefree": 0.3469898307287436
    },
    "CM": {
      "count": 294,
      "mean_ratio": 0.021342104291119383,
      "median_ratio": 0.011111111111111112,
      "frac_squarefree": 0.0
    }
  },
  "by_conductor_magnitude": {
    "10^0-10^2": {
      "count": 302,
      "mean_ratio": 0.6067815095132977,
      "median_ratio": 0.5,
      "frac_squarefree": 0.48344370860927155
    },
    "10^2-10^3": {
      "count": 4811,
      "mean_ratio": 0.512888907022138,
      "median_ratio": 0.3333333333333333,
      "frac_squarefree": 0.41072542091041364
    },
    "10^3-10^4": {
      "count": 25960,
      "mean_ratio": 0.4331494585358729,
      "median_ratio": 0.25,
      "frac_squarefree": 0.32966101694915256
    }
  },
  "extremes_lowest_ratio": [
    {
      "conductor": 3888,
      "rad_N": 6,
      "rad_ratio": 0.001543,
      "rank": 2
    },
    {
      "conductor": 3888,
      "rad_N": 6,
      "rad_ratio": 0.001543,
      "rank": 1
    },
    {
      "conductor": 3888,
      "rad_N": 6,
      "rad_ratio": 0.001543,
      "rank": 1
    },
    {
      "conductor": 3888,
      "rad_N": 6,
      "rad_ratio": 0.001543,
      "rank": 0
    },
    {
      "conductor": 3888,
      "rad_N": 6,
      "rad_ratio": 0.001543,
      "rank": 0
    },
    {
      "conductor": 3888,
      "rad_N": 6,
      "rad_ratio": 0.001543,
      "rank": 1
    },
    {
      "conductor": 3888,
      "rad_N": 6,
      "rad_ratio": 0.001543,
      "rank": 1
    },
    {
      "conductor": 3888,
      "rad_N": 6,
      "rad_ratio": 0.001543,
      "rank": 0
    },
    {
      "conductor": 3888,
      "rad_N": 6,
      "rad_ratio": 0.001543,
      "rank": 1
    },
    {
      "conductor": 3888,
      "rad_N": 6,
      "rad_ratio": 0.001543,
      "rank": 0
    },
    {
      "conductor": 3888,
      "rad_N": 6,
      "rad_ratio": 0.001543,
      "rank": 0
    },
    {
      "conductor": 3888,
      "rad_N": 6,
      "rad_ratio": 0.001543,
      "rank": 1
    },
    {
      "conductor": 3888,
      "rad_N": 6,
      "rad_ratio": 0.001543,
      "rank": 1
    },
    {
      "conductor": 3888,
      "rad_N": 6,
      "rad_ratio": 0.001543,
      "rank": 1
    },
    {
      "conductor": 3888,
      "rad_N": 6,
      "rad_ratio": 0.001543,
      "rank": 1
    },
    {
      "conductor": 3888,
      "rad_N": 6,
      "rad_ratio": 0.001543,
      "rank": 0
    },
    {
      "conductor": 3888,
      "rad_N": 6,
      "rad_ratio": 0.001543,
      "rank": 0
    },
    {
      "conductor": 3888,
      "rad_N": 6,
      "rad_ratio": 0.001543,
      "rank": 1
    },
    {
      "conductor": 3888,
      "rad_N": 6,
      "rad_ratio": 0.001543,
      "rank": 1
    },
    {
      "conductor": 3888,
      "rad_N": 6,
      "rad_ratio": 0.001543,
      "rank": 1
    }
  ],
  "interpretation": {
    "abc_connection": "For Frey curves E_{a,b}: y^2 = x(x-a^p)(x+b^p), conductor = rad(abc). Semistable (squarefree conductor) curves live in the Frey regime. Non-squarefree conductors have primes dividing N to power >= 2, meaning additive reduction \u2014 these are further from the abc/Szpiro landscape.",
    "szpiro_ratio": "Szpiro's conjecture: log|Delta| <= (6+eps)*log(N). rad(N)/N measures multiplicative complexity of the conductor. Low ratio = highly composite conductor = more room for Szpiro slack."
  }
}