{
  "experiment": "EC Faltings Height Distribution by Rank and CM",
  "total_curves": 31073,
  "global_stats": {
    "mean": 0.6269134254162354,
    "median": 0.5267159717398905,
    "std": 0.7917017856918349,
    "min": -1.1127287973354532,
    "max": 4.754089375123072
  },
  "by_rank": {
    "0": {
      "count": 15599,
      "mean": 0.728109703138252,
      "median": 0.6374431987570742,
      "std": 0.8186046337925654,
      "min": -1.1127287973354532,
      "max": 4.754089375123072,
      "q25": 0.1232691818966057,
      "q75": 1.2282201032480344,
      "skewness": 0.6609893910805379,
      "kurtosis": 0.456296980581659
    },
    "1": {
      "count": 14783,
      "mean": 0.5529994229915804,
      "median": 0.45219934905778825,
      "std": 0.7499600940936315,
      "min": -1.0044304966130837,
      "max": 4.330432851171247,
      "q25": -0.007810856060686051,
      "q75": 1.0120270162436196,
      "skewness": 0.6836911690871404,
      "kurtosis": 0.3207617928484634
    },
    "2": {
      "count": 691,
      "mean": -0.07625594989789436,
      "median": -0.15989219852956205,
      "std": 0.42915459105616705,
      "min": -0.8152203271973504,
      "max": 1.5191063677269203,
      "q25": -0.39075932072587005,
      "q75": 0.16572978904272087,
      "skewness": 0.8740790700209293,
      "kurtosis": 0.5201708671315872
    },
    "ks_test_rank0_vs_rank1": {
      "statistic": 0.09432266000223233,
      "p_value": 3.20726969711295e-59
    },
    "ks_test_rank0_vs_rank2": {
      "statistic": 0.48380415865835774,
      "p_value": 3.6412037098687277e-143
    },
    "mean_shift_rank0_to_rank1": -0.17511028014667152,
    "mean_shift_rank1_to_rank2": -0.6292553728894748
  },
  "conductor_scaling": {
    "slope": 0.23955353690531636,
    "intercept": -1.2007499682768121,
    "r_squared": 0.06617134564928381,
    "p_value": 0.0,
    "std_err": 0.005105327264678468,
    "interpretation": "h_F ~ 0.2396 * log(N) + -1.2007",
    "rank_0_slope": 0.2456522871315536,
    "rank_0_r_squared": 0.08280257388793419,
    "rank_1_slope": 0.2963206909003649,
    "rank_1_r_squared": 0.08026109155302412,
    "rank_2_slope": 0.34207502423404573,
    "rank_2_r_squared": 0.12621298433448216
  },
  "j_height_comparison": {
    "pearson_r": 0.7491331441433714,
    "pearson_p": 0.0,
    "regression_slope": 0.052273958336533234,
    "regression_intercept": -0.6736487944386951,
    "regression_r_squared": 0.5612004676541331,
    "residual_mean": 1.4634806773934417e-17,
    "residual_std": 0.5244302253114275,
    "interpretation": "j-height vs Faltings height linear relationship strength"
  },
  "cm_analysis": {
    "cm_count": 294,
    "non_cm_count": 30779,
    "cm_mean": 0.1978852340887311,
    "non_cm_mean": 0.6310114886492932,
    "cm_median": 0.1519808922814951,
    "non_cm_median": 0.5317937807357922,
    "cm_std": 0.6179317193550826,
    "non_cm_std": 0.7920662458413497,
    "mean_difference": -0.43312625456056214,
    "ks_test": {
      "statistic": 0.24722793370247798,
      "p_value": 3.7520550068311406e-16
    },
    "mann_whitney": {
      "statistic": 3080051.0,
      "p_value": 3.865472920611555e-21
    },
    "per_cm_discriminant": {
      "-67": {
        "count": 2,
        "mean": 1.7027900233010598,
        "median": 1.7027900233010598
      },
      "-43": {
        "count": 2,
        "mean": 1.16572994172628,
        "median": 1.16572994172628
      },
      "-28": {
        "count": 12,
        "mean": 0.7216817089533264,
        "median": 0.5871559720642682
      },
      "-27": {
        "count": 16,
        "mean": 0.48316869861439066,
        "median": 0.43725919264388646
      },
      "-19": {
        "count": 4,
        "mean": 0.6606141570678628,
        "median": 0.6606141570678626
      },
      "-16": {
        "count": 18,
        "mean": 0.18697007105694682,
        "median": 0.27849398926246327
      },
      "-12": {
        "count": 16,
        "mean": 0.36512234186274894,
        "median": 0.3814576396211494
      },
      "-11": {
        "count": 8,
        "mean": 0.4881940641478808,
        "median": 0.37876047197864326
      },
      "-8": {
        "count": 8,
        "mean": -0.302606373332853,
        "median": -0.302606373332853
      },
      "-7": {
        "count": 12,
        "mean": 0.37510811867335364,
        "median": 0.24058238178429556
      },
      "-4": {
        "count": 62,
        "mean": -0.07322559898205552,
        "median": -0.13545416360909524
      },
      "-3": {
        "count": 134,
        "mean": 0.16980934340260148,
        "median": 0.10009494448239602
      }
    }
  },
  "regulator_correlation": {
    "count": 15474,
    "pearson_r": 0.34609367521287127,
    "pearson_p": 0.0,
    "regression_slope": 0.20110504760904518,
    "regression_r_squared": 0.11978083202235243,
    "interpretation": "Faltings height vs log(regulator) for rank >= 1 curves"
  }
}