{
  "metadata": {
    "total_curves": 31073,
    "rank_distribution": {
      "0": 15599,
      "1": 14783,
      "2": 691
    },
    "data_source": "charon DuckDB (LMFDB ec_curvedata)",
    "method": "nearest-neighbor gaps, normalized by mean spacing"
  },
  "invariant_results": {
    "conductor": {
      "invariant": "conductor",
      "log_scale": true,
      "rank_stats": {
        "0": {
          "n": 15598,
          "mean": 1.0,
          "std": 8.636215391419778,
          "variance": 74.58421628699587,
          "median": 0.0,
          "skew": 33.68231870399648,
          "kurtosis": 1685.1305236723747,
          "p10": 0.0,
          "p90": 1.582537534344995,
          "raw_count": 15599
        },
        "1": {
          "n": 14782,
          "mean": 0.9999999999999998,
          "std": 9.326738942624573,
          "variance": 86.98805930386975,
          "median": 0.0,
          "skew": 42.39605877091163,
          "kurtosis": 2322.1023150465194,
          "p10": 0.0,
          "p90": 1.9530457034666011,
          "raw_count": 14783
        },
        "2": {
          "n": 690,
          "mean": 1.0,
          "std": 3.645097869302004,
          "variance": 13.28673847679001,
          "median": 0.28128724371538905,
          "skew": 10.586862472399064,
          "kurtosis": 143.3738530351909,
          "p10": 0.0,
          "p90": 1.79500134160441,
          "raw_count": 691
        }
      },
      "compression_ratios": {
        "rank1_vs_rank0": 1.1663065409059818,
        "rank2_vs_rank0": 0.17814410525765112,
        "rank2_vs_rank1": 0.1527420956751812
      },
      "ks_tests": {
        "rank1_vs_rank0": {
          "ks_statistic": 0.03473208415005691,
          "p_value": 2.1692615721020545e-08,
          "significant": true
        },
        "rank2_vs_rank0": {
          "ks_statistic": 0.5775324224027234,
          "p_value": 1.4525579563538204e-209,
          "significant": true
        },
        "rank2_vs_rank1": {
          "ks_statistic": 0.5517117371499611,
          "p_value": 5.290828748400853e-189,
          "significant": true
        }
      },
      "monotonic_compression": false,
      "shows_compression": true
    },
    "abs_discriminant": {
      "invariant": "abs_discriminant",
      "log_scale": true,
      "rank_stats": {
        "0": {
          "n": 15598,
          "mean": 1.0,
          "std": 10.36512560963487,
          "variance": 107.43582890350864,
          "median": 0.314645673384909,
          "skew": 74.02539680600266,
          "kurtosis": 6657.013203559578,
          "p10": 0.0,
          "p90": 1.522291669564877,
          "raw_count": 15599
        },
        "1": {
          "n": 14782,
          "mean": 1.0,
          "std": 5.306175709690846,
          "variance": 28.155500662113155,
          "median": 0.360299253490471,
          "skew": 30.262012103258783,
          "kurtosis": 1268.7775644478156,
          "p10": 0.0,
          "p90": 1.7062236684336691,
          "raw_count": 14783
        },
        "2": {
          "n": 690,
          "mean": 1.0,
          "std": 2.9558444487091697,
          "variance": 8.737016404964816,
          "median": 0.40025640125070655,
          "skew": 11.101768768763272,
          "kurtosis": 152.19470205478117,
          "p10": 0.04180540249732031,
          "p90": 1.9088464261814548,
          "raw_count": 691
        }
      },
      "compression_ratios": {
        "rank1_vs_rank0": 0.26206807309506086,
        "rank2_vs_rank0": 0.0813231162651688,
        "rank2_vs_rank1": 0.310312947719008
      },
      "ks_tests": {
        "rank1_vs_rank0": {
          "ks_statistic": 0.04090856959153116,
          "p_value": 1.7890542827321064e-11,
          "significant": true
        },
        "rank2_vs_rank0": {
          "ks_statistic": 0.09415030912547315,
          "p_value": 1.499792822486803e-05,
          "significant": true
        },
        "rank2_vs_rank1": {
          "ks_statistic": 0.08911013982928709,
          "p_value": 5.289861442853896e-05,
          "significant": true
        }
      },
      "monotonic_compression": true,
      "shows_compression": true
    },
    "regulator": {
      "invariant": "regulator",
      "log_scale": false,
      "rank_stats": {
        "1": {
          "n": 14782,
          "mean": 1.0,
          "std": 24.05640032277984,
          "variance": 578.7103964898421,
          "median": 0.025309927328484555,
          "skew": 50.398673281931146,
          "kurtosis": 2836.5307168815625,
          "p10": 0.0012340164321235122,
          "p90": 0.27500046118922955,
          "raw_count": 14783
        },
        "2": {
          "n": 690,
          "mean": 1.0,
          "std": 10.701893225945248,
          "variance": 114.5305186195328,
          "median": 0.05942451442507334,
          "skew": 21.13529249759417,
          "kurtosis": 491.3681805771899,
          "p10": 0.0008288797246243203,
          "p90": 0.5781486038936503,
          "raw_count": 691
        }
      },
      "compression_ratios": {
        "rank2_vs_rank1": 0.197906447359881
      },
      "ks_tests": {
        "rank2_vs_rank1": {
          "ks_statistic": 0.22866980797248515,
          "p_value": 9.027149239159132e-31,
          "significant": true
        }
      },
      "monotonic_compression": true,
      "shows_compression": true
    },
    "degree": {
      "invariant": "degree",
      "log_scale": true,
      "rank_stats": {
        "0": {
          "n": 15598,
          "mean": 1.0000000000000002,
          "std": 9.148636302922736,
          "variance": 83.69754620315578,
          "median": 0.0,
          "skew": 38.23286772229251,
          "kurtosis": 2010.5401266557258,
          "p10": 0.0,
          "p90": 0.7419608923938105,
          "raw_count": 15599
        },
        "1": {
          "n": 14782,
          "mean": 0.9999999999999999,
          "std": 10.213808658890347,
          "variance": 104.32188732042344,
          "median": 0.0,
          "skew": 41.22563972099721,
          "kurtosis": 2352.7369260942614,
          "p10": 0.0,
          "p90": 0.0,
          "raw_count": 14783
        },
        "2": {
          "n": 690,
          "mean": 1.0,
          "std": 2.248214639489078,
          "variance": 5.054469065213005,
          "median": 0.0,
          "skew": 3.973916989451836,
          "kurtosis": 23.582992890289894,
          "p10": 0.0,
          "p90": 3.515832290879957,
          "raw_count": 691
        }
      },
      "compression_ratios": {
        "rank1_vs_rank0": 1.2464151226991411,
        "rank2_vs_rank0": 0.06038969234467746,
        "rank2_vs_rank1": 0.04845070574392757
      },
      "ks_tests": {
        "rank1_vs_rank0": {
          "ks_statistic": 0.028051898386134422,
          "p_value": 1.2716921753136258e-05,
          "significant": true
        },
        "rank2_vs_rank0": {
          "ks_statistic": 0.1892399805995194,
          "p_value": 3.3495079102384223e-21,
          "significant": true
        },
        "rank2_vs_rank1": {
          "ks_statistic": 0.21722776820222012,
          "p_value": 8.822722991087694e-28,
          "significant": true
        }
      },
      "monotonic_compression": false,
      "shows_compression": true
    },
    "faltings_height": {
      "invariant": "faltings_height",
      "log_scale": false,
      "rank_stats": {
        "0": {
          "n": 12558,
          "mean": 1.0,
          "std": 8.930262871932758,
          "variance": 79.7495949618207,
          "median": 0.2756157985798413,
          "skew": 48.19008115195347,
          "kurtosis": 2817.7337736400077,
          "p10": 0.0,
          "p90": 1.5833438764302,
          "raw_count": 12559
        },
        "1": {
          "n": 11021,
          "mean": 1.0,
          "std": 11.121061466541597,
          "variance": 123.67800814259634,
          "median": 0.2853385581678646,
          "skew": 60.3581756092392,
          "kurtosis": 4286.276686819601,
          "p10": 0.0,