{
  "metadata": {
    "source": "charon.duckdb/elliptic_curves",
    "n_total": 31073
  },
  "rank_0": {
    "n": 15599,
    "mean": 1.0,
    "median": 1.0,
    "std": 0.0,
    "min": 1.0,
    "max": 1.0,
    "q25": 1.0,
    "q75": 1.0,
    "note": "R=1 by convention for rank 0"
  },
  "rank_1": {
    "n": 14783,
    "mean": 1.979730857907394,
    "median": 0.9597524527624745,
    "std": 3.5641364707237866,
    "min": 0.008914324455686353,
    "max": 86.74065613812749,
    "q25": 0.3820019000242559,
    "q75": 2.249823046128109,
    "log_reg_mean": -0.09564729581283074,
    "log_reg_std": 1.2888657421337208,
    "shapiro_wilk_log_reg": {
      "statistic": 0.9977958276424258,
      "p_value": 1.3715211192982598e-06
    },
    "ks_lognormal": {
      "statistic": 0.016140795432581845,
      "p_value": 0.0008932583541040476
    },
    "power_law_fit": {
      "slope": -0.6862778249405505,
      "r_squared": 0.7852603424325236
    },
    "spearman_reg_vs_conductor": {
      "rho": 0.18387706283190508,
      "p_value": 1.4250652280767022e-112
    },
    "spearman_log_reg_vs_log_cond": {
      "rho": 0.18387706283190508,
      "p_value": 1.4250652280767022e-112
    },
    "percentiles": {
      "1": 0.04109544530797719,
      "5": 0.10050675699723854,
      "10": 0.16413814008797703,
      "25": 0.3820019000242559,
      "50": 0.9597524527624745,
      "75": 2.249823046128109,
      "90": 4.536299260765289,
      "95": 6.745512289858935,
      "99": 14.998846169730532
    }
  },
  "rank_2": {
    "n": 691,
    "mean": 0.5173054862536425,
    "median": 0.3128502196198648,
    "std": 0.6746745231526671,
    "min": 0.03601074575615961,
    "max": 8.662054143464985,
    "q25": 0.16709563086479273,
    "q75": 0.5720080407334398,
    "log_reg_mean": -1.1037668261512688,
    "log_reg_std": 0.8889453736922655,
    "shapiro_wilk_log_reg": {
      "statistic": 0.9841510803253838,
      "p_value": 8.171063708244372e-07
    },
    "ks_lognormal": {
      "statistic": 0.02433905639971512,
      "p_value": 0.7981781590639181
    },
    "power_law_fit": {
      "slope": -1.045617605957883,
      "r_squared": 0.8991571379778279
    },
    "spearman_reg_vs_conductor": {
      "rho": 0.21190381562227795,
      "p_value": 1.8637364701827122e-08
    },
    "spearman_log_reg_vs_log_cond": {
      "rho": 0.21190381562227795,
      "p_value": 1.8637364701827122e-08
    },
    "percentiles": {
      "1": 0.06470607088206959,
      "5": 0.08715318423973267,
      "10": 0.11337855856220148,
      "25": 0.16709563086479273,
      "50": 0.3128502196198648,
      "75": 0.5720080407334398,
      "90": 1.1539685607495178,
      "95": 1.7333252077075538,
      "99": 3.232934856392676
    }
  }
}