{
  "description": "EC torsion order vs conductor: Mazur constraints in the data",
  "n_curves": 31073,
  "n_torsion_groups": 15,
  "correlation": {
    "pearson_r": -0.13924442134663947,
    "pearson_p": 2.565316092730844e-134,
    "spearman_r": -0.08936227625578722,
    "spearman_p": 4.05318049392958e-56
  },
  "group_level_correlation": {
    "spearman_r": -0.9230769230769231,
    "spearman_p": 1.8621951098680987e-05,
    "n_distinct_orders": 12
  },
  "conductor_constrained_groups": [
    "Z/7Z",
    "Z/9Z",
    "Z/10Z",
    "Z/12Z",
    "Z/2ZxZ/6Z",
    "Z/2ZxZ/8Z"
  ],
  "groups": [
    {
      "torsion_order": 1,
      "torsion_group": "trivial",
      "count": 12143,
      "conductor_min": 11,
      "conductor_max": 4998,
      "conductor_mean": 2736.7248620604464,
      "conductor_median": 2793.0,
      "conductor_std": 1368.4420929723965,
      "log_conductor_mean": 3.3494208485334185,
      "log_conductor_std": 0.32790480233112357,
      "conductor_range_ratio": 454.3636363636364,
      "log_conductor_range": 2.6574035666322064,
      "pct_of_full_range": 98.46625379256533,
      "conductor_constrained": false
    },
    {
      "torsion_order": 2,
      "torsion_group": "Z/2Z",
      "count": 13871,
      "conductor_min": 14,
      "conductor_max": 4998,
      "conductor_mean": 2634.871097974191,
      "conductor_median": 2640.0,
      "conductor_std": 1403.7135216603199,
      "log_conductor_mean": 3.318100315944362,
      "log_conductor_std": 0.3607315179136604,
      "conductor_range_ratio": 357.0,
      "log_conductor_range": 2.5526682161121936,
      "pct_of_full_range": 94.58543654115076,
      "conductor_constrained": false
    },
    {
      "torsion_order": 3,
      "torsion_group": "Z/3Z",
      "count": 1330,
      "conductor_min": 19,
      "conductor_max": 4998,
      "conductor_mean": 2362.9203007518795,
      "conductor_median": 2393.5,
      "conductor_std": 1409.3070044336594,
      "log_conductor_mean": 3.2378738105252887,
      "log_conductor_std": 0.42573285947081196,
      "conductor_range_ratio": 263.05263157894734,
      "log_conductor_range": 2.4200426508376025,
      "pct_of_full_range": 89.67118763530598,
      "conductor_constrained": false
    },
    {
      "torsion_order": 4,
      "torsion_group": "Z/2ZxZ/2Z",
      "count": 1898,
      "conductor_min": 15,
      "conductor_max": 4998,
      "conductor_mean": 2467.753951527924,
      "conductor_median": 2446.5,
      "conductor_std": 1434.0885978481465,
      "log_conductor_mean": 3.265496518075275,
      "log_conductor_std": 0.40914867101216396,
      "conductor_range_ratio": 333.2,
      "log_conductor_range": 2.52270499273475,
      "pct_of_full_range": 93.47519254412558,
      "conductor_constrained": false
    },
    {
      "torsion_order": 4,
      "torsion_group": "Z/4Z",
      "count": 1119,
      "conductor_min": 15,
      "conductor_max": 4970,
      "conductor_mean": 2282.241286863271,
      "conductor_median": 2163.0,
      "conductor_std": 1454.813407556641,
      "log_conductor_mean": 3.201601850492138,
      "log_conductor_std": 0.46133652441457373,
      "conductor_range_ratio": 331.3333333333333,
      "log_conductor_range": 2.5202651296776506,
      "pct_of_full_range": 93.38478693994257,
      "conductor_constrained": false
    },
    {
      "torsion_order": 5,
      "torsion_group": "Z/5Z",
      "count": 102,
      "conductor_min": 11,
      "conductor_max": 4910,
      "conductor_mean": 1885.7745098039215,
      "conductor_median": 1701.5,
      "conductor_std": 1481.1831049301913,
      "log_conductor_mean": 3.022207366178086,
      "log_conductor_std": 0.6068143046581342,
      "conductor_range_ratio": 446.3636363636364,
      "log_conductor_range": 2.6496888069647433,
      "pct_of_full_range": 98.18039450762134,
      "conductor_constrained": false
    },
    {
      "torsion_order": 6,
      "torsion_group": "Z/6Z",
      "count": 416,
      "conductor_min": 14,
      "conductor_max": 4930,
      "conductor_mean": 1976.3942307692307,
      "conductor_median": 1854.0,
      "conductor_std": 1434.9236237934624,
      "log_conductor_mean": 3.084909934721981,
      "log_conductor_std": 0.5466717808129712,
      "conductor_range_ratio": 352.14285714285717,
      "log_conductor_range": 2.5467188835989925,
      "pct_of_full_range": 94.36499261140784,
      "conductor_constrained": false
    },
    {
      "torsion_order": 7,
      "torsion_group": "Z/7Z",
      "count": 13,
      "conductor_min": 26,
      "conductor_max": 4730,
      "conductor_mean": 979.2307692307693,
      "conductor_median": 574.0,
      "conductor_std": 1199.3725381244562,
      "log_conductor_mean": 2.7275008390992537,
      "log_conductor_std": 0.5255975935862965,
      "conductor_range_ratio": 181.92307692307693,
      "log_conductor_range": 2.2598877927669934,
      "pct_of_full_range": 83.73688051729515,
      "conductor_constrained": true
    },
    {
      "torsion_order": 8,
      "torsion_group": "Z/2ZxZ/4Z",
      "count": 124,
      "conductor_min": 15,
      "conductor_max": 4935,
      "conductor_mean": 2112.1451612903224,
      "conductor_median": 1984.5,
      "conductor_std": 1460.3863314180655,
      "log_conductor_mean": 3.1187959333793276,
      "log_conductor_std": 0.5585915815995279,
      "conductor_range_ratio": 329.0,
      "log_conductor_range": 2.517195897949974,
      "pct_of_full_range": 93.27106098802456,
      "conductor_constrained": false
    },
    {
      "torsion_order": 8,
      "torsion_group": "Z/8Z",
      "count": 25,
      "conductor_min": 15,
      "conductor_max": 4830,
      "conductor_mean": 1782.48,
      "conductor_median": 1230.0,
      "conductor_std": 1691.064354068171,
      "log_conductor_mean": 2.856889350890541,
      "log_conductor_std": 0.763284475457851,
      "conductor_range_ratio": 322.0,
      "log_conductor_range": 2.507855871695831,
      "pct_of_full_range": 92.92497979542074,
      "conductor_constrained": false
    },
    {
      "torsion_order": 9,
      "torsion_group": "Z/9Z",
      "count": 5,
      "conductor_min": 54,
      "conductor_max": 1890,
      "conductor_mean": 1138.8,
      "conductor_median": 1482.0,
      "conductor_std": 665.0901893728399,
      "log_conductor_mean": 2.8449705987761185,
      "log_conductor_std": 0.5745142201805924,
      "conductor_range_ratio": 35.0,
      "log_conductor_range": 1.5440680443502757,
      "pct_of_full_range": 57.21321286576978,
      "conductor_constrained": true
    },
    {
      "torsion_order": 10,
      "torsion_group": "Z/10Z",
      "count": 8,
      "conductor_min": 66,
      "conductor_max": 870,
      "conductor_mean": 414.0,
      "conductor_median": 360.0,
      "conductor_std": 325.2199255888237,
      "log_conductor_mean": 2.422757325722165,
      "log_conductor_std": 0.44797341449785355,
      "conductor_range_ratio": 13.181818181818182,
      "log_conductor_range": 1.11997531707675,
      "pct_of_full_range": 41.4990689398556,
      "conductor_constrained": true
    },
    {
      "torsion_order": 12,
      "torsion_group": "Z/12Z",
      "count": 4,
      "conductor_min": 90,
      "conductor_max": 4290,
      "conductor_mean": 1830.0,
      "conductor_median": 1470.0,
      "conductor_std": 1768.728356758041,
      "log_conductor_mean": 2.836270435849681,
      "log_conductor_std": 0.7134434129450222,
      "conductor_range_ratio": 47.666666666666664,
      "log_conductor_range": 1.6782147827453995,
      "pct_of_full_range": 62.18382664612198,
      "conductor_constrained": true
    },
    {
      "torsion_order": 12,
      "torsion_group": "Z/2ZxZ/6Z",
      "count": 14,
      "conductor_min": 30,
      "conductor_max": 4830,
      "conductor_mean": 1920.0,
      "conductor_median": 2310.0,
      "conductor_std": 1573.7443974710216,
      "log_conductor_mean": 2.9647655232385977,
      "log_conductor_std": 0.6732137439346106,
      "conductor_range_ratio": 161.0,
      "log_conductor_range": 2.20682587603185,