{
  "experiment": "Elliptic Rank Phase Transition Detector",
  "challenge": "ChatGPT Harder #5",
  "description": "d^2(enrichment)/d(rank)^2 residual beyond known quadratic 0.044*r^2-0.242",
  "timestamp": "2026-04-11T10:09:50.048432+00:00",
  "method": {
    "enrichment_metric": "chi^2/N (Cramer-style, scale-free deviation from uniform)",
    "primes": [
      3,
      5,
      7,
      11
    ],
    "known_law": "E(r) = 0.044*r^2 - 0.242*r + c",
    "kappa_2_definition": "2*a2_fitted - 2*0.044 where a2 is fitted quadratic coeff",
    "min_curves_per_rank": 30
  },
  "data_counts": {
    "ec": {
      "0": 15599,
      "1": 14783,
      "2": 691
    },
    "genus2": {
      "0": 12131,
      "1": 30579,
      "2": 20561,
      "3": 2877,
      "4": 10
    }
  },
  "ec_trace_enrichment": {
    "per_prime": {
      "3": {
        "0": 0.023345506066912318,
        "1": 0.010313205919934258,
        "2": 0.0008209750754480284
      },
      "5": {
        "0": 0.015912723788089514,
        "1": 0.0658118769029636,
        "2": 0.06139301877980485
      },
      "7": {
        "0": 0.06284357600562047,
        "1": 0.1020849875052559,
        "2": 0.25384884424720566
      },
      "11": {
        "0": 0.33809793851735626,
        "1": 0.32518992691441956,
        "2": 0.4916593539847659
      }
    },
    "average_fit": {
      "label": "EC_trace_avg",
      "n_points": 3,
      "ranks": [
        0,
        1,
        2
      ],
      "enrichments": [
        0.11004993609449465,
        0.12584999931064333,
        0.2019305480218061
      ],
      "linear": {
        "coeffs": [
          0.04594030596365569,
          0.10000318851199237
        ],
        "rss": 0.0006056228219191002,
        "r2": 0.8745251275826269
      },
      "quadratic": {
        "coeffs": [
          0.030140242747507047,
          -0.014340179531358395,
          0.11004993609449462
        ],
        "rss": 1.0785207688568521e-32,
        "a2": 0.030140242747507047,
        "a1": -0.014340179531358395,
        "a0": 0.11004993609449462,
        "r2": 1.0
      },
      "kappa_2": -0.0277195145049859,
      "bootstrap_kappa2": {
        "mean": -0.019729668963910166,
        "std": 0.01729338228161493,
        "ci_2.5": -0.05190106265187205,
        "ci_97.5": 0.015233773122191265,
        "n_boot": 1000
      },
      "numerical_d2": [
        {
          "rank": 1,
          "d2E_drank2": 0.06028048549501408,
          "kappa_2_residual": -0.027719514504985915
        }
      ]
    },
    "pooled_ftest": {
      "n_obs": 12,
      "n_params_quad": 6,
      "n_params_cubic": 7,
      "rss_quad": 0.019980138726008862,
      "rss_cubic": 0.019980138726008866,
      "F": -8.682239396659721e-16,
      "p_value": 1.0,
      "cubic_significant_005": false,
      "cubic_a3": 0.008507220521802661,
      "cubic_model_a2": 0.004618581182098926,
      "kappa_2_from_cubic": -0.07876283763580214
    }
  },
  "ec_kl_enrichment": {
    "label": "EC_KL_avg",
    "n_points": 3,
    "ranks": [
      0,
      1,
      2
    ],
    "enrichments": [
      0.048636144304066986,
      0.056061322456892694,
      0.10637386137093949
    ],
    "linear": {
      "coeffs": [
        0.02886885853343624,
        0.04148825084386349
      ],
      "rss": 0.0003065542855105211,
      "r2": 0.8446549246948476
    },
    "quadratic": {
      "coeffs": [
        0.021443680380610553,
        -0.014018502227784871,
        0.048636144304066986
      ],
      "rss": 1.5407439555097887e-33,
      "a2": 0.021443680380610553,
      "a1": -0.014018502227784871,
      "a0": 0.048636144304066986,
      "r2": 1.0
    },
    "kappa_2": -0.04511263923877889
  },
  "genus2_conductor_enrichment": {
    "per_prime": {
      "3": {
        "0": 0.020542145627676856,
        "1": 0.0029571010746075347,
        "2": 0.027026867903386462,
        "3": 0.26493534171087585
      },
      "5": {
        "0": 0.002149575321711413,
        "1": 0.0006014211213619333,
        "2": 0.007418164349724672,
        "3": 0.06734533193816358
      },
      "7": {
        "0": 0.0044616799401303985,
        "1": 0.0019868048244044995,
        "2": 0.012033895181504075,
        "3": 0.06212371463583569
      },
      "11": {
        "0": 0.0017269502243190376,
        "1": 0.0012492278148128189,
        "2": 0.007265451684926305,
        "3": 0.01737051579116382
      }
    },
    "average_fit": {
      "label": "G2_conductor_avg",
      "n_points": 4,
      "ranks": [
        0,
        1,
        2,
        3
      ],
      "enrichments": [
        0.007220087778459426,
        0.0016986387087966966,
        0.013436094779885378,
        0.10294372601900975
      ],
      "linear": {
        "coeffs": [
          0.029890837079273966,
          -0.013511618797373113
        ],
        "rss": 0.002440712216099223,
        "r2": 0.6466844068922968
      },
      "quadratic": {
        "coeffs": [
          0.023757270077196815,
          -0.041380973152316466,
          0.010245651279823718
        ],
        "rss": 0.00018308069001574567,
        "a2": 0.023757270077196815,
        "a1": -0.041380973152316466,
        "a0": 0.010245651279823718,
        "r2": 0.9734973823817453
      },
      "kappa_2": -0.040485459845606364,
      "cubic": {
        "coeffs": [
          0.01008521167121403,
          -0.02162618244326631,
          0.006019521702389434,
          0.007220087778459492
        ],
        "rss": 1.1734301827422436e-32,
        "a3": 0.01008521167121403
      },
      "ftest_cubic_vs_quad": {
        "note": "4 points, 4 params: cubic exact fit, no df for F-test"
      },
      "numerical_d2": [
        {
          "rank": 1,
          "d2E_drank2": 0.017258905140751412,
          "kappa_2_residual": -0.07074109485924858
        },
        {
          "rank": 2,
          "d2E_drank2": 0.0777701751680357,
          "kappa_2_residual": -0.010229824831964301
        }
      ],
      "bootstrap_kappa2": {
        "mean": -0.0395462629749408,
        "std": 0.002129059692758427,
        "ci_2.5": -0.04355075294245272,
        "ci_97.5": -0.03520222464038657,
        "n_boot": 1000
      }
    },
    "pooled_ftest": {
      "n_obs": 16,
      "n_params_quad": 6,
      "n_params_cubic": 7,
      "rss_quad": 0.02523858646900437,
      "rss_cubic": 0.024506263708941385,
      "F": 0.2689477644918226,
      "p_value": 0.6165470665569414,
      "cubic_significant_005": false,
      "cubic_a3": 0.010085211671213918,
      "cubic_model_a2": -0.021626182443266223,
      "kappa_2_from_cubic": -0.13125236488653244
    }
  },
  "genus2_kl_enrichment": {
    "label": "G2_KL_avg",
    "n_points": 4,
    "ranks": [
      0,
      1,
      2,
      3
    ],
    "enrichments": [
      0.0035345246808286077,
      0.0008496113699109774,
      0.007039327875805176,
      0.06190000011626693
    ],
    "linear": {
      "coeffs": [
        0.01812861428122092,
        -0.008862055411128444
      ],
      "rss": 0.0009070609819403928,
      "r2": 0.6443308539298196
    },
    "quadratic": {
      "coeffs": [
        0.014386396387844873,
        -0.0250305748823137,
        0.005524340976716464
      ],
      "rss": 7.918737782761183e-05,
      "a2": 0.014386396387844873,
      "a1": -0.0250305748823137,
      "a0": 0.005524340976716464,
      "r2": 0.968949709432729
    },
    "kappa_2": -0.05922720722431025,
    "cubic": {
      "coeffs": [
        0.006632720986292609,
        -0.015460848050471867,
        0.006143213753261568,
        0.003534524680828647
      ],
      "rss": 6.883882997511447e-33,
      "a3": 0.006632720986292609
    },
    "ftest_cubic_vs_quad": {
      "note": "4 points, 4 params: cubic exact fit, no df for F-test"
    },
    "numerical_d2": [
      {
        "rank": 1,
        "d2E_drank2": 0.008874629816811828,
        "kappa_2_residual": -0.07912537018318816
      },
      {
        "rank": 2,
        "d2E_drank2": 0.048670955734567554,
        "kappa_2_residual": -0.03932904426543244
      }
    ]
  },