{
  "overall": {
    "n_plus": 26138,
    "n_minus": 27641,
    "total": 53779,
    "frac_plus": 0.486026,
    "frac_minus": 0.513974,
    "p_value_binom": 9.340496347526763e-11,
    "significant_at_001": true
  },
  "overall_trivial_char": {
    "n_plus": 26138,
    "n_minus": 27641,
    "total": 53779,
    "frac_plus": 0.486026,
    "frac_minus": 0.513974,
    "p_value_binom": 9.340496347526763e-11,
    "significant_at_001": true
  },
  "prime_level": {
    "n_plus": 851,
    "n_minus": 873,
    "total": 1724,
    "frac_plus": 0.493619,
    "frac_minus": 0.506381,
    "p_value_binom": 0.6130328728107916,
    "significant_at_001": false
  },
  "composite_level": {
    "n_plus": 25287,
    "n_minus": 26768,
    "total": 52055,
    "frac_plus": 0.485775,
    "frac_minus": 0.514225,
    "p_value_binom": 8.743088963612639e-11,
    "significant_at_001": true
  },
  "by_omega": {
    "1": {
      "n_plus": 988,
      "n_minus": 1037,
      "total": 2025,
      "frac_plus": 0.487901,
      "frac_minus": 0.512099,
      "p_value_binom": 0.28611966444273945,
      "significant_at_001": false
    },
    "2": {
      "n_plus": 8326,
      "n_minus": 8443,
      "total": 16769,
      "frac_plus": 0.496511,
      "frac_minus": 0.503489,
      "p_value_binom": 0.37036738845137407,
      "significant_at_001": false
    },
    "3": {
      "n_plus": 12912,
      "n_minus": 13598,
      "total": 26510,
      "frac_plus": 0.487061,
      "frac_minus": 0.512939,
      "p_value_binom": 2.5838424244061548e-05,
      "significant_at_001": true
    },
    "4": {
      "n_plus": 3793,
      "n_minus": 4402,
      "total": 8195,
      "frac_plus": 0.462843,
      "frac_minus": 0.537157,
      "p_value_binom": 1.825956156983971e-11,
      "significant_at_001": true
    },
    "5": {
      "n_plus": 119,
      "n_minus": 161,
      "total": 280,
      "frac_plus": 0.425,
      "frac_minus": 0.575,
      "p_value_binom": 0.014131865390006187,
      "significant_at_001": false
    }
  },
  "squarefree_level": {
    "n_plus": 12076,
    "n_minus": 12060,
    "total": 24136,
    "frac_plus": 0.500331,
    "frac_minus": 0.499669,
    "p_value_binom": 0.9230829093814485,
    "significant_at_001": false
  },
  "non_squarefree_level": {
    "n_plus": 14062,
    "n_minus": 15581,
    "total": 29643,
    "frac_plus": 0.474378,
    "frac_minus": 0.525622,
    "p_value_binom": 1.1579851115622705e-18,
    "significant_at_001": true
  },
  "CM_true": {
    "n_plus": 98,
    "n_minus": 115,
    "total": 213,
    "frac_plus": 0.460094,
    "frac_minus": 0.539906,
    "p_value_binom": 0.272909834829714,
    "significant_at_001": false
  },
  "CM_false": {
    "n_plus": 26040,
    "n_minus": 27526,
    "total": 53566,
    "frac_plus": 0.486129,
    "frac_minus": 0.513871,
    "p_value_binom": 1.3929703928291146e-10,
    "significant_at_001": true
  },
  "cm_fricke_chi2": {
    "chi2": 0.47617646911924266,
    "p_value": 0.49015934258507143,
    "dof": 1,
    "contingency_table": [
      [
        98,
        115
      ],
      [
        26040,
        27526
      ]
    ]
  },
  "by_level_range": {
    "1-100": {
      "n_plus": 22,
      "n_minus": 120,
      "total": 142,
      "frac_plus": 0.15493,
      "frac_minus": 0.84507,
      "p_value_binom": 1.5677310787896847e-17,
      "significant_at_001": true
    },
    "100-500": {
      "n_plus": 720,
      "n_minus": 1217,
      "total": 1937,
      "frac_plus": 0.371709,
      "frac_minus": 0.628291,
      "p_value_binom": 9.068328871065655e-30,
      "significant_at_001": true
    },
    "500-1000": {
      "n_plus": 1738,
      "n_minus": 2126,
      "total": 3864,
      "frac_plus": 0.449793,
      "frac_minus": 0.550207,
      "p_value_binom": 4.639144660629125e-10,
      "significant_at_001": true
    },
    "1000-5000": {
      "n_plus": 23650,
      "n_minus": 24168,
      "total": 47818,
      "frac_plus": 0.494584,
      "frac_minus": 0.505416,
      "p_value_binom": 0.018065311354883,
      "significant_at_001": false
    },
    "5000-50000": {
      "n_plus": 8,
      "n_minus": 10,
      "total": 18,
      "frac_plus": 0.444444,
      "frac_minus": 0.555556,
      "p_value_binom": 0.8145294189453125,
      "significant_at_001": false
    }
  },
  "dim_by_fricke": {
    "mean_dim_plus": 9.6185,
    "mean_dim_minus": 12.1339,
    "median_dim_plus": 3.0,
    "median_dim_minus": 3.0,
    "n_plus": 26138,
    "n_minus": 27444,
    "mannwhitney_U": 333767076.0,
    "mannwhitney_p": 1.2444232513106218e-45
  },
  "ec_rank_parity_check": {
    "total_matched_pairs": 17314,
    "parity_agreement": 17314,
    "parity_disagreement": 0,
    "agreement_rate": 1.0,
    "note": "root_number = -fricke_eigenval for weight 2; should equal (-1)^rank by BSD parity",
    "sign_convention": "root_number_EC = -fricke_eigenval (weight 2)"
  },
  "ec_root_number_distribution": {
    "n_plus": 8503,
    "n_minus": 8811,
    "total": 17314,
    "frac_plus": 0.491105,
    "frac_minus": 0.508895,
    "p_value_binom": 0.019638499132579767,
    "significant_at_001": false,
    "note": "root_number of EC L-function"
  },
  "ec_rank_distribution": {
    "0": 7914,
    "1": 8811,
    "2": 589
  },
  "EC_CM": {
    "n_plus": 60,
    "n_minus": 56,
    "total": 116,
    "frac_plus": 0.517241,
    "frac_minus": 0.482759,
    "p_value_binom": 0.7807391284762693,
    "significant_at_001": false
  },
  "EC_nonCM": {
    "n_plus": 8443,
    "n_minus": 8755,
    "total": 17198,
    "frac_plus": 0.490929,
    "frac_minus": 0.509071,
    "p_value_binom": 0.017713947473606002,
    "significant_at_001": false
  },
  "atkin_lehner_consistency": {
    "total_checked": 53779,
    "consistent": 53779,
    "consistency_rate": 1.0,
    "top_patterns": {
      "--": 4589,
      "-+": 4540,
      "---": 4054,
      "+-": 3903,
      "++": 3737,
      "-++": 3707,
      "--+": 3659,
      "-+-": 3596,
      "+-+": 3001,
      "+--": 2971,
      "++-": 2836,
      "+++": 2686,
      "-": 1037,
      "+": 988,
      "---+": 717
    }
  },
  "summary": {
    "sign_convention": "For weight-2 newforms: root_number_EC = -fricke_eigenval. The LMFDB fricke_eigenval column stores the Fricke involution eigenvalue, which is MINUS the root number for weight 2.",
    "overall_bias": "Fricke eigenvalue (not root number) is biased toward -1: frac(w=-1) = 0.5140, frac(w=+1) = 0.4860, binomial p = 9.34e-11. This means MORE forms have root_number = +1 (even functional equation).",
    "squarefree_parity": "Squarefree levels: nearly 50/50 (frac_plus = 0.500331). Non-squarefree levels: strong bias toward fricke=-1 (frac_plus = 0.474378). The overall bias is driven entirely by non-squarefree levels.",
    "omega_trend": "frac(fricke=+1) decreases with omega(N): omega=2 ~ 0.497, omega=3 ~ 0.487, omega=4 ~ 0.463, omega=5 ~ 0.425. More prime factors -> stronger bias toward fricke=-1.",
    "level_range_trend": "Strong bias at low levels (frac_plus ~ 0.15 for N<100), converging toward 0.50 as N grows. The asymptotic distribution may be 50/50.",
    "dimension_correlation": "Forms with fricke=+1 have lower mean dimension (9.6185) than fricke=-1 (12.1339), Mann-Whitney p = 1.24e-45. Highly significant.",
    "ec_parity": "BSD parity (root_number = (-1)^rank) verified: 1.0 agreement rate over 17314 EC-form pairs.",
    "cm_correlation": "CM status shows no significant correlation with Fricke sign (chi2 p ~ 0.49).",
    "atkin_lehner": "Fricke = product of Atkin-Lehner eigenvalues: 100% consistency verified."
  }
}