{
  "metadata": {
    "total_curves": 66158,
    "source": "LMFDB g2c_curves",
    "analysis_date": "2026-04-10"
  },
  "torsion_order_distribution": {
    "1": 44190,
    "2": 14681,
    "3": 2295,
    "4": 2755,
    "5": 725,
    "6": 595,
    "7": 97,
    "8": 393,
    "9": 38,
    "10": 131,
    "11": 8,
    "12": 124,
    "13": 7,
    "14": 12,
    "15": 17,
    "16": 40,
    "17": 1,
    "18": 9,
    "19": 1,
    "20": 13,
    "21": 5,
    "22": 2,
    "24": 10,
    "27": 2,
    "28": 2,
    "29": 1,
    "32": 2,
    "36": 1,
    "39": 1
  },
  "torsion_order_stats": {
    "distinct_orders": 29,
    "max_order": 39,
    "mean_order": 1.632183560567127,
    "median_order": 1,
    "trivial_fraction": 0.6679464312705946
  },
  "torsion_group_distribution": {
    "trivial": {
      "count": 44190,
      "fraction": 0.667946
    },
    "Z/2": {
      "count": 14681,
      "fraction": 0.221908
    },
    "Z/3": {
      "count": 2295,
      "fraction": 0.03469
    },
    "Z/4": {
      "count": 1402,
      "fraction": 0.021192
    },
    "Z/2 x Z/2": {
      "count": 1353,
      "fraction": 0.020451
    },
    "Z/5": {
      "count": 725,
      "fraction": 0.010959
    },
    "Z/6": {
      "count": 595,
      "fraction": 0.008994
    },
    "Z/8": {
      "count": 201,
      "fraction": 0.003038
    },
    "Z/2 x Z/4": {
      "count": 159,
      "fraction": 0.002403
    },
    "Z/10": {
      "count": 131,
      "fraction": 0.00198
    },
    "Z/7": {
      "count": 97,
      "fraction": 0.001466
    },
    "Z/2 x Z/6": {
      "count": 65,
      "fraction": 0.000982
    },
    "Z/12": {
      "count": 59,
      "fraction": 0.000892
    },
    "Z/2 x Z/2 x Z/2": {
      "count": 33,
      "fraction": 0.000499
    },
    "Z/2 x Z/8": {
      "count": 31,
      "fraction": 0.000469
    },
    "Z/9": {
      "count": 30,
      "fraction": 0.000453
    },
    "Z/15": {
      "count": 17,
      "fraction": 0.000257
    },
    "Z/14": {
      "count": 12,
      "fraction": 0.000181
    },
    "Z/11": {
      "count": 8,
      "fraction": 0.000121
    },
    "Z/3 x Z/3": {
      "count": 8,
      "fraction": 0.000121
    },
    "Z/2 x Z/10": {
      "count": 7,
      "fraction": 0.000106
    },
    "Z/13": {
      "count": 7,
      "fraction": 0.000106
    },
    "Z/20": {
      "count": 6,
      "fraction": 9.1e-05
    },
    "Z/3 x Z/6": {
      "count": 6,
      "fraction": 9.1e-05
    },
    "Z/21": {
      "count": 5,
      "fraction": 7.6e-05
    },
    "Z/24": {
      "count": 4,
      "fraction": 6e-05
    },
    "Z/2 x Z/12": {
      "count": 4,
      "fraction": 6e-05
    },
    "Z/4 x Z/4": {
      "count": 3,
      "fraction": 4.5e-05
    },
    "Z/2 x Z/2 x Z/4": {
      "count": 3,
      "fraction": 4.5e-05
    },
    "Z/16": {
      "count": 3,
      "fraction": 4.5e-05
    },
    "Z/18": {
      "count": 3,
      "fraction": 4.5e-05
    },
    "Z/2 x Z/2 x Z/8": {
      "count": 2,
      "fraction": 3e-05
    },
    "Z/2 x Z/2 x Z/6": {
      "count": 2,
      "fraction": 3e-05
    },
    "Z/22": {
      "count": 2,
      "fraction": 3e-05
    },
    "Z/19": {
      "count": 1,
      "fraction": 1.5e-05
    },
    "Z/6 x Z/6": {
      "count": 1,
      "fraction": 1.5e-05
    },
    "Z/28": {
      "count": 1,
      "fraction": 1.5e-05
    },
    "Z/27": {
      "count": 1,
      "fraction": 1.5e-05
    },
    "Z/29": {
      "count": 1,
      "fraction": 1.5e-05
    },
    "Z/39": {
      "count": 1,
      "fraction": 1.5e-05
    },
    "Z/2 x Z/14": {
      "count": 1,
      "fraction": 1.5e-05
    },
    "Z/17": {
      "count": 1,
      "fraction": 1.5e-05
    },
    "Z/3 x Z/9": {
      "count": 1,
      "fraction": 1.5e-05
    }
  },
  "torsion_group_stats": {
    "distinct_groups": 43,
    "cyclic_count": 64479,
    "non_cyclic_count": 1679
  },
  "torsion_order_vs_rank": {
    "1": {
      "count": 44190,
      "mean_rank": 1.4618,
      "rank_distribution": {
        "0": 3603,
        "1": 19428,
        "2": 18318,
        "3": 2831,
        "4": 10
      }
    },
    "2": {
      "count": 14681,
      "mean_rank": 0.8195,
      "rank_distribution": {
        "0": 4665,
        "1": 8046,
        "2": 1925,
        "3": 45
      }
    },
    "3": {
      "count": 2295,
      "mean_rank": 0.7529,
      "rank_distribution": {
        "0": 797,
        "1": 1269,
        "2": 228,
        "3": 1
      }
    },
    "4": {
      "count": 2755,
      "mean_rank": 0.4661,
      "rank_distribution": {
        "0": 1529,
        "1": 1168,
        "2": 58
      }
    },
    "5": {
      "count": 725,
      "mean_rank": 0.4731,
      "rank_distribution": {
        "0": 404,
        "1": 299,
        "2": 22
      }
    },
    "6": {
      "count": 595,
      "mean_rank": 0.3513,
      "rank_distribution": {
        "0": 391,
        "1": 199,
        "2": 5
      }
    },
    "7": {
      "count": 97,
      "mean_rank": 0.4536,
      "rank_distribution": {
        "0": 55,
        "1": 40,
        "2": 2
      }
    },
    "8": {
      "count": 393,
      "mean_rank": 0.2468,
      "rank_distribution": {
        "0": 298,
        "1": 93,
        "2": 2
      }
    },
    "9": {
      "count": 38,
      "mean_rank": 0.1842,
      "rank_distribution": {
        "0": 32,
        "1": 5,
        "2": 1
      }
    },
    "10": {
      "count": 131,
      "mean_rank": 0.1221,
      "rank_distribution": {
        "0": 115,
        "1": 16
      }
    },
    "11": {
      "count": 8,
      "mean_rank": 0.125,
      "rank_distribution": {
        "0": 7,
        "1": 1
      }
    },
    "12": {
      "count": 124,
      "mean_rank": 0.0887,
      "rank_distribution": {
        "0": 113,
        "1": 11
      }
    },
    "13": {
      "count": 7,
      "mean_rank": 0.0,
      "rank_distribution": {
        "0": 7
      }
    },
    "14": {
      "count": 12,
      "mean_rank": 0.0,
      "rank_distribution": {
        "0": 12
      }
    },
    "15": {
      "count": 17,
      "mean_rank": 0.1176,
      "rank_distribution": {
        "0": 15,
        "1": 2
      }
    },
    "16": {
      "count": 40,
      "mean_rank": 0.025,
      "rank_distribution": {
        "0": 39,
        "1": 1
      }
    },
    "17": {
      "count": 1,
      "mean_rank": 0.0,
      "rank_distribution": {
        "0": 1
      }
    },
    "18": {
      "count": 9,
      "mean_rank": 0.1111,
      "rank_distribution": {
        "0": 8,
        "1": 1
      }
    },
    "19": {
      "count": 1,
      "mean_rank": 0.0,
      "rank_distribution": {
        "0": 1
      }
    },
    "20": {
      "count": 13,
      "mean_rank": 0.0,
      "rank_distribution": {
        "0": 13
      }
    },
    "21": {
      "count": 5,
      "mean_rank": 0.0,
      "rank_distribution": {
        "0": 5
      }
    },
    "22": {
      "count": 2,
      "mean_rank": 0.0,
      "rank_distribution": {
        "0": 2
      }
    },
    "24": {
      "count": 10,
      "mean_rank": 0.0,
      "rank_distribution": {
        "0": 10
      }
    },
    "27": {
      "count": 2,
      "mean_rank": 0.0,
      "rank_distribution": {
        "0": 2
      }
    },
    "28": {
      "count": 2,
      "mean_rank": 0.0,
      "rank_distribution": {
        "0": 2
      }
    },
    "29": {
      "count": 1,
      "mean_rank": 0.0,
      "rank_distribution": {
        "0": 1
      }
    },
    "32": {
      "count": 2,
      "mean_rank": 0.0,
      "rank_distribution": {
        "0": 2
      }
    },
    "36": {
      "count": 1,
      "mean_rank": 0.0,
      "rank_distribution": {
        "0": 1
      }
    },
    "39": {
      "count": 1,
      "mean_rank": 0.0,
      "rank_distribution": {
        "0": 1
      }
    }
  },
  "rank_vs_torsion_groups": {
    "0": {
      "total": 12131,
      "top_groups": {
        "Z/2": 4665,
        "trivial": 3603,
        "Z/2 x Z/2": 811,
        "Z/3": 797,
        "Z/4": 718,
        "Z/5": 404,
        "Z/6": 391,
        "Z/8": 142,