{
  "analysis": "Genus-2 Interference Tensor Rank",
  "challenge": "List1 #19",
  "data_source": "F:\\Prometheus\\cartography\\genus2\\data\\g2c-data\\gce_1000000_lmfdb.txt",
  "num_curves_total": 66158,
  "num_curves_used": 63255,
  "probe_primes": [
    41,
    43
  ],
  "ells": [
    2,
    3,
    5,
    7,
    11,
    13,
    17,
    19,
    23,
    29
  ],
  "fingerprint_method": "(a1_p mod ell, a2_p mod ell) at probe primes p",
  "fingerprint_stats": {
    "2": {
      "unique_fps": 16,
      "max_bucket": 15687,
      "collision_prob": 0.12019473230195565,
      "n_valid": 63255,
      "theoretical_fp_space": 16
    },
    "3": {
      "unique_fps": 81,
      "max_bucket": 2191,
      "collision_prob": 0.014453220569638974,
      "n_valid": 63255,
      "theoretical_fp_space": 81
    },
    "5": {
      "unique_fps": 625,
      "max_bucket": 305,
      "collision_prob": 0.001717090162216777,
      "n_valid": 63255,
      "theoretical_fp_space": 625
    },
    "7": {
      "unique_fps": 2401,
      "max_bucket": 67,
      "collision_prob": 0.00043274255873857414,
      "n_valid": 63255,
      "theoretical_fp_space": 2401
    },
    "11": {
      "unique_fps": 14338,
      "max_bucket": 33,
      "collision_prob": 7.403705177147915e-05,
      "n_valid": 63255,
      "theoretical_fp_space": 14641
    },
    "13": {
      "unique_fps": 24798,
      "max_bucket": 27,
      "collision_prob": 3.93623627146876e-05,
      "n_valid": 63255,
      "theoretical_fp_space": 28561
    },
    "17": {
      "unique_fps": 41995,
      "max_bucket": 26,
      "collision_prob": 1.6071452702993584e-05,
      "n_valid": 63255,
      "theoretical_fp_space": 83521
    },
    "19": {
      "unique_fps": 47151,
      "max_bucket": 28,
      "collision_prob": 1.1678195742101241e-05,
      "n_valid": 63255,
      "theoretical_fp_space": 130321
    },
    "23": {
      "unique_fps": 52582,
      "max_bucket": 25,
      "collision_prob": 7.661332283490379e-06,
      "n_valid": 63255,
      "theoretical_fp_space": 279841
    },
    "29": {
      "unique_fps": 55751,
      "max_bucket": 25,
      "collision_prob": 5.498444256435973e-06,
      "n_valid": 63255,
      "theoretical_fp_space": 707281
    }
  },
  "collision_probabilities": {
    "2": 0.12019473230195565,
    "3": 0.014453220569638974,
    "5": 0.001717090162216777,
    "7": 0.00043274255873857414,
    "11": 7.403705177147915e-05,
    "13": 3.93623627146876e-05,
    "17": 1.6071452702993584e-05,
    "19": 1.1678195742101241e-05,
    "23": 7.661332283490379e-06,
    "29": 5.498444256435973e-06
  },
  "interference_matrix_raw": [
    [
      7.319832166086776,
      0.010801102431436282,
      0.03287054130856548,
      0.09654221271624341,
      0.466626278433969,
      0.86952430161029,
      2.2063647788623175,
      2.935743915575528,
      4.160608364519279,
      5.092386190711727
    ],
    [
      0.010801102431436282,
      68.18873168660006,
      0.14487681666771124,
      0.6303583408298676,
      3.929106219159335,
      7.126361377187246,
      16.19173853708161,
      21.610793409544648,
      31.70067021189606,
      42.2932763817153
    ],
    [
      0.03287054130856548,
      0.14487681666771124,
      581.3806006255327,
      5.532634900805733,
      29.000567006756967,
      53.20968167149422,
      124.54366580416668,
      168.38219326501283,
      252.28825495986175,
      349.0636846669112
    ],
    [
      0.09654221271624341,
      0.6303583408298676,
      5.532634900805733,
      2309.8427396532406,
      108.0862056472998,
      199.7501896195134,
      477.88607782749256,
      654.3800450687997,
      995.1334886728623,
      1386.5560268554232
    ],
    [
      0.466626278433969,
      3.929106219159335,
      29.000567006756967,
      108.0862056472998,
      13505.750688649438,
      1134.9824477240431,
      2773.6979440945984,
      3817.5202370641414,
      5819.58382583216,
      8109.189845320867
    ],
    [
      0.86952430161029,
      7.126361377187246,
      53.20968167149422,
      199.7501896195134,
      1134.9824477240431,
      25403.979046820834,
      5217.956413419121,
      7181.29194042938,
      10946.992862546591,
      15253.535145841057
    ],
    [
      2.2063647788623175,
      16.19173853708161,
      124.54366580416668,
      477.88607782749256,
      2773.6979440945984,
      5217.956413419121,
      62221.12879447624,
      17589.94126128988,
      26812.93362611832,
      37360.56006250142
    ],
    [
      2.935743915575528,
      21.610793409544648,
      168.38219326501283,
      654.3800450687997,
      3817.5202370641414,
      7181.29194042938,
      17589.94126128988,
      85628.66592475282,
      36900.15113414186,
      51415.722130272035
    ],
    [
      4.160608364519279,
      31.70067021189606,
      252.28825495986175,
      995.1334886728623,
      5819.58382583216,
      10946.992862546591,
      26812.93362611832,
      36900.15113414186,
      130524.6009003719,
      78373.69035881422
    ],
    [
      5.092386190711727,
      42.2932763817153,
      349.0636846669112,
      1386.5560268554232,
      8109.189845320867,
      15253.535145841057,
      37360.56006250142,
      51415.722130272035,
      78373.69035881422,
      181868.62590909092
    ]
  ],