{
  "description": "Shannon entropy of Hecke eigenvalue distributions vs level",
  "config": {
    "num_primes": 25,
    "primes": [
      2,
      3,
      5,
      7,
      11,
      13,
      17,
      19,
      23,
      29,
      31,
      37,
      41,
      43,
      47,
      53,
      59,
      61,
      67,
      71,
      73,
      79,
      83,
      89,
      97
    ],
    "num_bins": 20,
    "hasse_bound": 19.6977,
    "bin_range": [
      -19.6977,
      19.6977
    ]
  },
  "n_forms": 17314,
  "global_fit": {
    "h_entropy_growth_coeff": 0.001011,
    "intercept": 3.2555,
    "R_squared": 1.2e-05,
    "p_value": 0.64485,
    "std_err_h": 0.002194
  },
  "stratified": {
    "CM": {
      "sato_tate_group": "1.2.1.d1",
      "n_forms": 116,
      "h_entropy_growth_coeff": -0.002435,
      "intercept": 2.192,
      "R_squared": 0.000239,
      "p_value": 0.86928,
      "std_err_h": 0.014764,
      "mean_entropy": 2.1748,
      "std_entropy": 0.1884
    },
    "non-CM (SU(2))": {
      "sato_tate_group": "1.2.3.c1",
      "n_forms": 17198,
      "h_entropy_growth_coeff": -0.006563,
      "intercept": 3.3211,
      "R_squared": 0.000605,
      "p_value": 0.0012582,
      "std_err_h": 0.002034,
      "mean_entropy": 3.2706,
      "std_entropy": 0.2065
    },
    "CM_summary": {
      "n_forms": 116,
      "mean_entropy": 2.1748,
      "std_entropy": 0.1884,
      "mean_level": 1900.2
    },
    "non-CM_summary": {
      "n_forms": 17198,
      "mean_entropy": 3.2706,
      "std_entropy": 0.2065,
      "mean_level": 2721.2
    }
  },
  "binned_trend": {
    "log_level_centers": [
      2.503,
      2.714,
      2.925,
      3.136,
      3.347,
      3.558,
      3.769,
      3.98,
      4.191,
      4.402,
      4.613,
      4.824,
      5.035,
      5.246,
      5.457,
      5.668,
      5.879,
      6.09,
      6.301,
      6.512,
      6.723,
      6.934,
      7.145,
      7.356,
      7.567,
      7.778,
      7.989,
      8.2,
      8.411
    ],
    "mean_entropy": [
      3.2693,
      3.264,
      3.1765,
      3.3913,
      2.9619,
      2.9974,
      3.3195,
      3.2824,
      3.1858,
      3.2881,
      3.2914,
      3.2776,
      3.2895,
      3.2881,
      3.2163,
      3.2523,
      3.2801,
      3.2646,
      3.2756,
      3.2678,
      3.2566,
      3.2638,
      3.2608,
      3.264,
      3.264,
      3.258,
      3.262,
      3.2641,
      3.2654
    ],
    "std_entropy": [
      0.0,
      0.1653,
      0.108,
      0.038,
      0.4102,
      0.4445,
      0.1133,
      0.3831,
      0.3996,
      0.2095,
      0.2552,
      0.2527,
      0.2548,
      0.1898,
      0.3789,
      0.2608,
      0.228,
      0.2704,
      0.2453,
      0.2318,
      0.244,
      0.2234,
      0.2218,
      0.2382,
      0.2162,
      0.217,
      0.2313,
      0.2193,
      0.2095
    ],
    "counts": [
      1,
      2,
      3,
      2,
      4,
      10,
      7,
      16,
      13,
      22,
      31,
      45,
      59,
      90,
      98,
      118,
      189,
      243,
      304,
      423,
      546,
      717,
      886,
      1127,
      1409,
      1849,
      2348,
      2978,
      3730
    ]
  }
}