{
  "experiment": "hecke_theta_resonance",
  "description": "Cosine similarity between EC Hecke eigenvalue vectors and lattice theta series coefficients at prime indices",
  "normalization": {
    "ec": "a_p / (2 * sqrt(p)) \u2014 Hasse bound normalization to [-1,1]",
    "lattice": "theta_p / mean(|theta_primes|) \u2014 shape-preserving normalization"
  },
  "primes": [
    2,
    3,
    5,
    7,
    11,
    13,
    17,
    19,
    23,
    29,
    31,
    37,
    41,
    43,
    47,
    53,
    59,
    61,
    67,
    71,
    73,
    79,
    83,
    89,
    97
  ],
  "sample_size": {
    "ec_total": 17314,
    "lat_total": 15000,
    "ec_sampled": 1000,
    "lat_sampled": 1000
  },
  "real_stats": {
    "max_per_ec_mean": 0.4119527059375196,
    "max_per_ec_median": 0.4052757172451126,
    "max_per_ec_std": 0.0899166835349605,
    "max_per_ec_95pct": 0.5702563738411677,
    "max_per_lat_mean": 0.4181158470701597,
    "mean_similarity": -0.003807329820058228,
    "global_max": 0.7157563222875443,
    "n_ec_sampled": 1000,
    "n_lat_sampled": 1000
  },
  "null_stats": {
    "null_max_per_ec_mean": 0.41388599929521436,
    "null_max_per_ec_std": 0.001746646108751067,
    "null_trials": 20,
    "null_values": [
      0.4150107928938023,
      0.41507579911268944,
      0.4138331578388719,
      0.41246877760341144,
      0.41640082128990924,
      0.41115002074377516,
      0.41285469727801133,
      0.4141321959456593,
      0.4134156480835054,
      0.4147122265061299,
      0.4148711132517394,
      0.4173622868499964,
      0.41302967379755445,
      0.40973916376745617,
      0.41436702090894917,
      0.4120740270820397,
      0.4135613784418215,
      0.41281340242494735,
      0.41543161689776636,
      0.41541616518625096
    ]
  },
  "effect_size": {
    "delta": -0.0019332933576947653,
    "effect_ratio_sigma": -1.1068603690820342,
    "significant": false
  },
  "distribution": {
    "mean": -0.003807329820058228,
    "std": 0.15114132697180757,
    "skew": -0.040789521952529904,
    "kurtosis": -0.06670747637720753,
    "min": -0.7896119764220533,
    "max": 0.7157563222875443,
    "pct_above_01": 30.330099999999998,
    "pct_above_02": 5.7572,
    "pct_above_03": 2.1418,
    "pct_above_05": 0.0589,
    "histogram_bins": [
      -1.0,
      -0.95,
      -0.9,
      -0.85,
      -0.8,
      -0.75,
      -0.7,
      -0.6499999999999999,
      -0.6,
      -0.55,
      -0.5,
      -0.44999999999999996,
      -0.3999999999999999,
      -0.35,
      -0.29999999999999993,
      -0.25,
      -0.19999999999999996,
      -0.1499999999999999,
      -0.09999999999999998,
      -0.04999999999999993,
      0.0,
      0.050000000000000044,
      0.10000000000000009,
      0.15000000000000013,
      0.20000000000000018,
      0.25,
      0.30000000000000004,
      0.3500000000000001,
      0.40000000000000013,
      0.4500000000000002,
      0.5,
      0.55,
      0.6000000000000001,
      0.6500000000000001,
      0.7000000000000002,
      0.75,
      0.8,
      0.8500000000000001,
      0.9000000000000001,
      0.9500000000000002,
      1.0
    ],
    "histogram_counts": [
      0,
      0,
      0,
      0,
      5,
      8,
      15,
      64,
      195,
      545,
      1203,
      2392,
      6121,
      14239,
      29574,
      13636,
      119872,
      127049,
      13125,
      11882,
      344531,
      12243,
      135002,
      110727,
      12631,
      23523,
      12421,
      5872,
      1678,
      858,
      379,
      153,
      48,
      8,
      1,
      0,
      0,
      0,
      0,
      0
    ]
  },
  "top_pairs": [
    {
      "ec_label": "3888.k",
      "lat_label": "3.3087.294.1.1",
      "cosine_sim": 0.7157563222875443
    },
    {
      "ec_label": "1011.a",
      "lat_label": "3.392.112.1.1",
      "cosine_sim": 0.6890415264923776
    },
    {
      "ec_label": "3248.l",
      "lat_label": "4.192.24.1.3",
      "cosine_sim": 0.6842971777792096
    },
    {
      "ec_label": "2856.d",
      "lat_label": "3.27.18.1.2",
      "cosine_sim": 0.6748488144582144
    },
    {
      "ec_label": "4544.j",
      "lat_label": "3.32.64.1.1",
      "cosine_sim": 0.6723004703654982
    },
    {
      "ec_label": "4368.y",
      "lat_label": "2.57.114.1.2",
      "cosine_sim": 0.6681318342864769
    },
    {
      "ec_label": "4544.j",
      "lat_label": "2.12.24.1.2",
      "cosine_sim": 0.6671514972436883
    },
    {
      "ec_label": "4511.d",
      "lat_label": "3.112.56.1.1",
      "cosine_sim": 0.6660574796069829
    },
    {
      "ec_label": "972.d",
      "lat_label": "2.66.132.1.2",
      "cosine_sim": 0.655409468234479
    },
    {
      "ec_label": "3248.l",
      "lat_label": "3.540.360.1.2",
      "cosine_sim": 0.6454502745408075
    },
    {
      "ec_label": "3675.l",
      "lat_label": "3.32.64.1.1",
      "cosine_sim": 0.641216649181679
    },
    {
      "ec_label": "4494.e",
      "lat_label": "2.570.1140.1.2",
      "cosine_sim": 0.6383385436948713
    },
    {
      "ec_label": "2856.d",
      "lat_label": "3.125.50.1.1",
      "cosine_sim": 0.6374947326975192
    },
    {
      "ec_label": "3888.k",
      "lat_label": "3.540.360.1.2",
      "cosine_sim": 0.6363686387365318
    },
    {
      "ec_label": "3888.k",
      "lat_label": "3.216.144.1.7",
      "cosine_sim": 0.635998185352012
    },
    {
      "ec_label": "2856.d",
      "lat_label": "4.216.48.1.1",
      "cosine_sim": 0.6337877487114439
    },
    {
      "ec_label": "3248.l",
      "lat_label": "3.384.192.1.1",
      "cosine_sim": 0.6302305185731788
    },
    {
      "ec_label": "3248.l",
      "lat_label": "5.256.32.1.9",
      "cosine_sim": 0.6294938097868364
    },
    {
      "ec_label": "3248.l",
      "lat_label": "5.1024.8.1.2",
      "cosine_sim": 0.6294938097868364
    },
    {
      "ec_label": "4437.d",
      "lat_label": "2.80.160.1.2",
      "cosine_sim": 0.629385376549441
    }
  ],
  "verdict": "OUTSIDE_RANGE",
  "elapsed_seconds": 2.1
}