{
  "description": "KL divergence: lattice kissing numbers vs PDG mass ratios",
  "n_lattices": 39293,
  "n_masses": 25189,
  "n_bins": 50,
  "metrics": {
    "kl_kiss_given_mass": 0.002268,
    "kl_mass_given_kiss": 0.056621,
    "symmetric_kl": 0.029445,
    "ks_statistic": 0.709953,
    "ks_pvalue": 0.0,
    "wasserstein": 0.000324
  },
  "null_model": {
    "type": "uniform_random_integers",
    "n_trials": 1000,
    "kl_null_mean": 23.348716,
    "kl_null_std": 0.051253,
    "kl_percentile": 0.0,
    "symmetric_kl_null_mean": 13.621157,
    "symmetric_kl_null_std": 0.035888,
    "symmetric_kl_percentile": 0.0,
    "ks_null_mean": 0.984587,
    "ks_null_std": 0.000309,
    "ks_percentile": 0.0,
    "wasserstein_null_mean": 0.499658,
    "wasserstein_null_std": 0.001433,
    "wasserstein_percentile": 0.0
  },
  "interpretation": {
    "closer_than_random": true,
    "summary": "Kissing number distribution has KL=0.0294 to mass ratios (percentile 0.0% vs random null). Closer than random integers."
  },
  "distributions": {
    "kissing_histogram": [
      0.99997455,
      0.0,
      0.0,
      0.0,
      0.0,
      0.0,
      0.0,
      0.0,
      0.0,
      0.0,
      0.0,
      0.0,
      0.0,
      0.0,
      0.0,
      0.0,
      0.0,
      0.0,
      0.0,
      0.0,
      0.0,
      0.0,
      0.0,
      0.0,
      0.0,
      0.0,
      0.0,
      0.0,
      0.0,
      0.0,
      0.0,
      0.0,
      0.0,
      0.0,
      0.0,
      0.0,
      0.0,
      0.0,
      0.0,
      0.0,
      0.0,
      0.0,
      0.0,
      0.0,
      0.0,
      0.0,
      0.0,
      0.0,
      0.0,
      2.545e-05
    ],
    "mass_ratio_histogram": [
      0.99769741,
      0.0011116,
      0.0005558,
      0.0002779,
      0.0,
      7.94e-05,
      3.97e-05,
      0.0,
      3.97e-05,
      0.0,
      0.0,
      3.97e-05,
      0.0,
      0.0,
      0.0,
      0.0,
      0.0,
      0.0,
      0.0,
      0.0,
      0.0,
      0.0,
      0.0,
      3.97e-05,
      0.0,
      0.0,
      3.97e-05,
      0.0,
      0.0,
      0.0,
      0.0,
      0.0,
      0.0,
      0.0,
      0.0,
      0.0,
      3.97e-05,
      0.0,
      0.0,
      0.0,
      0.0,
      0.0,
      0.0,
      0.0,
      0.0,
      0.0,
      0.0,
      0.0,
      0.0,
      3.97e-05
    ],
    "bin_edges": [
      0.0,
      0.02,
      0.04,
      0.06,
      0.08,
      0.1,
      0.12,
      0.14,
      0.16,
      0.18,
      0.2,
      0.22,
      0.24,
      0.26,
      0.28,
      0.3,
      0.32,
      0.34,
      0.36,
      0.38,
      0.4,
      0.42,
      0.44,
      0.46,
      0.48,
      0.5,
      0.52,
      0.54,
      0.56,
      0.58,
      0.6,
      0.62,
      0.64,
      0.66,
      0.68,
      0.7,
      0.72,
      0.74,
      0.76,
      0.78,
      0.8,
      0.82,
      0.84,
      0.86,
      0.88,
      0.9,
      0.92,
      0.94,
      0.96,
      0.98,
      1.0
    ]
  }
}