{
  "n_knots": 2977,
  "basic_stats": {
    "mean": 118.87840107490763,
    "median": 109.0,
    "std": 73.32029480456363,
    "min": 1,
    "max": 377,
    "skewness": 0.49200349799333903,
    "kurtosis": -0.4896175954730366
  },
  "all_odd": true,
  "lognormal_test": {
    "shapiro_on_log_det": {
      "statistic": 0.8800885295013161,
      "pvalue": 3.863265911635286e-43
    },
    "ks_lognormal_fit": {
      "statistic": 0.03982985049079302,
      "pvalue": 0.00015353649585002945
    },
    "log_det_mean": 4.492542135701641,
    "log_det_std": 0.9121214334339265
  },
  "power_law_test": {
    "alpha_mle": 1.1928383940904717,
    "det_min": 1,
    "n_samples": 2977,
    "note": "discrete power-law MLE; alpha > 2 needed for finite mean"
  },
  "exponential_test": {
    "ks_statistic": 0.15540462847522785,
    "pvalue": 2.9683908143777247e-63
  },
  "log_det_vs_crossing": {
    "slope": 0.39370007413877683,
    "intercept": -0.07355879133549248,
    "r_squared": 0.12727269444731926,
    "p_value": 4.662964212382555e-90,
    "interpretation": "det ~ exp(0.394 * n + -0.074), i.e., det grows exponentially with crossing number",
    "by_crossing_number": {
      "3": {
        "n": 1,
        "mean_log_det": 1.0986122886681098,
        "std_log_det": 0.0,
        "mean_det": 3.0,
        "median_det": 3.0
      },
      "4": {
        "n": 1,
        "mean_log_det": 1.6094379124341003,
        "std_log_det": 0.0,
        "mean_det": 5.0,
        "median_det": 5.0
      },
      "5": {
        "n": 2,
        "mean_log_det": 1.7776740307447068,
        "std_log_det": 0.16823611831060648,
        "mean_det": 6.0,
        "median_det": 6.0
      },
      "6": {
        "n": 3,
        "mean_log_det": 2.386689735865376,
        "std_log_det": 0.1503319693722768,
        "mean_det": 11.0,
        "median_det": 11.0
      },
      "7": {
        "n": 7,
        "mean_log_det": 2.63413996305193,
        "std_log_det": 0.3472445329572811,
        "mean_det": 14.714285714285714,
        "median_det": 15.0
      },
      "8": {
        "n": 21,
        "mean_log_det": 3.055364439666774,
        "std_log_det": 0.5721781992736606,
        "mean_det": 23.952380952380953,
        "median_det": 25.0
      },
      "9": {
        "n": 49,
        "mean_log_det": 3.508459671176477,
        "std_log_det": 0.5220017586331991,
        "mean_det": 37.36734693877551,
        "median_det": 39.0
      },
      "10": {
        "n": 165,
        "mean_log_det": 3.837247894848051,
        "std_log_det": 0.7887233411076353,
        "mean_det": 56.515151515151516,
        "median_det": 57.0
      },
      "11": {
        "n": 552,
        "mean_log_det": 4.267048099758456,
        "std_log_det": 0.8145419687450999,
        "mean_det": 88.51086956521739,
        "median_det": 89.0
      },
      "12": {
        "n": 2176,
        "mean_log_det": 4.649725119455418,
        "std_log_det": 0.8763437065113759,
        "mean_det": 134.75551470588235,
        "median_det": 129.0
      }
    }
  },
  "mod_primes": {
    "3": {
      "distribution": {
        "0": 1084,
        "1": 978,
        "2": 915
      },
      "divisible_by_p": 1084,
      "fraction_divisible": 0.3641249580114209,
      "expected_fraction_if_uniform": 0.3333333333333333,
      "chi2_uniform": 14.701377225394692,
      "chi2_pvalue": 0.0006421500154166497
    },
    "5": {
      "distribution": {
        "0": 670,
        "1": 584,
        "2": 555,
        "3": 560,
        "4": 608
      },
      "divisible_by_p": 670,
      "fraction_divisible": 0.22505878401074908,
      "expected_fraction_if_uniform": 0.2,
      "chi2_uniform": 14.677863621095062,
      "chi2_pvalue": 0.0054181725805108275
    },
    "7": {
      "distribution": {
        "0": 479,
        "1": 435,
        "2": 411,
        "3": 399,
        "4": 428,
        "5": 420,
        "6": 405
      },
      "divisible_by_p": 479,
      "fraction_divisible": 0.16090023513604298,
      "expected_fraction_if_uniform": 0.14285714285714285,
      "chi2_uniform": 10.161236143768896,
      "chi2_pvalue": 0.11802418169646006
    },
    "11": {
      "distribution": {
        "0": 285,
        "1": 281,
        "2": 267,
        "3": 280,
        "4": 268,
        "5": 278,
        "6": 257,
        "7": 272,
        "8": 259,
        "9": 274,
        "10": 256
      },
      "divisible_by_p": 285,
      "fraction_divisible": 0.09573396036278133,
      "expected_fraction_if_uniform": 0.09090909090909091,
      "chi2_uniform": 3.7856902922405107,
      "chi2_pvalue": 0.9564973910529788
    },
    "13": {
      "distribution": {
        "0": 249,
        "1": 236,
        "2": 227,
        "3": 236,
        "4": 221,
        "5": 222,
        "6": 229,
        "7": 229,
        "8": 231,
        "9": 230,
        "10": 211,
        "11": 239,
        "12": 217
      },
      "divisible_by_p": 249,
      "fraction_divisible": 0.08364124958011421,
      "expected_fraction_if_uniform": 0.07692307692307693,
      "chi2_uniform": 5.187772925764191,
      "chi2_pvalue": 0.9514111653672113
    }
  },
  "alternating_vs_nonalternating": {
    "n_alternating": 1904,
    "n_nonalternating": 1073,
    "alternating": {
      "mean": 149.85084033613447,
      "median": 149.0,
      "std": 70.32453893631127,
      "mean_log_det": 4.8426053797364625
    },
    "nonalternating": {
      "mean": 63.91891891891892,
      "median": 63.0,
      "std": 37.63891258874186,
      "mean_log_det": 3.871367469678994
    },
    "mannwhitney": {
      "U": 1737092.5,
      "pvalue": 1.1528860465418133e-221
    },
    "alternating_log_det_slope": 0.5433438462926112,
    "alternating_log_det_r2": 0.5877013518424404,
    "non-alternating_log_det_slope": 0.4329477372421602,
    "non-alternating_log_det_r2": 0.0308858171968303
  },
  "alternating_log_det_regression": {
    "slope": 0.5433438462926112,
    "intercept": -1.3887266725983372,
    "r_squared": 0.5877013518424404,
    "p_value": 0.0,
    "base": 1.7217545296718437,
    "interpretation": "For alternating knots: det ~ 1.722^n (R\u00b2=0.588)"
  },
  "within_crossing_number_lognormal_tests": {
    "8": {
      "n": 21,
      "shapiro_W": 0.8297373711901556,
      "shapiro_p": 0.0019392510396246568,
      "lognormal_rejected": true
    },
    "9": {
      "n": 49,
      "shapiro_W": 0.9061918150382366,
      "shapiro_p": 0.0008806784487417505,
      "lognormal_rejected": true
    },
    "10": {
      "n": 165,
      "shapiro_W": 0.7872048640166184,
      "shapiro_p": 3.233504183284891e-14,
      "lognormal_rejected": true
    },
    "11": {
      "n": 367,
      "shapiro_W": 0.9139321338408231,
      "shapiro_p": 1.2499381028270567e-13,
      "lognormal_rejected": true
    },
    "12": {
      "n": 1288,
      "shapiro_W": 0.9382298713971204,
      "shapiro_p": 1.0254938546278201e-22,
      "lognormal_rejected": true
    }
  },
  "verdict": [
    "Log-normal (marginal): REJECTED (KS p = 1.54e-04)",
    "Log-normal (within crossing number): ALSO REJECTED (Shapiro p < 0.01 at every testable cn)",
    "Power-law: NO (alpha_MLE=1.19, too flat; distribution has bounded support per cn)",
    "Exponential in crossing number (all): WEAK overall R\u00b2=0.127",
    "Exponential in crossing number (alternating): STRONG R\u00b2=0.588, det ~ 1.722^n",
    "Mod-3 and mod-5: BIASED (excess divisibility, p < 0.01)",
    "Mod-7, mod-11, mod-13: uniform (no significant bias)",
    "Alternating vs non-alternating: MASSIVELY different (Mann-Whitney p ~ 10^-221)",
    "ANSWER: NEITHER log-normal nor power-law. det(K) is a mixture distribution stratified by crossing number and alternating status. For alternating knots, mean det grows exponentially as ~1.72^n. The marginal distribution is heavy-tailed but not power-law. Mod-3 and mod-5 show excess divisibility (possibly reflecting torus/twist knot enrichment)."
  ],