{
  "challenge": "DS7",
  "description": "Lattice Theta Function Phase Coherence",
  "method": "R_P = |mean(exp(2*pi*i * a_n / P))| for P in {2,3,5,7}; geometric mean",
  "n_lattices": 39293,
  "primes_used": [
    2,
    3,
    5,
    7
  ],
  "dimension_summary": {
    "1": {
      "n_lattices": 1,
      "dim": 1,
      "R_2_mean": 1.0,
      "R_2_std": 0.0,
      "R_2_median": 1.0,
      "R_3_mean": 0.9211586906355135,
      "R_3_std": 0.0,
      "R_3_median": 0.9211586906355135,
      "R_5_mean": 0.9040627654901972,
      "R_5_std": 0.0,
      "R_5_median": 0.9040627654901972,
      "R_7_mean": 0.9362438532787695,
      "R_7_std": 0.0,
      "R_7_median": 0.9362438532787695,
      "R_geomean_mean": 0.939681126259211,
      "R_geomean_std": 0.0,
      "R_geomean_median": 0.939681126259211,
      "R_binary_mean": 0.8933333333333334,
      "R_binary_std": 0.0,
      "R_binary_median": 0.8933333333333334,
      "sparsity_mean": 0.9466666666666667,
      "sparsity_std": 0.0,
      "sparsity_median": 0.9466666666666667,
      "kissing_mean": 2.0,
      "kissing_median": 2.0,
      "det_mean": 2.0,
      "det_median": 2.0
    },
    "2": {
      "n_lattices": 1609,
      "dim": 2,
      "R_2_mean": 1.0,
      "R_2_std": 0.0,
      "R_2_median": 1.0,
      "R_3_mean": 0.9220697053751787,
      "R_3_std": 0.06845790487349854,
      "R_3_median": 0.9406380813043878,
      "R_5_mean": 0.9179848801302074,
      "R_5_std": 0.06346802507788925,
      "R_5_median": 0.9333836047456587,
      "R_7_mean": 0.9289815817556034,
      "R_7_std": 0.06952092777530941,
      "R_7_median": 0.95189830983785,
      "R_geomean_mean": 0.9411019983516717,
      "R_geomean_std": 0.05180104873224469,
      "R_geomean_median": 0.9547351840412679,
      "R_binary_mean": 0.8929107105862853,
      "R_binary_std": 0.09864569201747916,
      "R_binary_median": 0.92,
      "sparsity_mean": 0.9464553552931428,
      "sparsity_std": 0.04932284600873958,
      "sparsity_median": 0.96,
      "kissing_mean": 2.0658794282162836,
      "kissing_median": 2.0,
      "det_mean": 3293.0534493474206,
      "det_median": 1290.0
    },
    "3": {
      "n_lattices": 36585,
      "dim": 3,
      "R_2_mean": 1.0,
      "R_2_std": 0.0,
      "R_2_median": 1.0,
      "R_3_mean": 0.6365723242233704,
      "R_3_std": 0.09298180167840132,
      "R_3_median": 0.6300264544710272,
      "R_5_mean": 0.65211873430022,
      "R_5_std": 0.08798187141767952,
      "R_5_median": 0.6646602427198774,
      "R_7_mean": 0.6348041082650114,
      "R_7_std": 0.08196042067185912,
      "R_7_median": 0.6250020052139976,
      "R_geomean_mean": 0.7146525992341614,
      "R_geomean_std": 0.06776321331882285,
      "R_geomean_median": 0.7130400023507226,
      "R_binary_mean": 0.4116594232608994,
      "R_binary_std": 0.12162659053062835,
      "R_binary_median": 0.4133333333333334,
      "sparsity_mean": 0.7049601384902738,
      "sparsity_std": 0.06368256198480182,
      "sparsity_median": 0.7066666666666667,
      "kissing_mean": 2.4233429000956677,
      "kissing_median": 2.0,
      "det_mean": 1373.512696460298,
      "det_median": 1362.0
    },
    "4": {
      "n_lattices": 481,
      "dim": 4,
      "R_2_mean": 1.0,
      "R_2_std": 0.0,
      "R_2_median": 1.0,
      "R_3_mean": 0.688966163125519,
      "R_3_std": 0.18165421145882504,
      "R_3_median": 0.7302054505411474,
      "R_5_mean": 0.5648903764465414,
      "R_5_std": 0.20603593626168543,
      "R_5_median": 0.6056012346571614,
      "R_7_mean": 0.561145800319379,
      "R_7_std": 0.20065171385669575,
      "R_7_median": 0.6073333871764307,
      "R_geomean_mean": 0.6673303761303622,
      "R_geomean_std": 0.17274164733221894,
      "R_geomean_median": 0.7159900609208104,
      "R_binary_mean": 0.351988911988912,
      "R_binary_std": 0.27124371348698245,
      "R_binary_median": 0.33333333333333337,
      "sparsity_mean": 0.5387248787248787,
      "sparsity_std": 0.2187869290773103,
      "sparsity_median": 0.5866666666666667,
      "kissing_mean": 3.72972972972973,
      "kissing_median": 2.0,
      "det_mean": 8315.486486486487,
      "det_median": 432.0
    },
    "5": {
      "n_lattices": 295,
      "dim": 5,
      "R_2_mean": 1.0,
      "R_2_std": 0.0,
      "R_2_median": 1.0,
      "R_3_mean": 0.6447917829856646,
      "R_3_std": 0.22242715454738074,
      "R_3_median": 0.6700248751601262,
      "R_5_mean": 0.5827017363315895,
      "R_5_std": 0.230927977757799,
      "R_5_median": 0.6096525310993341,
      "R_7_mean": 0.538578283822596,
      "R_7_std": 0.21208697155945666,
      "R_7_median": 0.5799156421119442,
      "R_geomean_mean": 0.6506177876595799,
      "R_geomean_std": 0.19486409740844968,
      "R_geomean_median": 0.7075056247131329,
      "R_binary_mean": 0.3399322033898305,
      "R_binary_std": 0.31659939088908706,
      "R_binary_median": 0.33333333333333337,
      "sparsity_mean": 0.4997966101694915,
      "sparsity_std": 0.23226542561427077,
      "sparsity_median": 0.5066666666666667,
      "kissing_mean": 6.020338983050848,
      "kissing_median": 4.0,
      "det_mean": 114347.09491525423,
      "det_median": 432.0
    },
    "6": {
      "n_lattices": 186,
      "dim": 6,
      "R_2_mean": 1.0,
      "R_2_std": 0.0,
      "R_2_median": 1.0,
      "R_3_mean": 0.7026579072409326,
      "R_3_std": 0.22177073670121425,
      "R_3_median": 0.7302054505411228,
      "R_5_mean": 0.7066457815024912,
      "R_5_std": 0.16572535279212106,
      "R_5_median": 0.7282502589430854,
      "R_7_mean": 0.5126804784721762,
      "R_7_std": 0.19282878100103154,
      "R_7_median": 0.5286954789568579,
      "R_geomean_mean": 0.6926367174627993,
      "R_geomean_std": 0.15526494329490784,
      "R_geomean_median": 0.7302995259329643,
      "R_binary_mean": 0.28086021505376346,
      "R_binary_std": 0.32341550270461517,
      "R_binary_median": 0.2466666666666667,
      "sparsity_mean": 0.4749820788530466,
      "sparsity_std": 0.21270664204231168,
      "sparsity_median": 0.5,
      "kissing_mean": 10.623655913978494,
      "kissing_median": 6.0,
      "det_mean": 71931.93010752689,
      "det_median": 256.0
    },
    "7": {
      "n_lattices": 86,
      "dim": 7,
      "R_2_mean": 1.0,
      "R_2_std": 0.0,
      "R_2_median": 1.0,
      "R_3_mean": 0.7342611501865431,
      "R_3_std": 0.19499975490545315,
      "R_3_median": 0.7851376580045055,
      "R_5_mean": 0.5589492899849126,
      "R_5_std": 0.18068380292163347,
      "R_5_median": 0.594650327624132,
      "R_7_mean": 0.6215105592531797,
      "R_7_std": 0.2222048477890787,
      "R_7_median": 0.5918018344807949,
      "R_geomean_mean": 0.692447982922397,
      "R_geomean_std": 0.16064558749861269,
      "R_geomean_median": 0.7300887220207058,
      "R_binary_mean": 0.22418604651162785,
      "R_binary_std": 0.3170699944923318,
      "R_binary_median": 0.013333333333333334,
      "sparsity_mean": 0.5037209302325582,
      "sparsity_std": 0.19412456282674462,
      "sparsity_median": 0.5,
      "kissing_mean": 19.162790697674417,
      "kissing_median": 10.0,
      "det_mean": 2955476.895348837,
      "det_median": 416.0
    },
    "8": {
      "n_lattices": 37,
      "dim": 8,
      "R_2_mean": 1.0,
      "R_2_std": 0.0,
      "R_2_median": 1.0,
      "R_3_mean": 0.7628530541307763,
      "R_3_std": 0.20641358761003475,
      "R_3_median": 0.8000833289935717,
      "R_5_mean": 0.5263413823029804,
      "R_5_std": 0.2062462241612196,
      "R_5_median": 0.48275148914024185,
      "R_7_mean": 0.7575099663192841,
      "R_7_std": 0.07774488953646415,
      "R_7_median": 0.7573479757792361,
      "R_geomean_mean": 0.72399408442745,
      "R_geomean_std": 0.13382588349889732,
      "R_geomean_median": 0.7456673142015742,
      "R_binary_mean": 0.14558558558558563,
      "R_binary_std": 0.2949729504105526,
      "R_binary_median": 6.123233995736766e-17,
      "sparsity_mean": 0.4783783783783784,
      "sparsity_std": 0.1630446458167286,
      "sparsity_median": 0.5,