{
  "experiment": "lattice_min_norm_distribution",
  "source": "F:\\Prometheus\\cartography\\lmfdb_dump\\lat_lattices.json",
  "n_lattices": 39293,
  "distribution_by_dim": {
    "1": {
      "count": 1,
      "mean": 2.0,
      "median": 2.0,
      "std": 0.0,
      "min": 2.0,
      "max": 2.0,
      "q25": 2.0,
      "q75": 2.0
    },
    "2": {
      "count": 1609,
      "mean": 26.86699813548788,
      "median": 19.0,
      "std": 26.141028067307968,
      "min": 1.0,
      "max": 186.0,
      "q25": 8.0,
      "q75": 37.0
    },
    "3": {
      "count": 36585,
      "mean": 4.94896815634823,
      "median": 4.0,
      "std": 2.9393845461464254,
      "min": 1.0,
      "max": 52.0,
      "q25": 2.0,
      "q75": 6.0
    },
    "4": {
      "count": 481,
      "mean": 3.5322245322245323,
      "median": 3.0,
      "std": 2.611246474228252,
      "min": 1.0,
      "max": 15.0,
      "q25": 2.0,
      "q75": 4.0
    },
    "5": {
      "count": 295,
      "mean": 3.2440677966101696,
      "median": 2.0,
      "std": 2.4497852681021657,
      "min": 1.0,
      "max": 17.0,
      "q25": 2.0,
      "q75": 4.0
    },
    "6": {
      "count": 186,
      "mean": 2.6881720430107525,
      "median": 2.0,
      "std": 1.5552788680805694,
      "min": 1.0,
      "max": 10.0,
      "q25": 2.0,
      "q75": 3.0
    },
    "7": {
      "count": 86,
      "mean": 2.8372093023255816,
      "median": 2.0,
      "std": 1.81633713393178,
      "min": 1.0,
      "max": 12.0,
      "q25": 2.0,
      "q75": 3.0
    },
    "8": {
      "count": 37,
      "mean": 2.0,
      "median": 2.0,
      "std": 0.6151246852292456,
      "min": 1.0,
      "max": 4.0,
      "q25": 2.0,
      "q75": 2.0
    },
    "9": {
      "count": 5,
      "mean": 2.2,
      "median": 2.0,
      "std": 0.9797958971132712,
      "min": 1.0,
      "max": 4.0,
      "q25": 2.0,
      "q75": 2.0
    },
    "10": {
      "count": 3,
      "mean": 2.0,
      "median": 2.0,
      "std": 0.0,
      "min": 2.0,
      "max": 2.0,
      "q25": 2.0,
      "q75": 2.0
    },
    "11": {
      "count": 1,
      "mean": 2.0,
      "median": 2.0,
      "std": 0.0,
      "min": 2.0,
      "max": 2.0,
      "q25": 2.0,
      "q75": 2.0
    },
    "12": {
      "count": 1,
      "mean": 2.0,
      "median": 2.0,
      "std": 0.0,
      "min": 2.0,
      "max": 2.0,
      "q25": 2.0,
      "q75": 2.0
    },
    "13": {
      "count": 1,
      "mean": 2.0,
      "median": 2.0,
      "std": 0.0,
      "min": 2.0,
      "max": 2.0,
      "q25": 2.0,
      "q75": 2.0
    },
    "14": {
      "count": 1,
      "mean": 2.0,
      "median": 2.0,
      "std": 0.0,
      "min": 2.0,
      "max": 2.0,
      "q25": 2.0,
      "q75": 2.0
    },
    "24": {
      "count": 1,
      "mean": 4.0,
      "median": 4.0,
      "std": 0.0,
      "min": 4.0,
      "max": 4.0,
      "q25": 4.0,
      "q75": 4.0
    }
  },
  "min_norm_vs_det": {
    "2": {
      "count": 1609,
      "pearson_r": 0.7641611143179842,
      "pearson_p": 2.5436231562749165e-308,
      "spearman_rho": 0.829437963634007,
      "spearman_p": 0.0,
      "hermite_invariant_mean": 0.027577705059641532,
      "hermite_invariant_std": 0.047780988387244504,
      "hermite_invariant_max": 1.0
    },
    "3": {
      "count": 36585,
      "pearson_r": 0.33193250492223864,
      "pearson_p": 0.0,
      "spearman_rho": 0.23192311445988778,
      "spearman_p": 0.0,
      "hermite_invariant_mean": 0.04623577183325306,
      "hermite_invariant_std": 0.03150653344963831,
      "hermite_invariant_max": 1.0
    },
    "4": {
      "count": 481,
      "pearson_r": 0.8160090758503709,
      "pearson_p": 4.2354664851468636e-116,
      "spearman_rho": 0.8251442569433225,
      "spearman_p": 7.03247773649478e-121,
      "hermite_invariant_mean": 0.17562930033314564,
      "hermite_invariant_std": 0.14227693444972195,
      "hermite_invariant_max": 1.0
    },
    "5": {
      "count": 295,
      "pearson_r": 0.8561333006794273,
      "pearson_p": 5.339282292113262e-86,
      "spearman_rho": 0.8559575865889931,
      "spearman_p": 6.2980900437384604e-86,
      "hermite_invariant_mean": 0.2592519874035965,
      "hermite_invariant_std": 0.18995500876003374,
      "hermite_invariant_max": 1.148698354997035
    },
    "6": {
      "count": 186,
      "pearson_r": 0.8242069789781892,
      "pearson_p": 2.5750026891153454e-47,
      "spearman_rho": 0.7998284903743319,
      "spearman_p": 1.188257364255592e-42,
      "hermite_invariant_mean": 0.3668097158623179,
      "hermite_invariant_std": 0.24849190260558202,
      "hermite_invariant_max": 1.3867225487012695
    },
    "7": {
      "count": 86,
      "pearson_r": 0.8848103392100366,
      "pearson_p": 1.351688416800468e-29,
      "spearman_rho": 0.824818473679134,
      "spearman_p": 1.6502218422007764e-22,
      "hermite_invariant_mean": 0.48225950000779927,
      "hermite_invariant_std": 0.3426836121900667,
      "hermite_invariant_max": 1.640670712015276
    },
    "8": {
      "count": 37,
      "pearson_r": 0.6042037231013957,
      "pearson_p": 7.497004558782869e-05,
      "spearman_rho": 0.41216349219179854,
      "spearman_p": 0.011249653945608236,
      "hermite_invariant_mean": 0.703880857328826,
      "hermite_invariant_std": 0.4231144894823769,
      "hermite_invariant_max": 2.0
    }
  },
  "minkowski_bound": {
    "n_violations": 0,
    "violations_sample": [],
    "by_dim": {
      "1": {
        "count": 1,
        "ratio_mean": 0.5,
        "ratio_max": 0.5,
        "ratio_median": 0.5,
        "fraction_above_half": 0.0,
        "gamma_d_used": 1.0
      },
      "2": {
        "count": 1609,
        "ratio_mean": 0.02068327879473114,
        "ratio_max": 0.7499999999999998,
        "ratio_median": 0.011301877470355728,
        "fraction_above_half": 0.0006215040397762585,
        "gamma_d_used": 1.3333333333333337
      },
      "3": {
        "count": 36585,
        "ratio_mean": 0.029126711095425997,
        "ratio_max": 0.6299605249474365,
        "ratio_median": 0.02554010100275908,
        "fraction_above_half": 2.7333606669400026e-05,
        "gamma_d_used": 1.5874010519681996
      },
      "4": {
        "count": 481,
        "ratio_mean": 0.08781465016657278,
        "ratio_max": 0.4999999999999999,
        "ratio_median": 0.06804138174397716,
        "fraction_above_half": 0.0,
        "gamma_d_used": 2.0000000000000004
      },
      "5": {
        "count": 295,
        "ratio_mean": 0.1128459818349203,
        "ratio_max": 0.5,
        "ratio_median": 0.09156737661198502,
        "fraction_above_half": 0.0,
        "gamma_d_used": 2.29739670999407
      },
      "6": {
        "count": 186,
        "ratio_mean": 0.13225778877175268,
        "ratio_max": 0.5000000000000001,
        "ratio_median": 0.11357003705200874,
        "fraction_above_half": 0.005376344086021506,
        "gamma_d_used": 2.7734450974025386
      },
      "7": {
        "count": 86,
        "ratio_mean": 0.14697022884483266,
        "ratio_max": 0.5000000000000001,
        "ratio_median": 0.1261781430592834,
        "fraction_above_half": 0.011627906976744186,
        "gamma_d_used": 3.2813414240305514
      },
      "8": {
        "count": 37,
        "ratio_mean": 0.1759702143322065,
        "ratio_max": 0.5,
        "ratio_median": 0.17677669529663687,
        "fraction_above_half": 0.0,
        "gamma_d_used": 4.0
      },
      "9": {
        "count": 5,
        "ratio_mean": 0.2888296950721534,
        "ratio_max": 0.5424747078992103,
        "ratio_median": 0.37936112715495496,
        "fraction_above_half": 0.2,
        "gamma_d_used": 3.160493827160493
      },
      "10": {
        "count": 3,
        "ratio_mean": 0.2850130255955544,
        "ratio_max": 0.43992782342026826,
        "ratio_median": 0.3392556927422882,
        "fraction_above_half": 0.0,
        "gamma_d_used": 3.6494239237665225
      },
      "11": {
        "count": 1,
        "ratio_mean": 0.3020796995132223,
        "ratio_max": 0.3020796995132223,