{
  "description": "Lattice theta series pairwise cosine similarity within dim=3",
  "source": "F:\\Prometheus\\cartography\\lmfdb_dump\\lat_lattices.json",
  "dim": 3,
  "total_dim3_lattices": 36585,
  "sample_size": 1000,
  "pairs_evaluated": 9995,
  "theta_series_length": 151,
  "similarity_stats": {
    "mean": 0.48916101051552907,
    "std": 0.12768180153449316,
    "min": 0.0024095266322230794,
    "max": 1.0,
    "median": 0.5004309100204996,
    "skewness": -0.31104941825781435,
    "kurtosis": 3.367301145975867,
    "bimodality_coefficient": 0.3257064613627477,
    "bimodal": false
  },
  "percentiles": {
    "1": 0.15896088963965255,
    "5": 0.26690257538229045,
    "10": 0.32058262242904284,
    "25": 0.40541599763394254,
    "50": 0.5004309100204996,
    "75": 0.5785323147431485,
    "90": 0.6404187311087797,
    "95": 0.6787215708042988,
    "99": 0.7609862848293552
  },
  "histogram": {
    "bin_centers": [
      0.012385431365900848,
      0.03233724083325639,
      0.05228905030061193,
      0.07224085976796747,
      0.09219266923532302,
      0.11214447870267855,
      0.1320962881700341,
      0.15204809763738963,
      0.17199990710474516,
      0.1919517165721007,
      0.21190352603945625,
      0.23185533550681178,
      0.25180714497416734,
      0.27175895444152287,
      0.29171076390887846,
      0.311662573376234,
      0.3316143828435895,
      0.35156619231094505,
      0.37151800177830063,
      0.39146981124565616,
      0.4114216207130117,
      0.4313734301803672,
      0.45132523964772275,
      0.4712770491150783,
      0.4912288585824338,
      0.5111806680497893,
      0.5311324775171449,
      0.5510842869845005,
      0.5710360964518559,
      0.5909879059192116,
      0.610939715386567,
      0.6308915248539226,
      0.650843334321278,
      0.6707951437886337,
      0.6907469532559891,
      0.7106987627233448,
      0.7306505721907002,
      0.7506023816580558,
      0.7705541911254115,
      0.7905060005927669,
      0.8104578100601225,
      0.8304096195274779,
      0.8503614289948336,
      0.870313238462189,
      0.8902650479295446,
      0.9102168573969001,
      0.9301686668642557,
      0.9501204763316111,
      0.9700722857989668,
      0.9900240952663223
    ],
    "counts": [
      9,
      5,
      8,
      11,
      13,
      16,
      19,
      23,
      33,
      31,
      70,
      96,
      117,
      147,
      168,
      253,
      298,
      305,
      354,
      446,
      445,
      475,
      485,
      573,
      625,
      633,
      656,
      661,
      584,
      594,
      475,
      374,
      297,
      216,
      140,
      120,
      65,
      54,
      36,
      25,
      13,
      5,
      6,
      5,
      1,
      0,
      0,
      0,
      0,
      10
    ]
  },
  "effectively_identical": {
    "threshold_0.99": {
      "count": 10,
      "fraction": 0.0010005002501250625
    },
    "threshold_0.999": {
      "count": 10,
      "fraction": 0.0010005002501250625
    }
  },
  "unique_theta_in_sample": 958,
  "cluster_analysis": {
    "0.001": {
      "n_clusters": 958,
      "top5_sizes": [
        [
          610,
          15
        ],
        [
          46,
          11
        ],
        [
          426,
          10
        ],
        [
          714,
          7
        ],
        [
          423,
          3
        ]
      ],
      "singletons": 952
    },
    "0.01": {
      "n_clusters": 957,
      "top5_sizes": [
        [
          609,
          15
        ],
        [
          46,
          11
        ],
        [
          425,
          10
        ],
        [
          713,
          7
        ],
        [
          423,
          4
        ]
      ],
      "singletons": 951
    },
    "0.05": {
      "n_clusters": 952,
      "top5_sizes": [
        [
          605,
          15
        ],
        [
          46,
          13
        ],
        [
          421,
          10
        ],
        [
          708,
          7
        ],
        [
          184,
          4
        ]
      ],
      "singletons": 945
    },
    "0.1": {
      "n_clusters": 935,
      "top5_sizes": [
        [
          595,
          15
        ],
        [
          45,
          13
        ],
        [
          413,
          10
        ],
        [
          696,
          7
        ],
        [
          181,
          5
        ]
      ],
      "singletons": 914
    },
    "0.2": {
      "n_clusters": 635,
      "top5_sizes": [
        [
          294,
          19
        ],
        [
          424,
          17
        ],
        [
          36,
          14
        ],
        [
          562,
          12
        ],
        [
          502,
          9
        ]
      ],
      "singletons": 447
    }
  }
}