{
  "meta": {
    "level": 1,
    "total_forms_rigor": 2202,
    "total_forms_with_coefficients": 69
  },
  "weyl_law": {
    "R_min": 9.533695261353557,
    "R_max": 184.92395029187048,
    "leading_coefficient_a": 0.09547150372735504,
    "expected_a": 0.08333333333333333,
    "ratio_a_over_expected": 1.1456580447282605,
    "subleading_b": -3.228140313923209,
    "expected_b": -0.6366197723675814,
    "linear_c": 11.85390102788822,
    "constant_d": -18.708060156355135,
    "weyl_predicted_total": 2849.7389492958487,
    "weyl_predicted_below_Rmin": 7.574278778029606,
    "mean_abs_residual_from_leading": 249.04385480172135,
    "max_abs_residual_from_leading": 640.1646705178191,
    "fit_quality": "fair",
    "completeness": {
      "R=50": {
        "N_obs": 122,
        "N_weyl": 208,
        "completeness": 0.5856
      },
      "R=100": {
        "N_obs": 617,
        "N_weyl": 833,
        "completeness": 0.7404
      },
      "R=150": {
        "N_obs": 1430,
        "N_weyl": 1875,
        "completeness": 0.7627
      },
      "R=185": {
        "N_obs": 2202,
        "N_weyl": 2850,
        "completeness": 0.7727
      }
    },
    "overall_completeness": 0.7727023559628503,
    "note": "Dataset ~77% complete vs Weyl prediction; LMFDB has verified subset"
  },
  "even_odd_split": {
    "even_count": 1092,
    "odd_count": 1110,
    "ratio": 0.9837837837837838,
    "even_weyl_ratio": 0.7663859879304564,
    "odd_weyl_ratio": 0.7790187239952442,
    "even_spacing": {
      "count": 1092,
      "first_R": 9.533695261353557,
      "last_R": 177.9844765129886,
      "mean_spacing": 0.1544003494515445,
      "std_spacing": 0.3694531366256484,
      "min_spacing": 0.0004213328825528606,
      "max_spacing": 10.59104558193114,
      "normalized_s2": 6.725615213959027,
      "normalized_s3": 311.27862174854283,
      "small_spacing_fraction": 0.08707607699358387,
      "coefficient_of_variation": 2.392825780109999
    },
    "odd_spacing": {
      "count": 1110,
      "first_R": 13.77975135189074,
      "last_R": 184.92395029187048,
      "mean_spacing": 0.1543229927321729,
      "std_spacing": 0.22333495918187543,
      "min_spacing": 0.00018103703880001376,
      "max_spacing": 3.958812029166639,
      "normalized_s2": 3.094363909963988,
      "normalized_s3": 28.22493194990649,
      "small_spacing_fraction": 0.09738503155996393,
      "coefficient_of_variation": 1.4471917322746104
    },
    "all_spacing": {
      "count": 2202,
      "first_R": 9.533695261353557,
      "last_R": 184.92395029187048,
      "mean_spacing": 0.07968662200386957,
      "std_spacing": 0.1251640783616236,
      "min_spacing": 7.571719217480677e-05,
      "max_spacing": 2.639313063326121,
      "normalized_s2": 3.467110363115263,
      "normalized_s3": 39.54624584668768,
      "small_spacing_fraction": 0.1081326669695593,
      "coefficient_of_variation": 1.5707037795571968
    }
  },
  "coefficient_moments": {
    "n_forms": 66,
    "n_primes": 669,
    "max_prime": 4999,
    "total_prime_coefficients": 44154,
    "ramanujan_violation_fraction": 0.0,
    "pooled": {
      "M2": 0.9738874710727377,
      "M4": 1.9077289678792484,
      "M6": 4.69462631105426,
      "M4_over_M2sq": 2.0114031078509447,
      "M6_over_M2_cubed": 5.082468460101088,
      "catalan_predictions": {
        "M2": 1,
        "M4": 2,
        "M6": 5
      }
    },
    "per_form_M4_M2sq": {
      "mean": 2.0112714338032296,
      "std": 0.03520948924717049,
      "min": 1.941120677814754,
      "max": 2.083944010910732
    },
    "by_symmetry": {
      "even": {
        "n_forms": 45,
        "n_coeffs": 30105,
        "M2": 0.9759685386578292,
        "M4": 1.9174945819465359,
        "M6": 4.7288616817485725,
        "M4_over_M2sq": 2.0130868389816734,
        "M6_over_M2_cubed": 5.086852645282594
      },
      "odd": {
        "n_forms": 21,
        "n_coeffs": 14049,
        "M2": 0.9694280405332559,
        "M4": 1.8868026520207748,
        "M6": 4.62126480242359,
        "M4_over_M2sq": 2.007683838836083,
        "M6_over_M2_cubed": 5.0724073397605185
      }
    }
  },
  "coefficient_distribution": {
    "histogram_bins": [
      -1.078,
      -1.034,
      -0.99,
      -0.9460000000000001,
      -0.9020000000000001,
      -0.8580000000000001,
      -0.8140000000000001,
      -0.77,
      -0.726,
      -0.682,
      -0.6380000000000001,
      -0.5940000000000001,
      -0.55,
      -0.506,
      -0.462,
      -0.41800000000000004,
      -0.374,
      -0.33,
      -0.28600000000000003,
      -0.242,
      -0.198,
      -0.15400000000000003,
      -0.11000000000000004,
      -0.06600000000000006,
      -0.02200000000000002,
      0.02200000000000002,
      0.06600000000000006,
      0.1100000000000001,
      0.15400000000000003,
      0.19799999999999995,
      0.242,
      0.28600000000000003,
      0.33000000000000007,
      0.3740000000000001,
      0.41800000000000015,
      0.4620000000000001,
      0.506,
      0.55,
      0.5940000000000001,
      0.6380000000000001,
      0.6820000000000002,
      0.7260000000000001,
      0.77,
      0.8140000000000001,
      0.8580000000000001,
      0.902,
      0.946,
      0.99,
      1.034,
      1.078
    ],
    "histogram_density": [
      0.0,
      0.0,
      0.05662001177696254,
      0.1837576745852325,
      0.24861332443884462,
      0.2892767874422988,
      0.3407495254213555,
      0.38295717056418205,
      0.43288572640386813,
      0.4452391835188406,
      0.48435846438292507,
      0.5291397464247032,
      0.5296544738044937,
      0.5595086618323466,
      0.5728915737069028,
      0.578038847504807,
      0.6058341260134976,
      0.612010854570986,
      0.6048046712539166,
      0.6053193986337071,
      0.6315704950030276,
      0.6650277746894129,
      0.6495859532956975,
      0.6758370496650148,
      0.6362030414211411,
      0.6331146771423978,
      0.6413503152190468,
      0.6501006806754865,
      0.6392914056998877,
      0.6217906747870052,
      0.6114961271911938,
      0.6166434009890995,
      0.6042899438741259,
      0.6058341260134976,
      0.5631117534908806,
      0.589877577239993,
      0.5625970261110901,
      0.5481846594769542,
      0.5085506512330804,
      0.5039181048149654,
      0.4730344620275313,
      0.4375182728219844,
      0.3978842645781085,
      0.3721478955885801,
      0.31243951953287435,
      0.2511869613377981,
      0.19147858528209102,
      0.07154710579088885,
      0.0,
      0.0
    ],
    "sato_tate_density": [
      0.0,
      0.0,
      0.08980627048224471,
      0.2063708822665776,
      0.2748516934362761,
      0.32699954622268096,
      0.36979006285004107,
      0.40619135323537214,
      0.4378000431835016,
      0.46559325348152997,
      0.49022037398633694,
      0.5121383504121123,
      0.531682332189177,
      0.5491058661762345,
      0.564605295479887,
      0.5783353392336109,
      0.5904194500833527,
      0.60095692605606,
      0.6100279210171584,
      0.6176970449775777,
      0.6240159868427205,
      0.6290254381217857,
      0.6327565007813527,
      0.6352317012441736,
      0.6364656917366556,
      0.6364656917366556,
      0.6352317012441736,
      0.6327565007813527,
      0.6290254381217857,
      0.6240159868427205,
      0.6176970449775777,
      0.6100279210171584,
      0.60095692605606,
      0.5904194500833526,
      0.5783353392336109,
      0.564605295479887,
      0.5491058661762345,
      0.531682332189177,
      0.5121383504121123,
      0.49022037398633694,
      0.46559325348152997,
      0.4378000431835015,
      0.40619135323537214,
      0.36979006285004107,
      0.32699954622268096,
      0.27485169343627625,
      0.20637088226657782,
      0.08980627048224471,
      0.0,
      0.0
    ],
    "kl_divergence": 0.0010466092300027065,
    "chi2_statistic": 0.0019829785834088376,
    "mean_abs_half_coeff": 0.418492138032491,
    "expected_mean_abs_st": 0.4244131815783876,
    "fraction_outside_unit": 0.0
  },