{
  "description": "Maass Hecke Lyapunov exponent + serial autocorrelation",
  "method": {
    "normalization": "x_p = c_p / sqrt(p) at good primes",
    "lyapunov": "mean(log|x_{p_{i+1}} - x_{p_i}|) (consecutive-prime differences)",
    "acf": "standard autocorrelation at lags 1-20",
    "bad_primes": "primes dividing level are excluded"
  },
  "ec_comparison": {
    "ec_lyapunov": -1.155,
    "ec_acf": "zero (no serial dependence)"
  },
  "n_forms_analyzed": 14577,
  "n_skipped": 418,
  "lyapunov": {
    "all": {
      "label": "all",
      "n": 14577,
      "mean": -3.035389448756637,
      "std": 0.38051468605204125,
      "median": -2.9951830735601086,
      "q25": -3.372153405706695,
      "q75": -2.763025054958838
    },
    "even": {
      "label": "even (sym=+1)",
      "n": 7123,
      "mean": -3.0349554126943987,
      "std": 0.3910906123622575,
      "median": -2.9958523698516943,
      "q25": -3.3768834049281216,
      "q75": -2.7630803294245876
    },
    "odd": {
      "label": "odd (sym=-1)",
      "n": 7454,
      "mean": -3.0358042111488195,
      "std": 0.3701256590184966,
      "median": -2.994757983074704,
      "q25": -3.3675216750521875,
      "q75": -2.763044528723018
    }
  },
  "acf": {
    "all": {
      "label": "all",
      "n": 14577,
      "mean_acf": [
        -0.020305759669753533,
        -0.013603867036160167,
        -0.009714620783399268,
        -0.008674355140377643,
        -0.005435834159706484,
        -0.005722833647835601,
        -0.005323040226072527,
        -0.00315305668845011,
        -0.0035999163292561504,
        -0.004108288451211785,
        -0.0032578527380540756,
        -0.0036553249764430962,
        -0.0035274756301723344,
        -0.0031483087581934224,
        -0.0033868021022333133,
        -0.0030416823989002687,
        -0.0038114632192552157,
        -0.0036637959415385837,
        -0.002869961226840578,
        -0.0038566324796260655
      ],
      "std_acf": [
        0.22879841681777438,
        0.1924409179342707,
        0.16812767776185436,
        0.14768751916595457,
        0.13547520255282366,
        0.1260262475757373,
        0.11854069090534287,
        0.11167029008480824,
        0.10676454352391929,
        0.10249600172619353,
        0.0994726212812509,
        0.09722693408826744,
        0.09516818403172826,
        0.09142487274000627,
        0.08992589686682745,
        0.08927751038662722,
        0.08712061813679106,
        0.08624289666963325,
        0.08534866046731773,
        0.08557767556456054
      ],
      "max_abs_mean_acf": 0.020305759669753533
    },
    "even": {
      "label": "even (sym=+1)",
      "n": 7123,
      "mean_acf": [
        -0.03266943040393601,
        -0.018497515957402278,
        -0.01048172132514121,
        -0.008988650885210123,
        -0.004007509737536373,
        -0.005771220084748082,
        -0.0050840286893645385,
        -0.003530725382725185,
        -0.0028037029288450364,
        -0.0033961762306271965,
        -0.002921690015094058,
        -0.0030320811220234272,
        -0.0018512194205373795,
        -0.003056299958343012,
        -0.0033203069408296736,
        -0.0020841315904376718,
        -0.002641055070440323,
        -0.0037788211445311005,
        -0.001584489346874883,
        -0.0032824715541289753
      ],
      "std_acf": [
        0.22716525856659256,
        0.19287367872339667,
        0.16752147229770312,
        0.14741764351566508,
        0.13485362677596402,
        0.12618267495228866,
        0.11835384584545018,
        0.11222481358368398,
        0.10637321638013833,
        0.10286521824823852,
        0.10080684458132291,
        0.09658597530447291,
        0.09555512312309986,
        0.09200797688841061,
        0.09085346312865519,
        0.08952633285954573,
        0.0880165364374693,
        0.0867294060852886,
        0.08582966210607146,
        0.08613821515748639
      ],
      "max_abs_mean_acf": 0.03266943040393601
    },
    "odd": {
      "label": "odd (sym=-1)",
      "n": 7454,
      "mean_acf": [
        -0.008491106243461301,
        -0.008927523963178257,
        -0.008981583869148126,
        -0.008374015914399409,
        -0.006800732852907124,
        -0.005676595843954759,
        -0.005551438291000227,
        -0.0027921586324638702,
        -0.004360773325651173,
        -0.004788778838550668,
        -0.003579087923946775,
        -0.004250893258577721,
        -0.005129296529183546,
        -0.0032362318439640545,
        -0.0034503445002314636,
        -0.003956712504706456,
        -0.004929898588722421,
        -0.003553878511847719,
        -0.004098350843287519,
        -0.0044052973940767815
      ],
      "std_acf": [
        0.22972733986096405,
        0.1919099004402329,
        0.16870166979785123,
        0.14794432693310197,
        0.13605251343147662,
        0.12587656744922812,
        0.11871851459952697,
        0.11113660619503064,
        0.10713162889508081,
        0.10213729447857123,
        0.09817962952498306,
        0.09783179732667442,
        0.09476925197944627,
        0.09086407833918654,
        0.0890304441735974,
        0.08902946481896261,
        0.08624094869982783,
        0.08577526860015584,
        0.08486828042362948,
        0.08503495251824764
      ],
      "max_abs_mean_acf": 0.008981583869148126
    }
  },
  "lyapunov_vs_R": {
    "quintile_bins": [
      {
        "R_range": [
          0.038758582,
          0.770029978124
        ],
        "n": 2916,
        "lyapunov_mean": -3.3793910562129033,
        "lyapunov_std": 0.2045305082124745
      },
      {
        "R_range": [
          0.770029978124,
          1.4045028251500002
        ],
        "n": 2915,
        "lyapunov_mean": -3.2684943344708217,
        "lyapunov_std": 0.27190756431159424
      },
      {
        "R_range": [
          1.4045028251500002,
          3.910331252746
        ],
        "n": 2915,
        "lyapunov_mean": -2.8728753607579054,
        "lyapunov_std": 0.23092561254467212
      },
      {
        "R_range": [
          3.910331252746,
          16.98155706364002
        ],
        "n": 2915,
        "lyapunov_mean": -2.8074530658919175,
        "lyapunov_std": 0.4074046427488871
      },
      {
        "R_range": [
          16.98155706364002,
          49.9616962905
        ],
        "n": 2916,
        "lyapunov_mean": -2.848679467058298,
        "lyapunov_std": 0.3209067961793317
      }
    ],
    "pearson_r": 0.37412754785619806,
    "pearson_p": 0.0
  },
  "acf_lag1_vs_R": {
    "pearson_r": 0.031450515202388674,
    "pearson_p": 0.00014598631946388316
  },
  "verdicts": {
    "lyapunov": "contracting (like EC)",
    "acf": "near-zero autocorrelation",
    "symmetry_lyapunov_difference": {
      "even_mean": -3.0349554126943987,
      "odd_mean": -3.0358042111488195,
      "difference": 0.0008487984544207627,
      "z_score": 0.1344567865409505,
      "significant": false
    },
    "lyapunov_R_dependent": true
  }
}