{
  "timestamp": "2026-04-11T00:19:58.691343",
  "description": "Universality of trace moment ratios M4/M2^2 across arithmetic families",
  "key_finding": "M4/M2^2 is determined by the Sato-Tate group: U(1)->1.5, SU(2)->2.0, USp(4)->3.0",
  "ec_non_cm": {
    "family": "EC_non_CM",
    "sato_tate": "SU(2)",
    "n_forms": 30000,
    "moments": {
      "M_2": 0.9935221337129907,
      "M_4": 1.9656036026419352,
      "M_6": 4.858346640828243,
      "M4_over_M2sq": 1.991319038346072,
      "kurtosis_excess": -1.008680961653928,
      "M6_over_M2cube": 4.953998354032026,
      "n_values": 661891,
      "mean": -0.020752615148601803,
      "std": 0.9965397446552167
    },
    "theory": {
      "M4_over_M2sq": 2.0,
      "kurtosis_excess": -1.0
    }
  },
  "mf_dim1": {
    "family": "MF_dim1",
    "sato_tate": "SU(2)",
    "n_forms": 17198,
    "moments": {
      "M_2": 0.9992342952655883,
      "M_4": 1.9914497696599835,
      "M_6": 4.963155154342704,
      "M4_over_M2sq": 1.9945030010568292,
      "kurtosis_excess": -1.0054969989431708,
      "M6_over_M2cube": 4.974573570346176,
      "n_values": 2837995,
      "mean": -0.01488054677390547,
      "std": 0.9995063104319545
    },
    "theory": {
      "M4_over_M2sq": 2.0,
      "kurtosis_excess": -1.0
    }
  },
  "mf_higher_dim": {
    "family": "MF_higher_dim",
    "description": "CLT: sum of d SU(2) eigenvalues -> Gaussian",
    "theory": {
      "M4_over_M2sq": 3.0,
      "kurtosis_excess": 0.0
    },
    "by_dimension": {
      "2": {
        "n_forms": 4959,
        "moments": {
          "M_2": 0.9506541592679107,
          "M_4": 2.3548360288191925,
          "M4_over_M2sq": 2.6056469234792554,
          "kurtosis_excess": -0.3943530765207446,
          "n_values": 819609,
          "mean": -0.014122125334171516,
          "std": 0.9749126754966088
        }
      },
      "3": {
        "n_forms": 2676,
        "moments": {
          "M_2": 0.8979071690643179,
          "M_4": 2.1796499268932563,
          "M4_over_M2sq": 2.703484407697272,
          "kurtosis_excess": -0.29651559230272806,
          "n_values": 442163,
          "mean": -0.01587933079949751,
          "std": 0.9474465768145865
        }
      },
      "4": {
        "n_forms": 1873,
        "moments": {
          "M_2": 0.8439852670309808,
          "M_4": 2.1698084306628815,
          "M4_over_M2sq": 3.0461526379943833,
          "kurtosis_excess": 0.046152637994383294,
          "n_values": 309483,
          "mean": -0.019242416408152493,
          "std": 0.9184851639747678
        }
      },
      "5": {
        "n_forms": 1281,
        "moments": {
          "M_2": 0.8025445730406053,
          "M_4": 1.8444450317317471,
          "M4_over_M2sq": 2.8636991609584665,
          "kurtosis_excess": -0.13630083904153345,
          "n_values": 211632,
          "mean": -0.01572342023872331,
          "std": 0.8957105263960013
        }
      },
      "6": {
        "n_forms": 1024,
        "moments": {
          "M_2": 0.7816123230331607,
          "M_4": 1.8938223619715409,
          "M4_over_M2sq": 3.0999625302598983,
          "kurtosis_excess": 0.09996253025989832,
          "n_values": 169331,
          "mean": -0.01725601669773872,
          "std": 0.883919992375378
        }
      },
      "7": {
        "n_forms": 712,
        "moments": {
          "M_2": 0.7476332328731972,
          "M_4": 1.6342099119875224,
          "M4_over_M2sq": 2.923685437482805,
          "kurtosis_excess": -0.07631456251719504,
          "n_values": 117710,
          "mean": -0.021060863859897746,
          "std": 0.86440133785567
        }
      },
      "8": {
        "n_forms": 687,
        "moments": {
          "M_2": 0.7316358747121985,
          "M_4": 1.684899632685507,
          "M4_over_M2sq": 3.147632718164198,
          "kurtosis_excess": 0.1476327181641981,
          "n_values": 113640,
          "mean": -0.009392918131213282,
          "std": 0.8553055873786741
        }
      },
      "9": {
        "n_forms": 531,
        "moments": {
          "M_2": 0.7125568120241522,
          "M_4": 1.4921375366271852,
          "M4_over_M2sq": 2.9387988632215323,
          "kurtosis_excess": -0.061201136778467724,
          "n_values": 87837,
          "mean": -0.015927360134442313,
          "std": 0.8439805277512629
        }
      },
      "10": {
        "n_forms": 503,
        "moments": {
          "M_2": 0.70943204998706,
          "M_4": 1.5775431262776842,
          "M4_over_M2sq": 3.134437620969959,
          "kurtosis_excess": 0.13443762096995915,
          "n_values": 83216,
          "mean": -0.012041751173393471,
          "std": 0.8421918108220585
        }
      },
      "11": {
        "n_forms": 398,
        "moments": {
          "M_2": 0.6844647574445735,
          "M_4": 1.4035025556493181,
          "M4_over_M2sq": 2.9957876401645382,
          "kurtosis_excess": -0.004212359835461754,
          "n_values": 65836,
          "mean": -0.01954497362531724,
          "std": 0.8270929521224077
        }
      }
    }
  },
  "genus2_USp4": {
    "family": "genus2_USp4",
    "sato_tate": "USp(4)",
    "n_curves": 66158,
    "moments": {
      "M_2": 0.250941818822554,
      "M_4": 0.18635250277244916,
      "M_6": 0.2167883217826963,
      "M4_over_M2sq": 2.9593010415043075,
      "kurtosis_excess": -0.040698958495692494,
      "M6_over_M2cube": 13.718820037948733,
      "n_values": 1462555,
      "mean": -0.05949485732701905,
      "std": 0.4973953968164479
    },
    "theory": {
      "M4_over_M2sq": 3.0,
      "kurtosis_excess": 0.0
    },
    "normalization": "a_p / (2*sqrt(p))"
  },
  "cm_U1": {
    "family": "CM_U1",
    "sato_tate": "U(1)",
    "n_forms": 116,
    "moments_all_primes": {
      "M_2": 0.9432597213488014,
      "M_4": 2.7766325704638777,
      "M_6": 9.105783529416318,
      "M4_over_M2sq": 3.1207274004487653,
      "kurtosis_excess": 0.12072740044876529,
      "M6_over_M2cube": 10.849842960756568,
      "n_values": 19249,
      "mean": -0.0054828207759273,
      "std": 0.9712001132748804
    },
    "moments_split_primes": {
      "M_2": 1.9533949839960278,
      "M_4": 5.750123759963334,
      "M_6": 18.85715192659867,
      "M4_over_M2sq": 1.5069437990114436,
      "kurtosis_excess": -1.4930562009885564,
      "M6_over_M2cube": 2.529914799032301,
      "n_values": 9295,
      "mean": -0.011354364401917661,
      "std": 1.3975929530464355
    },
    "fraction_inert": 0.5171177723518106,
    "theory": {
      "M4_over_M2sq_split": 1.5,
      "kurtosis_excess_split": -1.5
    }
  },
  "lattice_theta": {
    "family": "lattice_theta",
    "by_dimension": {
      "2": {
        "n_values": 3153,
        "M2": 1.081894172467768,
        "M4": 1.3482716771213323,
        "M4_over_M2sq": 1.1518816198598614
      },
      "3": {
        "n_values": 18607,
        "M2": 0.6389950780890118,
        "M4": 2.1303306366766868,
        "M4_over_M2sq": 5.2173742102151355
      },
      "4": {
        "n_values": 4953,
        "M2": 1.7188492755255713,
        "M4": 9.811649465370113,
        "M4_over_M2sq": 3.320981323172837
      },
      "5": {
        "n_values": 3442,
        "M2": 1.7378770503332501,
        "M4": 12.227421913211446,
        "M4_over_M2sq": 4.048524778941276
      },
      "6": {
        "n_values": 1930,
        "M2": 1.7107381675248161,
        "M4": 13.197913414859556,
        "M4_over_M2sq": 4.509601696115678
      },
      "7": {
        "n_values": 869,
        "M2": 1.577843959431241,
        "M4": 12.860006470029463,
        "M4_over_M2sq": 5.165508541653825
      },
      "8": {
        "n_values": 202,
        "M2": 1.332611711516376,
        "M4": 10.444661168127594,
        "M4_over_M2sq": 5.8814864977546435
      }
    },
    "note": "Theta series != automorphic traces; comparison is structural"
  },
  "universality_table": [
    {
      "family": "EC (non-CM)",
      "sato_tate": "SU(2)",
      "M4_over_M2sq": 1.991319038346072,
      "theory": 2.0,