{
  "task": "List2 #11: Regulator-Class Number Convexity",
  "description": "Convexity of boundary envelope in (log R, log h) space for real quadratic fields. The upper boundary measures the maximum class number achievable at each regulator value, constrained by h*R = sqrt(D)*L(1,chi_D)/2.",
  "timestamp": "2026-04-11T03:26:09",
  "data": {
    "source": "lmfdb",
    "n_fields": 200000,
    "n_valid": 200000,
    "disc_range": [
      5,
      657969
    ],
    "h_range": [
      1,
      230
    ],
    "R_range": [
      0.481212,
      2076.462499
    ],
    "h1_fraction": 0.283
  },
  "boundary_envelope": {
    "n_bins": 50,
    "bin_method": "percentile (equal count)",
    "bin_centers": [
      0.7281,
      2.313,
      2.5423,
      2.747,
      2.9334,
      3.0947,
      3.2366,
      3.3635,
      3.4783,
      3.5832,
      3.681,
      3.7745,
      3.8623,
      3.9437,
      4.0232,
      4.0998,
      4.1735,
      4.245,
      4.3148,
      4.3819,
      4.4469,
      4.511,
      4.5736,
      4.6359,
      4.6978,
      4.7585,
      4.8186,
      4.8785,
      4.9377,
      4.9973,
      5.0571,
      5.1193,
      5.1837,
      5.2473,
      5.3112,
      5.3757,
      5.443,
      5.5135,
      5.5869,
      5.6645,
      5.7436,
      5.8254,
      5.9139,
      6.0116,
      6.1186,
      6.2352,
      6.3706,
      6.5357,
      6.7561,
      7.2621
    ],
    "upper_max": [
      5.4381,
      5.3327,
      4.9904,
      4.7449,
      4.7274,
      4.3694,
      4.1271,
      4.0604,
      3.8918,
      3.989,
      3.7136,
      3.7612,
      3.7842,
      3.4657,
      3.5264,
      3.3673,
      3.4012,
      3.1781,
      3.1781,
      2.9957,
      2.9957,
      2.9957,
      2.9957,
      2.8904,
      2.8904,
      2.7726,
      2.6391,
      2.6391,
      2.5649,
      2.5649,
      2.4849,
      2.4849,
      2.3026,
      2.3026,
      2.3026,
      2.1972,
      2.0794,
      2.0794,
      1.9459,
      1.9459,
      1.7918,
      1.7918,
      1.6094,
      1.6094,
      1.3863,
      1.3863,
      1.0986,
      1.0986,
      0.6931,
      0.6931
    ],
    "upper_95": [
      4.0943,
      3.9512,
      3.8501,
      3.6889,
      3.4356,
      3.3322,
      3.1781,
      2.9957,
      2.8904,
      2.7726,
      2.7726,
      2.6391,
      2.5649,
      2.4849,
      2.4849,
      2.3026,
      2.3026,
      2.1972,
      2.0794,
      2.0794,
      2.0794,
      2.0794,
      2.0794,
      2.0794,
      1.9459,
      1.7918,
      1.7918,
      1.7918,
      1.7918,
      1.6094,
      1.6094,
      1.3863,
      1.3863,
      1.3863,
      1.3863,
      1.3863,
      1.3863,
      1.3863,
      1.3863,
      1.3863,
      1.3863,
      1.0986,
      1.0986,
      0.6931,
      0.6931,
      0.6931,
      0.6931,
      0.6931,
      0.6931,
      0.0
    ],
    "median": [
      2.7726,
      2.7726,
      2.7726,
      2.4849,
      2.1972,
      2.0794,
      2.0794,
      1.9459,
      1.7918,
      1.7918,
      1.3863,
      1.3863,
      1.3863,
      1.3863,
      1.3863,
      1.3863,
      1.3863,
      1.3863,
      1.3863,
      1.0986,
      1.0986,
      0.6931,
      0.6931,
      0.6931,
      0.6931,
      0.6931,
      0.6931,
      0.6931,
      0.6931,
      0.6931,
      0.6931,
      0.6931,
      0.6931,
      0.6931,
      0.6931,
      0.6931,
      0.6931,
      0.6931,
      0.6931,
      0.0,
      0.0,
      0.0,
      0.0,
      0.0,
      0.0,
      0.0,
      0.0,
      0.0,
      0.0,
      0.0
    ],
    "counts": [
      4000,
      4000,
      4000,
      4000,
      4000,
      4000,
      4000,
      4000,
      4000,
      4000,
      4000,
      4000,
      4000,
      4000,
      4000,
      4000,
      4000,
      4000,
      4000,
      4000,
      4000,
      4000,
      4000,
      4000,
      4000,
      4000,
      4000,
      4000,
      4000,
      4000,
      4000,
      4000,
      4000,
      4000,
      4000,
      4000,
      4000,
      4000,
      4000,
      4000,
      4000,
      4000,
      4000,
      4000,
      4000,
      4000,
      4000,
      4000,
      4000,
      3999
    ]
  },
  "convexity": {
    "upper_max": {
      "label": "upper_max",
      "n_points": 50,
      "linear": {
        "slope": -0.9063477283484523,
        "intercept": 7.071874536999539,
        "r_squared": 0.975704088363206
      },
      "quadratic": {
        "coeffs": [
          -0.03944849314093892,
          -0.5647690775555716,
          6.398328102853392
        ],
        "a": -0.03944849314093892,
        "b": -0.5647690775555716,
        "c": 6.398328102853392,
        "r_squared": 0.982323575346796,
        "convexity_2a": -0.07889698628187784
      },
      "cubic": {
        "coeffs": [
          0.024672031594500134,
          -0.3390676103635888,
          0.5126805308878416,
          5.340233378630654
        ],
        "r_squared": 0.9925574353424373
      },
      "numerical": {
        "second_derivative_mean": 0.04615793605464765,
        "second_derivative_median": 0.0,
        "second_derivative_std": 27.065175874227066,
        "geometric_curvature_mean": 0.0022667571549682686,
        "geometric_curvature_median": 0.0
      },
      "shape": "concave"
    },
    "upper_95th_percentile": {
      "label": "upper_95",
      "n_points": 50,
      "linear": {
        "slope": -0.7370210546773331,
        "intercept": 5.399830980249815,
        "r_squared": 0.9658509310310764
      },
      "quadratic": {
        "coeffs": [
          -0.02040581719288312,
          -0.5603301103573929,
          5.051420576917047
        ],
        "a": -0.02040581719288312,
        "b": -0.5603301103573929,
        "c": 5.051420576917047,
        "r_squared": 0.968502441636406,
        "convexity_2a": -0.04081163438576624
      },
      "cubic": {
        "coeffs": [
          0.02343058815255072,
          -0.30494874635481206,
          0.4629045565515255,
          4.0465668981800125
        ],
        "r_squared": 0.9823195739640509
      },
      "numerical": {
        "second_derivative_mean": 0.005044550943088903,
        "second_derivative_median": 0.0,
        "second_derivative_std": 23.170075800131936,
        "geometric_curvature_mean": 0.06369621077102901,
        "geometric_curvature_median": 0.0
      },
      "shape": "concave"
    },
    "upper_99th_percentile": {
      "label": "upper_99",
      "n_points": 50,
      "linear": {
        "slope": -0.8020669162086189,
        "intercept": 6.085102225276316,
        "r_squared": 0.971568419173977
      },
      "quadratic": {
        "coeffs": [
          -0.04324827332600899,
          -0.42758653240685957,
          5.346678068550262
        ],
        "a": -0.04324827332600899,
        "b": -0.42758653240685957,
        "c": 5.346678068550262,
        "r_squared": 0.981684791426784,
        "convexity_2a": -0.08649654665201797
      },
      "cubic": {
        "coeffs": [
          0.019586622023611628,
          -0.2811097715820518,
          0.4277787077533328,
          4.506678275701901
        ],
        "r_squared": 0.9898858986808026
      },
      "numerical": {
        "second_derivative_mean": 0.024894889942879733,
        "second_derivative_median": 0.0,
        "second_derivative_std": 19.817646360479927,
        "geometric_curvature_mean": 0.15441341803841624,
        "geometric_curvature_median": 0.0
      },
      "shape": "concave"
    },
    "median": {
      "label": "median",
      "n_points": 50,
      "linear": {
        "slope": -0.6051252546069372,
        "intercept": 3.805166614144854,
        "r_squared": 0.911247326619244
      },
      "quadratic": {
        "coeffs": [
          0.008706069495451229,
          -0.680509819014522,
          3.9538146763950253
        ],
        "a": 0.008706069495451229,
        "b": -0.680509819014522,
        "c": 3.9538146763950253,
        "r_squared": 0.9119228261337702,
        "convexity_2a": 0.017412138990902458
      },