{
  "experiment": "Berlekamp-Massey Recurrence Order Distribution Across OEIS",
  "method": "BM over GF(p) with 3-prime consensus + holdout verification",
  "primes_used": [
    10007,
    10009,
    10037
  ],
  "min_terms": 20,
  "holdout_terms": 5,
  "n_sequences_analyzed": 10000,
  "statistics": {
    "total_sequences": 10000,
    "with_recurrence": 2198,
    "no_recurrence": 7802,
    "fraction_with_recurrence": 0.2198,
    "fraction_no_recurrence": 0.7802,
    "mean_order": 8.490445859872612,
    "median_order": 6.0,
    "std_order": 7.567389069304665,
    "max_order": 50,
    "fraction_order_le_1": 0.0077,
    "fraction_order_le_2": 0.0341,
    "fraction_order_le_5": 0.1068,
    "fraction_order_le_10": 0.1633
  },
  "order_distribution_raw": {
    "0": 1,
    "1": 76,
    "2": 264,
    "3": 238,
    "4": 267,
    "5": 222,
    "6": 154,
    "7": 146,
    "8": 97,
    "9": 94,
    "10": 74,
    "11": 71,
    "12": 47,
    "13": 34,
    "14": 23,
    "15": 36,
    "16": 39,
    "17": 29,
    "18": 29,
    "19": 19,
    "20": 35,
    "21": 25,
    "22": 27,
    "23": 12,
    "24": 21,
    "25": 9,
    "26": 14,
    "27": 5,
    "28": 17,
    "29": 3,
    "30": 9,
    "31": 20,
    "32": 10,
    "33": 4,
    "34": 8,
    "35": 4,
    "36": 9,
    "37": 1,
    "38": 1,
    "39": 2,
    "42": 1,
    "50": 1,
    "none": 7802
  },
  "order_distribution_verified": {
    "0": 1,
    "1": 76,
    "2": 264,
    "3": 238,
    "4": 267,
    "5": 222,
    "6": 154,
    "7": 146,
    "8": 97,
    "9": 94,
    "10": 74,
    "11": 71,
    "12": 47,
    "13": 34,
    "14": 23,
    "15": 36,
    "16": 39,
    "17": 29,
    "18": 29,
    "19": 19,
    "20": 35,
    "21": 25,
    "22": 27,
    "23": 12,
    "24": 21,
    "25": 9,
    "26": 14,
    "27": 5,
    "28": 17,
    "29": 3,
    "30": 9,
    "31": 20,
    "32": 10,
    "33": 4,
    "34": 8,
    "35": 4,
    "36": 9,
    "37": 1,
    "38": 1,
    "39": 2,
    "42": 1,
    "50": 1
  },
  "family_comparison": {
    "combinatorial": {
      "count": 1843,
      "with_recurrence": 245,
      "fraction_with_recurrence": 0.13293543136190994,
      "mean_order": 7.559183673469388,
      "median_order": 6.0
    },
    "unclassified": {
      "count": 5986,
      "with_recurrence": 1539,
      "fraction_with_recurrence": 0.25709989976612097,
      "mean_order": 7.545808966861599,
      "median_order": 5.0
    },
    "number_theoretic": {
      "count": 1087,
      "with_recurrence": 25,
      "fraction_with_recurrence": 0.022999080036798528,
      "mean_order": 12.12,
      "median_order": 12.0
    },
    "multiplicative": {
      "count": 217,
      "with_recurrence": 61,
      "fraction_with_recurrence": 0.28110599078341014,
      "mean_order": 7.213114754098361,
      "median_order": 5.0
    },
    "algebraic": {
      "count": 826,
      "with_recurrence": 257,
      "fraction_with_recurrence": 0.31113801452784506,
      "mean_order": 12.400778210116732,
      "median_order": 7.0
    },
    "base_dependent": {
      "count": 594,
      "with_recurrence": 100,
      "fraction_with_recurrence": 0.16835016835016836,
      "mean_order": 16.01,
      "median_order": 16.0
    }
  },
  "growth_rate_correlation": {
    "spearman_r": -0.4280141419614257,
    "spearman_p": 1.2708193772098351e-98,
    "pearson_r": -0.3918833537728759,
    "pearson_p": 1.35008707205735e-81,
    "n_pairs": 2198
  },
  "null_model": {
    "total": 5000,
    "with_recurrence": 0,
    "no_recurrence": 5000,
    "fraction_with_recurrence": 0.0,
    "mean_order": null,
    "median_order": null,
    "distribution": {
      "none": 5000
    }
  },
  "notable_low_order_examples": [
    {
      "id": "A000004",
      "order": 0,
      "name": "The zero sequence."
    },
    {
      "id": "A000007",
      "order": 1,
      "name": "The characteristic function of {0}: a(n) = 0^n."
    },
    {
      "id": "A000012",
      "order": 1,
      "name": "The simplest sequence of positive numbers: the all 1's sequence."
    },
    {
      "id": "A000027",
      "order": 2,
      "name": "The positive integers. Also called the natural numbers, the whole numbers or the counting numbers, b"
    },
    {
      "id": "A000032",
      "order": 2,
      "name": "Lucas numbers beginning at 2: L(n) = L(n-1) + L(n-2), L(0) = 2, L(1) = 1."
    },
    {
      "id": "A000034",
      "order": 2,
      "name": "Period 2: repeat [1, 2]; a(n) = 1 + (n mod 2)."
    },
    {
      "id": "A000035",
      "order": 2,
      "name": "Period 2: repeat [0, 1]; a(n) = n mod 2; parity of n."
    },
    {
      "id": "A000038",
      "order": 1,
      "name": "Twice A000007."
    },
    {
      "id": "A000042",
      "order": 2,
      "name": "Unary representation of natural numbers."
    },
    {
      "id": "A000045",
      "order": 2,
      "name": "Fibonacci numbers: F(n) = F(n-1) + F(n-2) with F(0) = 0 and F(1) = 1."
    },
    {
      "id": "A000051",
      "order": 2,
      "name": "a(n) = 2^n + 1."
    },
    {
      "id": "A000071",
      "order": 3,
      "name": "a(n) = Fibonacci(n) - 1."
    },
    {
      "id": "A000073",
      "order": 3,
      "name": "Tribonacci numbers: a(n) = a(n-1) + a(n-2) + a(n-3) for n >= 3 with a(0) = a(1) = 0 and a(2) = 1."
    },
    {
      "id": "A000078",
      "order": 4,
      "name": "Tetranacci numbers: a(n) = a(n-1) + a(n-2) + a(n-3) + a(n-4) for n >= 4 with a(0) = a(1) = a(2) = 0 "
    },
    {
      "id": "A000079",
      "order": 1,
      "name": "Powers of 2: a(n) = 2^n."
    },
    {
      "id": "A000096",
      "order": 3,
      "name": "a(n) = n*(n+3)/2."
    },
    {
      "id": "A000100",
      "order": 5,
      "name": "a(n) is the number of compositions of n in which the maximal part is 3."
    },
    {
      "id": "A000124",
      "order": 3,
      "name": "Central polygonal numbers (the Lazy Caterer's sequence): n(n+1)/2 + 1; or, maximal number of pieces "
    },
    {
      "id": "A000125",
      "order": 4,
      "name": "Cake numbers: maximal number of pieces resulting from n planar cuts through a cube (or cake): C(n+1,"
    },
    {
      "id": "A000126",
      "order": 4,
      "name": "A nonlinear binomial sum."
    },
    {
      "id": "A000127",
      "order": 5,
      "name": "Maximal number of regions obtained by joining n points around a circle by straight lines. Also numbe"
    },
    {
      "id": "A000128",
      "order": 5,
      "name": "A nonlinear binomial sum."
    },
    {
      "id": "A000129",
      "order": 2,
      "name": "Pell numbers: a(0) = 0, a(1) = 1; for n > 1, a(n) = 2*a(n-1) + a(n-2)."
    },
    {
      "id": "A000204",
      "order": 2,
      "name": "Lucas numbers (beginning with 1): L(n) = L(n-1) + L(n-2) with L(1) = 1, L(2) = 3."
    },
    {
      "id": "A000211",
      "order": 3,
      "name": "a(n) = a(n-1) + a(n-2) - 2, a(0) = 4, a(1) = 3."
    },
    {
      "id": "A000212",
      "order": 5,
      "name": "a(n) = floor(n^2/3)."
    },
    {
      "id": "A000213",
      "order": 3,
      "name": "Tribonacci numbers: a(n) = a(n-1) + a(n-2) + a(n-3) with a(0)=a(1)=a(2)=1."
    },
    {
      "id": "A000217",
      "order": 3,
      "name": "Triangular numbers: a(n) = binomial(n+1,2) = n*(n+1)/2 = 0 + 1 + 2 + ... + n."
    },
    {
      "id": "A000225",
      "order": 2,
      "name": "a(n) = 2^n - 1. (Sometimes called Mersenne numbers, although that name is usually reserved for A0013"
    },
    {
      "id": "A000244",
      "order": 1,
      "name": "Powers of 3: a(n) = 3^n."
    }
  ],
  "elapsed_seconds": 7.8
}