{
  "total_sequences": 394453,
  "mean": 44.34101908212132,
  "median": 39.0,
  "std": 28.24727572721586,
  "min": 1,
  "max": 348,
  "P10": 13.0,
  "P25": 21.0,
  "P75": 63.0,
  "P90": 87.0,
  "threshold_fractions": {
    ">=5": {
      "count": 391886,
      "fraction": 0.9935
    },
    ">=10": {
      "count": 372598,
      "fraction": 0.9446
    },
    ">=15": {
      "count": 345264,
      "fraction": 0.8753
    },
    ">=20": {
      "count": 306235,
      "fraction": 0.7764
    },
    ">=30": {
      "count": 236452,
      "fraction": 0.5994
    },
    ">=50": {
      "count": 157010,
      "fraction": 0.398
    },
    ">=100": {
      "count": 21219,
      "fraction": 0.0538
    },
    ">=200": {
      "count": 55,
      "fraction": 0.0001
    },
    ">=500": {
      "count": 0,
      "fraction": 0.0
    },
    ">=1000": {
      "count": 0,
      "fraction": 0.0
    }
  },
  "histogram": {
    "0-4": 2567,
    "5-9": 19288,
    "10-14": 27334,
    "15-19": 39029,
    "20-29": 69783,
    "30-49": 79442,
    "50-99": 135791,
    "100-199": 21164,
    "200-499": 55,
    "500-999": 0,
    "1000-4999": 0,
    "5000-49999": 0
  },
  "a_number_correlation": {
    "pearson_r": 0.0585,
    "note": "negative = older sequences are longer",
    "by_range": {
      "A000000-A010000": {
        "count": 9999,
        "mean_length": 35.9,
        "median_length": 28.0,
        "frac_20plus": 0.7319
      },
      "A010000-A050000": {
        "count": 40000,
        "mean_length": 44.8,
        "median_length": 40.0,
        "frac_20plus": 0.8121
      },
      "A050000-A100000": {
        "count": 50000,
        "mean_length": 45.1,
        "median_length": 40.0,
        "frac_20plus": 0.7847
      },
      "A100000-A200000": {
        "count": 100000,
        "mean_length": 43.6,
        "median_length": 37.0,
        "frac_20plus": 0.7609
      },
      "A200000-A400000": {
        "count": 194454,
        "mean_length": 44.9,
        "median_length": 40.0,
        "frac_20plus": 0.7771
      }
    }
  },
  "by_keyword": {
    "nonn": {
      "count": 370640,
      "mean_length": 44.2,
      "median_length": 39.0,
      "frac_20plus": 0.7749
    },
    "easy": {
      "count": 93586,
      "mean_length": 47.3,
      "median_length": 43.0,
      "frac_20plus": 0.8725
    },
    "base": {
      "count": 45363,
      "mean_length": 47.7,
      "median_length": 47.0,
      "frac_20plus": 0.8205
    },
    "more": {
      "count": 26219,
      "mean_length": 15.8,
      "median_length": 13.0,
      "frac_20plus": 0.2727
    },
    "tabl": {
      "count": 23087,
      "mean_length": 61.3,
      "median_length": 59.0,
      "frac_20plus": 0.9934
    },
    "sign": {
      "count": 21876,
      "mean_length": 48.0,
      "median_length": 43.0,
      "frac_20plus": 0.8294
    },
    "cons": {
      "count": 14757,
      "mean_length": 96.6,
      "median_length": 99.0,
      "frac_20plus": 0.9782
    },
    "hard": {
      "count": 9516,
      "mean_length": 17.8,
      "median_length": 13.0,
      "frac_20plus": 0.3157
    },
    "tabf": {
      "count": 8194,
      "mean_length": 68.6,
      "median_length": 68.0,
      "frac_20plus": 0.979
    },
    "frac": {
      "count": 7973,
      "mean_length": 32.4,
      "median_length": 24.0,
      "frac_20plus": 0.6803
    },
    "fini": {
      "count": 7405,
      "mean_length": 28.0,
      "median_length": 18.0,
      "frac_20plus": 0.4847
    },
    "nice": {
      "count": 6975,
      "mean_length": 44.5,
      "median_length": 39.0,
      "frac_20plus": 0.7827
    },
    "full": {
      "count": 6271,
      "mean_length": 26.3,
      "median_length": 17.0,
      "frac_20plus": 0.4542
    },
    "walk": {
      "count": 4489,
      "mean_length": 29.4,
      "median_length": 28.0,
      "frac_20plus": 0.9403
    },
    "look": {
      "count": 4215,
      "mean_length": 73.4,
      "median_length": 72.0,
      "frac_20plus": 0.9976
    },
    "mult": {
      "count": 3350,
      "mean_length": 71.8,
      "median_length": 75.0,
      "frac_20plus": 0.9806
    },
    "less": {
      "count": 3325,
      "mean_length": 49.3,
      "median_length": 49.0,
      "frac_20plus": 0.8346
    },
    "cofr": {
      "count": 2849,
      "mean_length": 62.9,
      "median_length": 77.0,
      "frac_20plus": 0.9309
    },
    "changed": {
      "count": 2006,
      "mean_length": 51.9,
      "median_length": 47.0,
      "frac_20plus": 0.8285
    },
    "dead": {
      "count": 1937,
      "mean_length": 24.7,
      "median_length": 18.0,
      "frac_20plus": 0.4548
    },
    "uned": {
      "count": 908,
      "mean_length": 53.2,
      "median_length": 51.0,
      "frac_20plus": 0.8888
    },
    "word": {
      "count": 824,
      "mean_length": 54.8,
      "median_length": 56.0,
      "frac_20plus": 0.8519
    },
    "bref": {
      "count": 720,
      "mean_length": 3.1,
      "median_length": 3.0,
      "frac_20plus": 0.0014
    },
    "eigen": {
      "count": 438,
      "mean_length": 38.5,
      "median_length": 30.0,
      "frac_20plus": 0.879
    },
    "new": {
      "count": 381,
      "mean_length": 50.6,
      "median_length": 46.0,
      "frac_20plus": 0.7769
    },
    "core": {
      "count": 183,
      "mean_length": 54.7,
      "median_length": 51.0,
      "frac_20plus": 0.9016
    },
    "hear": {
      "count": 172,
      "mean_length": 77.5,
      "median_length": 78.5,
      "frac_20plus": 0.9942
    },
    "obsc": {
      "count": 118,
      "mean_length": 47.7,
      "median_length": 48.0,
      "frac_20plus": 0.6949
    },
    "dumb": {
      "count": 105,
      "mean_length": 42.5,
      "median_length": 40.0,
      "frac_20plus": 0.6762
    },
    "unkn": {
      "count": 32,
      "mean_length": 15.8,
      "median_length": 9.0,
      "frac_20plus": 0.2188
    }
  },
  "instrument_viability": {
    "enrichment_15plus": {
      "count": 345264,
      "fraction": 0.8753
    },
    "BM_20plus": {
      "count": 306235,
      "fraction": 0.7764
    },
    "spectral_50plus": {
      "count": 157010,
      "fraction": 0.398
    },
    "deep_analysis_100plus": {
      "count": 21219,
      "fraction": 0.0538
    },
    "recommendation": "87.5% viable for enrichment (>=15), 77.6% for BM (>=20), 39.8% for spectral (>=50). 'more'/'hard' keywords flag short sequences \u2014 filter or skip."
  }
}