{
  "question": "Q23: Second-Order Correlation Tensor of Prime Positions",
  "parameters": {
    "N": 40000,
    "grid_size": 200,
    "max_displacement": 10,
    "tensor_size": 21
  },
  "prime_statistics": {
    "total_primes": 4203,
    "prime_density": 0.105075,
    "expected_density_heuristic": 0.10097453
  },
  "correlation_tensor_normalized": {
    "note": "Correlation (covariance / variance), so C(0,0)=1",
    "tensor": [
      [
        0.2939274676,
        -0.1156612712,
        0.0410393257,
        -0.1165222729,
        0.0523853855,
        -0.115480127,
        0.1941178093,
        -0.114668115,
        0.1068336135,
        -0.1149506193,
        0.090300233,
        -0.1151136655,
        0.2010551802,
        -0.1146084082,
        0.0418518944,
        -0.1155102865,
        0.0399492045,
        -0.1164918008,
        0.1952501303,
        -0.1158927288,
        0.09340973
      ],
      [
        0.0943242386,
        -0.1156049309,
        0.0414412564,
        -0.1164493633,
        0.2688373821,
        -0.1154008594,
        0.0621940868,
        -0.1146112216,
        0.0551206512,
        -0.1151603938,
        0.2913818433,
        -0.1147924109,
        0.0507100916,
        -0.1145518275,
        0.0394088341,
        -0.1154308611,
        0.2415424162,
        -0.1164190507,
        0.0739503334,
        -0.1158045468,
        0.0850701215
      ],
      [
        0.1441422793,
        -0.1159915172,
        0.1965693897,
        -0.1163013133,
        0.0545398548,
        -0.1152771417,
        0.0404867324,
        -0.1147617178,
        0.195918883,
        -0.1152943719,
        0.0888818256,
        -0.1149283056,
        0.0516635586,
        -0.114702633,
        0.273846617,
        -0.1155910262,
        0.0382361723,
        -0.1165882958,
        0.0349918424,
        -0.1159915172,
        0.3056715599
      ],
      [
        0.3005467322,
        -0.1159946748,
        0.0560233732,
        -0.1163502978,
        0.0573044884,
        -0.1156010778,
        0.2173161143,
        -0.114793097,
        0.0373306525,
        -0.1153105857,
        0.1277617786,
        -0.1152233038,
        0.1890842812,
        -0.1147343183,
        0.0415830001,
        -0.1156010778,
        0.0541802253,
        -0.1166057949,
        0.2063720515,
        -0.1160249873,
        0.0923243095
      ],
      [
        0.1143980108,
        -0.1162390503,
        0.043194214,
        -0.1168618641,
        0.2039680208,
        -0.1158177898,
        0.0730351693,
        -0.1149995799,
        0.037454521,
        -0.1155002964,
        0.2918434487,
        -0.115166948,
        0.0347732755,
        -0.1149118663,
        0.0598903683,
        -0.1157882521,
        0.1941081149,
        -0.1168021765,
        0.0363421369,
        -0.116208894,
        0.1467412791
      ],
      [
        0.0932512872,
        -0.1163909144,
        0.2572195249,
        -0.1167733581,
        0.0402160173,
        -0.1160028929,
        0.0418384593,
        -0.115174857,
        0.1918478961,
        -0.1156592657,
        0.0878209307,
        -0.1156016746,
        0.0360402919,
        -0.1150585054,
        0.1987963975,
        -0.1159441204,
        0.0714783979,
        -0.1169668531,
        0.0396754232,
        -0.1163609127,
        0.3427096309
      ],
      [
        0.2993141557,
        -0.1163168566,
        0.0434211037,
        -0.1169964201,
        0.061014074,
        -0.1162153434,
        0.2000009514,
        -0.1153772851,
        0.034712967,
        -0.1158739103,
        0.0876602861,
        -0.1158166129,
        0.2720775767,
        -0.1152904666,
        0.0422410566,
        -0.1161568708,
        0.0389783952,
        -0.117188928,
        0.2316556811,
        -0.1166009261,
        0.0942788109
      ],
      [
        0.0940997363,
        -0.1168385027,
        0.0477206103,
        -0.1174969163,
        0.2001092014,
        -0.1161778951,
        0.0397985724,
        -0.1156352433,
        0.067507213,
        -0.1161148789,
        0.2928454763,
        -0.1158151101,
        0.059084157,
        -0.1155776581,
        0.0411756603,
        -0.1164256372,
        0.2315814735,
        -0.1174675269,
        0.0443172025,
        -0.1168681998,
        0.0940698829
      ],
      [
        0.1007958996,
        -0.1169850383,
        0.2126036353,
        -0.1173773029,
        0.0795840536,
        -0.1166048657,
        0.0416063318,
        -0.1157760072,
        0.2026199801,
        -0.1162399764,
        0.0935204241,
        -0.1159700808,
        0.0352819016,
        -0.1157187128,
        0.2257521973,
        -0.1165759247,
        0.0364242939,
        -0.1176263481,
        0.0724561635,
        -0.1169850383,
        0.3373991071
      ],
      [
        0.3885661053,
        -0.1169973073,
        0.0564683199,
        -0.1179290429,
        0.0430680145,
        -0.1168686796,
        0.2185950001,
        -0.1160293692,
        0.0426150546,
        -0.1165049004,
        0.092208623,
        -0.1165049004,
        0.2285730758,
        -0.116000866,
        0.0664565414,
        -0.1168398841,
        0.0414441962,
        -0.117870855,
        0.1992807358,
        -0.1172476957,
        0.1028063986
      ],
      [
        0.0873434714,
        -0.1176388611,
        0.0449991115,
        -0.1185471443,
        0.2030603177,
        -0.1172296486,
        0.0355880503,
        -0.1164073383,
        0.0392750813,
        -0.1169211139,
        1.0,
        -0.1169211139,
        0.0392750813,
        -0.1164073383,
        0.0355880503,
        -0.1172296486,
        0.2030603177,
        -0.1185471443,
        0.0449991115,
        -0.1176388611,
        0.0873434714
      ],
      [
        0.1028063986,
        -0.1172476957,
        0.1992807358,
        -0.117870855,
        0.0414441962,
        -0.1168398841,
        0.0664565414,
        -0.116000866,
        0.2285730758,
        -0.1165049004,
        0.092208623,
        -0.1165049004,
        0.0426150546,
        -0.1160293692,
        0.2185950001,
        -0.1168686796,
        0.0430680145,
        -0.1179290429,
        0.0564683199,
        -0.1169973073,
        0.3885661053
      ],
      [
        0.3373991071,
        -0.1169850383,
        0.0724561635,
        -0.1176263481,
        0.0364242939,
        -0.1165759247,
        0.2257521973,
        -0.1157187128,
        0.0352819016,
        -0.1159700808,
        0.0935204241,
        -0.1162399764,
        0.2026199801,
        -0.1157760072,
        0.0416063318,
        -0.1166048657,
        0.0795840536,
        -0.1173773029,
        0.2126036353,
        -0.1169850383,
        0.1007958996
      ],
      [
        0.0940698829,
        -0.1168681998,
        0.0443172025,
        -0.1174675269,
        0.2315814735,
        -0.1164256372,
        0.0411756603,
        -0.1155776581,
        0.059084157,
        -0.1158151101,
        0.2928454763,
        -0.1161148789,
        0.067507213,
        -0.1156352433,
        0.0397985724,
        -0.1161778951,
        0.2001092014,
        -0.1174969163,
        0.0477206103,
        -0.1168385027,
        0.0940997363
      ],
      [
        0.0942788109,
        -0.1166009261,
        0.2316556811,
        -0.117188928,
        0.0389783952,
        -0.1161568708,
        0.0422410566,
        -0.1152904666,
        0.2720775767,
        -0.1158166129,
        0.0876602861,
        -0.1158739103,
        0.034712967,
        -0.1153772851,
        0.2000009514,
        -0.1162153434,
        0.061014074,
        -0.1169964201,
        0.0434211037,
        -0.1163168566,
        0.2993141557
      ],
      [
        0.3427096309,
        -0.1163609127,
        0.0396754232,
        -0.1169668531,
        0.0714783979,
        -0.1159441204,
        0.1987963975,
        -0.1150585054,
        0.0360402919,
        -0.1156016746,
        0.0878209307,
        -0.1156592657,
