{
  "challenge": "sha_selmer_mismatch_defect",
  "question": "Does EC Sha size predict genus-2 Selmer rank beyond what MW rank explains?",
  "verdict": "NULL",
  "detail": "EC Sha does not predict genus-2 Selmer beyond rank (p=0.4078)",
  "data": {
    "n_ec_conductors": 3437,
    "n_g2_conductors": 55828,
    "n_shared_conductors": 732,
    "n_matched_pairs": 1109
  },
  "descriptive": {
    "g2_selmer": {
      "mean": 1.4201983769161406,
      "std": 0.7319745867399178,
      "min": 0.0,
      "max": 4.0
    },
    "ec_sha_mean": {
      "mean": 1.1446964824981405,
      "std": 0.5589822360207375
    },
    "ec_rank_mean": {
      "mean": 0.6437832021525308,
      "std": 0.41583271056620563
    }
  },
  "models": {
    "M1_ec_rank": {
      "r2": 0.006379931312473164,
      "sigma2": 0.5333303347432646,
      "sigma2_norm": 0.9954152268965377,
      "beta": [
        1.5107143023980716,
        -0.14060001127598556
      ]
    },
    "M2_ec_rank_sha_mean": {
      "r2": 0.006612009535174934,
      "sigma2": 0.5336878685070191,
      "sigma2_norm": 0.9960825329344404,
      "beta": [
        1.4864857811691532,
        -0.13854027833879307,
        0.020007486799515823
      ]
    },
    "M3_ec_rank_sha_max": {
      "r2": 0.02418179016682287,
      "sigma2": 0.5242486777120382,
      "beta": [
        1.4322731995863383,
        -0.10713967578671829,
        0.023097360937722508
      ]
    },
    "M4_ec_rank_sha_g2mw": {
      "r2": 0.0350526884442357,
      "sigma2": 0.5188775430467439,
      "beta": [
        1.4084941090693583,
        -0.17670162909240617,
        0.022479841275821547,
        0.2463244932165266
      ]
    },
    "M5_g2_mw_rank": {
      "r2": 0.024592451493044565,
      "sigma2": 0.5235546772354076,
      "sigma2_norm": 0.9771698024337971,
      "beta": [
        1.3282338482698848,
        0.22714624113294468
      ]
    },
    "M6_g2_mw_sha": {
      "r2": 0.02519682070671192,
      "sigma2": 0.5237033625980017,
      "sigma2_norm": 0.9774473108826912,
      "beta": [
        1.2910747767085502,
        0.2278893850337556,
        0.032199099071189806
      ]
    }
  },
  "f_tests": {
    "M1_vs_M2_sha_mean_given_ec_rank": {
      "F": 0.25838697142697037,
      "p": 0.6113318678370608
    },
    "M1_vs_M3_sha_max_given_ec_rank": {
      "F": 20.176766219885007,
      "p": 7.801498927206829e-06
    },
    "M5_vs_M6_sha_given_g2_mw": {
      "F": 0.6857100638517515,
      "p": 0.4078060371871599
    }
  },
  "sha_binned": {
    "1": {
      "n": 861,
      "mean_selmer": 1.3275261324041812,
      "std_selmer": 0.6931200232445721
    },
    "4": {
      "n": 167,
      "mean_selmer": 1.7664670658682635,
      "std_selmer": 0.7254658448397935
    },
    "9": {
      "n": 40,
      "mean_selmer": 1.6,
      "std_selmer": 0.8
    },
    "16": {
      "n": 28,
      "mean_selmer": 1.75,
      "std_selmer": 0.871165065546462
    },
    "25": {
      "n": 9,
      "mean_selmer": 2.111111111111111,
      "std_selmer": 0.9938079899999066
    },
    "36": {
      "n": 2,
      "mean_selmer": 1.0,
      "std_selmer": 0.0
    },
    "49": {
      "n": 2,
      "mean_selmer": 1.5,
      "std_selmer": 0.5
    }
  },
  "conductor_level": {
    "n_conductors": 732,
    "ec_rank_only": {
      "r2": 0.01018228939237753,
      "sigma2": 0.48387286735621254
    },
    "ec_rank_sha": {
      "r2": 0.010734290538575553,
      "sigma2": 0.48426639995855214
    },
    "g2_mw_only": {
      "r2": 0.015554480504653023,
      "sigma2": 0.4812466691283726
    },
    "g2_mw_sha": {
      "r2": 0.01668739806873687,
      "sigma2": 0.48135222844262354
    },
    "f_test_sha_given_ec_rank": {
      "F": 0.40677527961362286,
      "p": 0.5238110718452527
    },
    "f_test_sha_given_g2_mw": {
      "F": 0.839912864530647,
      "p": 0.3597247623511567
    }
  }
}