{
  "experiment": "F19_transport_matrix",
  "primes": [
    3,
    5,
    7
  ],
  "fingerprint_width": 5,
  "sample_size_source": 500,
  "sample_size_target": 1000,
  "domain_sizes": {
    "OEIS": 1500,
    "LMFDB_EC": 1500,
    "LMFDB_MF": 1500,
    "Knots": 1500,
    "Lattices": 1500,
    "NumberFields": 1500
  },
  "transport_matrices": {
    "p=3": {
      "matrix": [
        [
          0.908,
          0.666,
          0.731,
          0.679,
          0.568,
          0.426
        ],
        [
          0.708,
          0.943,
          0.657,
          0.707,
          0.69,
          0.695
        ],
        [
          0.767,
          0.746,
          0.935,
          0.759,
          0.719,
          0.515
        ],
        [
          0.699,
          0.554,
          0.685,
          0.961,
          0.951,
          0.886
        ],
        [
          0.018,
          0.029,
          0.056,
          0.046,
          0.999,
          0.221
        ],
        [
          0.047,
          0.035,
          0.032,
          0.071,
          0.049,
          1.0
        ]
      ],
      "domains": [
        "OEIS",
        "LMFDB_EC",
        "LMFDB_MF",
        "Knots",
        "Lattices",
        "NumberFields"
      ],
      "null_matrix": [
        [
          0.0,
          0.6783999999999999,
          0.7655,
          0.7278499999999999,
          0.46259999999999996,
          0.51515
        ],
        [
          0.6725000000000001,
          0.0,
          0.62545,
          0.6991499999999999,
          0.68545,
          0.5503
        ],
        [
          0.7702000000000001,
          0.7215,
          0.0,
          0.77645,
          0.8801,
          0.6900000000000001
        ],
        [
          0.6794500000000001,
          0.58545,
          0.7134499999999999,
          0.0,
          0.9545999999999999,
          0.8831499999999999
        ],
        [
          0.019400000000000004,
          0.027200000000000002,
          0.055099999999999996,
          0.046000000000000006,
          0.0,
          0.2057
        ],
        [
          0.02415,
          0.03910000000000001,
          0.039850000000000003,
          0.06620000000000001,
          0.04750000000000001,
          0.0
        ]
      ],
      "excess_matrix": [
        [
          0.0,
          -0.012399999999999856,
          -0.034499999999999975,
          -0.04884999999999984,
          0.1054,
          -0.08915000000000001
        ],
        [
          0.035499999999999865,
          0.0,
          0.03155000000000008,
          0.007850000000000024,
          0.004549999999999943,
          0.14469999999999994
        ],
        [
          -0.0032000000000000917,
          0.024499999999999966,
          0.0,
          -0.017449999999999966,
          -0.16110000000000002,
          -0.17500000000000004
        ],
        [
          0.019549999999999845,
          -0.03144999999999998,
          -0.028449999999999864,
          0.0,
          -0.0035999999999999366,
          0.00285000000000013
        ],
        [
          -0.0014000000000000054,
          0.0017999999999999995,
          0.000900000000000005,
          -6.938893903907228e-18,
          0.0,
          0.015300000000000008
        ],
        [
          0.02285,
          -0.004100000000000006,
          -0.007850000000000003,
          0.004799999999999985,
          0.0014999999999999944,
          0.0
        ]
      ]
    },
    "p=5": {
      "matrix": [
        [
          0.638,
          0.17,
          0.151,
          0.188,
          0.134,
          0.057
        ],
        [
          0.12,
          0.719,
          0.114,
          0.115,
          0.0,
          0.037
        ],
        [
          0.152,
          0.154,
          0.6,
          0.115,
          0.181,
          0.122
        ],
        [
          0.169,
          0.123,
          0.055,
          0.776,
          0.0,
          0.0
        ],
        [
          0.003,
          0.0,
          0.016,
          0.002,
          0.999,
          0.092
        ],
        [
          0.005,
          0.005,
          0.014,
          0.001,
          0.083,
          0.997
        ]
      ],
      "domains": [
        "OEIS",
        "LMFDB_EC",
        "LMFDB_MF",
        "Knots",
        "Lattices",
        "NumberFields"
      ],
      "null_matrix": [
        [
          0.0,
          0.16439999999999996,
          0.14675,
          0.1973,
          0.05994999999999999,
          0.053349999999999995
        ],
        [
          0.13865,
          0.0,
          0.11470000000000002,
          0.11220000000000004,
          0.0,
          0.0437
        ],
        [
          0.17475,
          0.15665,
          0.0,
          0.10464999999999999,
          0.25525000000000003,
          0.08825
        ],
        [
          0.1544,
          0.11400000000000002,
          0.0763,
          0.0,
          0.0081,
          0.0027500000000000003
        ],
        [
          0.003300000000000001,
          0.0,
          0.014250000000000002,
          0.0014000000000000002,
          0.0,
          0.06695
        ],
        [
          0.004500000000000001,
          0.004200000000000001,
          0.011600000000000003,
          0.0006500000000000002,
          0.09535,
          0.0
        ]
      ],
      "excess_matrix": [
        [
          0.0,
          0.005600000000000049,
          0.004250000000000004,
          -0.009300000000000003,
          0.07405000000000002,
          0.0036500000000000074
        ],
        [
          -0.01865,
          0.0,
          -0.00070000000000002,
          0.002799999999999969,
          0.0,
          -0.0067000000000000046
        ],
        [
          -0.022749999999999992,
          -0.0026500000000000135,
          0.0,
          0.010350000000000012,
          -0.07425000000000004,
          0.03375
        ],
        [
          0.014600000000000002,
          0.00899999999999998,
          -0.021300000000000006,
          0.0,
          -0.0081,
          -0.0027500000000000003
        ],
        [
          -0.0003000000000000008,
          0.0,
          0.001749999999999998,
          0.0005999999999999998,
          0.0,
          0.025050000000000003
        ],
        [
          0.0004999999999999987,
          0.0007999999999999995,
          0.0023999999999999976,
          0.00034999999999999983,
          -0.01235,
          0.0
        ]
      ]
    },
    "p=7": {
      "matrix": [
        [
          0.507,
          0.065,
          0.048,
          0.05,
          0.055,
          0.0
        ],
        [
          0.026,
          0.704,
          0.04,
          0.005,
          0.0,
          0.004
        ],
        [
          0.044,
          0.065,
          0.493,
          0.009,
          0.09,
          0.038
        ],
        [
          0.015,
          0.008,
          0.004,
          0.76,
          0.0,
          0.0
        ],
        [
          0.0,
          0.0,
          0.009,
          0.0,
          0.972,
          0.04
        ],
        [
          0.006,
          0.002,
          0.005,
          0.001,
          0.064,
          0.985
        ]
      ],
      "domains": [
        "OEIS",
        "LMFDB_EC",
        "LMFDB_MF",
        "Knots",
        "Lattices",
        "NumberFields"
      ],