{
  "challenge": "OSC-3",
  "title": "Twist/Shadow Commutator",
  "twist_orbit": [
    "15.2.a.a",
    "45.2.a.a",
    "75.2.a.b",
    "240.2.a.d",
    "960.2.a.l"
  ],
  "orbit_ac_vectors": {
    "15.2.a.a": [
      -0.011253706275782569,
      -0.0073645006593065915,
      -0.007507605250923684,
      0.08252021073505536,
      0.05331273142778666,
      -0.00544111885907477,
      -0.03842227623280956,
      -0.039606962994797046,
      -0.05806827681746548,
      0.0899965917496035,
      -0.06849169035183277,
      -0.05133348026924995,
      -0.01312378945887627,
      -0.05899775909271505,
      -0.11459041924850877
    ],
    "45.2.a.a": [
      -0.056473214285714286,
      0.12522321428571428,
      -0.014732142857142857,
      -0.06361607142857142,
      -0.005133928571428571,
      -0.019196428571428573,
      -0.024330357142857143,
      -0.013392857142857142,
      -0.071875,
      0.005357142857142857,
      0.08995535714285714,
      -0.05424107142857143,
      0.011383928571428571,
      0.07120535714285714,
      -0.12946428571428573
    ],
    "75.2.a.b": [
      -0.02455151289785337,
      -0.012245619913638772,
      -0.03190106226543853,
      0.1560334948982421,
      0.059656796671642254,
      0.06903619127899747,
      -0.0825006406750117,
      -0.0730655263137924,
      0.039342115786173915,
      0.09492529933679192,
      0.006928367571745386,
      0.06620601306334888,
      0.08862140747689629,
      0.13108864548751717,
      -0.12257280490730789
    ],
    "240.2.a.d": [
      -0.006479077653715604,
      0.0012225286214970312,
      -0.006447985490174186,
      0.08644317758547657,
      -0.006089433306356146,
      0.0634059138573277,
      -0.005621727782445905,
      -0.008887257101582443,
      -0.005263175598627866,
      -0.11620014966397367,
      -0.006651076856285138,
      -0.10456735248825891,
      -0.0050918379314528256,
      -0.005828339862351286,
      -0.004951592427819205
    ],
    "960.2.a.l": [
      -1.664450741282169e-05,
      -0.020333070630866944,
      -1.1330297214752092e-05,
      -0.09189262086820155,
      1.0528152279194684e-05,
      -0.04369393758911326,
      -1.7246116114490175e-05,
      -0.0036791380150522665,
      -3.950563807621574e-05,
      -0.06107130466868408,
      -0.00010588313149361378,
      0.09885614132189469,
      -2.3362471248117383e-05,
      -0.10952978263877611,
      -3.459250034592497e-05
    ]
  },
  "orbit_lag3": {
    "15.2.a.a": -0.007507605250923684,
    "45.2.a.a": -0.014732142857142857,
    "75.2.a.b": -0.03190106226543853,
    "240.2.a.d": -0.006447985490174186,
    "960.2.a.l": -1.1330297214752092e-05
  },
  "orbit_lag3_all_same_sign": true,
  "orbit_strongest_lags": {
    "15.2.a.a": 15,
    "45.2.a.a": 15,
    "75.2.a.b": 4,
    "240.2.a.d": 10,
    "960.2.a.l": 14
  },
  "orbit_pairwise_distances": {
    "15.2.a.a vs 45.2.a.a": 0.3094614508965144,
    "15.2.a.a vs 75.2.a.b": 0.3006905957999034,
    "15.2.a.a vs 240.2.a.d": 0.27798724297628447,
    "15.2.a.a vs 960.2.a.l": 0.3272784380306395,
    "45.2.a.a vs 75.2.a.b": 0.3725273591689306,
    "45.2.a.a vs 240.2.a.d": 0.31692942865104706,
    "45.2.a.a vs 960.2.a.l": 0.34259676294374786,
    "75.2.a.b vs 240.2.a.d": 0.3710213920839618,
    "75.2.a.b vs 960.2.a.l": 0.445878371185023,
    "240.2.a.d vs 960.2.a.l": 0.31497921536060575
  },
  "orbit_mean_ac_distance": 0.33793502570966577,
  "random_mean_ac_distance": 0.4389088765606925,
  "random_std_ac_distance": 0.10168185399391774,
  "z_score_twist_vs_random": -0.9930370748065493,
  "commutator_ratio": 0.7699434751872374,
  "commutator_verdict": "MODERATE",
  "population": {
    "n_twist_pairs": 2000,
    "kstar_agreement_rate": 0.3495,
    "kstar_agreement_count": 699,
    "lag3_sign_agreement_rate": 0.7585,
    "mean_twist_pair_ac_distance": 0.4021962300733344,
    "mean_lag3_magnitude_diff": 0.03333715080986341,
    "random_kstar_rate": 0.098,
    "random_mean_ac_distance": 0.3914368110721065,
    "kstar_enrichment": 3.5663265306122445
  },
  "verdict": "TWIST PRESERVES AC SHADOW"
}