vid,source,specimen,family,arm,timing,offset,single,rel,K,z,rel2,rel2_strict,kept,status,cert3,rel3,rel3_strict,zclass,n_lo
V0000,WF,cc18858fdfd34515,HOLD,site_all,late,17,FLIP,FLIP_REL,12,-1.0,FLIP_REL,FLIP_REL,123,DETERMINED,FLIP_REL,FLIP_REL,FLIP_REL,COMPLETE,0.663
V0001,WF,c939c3c7271e65d2,RELAY,site_all,mid,9,CHANCE,FLIP_REL,12,-0.9873987398739866,FLIP_REL,FLIP_REL,123,DETERMINED,FLIP_REL,FLIP_REL,FLIP_REL,COMPLETE|PARTIAL,0.584
V0002,WF,c939c3c7271e65d2,RELAY,site_all,late,15,CHANCE,FLIP_REL,12,-1.0,FLIP_REL,FLIP_REL,123,DETERMINED,FLIP_REL,FLIP_REL,FLIP_REL,COMPLETE,0.584
V0003,WF,c939c3c7271e65d2,RELAY,joint,mid,9,CHANCE,FLIP_REL,12,-1.0,FLIP_REL,FLIP_REL,123,DETERMINED,FLIP_REL,FLIP_REL,FLIP_REL,COMPLETE,0.584
V0004,WF,c868a87bcd47d94b,HOLD,site_all,mid,10,FLIP,FLIP_REL,12,-0.9149453219927091,FLIP_REL,FLIP_REL,123,DETERMINED,FLIP_REL,FLIP_REL,FLIP_REL,COMPLETE|PARTIAL,0.613
V0005,WF,c868a87bcd47d94b,HOLD,site_all,late,17,FLIP,FLIP_REL,12,-0.9999999999999992,FLIP_REL,FLIP_REL,123,DETERMINED,FLIP_REL,FLIP_REL,FLIP_REL,COMPLETE,0.613
V0006,WF,c868a87bcd47d94b,HOLD,joint,mid,10,FLIP,FLIP_REL,12,-0.9149453219927091,FLIP_REL,FLIP_REL,123,DETERMINED,FLIP_REL,FLIP_REL,FLIP_REL,COMPLETE|PARTIAL,0.613
V0007,WF,0187372b391d9d4e,HOLD,site_all,mid,4,FLIP,FLIP_REL,12,-1.0186150409530899,FLIP_REL,FLIP_REL,123,DETERMINED,FLIP_REL,FLIP_REL,FLIP_REL,COMPLETE|OVERSHOOT,0.679
V0008,WF,0187372b391d9d4e,HOLD,joint,mid,4,FLIP,FLIP_REL,12,-1.0052122114668651,FLIP_REL,FLIP_REL,123,DETERMINED,FLIP_REL,FLIP_REL,FLIP_REL,COMPLETE,0.679
V0009,WF,cdf603803282cd29,HOLD,site_all,late,5,FLIP,FLIP_REL,12,-1.0,FLIP_REL,FLIP_REL,123,DETERMINED,FLIP_REL,FLIP_REL,FLIP_REL,COMPLETE,0.622
V0010,WF,ed884172de6b4ec0,HOLD,site_all,mid,6,FLIP,FLIP_REL,12,-0.9621957534955986,FLIP_REL,FLIP_REL,123,DETERMINED,FLIP_REL,FLIP_REL,FLIP_REL,COMPLETE|PARTIAL,0.636
V0011,WF,ed884172de6b4ec0,HOLD,site_all,late,9,FLIP,FLIP_REL,12,-1.0000000000000004,FLIP_REL,FLIP_REL,123,DETERMINED,FLIP_REL,FLIP_REL,FLIP_REL,COMPLETE,0.636
V0012,WF,ed884172de6b4ec0,HOLD,joint,mid,6,FLIP,FLIP_REL,12,-0.9621957534955986,FLIP_REL,FLIP_REL,123,DETERMINED,FLIP_REL,FLIP_REL,FLIP_REL,COMPLETE|PARTIAL,0.636
V0013,WF,83d0ff565cd49433,HOLD,site_all,late,9,FLIP,FLIP_REL,12,-0.9999999999999998,FLIP_REL,FLIP_REL,123,DETERMINED,FLIP_REL,FLIP_REL,FLIP_REL,COMPLETE,0.668
V0014,WF,b472c4f8457e15e9,HOLD,site_all,late,5,FLIP,FLIP_REL,12,-0.9999999999999992,FLIP_REL,FLIP_REL,123,DETERMINED,FLIP_REL,FLIP_REL,FLIP_REL,COMPLETE,0.631
V0015,WF,6a9c62c71c6a74c5,HOLD,site_all,pre,-1,NO-EFFECT,NO_EFFECT_REL,11,1.0606194690265478,NO_EFFECT_REL,NO_EFFECT_REL,123,DETERMINED,NO_EFFECT_REL,NO_EFFECT_REL,NO_EFFECT_REL,PARTIAL,0.681
V0016,WF,53e569f4cfa04270,RELAY,site_all,mid,9,CHANCE,CHANCE_REL,12,0.3699356304430143,CHANCE_REL,CHANCE_REL,123,DETERMINED,CHANCE_REL,CHANCE_REL,CHANCE_REL,PARTIAL,0.711
V0017,WF,53e569f4cfa04270,RELAY,channel_all,mid,9,CHANCE,CHANCE_REL,12,-0.36993563044301375,CHANCE_REL,CHANCE_REL,123,DETERMINED,CHANCE_REL,CHANCE_REL,CHANCE_REL,PARTIAL,0.711
V0018,WF,53e569f4cfa04270,RELAY,channel_content,mid,9,CHANCE,CHANCE_REL,12,-0.36993563044301375,CHANCE_REL,CHANCE_REL,123,DETERMINED,CHANCE_REL,CHANCE_REL,CHANCE_REL,PARTIAL,0.711
V0019,WF,53e569f4cfa04270,RELAY,pay0,mid,9,CHANCE,CHANCE_REL,12,-0.36993563044301375,CHANCE_REL,CHANCE_REL,123,DETERMINED,CHANCE_REL,CHANCE_REL,CHANCE_REL,PARTIAL,0.711
V0020,WF,53e569f4cfa04270,RELAY,site_all,late,15,CHANCE,INDETERMINATE,12,0.4922377887163954,INDETERMINATE,INDETERMINATE,123,DETERMINED,INDETERMINATE,INDETERMINATE,INDETERMINATE,PARTIAL,0.711
V0021,WF,53e569f4cfa04270,RELAY,channel_all,late,15,CHANCE,INDETERMINATE,12,-0.4922377887163954,INDETERMINATE,INDETERMINATE,123,DETERMINED,INDETERMINATE,INDETERMINATE,INDETERMINATE,PARTIAL,0.711
V0022,WF,9bbe86373465aaf9,RELAY,site_all,mid,3,NO-EFFECT,NO_EFFECT_REL,12,0.6816568047337281,NO_EFFECT_REL,NO_EFFECT_REL,123,DETERMINED,NO_EFFECT_REL,NO_EFFECT_REL,NO_EFFECT_REL,PARTIAL,0.628
V0023,WF,9bbe86373465aaf9,RELAY,channel_all,mid,3,CHANCE,FLIP_REL,12,-0.6816568047337281,FLIP_REL,FLIP_REL,123,DETERMINED,FLIP_REL,FLIP_REL,FLIP_REL,PARTIAL,0.628
V0024,WF,9bbe86373465aaf9,RELAY,channel_content,mid,3,CHANCE,FLIP_REL,12,-0.6816568047337281,FLIP_REL,FLIP_REL,123,DETERMINED,FLIP_REL,FLIP_REL,FLIP_REL,PARTIAL,0.628
V0025,WF,9bbe86373465aaf9,RELAY,pay0,mid,3,CHANCE,FLIP_REL,12,-0.6816568047337281,FLIP_REL,FLIP_REL,123,DETERMINED,FLIP_REL,FLIP_REL,FLIP_REL,PARTIAL,0.628
V0026,WF,9bbe86373465aaf9,RELAY,site_all,late,3,NO-EFFECT,NO_EFFECT_REL,12,0.6816568047337281,NO_EFFECT_REL,NO_EFFECT_REL,123,DETERMINED,NO_EFFECT_REL,NO_EFFECT_REL,NO_EFFECT_REL,PARTIAL,0.628
V0027,WF,9bbe86373465aaf9,RELAY,channel_all,late,3,CHANCE,FLIP_REL,12,-0.6816568047337281,FLIP_REL,FLIP_REL,123,DETERMINED,FLIP_REL,FLIP_REL,FLIP_REL,PARTIAL,0.628
V0028,WF,c7d7d2a488a86d6f,RELAY,site_all,mid,9,CHANCE,CHANCE_REL,12,-0.17671092951991818,CHANCE_REL,NOT_ELIGIBLE,123,DETERMINED,CHANCE_REL,CHANCE_REL,NOT_ELIGIBLE,PARTIAL,0.569
V0029,WF,c7d7d2a488a86d6f,RELAY,channel_all,mid,9,CHANCE,CHANCE_REL,12,0.17671092951991887,CHANCE_REL,NOT_ELIGIBLE,123,DETERMINED,CHANCE_REL,CHANCE_REL,NOT_ELIGIBLE,PARTIAL,0.569
V0030,WF,c7d7d2a488a86d6f,RELAY,site_all,late,15,CHANCE,FLIP_REL,12,-0.9877425944841661,FLIP_REL,NOT_ELIGIBLE,123,DETERMINED,FLIP_REL,FLIP_REL,NOT_ELIGIBLE,COMPLETE|PARTIAL,0.569
V0031,WF,c7d7d2a488a86d6f,RELAY,channel_all,late,15,NO-EFFECT,NO_EFFECT_REL,12,0.9877425944841661,NO_EFFECT_REL,NOT_ELIGIBLE,123,DETERMINED,NO_EFFECT_REL,NO_EFFECT_REL,NOT_ELIGIBLE,PARTIAL,0.569
V0032,WF,c7d7d2a488a86d6f,RELAY,joint,mid,9,CHANCE,FLIP_REL,12,-0.9999999999999986,FLIP_REL,NOT_ELIGIBLE,123,DETERMINED,FLIP_REL,FLIP_REL,NOT_ELIGIBLE,COMPLETE,0.569
V0033,WF,13b6ae2c0e08b007,RELAY,channel_all,mid,9,CHANCE,INDETERMINATE,12,-0.4881422924901186,INDETERMINATE,INDETERMINATE,123,DETERMINED,INDETERMINATE,INDETERMINATE,INDETERMINATE,PARTIAL,0.573
V0034,WF,13b6ae2c0e08b007,RELAY,channel_content,mid,9,CHANCE,INDETERMINATE,12,-0.48221343873517786,INDETERMINATE,INDETERMINATE,123,DETERMINED,INDETERMINATE,INDETERMINATE,INDETERMINATE,PARTIAL,0.573
V0035,WF,13b6ae2c0e08b007,RELAY,pay1,mid,9,CHANCE,INDETERMINATE,12,-0.48221343873517786,INDETERMINATE,INDETERMINATE,123,DETERMINED,INDETERMINATE,INDETERMINATE,INDETERMINATE,PARTIAL,0.573
V0036,WF,13b6ae2c0e08b007,RELAY,site_all,late,15,CHANCE,CHANCE_REL,12,-0.27865612648221333,CHANCE_REL,NOT_ELIGIBLE,123,DETERMINED,CHANCE_REL,CHANCE_REL,NOT_ELIGIBLE,PARTIAL,0.573
V0037,WF,13b6ae2c0e08b007,RELAY,channel_all,late,15,CHANCE,CHANCE_REL,12,0.27865612648221333,CHANCE_REL,NOT_ELIGIBLE,123,DETERMINED,CHANCE_REL,CHANCE_REL,NOT_ELIGIBLE,PARTIAL,0.573
V0038,WF,13b6ae2c0e08b007,RELAY,joint,mid,9,CHANCE,FLIP_REL,12,-0.9999999999999993,FLIP_REL,NOT_ELIGIBLE,123,DETERMINED,FLIP_REL,FLIP_REL,FLIP_REL,COMPLETE,0.573
V0039,WF,882525a9d4a3d073,RELAY,channel_all,mid,9,CHANCE,CHANCE_REL,12,-0.34439024390244005,CHANCE_REL,NOT_ELIGIBLE,123,DETERMINED,CHANCE_REL,CHANCE_REL,NOT_ELIGIBLE,PARTIAL,0.573
V0040,WF,882525a9d4a3d073,RELAY,channel_count,mid,9,CHANCE,CHANCE_REL,12,-0.34439024390244005,CHANCE_REL,NOT_ELIGIBLE,123,DETERMINED,CHANCE_REL,CHANCE_REL,NOT_ELIGIBLE,PARTIAL,0.573
V0041,WF,882525a9d4a3d073,RELAY,site_all,late,15,CHANCE,CHANCE_REL,12,-0.32195121951219524,CHANCE_REL,NOT_ELIGIBLE,123,DETERMINED,CHANCE_REL,CHANCE_REL,NOT_ELIGIBLE,PARTIAL,0.573
V0042,WF,882525a9d4a3d073,RELAY,channel_all,late,15,CHANCE,CHANCE_REL,12,0.32195121951219524,CHANCE_REL,NOT_ELIGIBLE,123,DETERMINED,CHANCE_REL,CHANCE_REL,NOT_ELIGIBLE,PARTIAL,0.573
V0043,WF,882525a9d4a3d073,RELAY,joint,mid,9,CHANCE,FLIP_REL,12,-1.0000000000000007,FLIP_REL,NOT_ELIGIBLE,123,DETERMINED,FLIP_REL,FLIP_REL,FLIP_REL,COMPLETE,0.573
V0044,WF,dcc7afb706a846d6,RELAY,site_all,mid,9,CHANCE,NO_EFFECT_REL,12,0.5659163987138264,NO_EFFECT_REL,NO_EFFECT_REL,123,DETERMINED,NO_EFFECT_REL,NO_EFFECT_REL,NO_EFFECT_REL,PARTIAL,0.647
V0045,WF,dcc7afb706a846d6,RELAY,channel_all,mid,9,CHANCE,FLIP_REL,12,-0.5659163987138264,FLIP_REL,FLIP_REL,123,DETERMINED,FLIP_REL,FLIP_REL,FLIP_REL,PARTIAL,0.647
V0046,WF,dcc7afb706a846d6,RELAY,channel_content,mid,9,CHANCE,FLIP_REL,12,-0.5841371918542339,FLIP_REL,FLIP_REL,123,DETERMINED,FLIP_REL,FLIP_REL,FLIP_REL,PARTIAL,0.647
V0047,WF,dcc7afb706a846d6,RELAY,pay0,mid,9,CHANCE,FLIP_REL,12,-0.5841371918542339,FLIP_REL,FLIP_REL,123,DETERMINED,FLIP_REL,FLIP_REL,FLIP_REL,PARTIAL,0.647
V0048,WF,dcc7afb706a846d6,RELAY,site_all,late,15,CHANCE,CHANCE_REL,12,-0.4678456591639871,CHANCE_REL,CHANCE_REL,37,DETERMINED,CHANCE_REL,CHANCE_REL,CHANCE_REL,PARTIAL,0.647
V0049,WF,dcc7afb706a846d6,RELAY,channel_all,late,15,CHANCE,CHANCE_REL,12,0.4678456591639871,CHANCE_REL,CHANCE_REL,37,DETERMINED,CHANCE_REL,CHANCE_REL,CHANCE_REL,PARTIAL,0.647
V0050,WF,dcc7afb706a846d6,RELAY,site_all,pre,-1,NO-EFFECT,NO_EFFECT_REL,11,0.7714109673444237,NO_EFFECT_REL,NO_EFFECT_REL,123,DETERMINED,NO_EFFECT_REL,NO_EFFECT_REL,NO_EFFECT_REL,PARTIAL,0.639
V0051,WF,dcc7afb706a846d6,RELAY,channel_all,pre,-1,NO-EFFECT,NO_EFFECT_REL,11,0.7356746765249537,NO_EFFECT_REL,NO_EFFECT_REL,123,DETERMINED,NO_EFFECT_REL,NO_EFFECT_REL,NO_EFFECT_REL,PARTIAL,0.639
V0052,WF,62062b100b757168,RELAY,channel_all,mid,3,CHANCE,FLIP_REL,12,-1.0000000000000009,FLIP_REL,NOT_ELIGIBLE,123,DETERMINED,FLIP_REL,FLIP_REL,NOT_ELIGIBLE,COMPLETE,0.563
V0053,WF,62062b100b757168,RELAY,channel_count,mid,3,CHANCE,FLIP_REL,12,-1.0000000000000009,FLIP_REL,NOT_ELIGIBLE,123,DETERMINED,FLIP_REL,FLIP_REL,NOT_ELIGIBLE,COMPLETE,0.563
V0054,WF,62062b100b757168,RELAY,channel_all,late,3,CHANCE,FLIP_REL,12,-1.0000000000000009,FLIP_REL,NOT_ELIGIBLE,123,DETERMINED,FLIP_REL,FLIP_REL,NOT_ELIGIBLE,COMPLETE,0.563
V0055,WF,62062b100b757168,RELAY,joint,mid,3,CHANCE,FLIP_REL,12,-1.0000000000000009,FLIP_REL,NOT_ELIGIBLE,123,DETERMINED,FLIP_REL,FLIP_REL,NOT_ELIGIBLE,COMPLETE,0.563
V0056,WF,62a7fff921ca3bd8,RELAY,channel_all,mid,5,CHANCE,CHANCE_REL,12,0.4231354642313546,CHANCE_REL,CHANCE_REL,123,DETERMINED,CHANCE_REL,CHANCE_REL,CHANCE_REL,PARTIAL,0.805
V0057,WF,62a7fff921ca3bd8,RELAY,channel_content,mid,5,CHANCE,CHANCE_REL,12,0.4231354642313546,CHANCE_REL,CHANCE_REL,123,DETERMINED,CHANCE_REL,CHANCE_REL,CHANCE_REL,PARTIAL,0.805
V0058,WF,62a7fff921ca3bd8,RELAY,pay1,mid,5,CHANCE,CHANCE_REL,12,0.4231354642313546,CHANCE_REL,CHANCE_REL,123,DETERMINED,CHANCE_REL,CHANCE_REL,CHANCE_REL,PARTIAL,0.805
V0059,WF,bf82cb29e967a489,RELAY,site_all,late,7,FLIP,FLIP_REL,12,-0.7265246853823814,FLIP_REL,FLIP_REL,123,DETERMINED,FLIP_REL,FLIP_REL,FLIP_REL,PARTIAL,0.662
V0060,WF,bf82cb29e967a489,RELAY,channel_all,late,7,NO-EFFECT,NO_EFFECT_REL,12,0.7265246853823814,NO_EFFECT_REL,NO_EFFECT_REL,123,DETERMINED,NO_EFFECT_REL,NO_EFFECT_REL,NO_EFFECT_REL,PARTIAL,0.662
V0061,WF,bbef66a1ee9558ac,RELAY,channel_all,mid,9,CHANCE,INDETERMINATE,12,0.5023060796645704,INDETERMINATE,INDETERMINATE,123,DETERMINED,INDETERMINATE,INDETERMINATE,INDETERMINATE,PARTIAL,0.878
V0062,WF,bbef66a1ee9558ac,RELAY,channel_content,mid,9,CHANCE,INDETERMINATE,12,0.5023060796645704,INDETERMINATE,INDETERMINATE,123,DETERMINED,INDETERMINATE,INDETERMINATE,INDETERMINATE,PARTIAL,0.878
V0063,WF,bbef66a1ee9558ac,RELAY,pay0,mid,9,CHANCE,INDETERMINATE,12,0.5023060796645704,INDETERMINATE,INDETERMINATE,123,DETERMINED,INDETERMINATE,INDETERMINATE,INDETERMINATE,PARTIAL,0.878
V0064,WF,bbef66a1ee9558ac,RELAY,channel_all,late,15,CHANCE,INDETERMINATE,12,0.4939203354297692,INDETERMINATE,INDETERMINATE,123,DETERMINED,INDETERMINATE,INDETERMINATE,INDETERMINATE,PARTIAL,0.878
V0065,WF,046d7c303740e9da,RELAY,channel_all,mid,9,CHANCE,CHANCE_REL,12,-0.35344827586206895,CHANCE_REL,NOT_ELIGIBLE,123,DETERMINED,CHANCE_REL,CHANCE_REL,NOT_ELIGIBLE,PARTIAL,0.575
V0066,WF,046d7c303740e9da,RELAY,channel_count,mid,9,CHANCE,CHANCE_REL,12,-0.15517241379310345,CHANCE_REL,NOT_ELIGIBLE,123,DETERMINED,CHANCE_REL,CHANCE_REL,NOT_ELIGIBLE,PARTIAL,0.575
V0067,WF,046d7c303740e9da,RELAY,site_all,late,15,CHANCE,CHANCE_REL,12,-0.3295019157088125,CHANCE_REL,NOT_ELIGIBLE,123,DETERMINED,CHANCE_REL,CHANCE_REL,NOT_ELIGIBLE,PARTIAL,0.575
V0068,WF,046d7c303740e9da,RELAY,channel_all,late,15,CHANCE,CHANCE_REL,12,0.32950191570881315,CHANCE_REL,NOT_ELIGIBLE,123,DETERMINED,CHANCE_REL,CHANCE_REL,NOT_ELIGIBLE,PARTIAL,0.575
V0069,WF,046d7c303740e9da,RELAY,joint,mid,9,CHANCE,FLIP_REL,12,-1.0,FLIP_REL,NOT_ELIGIBLE,123,DETERMINED,FLIP_REL,FLIP_REL,FLIP_REL,COMPLETE,0.575
V0070,WF,8ccf6c723ec57b3d,MAJ,channel_all,mid,3,CHANCE,FLIP_REL,12,-1.0009813542688901,FLIP_REL,NOT_ELIGIBLE,123,DETERMINED,FLIP_REL,FLIP_REL,FLIP_REL,COMPLETE,0.576
V0071,WF,8ccf6c723ec57b3d,MAJ,channel_content,mid,3,CHANCE,FLIP_REL,12,-1.0009813542688901,FLIP_REL,NOT_ELIGIBLE,123,DETERMINED,FLIP_REL,FLIP_REL,FLIP_REL,COMPLETE,0.576
V0072,WF,8ccf6c723ec57b3d,MAJ,pay0,mid,3,CHANCE,FLIP_REL,12,-1.0009813542688901,FLIP_REL,NOT_ELIGIBLE,123,DETERMINED,FLIP_REL,FLIP_REL,FLIP_REL,COMPLETE,0.576
V0073,WF,8ccf6c723ec57b3d,MAJ,channel_all,late,3,CHANCE,FLIP_REL,12,-1.0009813542688901,FLIP_REL,NOT_ELIGIBLE,123,DETERMINED,FLIP_REL,FLIP_REL,FLIP_REL,COMPLETE,0.576
V0074,WF,8ccf6c723ec57b3d,MAJ,joint,mid,3,CHANCE,FLIP_REL,12,-0.9999999999999993,FLIP_REL,NOT_ELIGIBLE,123,DETERMINED,FLIP_REL,FLIP_REL,FLIP_REL,COMPLETE,0.576
V0075,WF,88f94654d171e95e,MAJ,channel_all,mid,3,FLIP,FLIP_REL,12,-0.9973992197659295,FLIP_REL,FLIP_REL,123,DETERMINED,FLIP_REL,FLIP_REL,FLIP_REL,COMPLETE,0.611
V0076,WF,88f94654d171e95e,MAJ,channel_content,mid,3,FLIP,FLIP_REL,12,-0.9973992197659295,FLIP_REL,FLIP_REL,123,DETERMINED,FLIP_REL,FLIP_REL,FLIP_REL,COMPLETE,0.611
V0077,WF,88f94654d171e95e,MAJ,pay1,mid,3,FLIP,FLIP_REL,12,-0.9973992197659295,FLIP_REL,FLIP_REL,123,DETERMINED,FLIP_REL,FLIP_REL,FLIP_REL,COMPLETE,0.611
V0078,WF,88f94654d171e95e,MAJ,channel_all,late,3,FLIP,FLIP_REL,12,-0.9973992197659295,FLIP_REL,FLIP_REL,123,DETERMINED,FLIP_REL,FLIP_REL,FLIP_REL,COMPLETE,0.611
V0079,WF,88f94654d171e95e,MAJ,joint,mid,3,FLIP,FLIP_REL,12,-0.9999999999999996,FLIP_REL,FLIP_REL,123,DETERMINED,FLIP_REL,FLIP_REL,FLIP_REL,COMPLETE,0.611
V0080,WF,3c3d996aa4ea15c7,MAJ,channel_all,mid,5,CHANCE,FLIP_REL,12,-0.9999999999999992,FLIP_REL,NOT_ELIGIBLE,123,DETERMINED,FLIP_REL,FLIP_REL,NOT_ELIGIBLE,COMPLETE,0.564
V0081,WF,3c3d996aa4ea15c7,MAJ,channel_count,mid,5,CHANCE,INDETERMINATE,12,-0.49263873159682875,NOT_ELIGIBLE,NOT_ELIGIBLE,123,DETERMINED,INDETERMINATE,NOT_ELIGIBLE,NOT_ELIGIBLE,PARTIAL,0.564
V0082,WF,3c3d996aa4ea15c7,MAJ,site_all,late,7,CHANCE,FLIP_REL,12,-0.9999999999999992,FLIP_REL,NOT_ELIGIBLE,123,DETERMINED,FLIP_REL,FLIP_REL,NOT_ELIGIBLE,COMPLETE,0.564
V0083,WF,3c3d996aa4ea15c7,MAJ,joint,mid,5,CHANCE,FLIP_REL,12,-0.9999999999999992,FLIP_REL,NOT_ELIGIBLE,123,DETERMINED,FLIP_REL,FLIP_REL,NOT_ELIGIBLE,COMPLETE,0.564
V0084,WF,e341694d05b42dbb,MAJ,channel_all,mid,5,CHANCE,FLIP_REL,12,-1.0,FLIP_REL,NOT_ELIGIBLE,123,DETERMINED,FLIP_REL,FLIP_REL,NOT_ELIGIBLE,COMPLETE,0.566
V0085,WF,e341694d05b42dbb,MAJ,channel_count,mid,5,CHANCE,FLIP_REL,12,-1.0,FLIP_REL,NOT_ELIGIBLE,123,DETERMINED,FLIP_REL,FLIP_REL,NOT_ELIGIBLE,COMPLETE,0.566
V0086,WF,e341694d05b42dbb,MAJ,site_all,late,7,CHANCE,FLIP_REL,12,-1.0,FLIP_REL,NOT_ELIGIBLE,123,DETERMINED,FLIP_REL,FLIP_REL,NOT_ELIGIBLE,COMPLETE,0.566
V0087,WF,e341694d05b42dbb,MAJ,joint,mid,5,CHANCE,FLIP_REL,12,-1.0,FLIP_REL,NOT_ELIGIBLE,123,DETERMINED,FLIP_REL,FLIP_REL,NOT_ELIGIBLE,COMPLETE,0.566
V0088,WF,83d9d7b50cb7e409,HOLD,site_all,mid,6,FLIP,FLIP_REL,12,-1.0000000000000007,FLIP_REL,FLIP_REL,123,DETERMINED,FLIP_REL,FLIP_REL,FLIP_REL,COMPLETE,0.629
V0089,WF,83d9d7b50cb7e409,HOLD,site_all,late,9,FLIP,FLIP_REL,12,-1.0000000000000007,FLIP_REL,FLIP_REL,123,DETERMINED,FLIP_REL,FLIP_REL,FLIP_REL,COMPLETE,0.629
V0090,WF,83d9d7b50cb7e409,HOLD,joint,mid,6,FLIP,FLIP_REL,12,-1.0000000000000007,FLIP_REL,FLIP_REL,123,DETERMINED,FLIP_REL,FLIP_REL,FLIP_REL,COMPLETE,0.629
V0091,WF,1d88af703d4dab91,RELAY,site_all,mid,3,CHANCE,CHANCE_REL,12,0.27478260869565246,CHANCE_REL,CHANCE_REL,123,DETERMINED,CHANCE_REL,CHANCE_REL,CHANCE_REL,PARTIAL,0.677
V0092,WF,1d88af703d4dab91,RELAY,channel_all,mid,3,CHANCE,CHANCE_REL,12,-0.27478260869565185,CHANCE_REL,CHANCE_REL,123,DETERMINED,CHANCE_REL,CHANCE_REL,CHANCE_REL,PARTIAL,0.677
V0093,WF,1d88af703d4dab91,RELAY,channel_count,mid,3,CHANCE,CHANCE_REL,12,-0.27478260869565185,CHANCE_REL,CHANCE_REL,123,DETERMINED,CHANCE_REL,CHANCE_REL,CHANCE_REL,PARTIAL,0.677
V0094,WF,1d88af703d4dab91,RELAY,site_all,late,3,CHANCE,CHANCE_REL,12,0.27478260869565246,CHANCE_REL,CHANCE_REL,123,DETERMINED,CHANCE_REL,CHANCE_REL,CHANCE_REL,PARTIAL,0.677
V0095,WF,1d88af703d4dab91,RELAY,channel_all,late,3,CHANCE,CHANCE_REL,12,-0.27478260869565185,CHANCE_REL,CHANCE_REL,123,DETERMINED,CHANCE_REL,CHANCE_REL,CHANCE_REL,PARTIAL,0.677
V0096,WF,a8544b2d21f40659,RELAY,channel_all,mid,3,CHANCE,FLIP_REL,12,-0.6752411575562701,FLIP_REL,NOT_ELIGIBLE,123,DETERMINED,FLIP_REL,FLIP_REL,FLIP_REL,PARTIAL,0.571
V0097,WF,a8544b2d21f40659,RELAY,channel_count,mid,3,CHANCE,FLIP_REL,12,-0.6752411575562701,FLIP_REL,NOT_ELIGIBLE,123,DETERMINED,FLIP_REL,FLIP_REL,FLIP_REL,PARTIAL,0.571
V0098,WF,a8544b2d21f40659,RELAY,channel_all,late,3,CHANCE,FLIP_REL,12,-0.6752411575562701,FLIP_REL,NOT_ELIGIBLE,123,DETERMINED,FLIP_REL,FLIP_REL,FLIP_REL,PARTIAL,0.571
V0099,WF,a8544b2d21f40659,RELAY,joint,mid,3,CHANCE,FLIP_REL,12,-1.0,FLIP_REL,NOT_ELIGIBLE,123,DETERMINED,FLIP_REL,FLIP_REL,FLIP_REL,COMPLETE,0.571
V0100,WF,8a8e65ad57ccf99b,RELAY,channel_all,mid,3,FLIP,FLIP_REL,12,-1.0,FLIP_REL,FLIP_REL,123,DETERMINED,FLIP_REL,FLIP_REL,FLIP_REL,COMPLETE,0.603
V0101,WF,8a8e65ad57ccf99b,RELAY,channel_content,mid,3,FLIP,FLIP_REL,12,-1.0,FLIP_REL,FLIP_REL,123,DETERMINED,FLIP_REL,FLIP_REL,FLIP_REL,COMPLETE,0.603
V0102,WF,8a8e65ad57ccf99b,RELAY,pay1,mid,3,FLIP,FLIP_REL,12,-1.0,FLIP_REL,FLIP_REL,123,DETERMINED,FLIP_REL,FLIP_REL,FLIP_REL,COMPLETE,0.603
V0103,WF,8a8e65ad57ccf99b,RELAY,channel_all,late,3,FLIP,FLIP_REL,12,-1.0,FLIP_REL,FLIP_REL,123,DETERMINED,FLIP_REL,FLIP_REL,FLIP_REL,COMPLETE,0.603
V0104,WF,8a8e65ad57ccf99b,RELAY,joint,mid,3,FLIP,FLIP_REL,12,-1.0,FLIP_REL,FLIP_REL,123,DETERMINED,FLIP_REL,FLIP_REL,FLIP_REL,COMPLETE,0.603
V0105,WF,4781b0a172b6dc3c,MAJ,site_all,mid,9,CHANCE,CHANCE_REL,12,0.1421568627450979,CHANCE_REL,CHANCE_REL,123,DETERMINED,CHANCE_REL,CHANCE_REL,CHANCE_REL,PARTIAL,0.748
V0106,WF,4781b0a172b6dc3c,MAJ,channel_all,mid,9,CHANCE,CHANCE_REL,12,-0.14215686274509812,CHANCE_REL,CHANCE_REL,123,DETERMINED,CHANCE_REL,CHANCE_REL,CHANCE_REL,PARTIAL,0.748
V0107,WF,4781b0a172b6dc3c,MAJ,channel_content,mid,9,CHANCE,CHANCE_REL,12,-0.14215686274509812,CHANCE_REL,CHANCE_REL,123,DETERMINED,CHANCE_REL,CHANCE_REL,CHANCE_REL,PARTIAL,0.748
V0108,WF,4781b0a172b6dc3c,MAJ,pay1,mid,9,CHANCE,CHANCE_REL,12,-0.14215686274509812,CHANCE_REL,CHANCE_REL,123,DETERMINED,CHANCE_REL,CHANCE_REL,CHANCE_REL,PARTIAL,0.748
V0109,WF,4781b0a172b6dc3c,MAJ,site_all,late,15,FLIP,INDETERMINATE,12,-0.5036764705882353,INDETERMINATE,INDETERMINATE,123,DETERMINED,INDETERMINATE,INDETERMINATE,INDETERMINATE,PARTIAL,0.748
V0110,WF,4781b0a172b6dc3c,MAJ,channel_all,late,15,CHANCE,INDETERMINATE,12,0.5036764705882353,INDETERMINATE,INDETERMINATE,123,DETERMINED,INDETERMINATE,INDETERMINATE,INDETERMINATE,PARTIAL,0.748
V0111,WF,e06701a5e70bb7c2,RELAY,site_all,mid,5,CHANCE,CHANCE_REL,12,-0.42842535787321084,CHANCE_REL,CHANCE_REL,103,AMBIGUOUS,CHANCE_REL|INDETERMINATE,CHANCE_REL|INDETERMINATE,CHANCE_REL|INDETERMINATE,PARTIAL,0.649
V0112,WF,e06701a5e70bb7c2,RELAY,channel_all,mid,5,CHANCE,CHANCE_REL,12,0.4284253578732102,CHANCE_REL,CHANCE_REL,103,AMBIGUOUS,CHANCE_REL|INDETERMINATE,CHANCE_REL|INDETERMINATE,CHANCE_REL|INDETERMINATE,PARTIAL,0.649
V0113,WF,e06701a5e70bb7c2,RELAY,channel_count,mid,5,CHANCE,CHANCE_REL,12,0.4284253578732102,CHANCE_REL,CHANCE_REL,103,AMBIGUOUS,CHANCE_REL|INDETERMINATE,CHANCE_REL|INDETERMINATE,CHANCE_REL|INDETERMINATE,PARTIAL,0.649
V0114,WF,72dd71d8028cf759,RELAY,channel_all,mid,5,CHANCE,INDETERMINATE,12,0.47910182303245874,INDETERMINATE,INDETERMINATE,120,DETERMINED,INDETERMINATE,INDETERMINATE,INDETERMINATE,PARTIAL,0.855
V0115,WF,72dd71d8028cf759,RELAY,channel_content,mid,5,CHANCE,INDETERMINATE,12,0.47910182303245874,INDETERMINATE,INDETERMINATE,120,DETERMINED,INDETERMINATE,INDETERMINATE,INDETERMINATE,PARTIAL,0.855
V0116,WF,72dd71d8028cf759,RELAY,pay0,mid,5,CHANCE,INDETERMINATE,12,0.47910182303245874,INDETERMINATE,INDETERMINATE,120,DETERMINED,INDETERMINATE,INDETERMINATE,INDETERMINATE,PARTIAL,0.855
V0117,WF,e9196cae3d7537f1,RELAY,channel_all,mid,5,CHANCE,INDETERMINATE,12,0.4760185662712735,INDETERMINATE,INDETERMINATE,113,DETERMINED,INDETERMINATE,INDETERMINATE,INDETERMINATE,PARTIAL,0.805
V0118,WF,e9196cae3d7537f1,RELAY,channel_content,mid,5,CHANCE,INDETERMINATE,12,0.4760185662712735,INDETERMINATE,INDETERMINATE,113,DETERMINED,INDETERMINATE,INDETERMINATE,INDETERMINATE,PARTIAL,0.805
V0119,WF,e9196cae3d7537f1,RELAY,pay0,mid,5,CHANCE,INDETERMINATE,12,0.4760185662712735,INDETERMINATE,INDETERMINATE,113,DETERMINED,INDETERMINATE,INDETERMINATE,INDETERMINATE,PARTIAL,0.805
V0120,WF,8743da7f1f62947d,MAJ,channel_all,mid,9,FLIP,FLIP_REL,12,-0.9085133418043199,FLIP_REL,FLIP_REL,123,DETERMINED,FLIP_REL,FLIP_REL,FLIP_REL,COMPLETE|PARTIAL,0.62
V0121,WF,8743da7f1f62947d,MAJ,channel_content,mid,9,CHANCE,FLIP_REL,12,-0.767471410419314,FLIP_REL,FLIP_REL,123,DETERMINED,FLIP_REL,FLIP_REL,FLIP_REL,PARTIAL,0.62
V0122,WF,8743da7f1f62947d,MAJ,pay0,mid,9,CHANCE,FLIP_REL,12,-0.767471410419314,FLIP_REL,FLIP_REL,123,DETERMINED,FLIP_REL,FLIP_REL,FLIP_REL,PARTIAL,0.62
V0123,WF,8743da7f1f62947d,MAJ,site_all,late,15,CHANCE,INDETERMINATE,12,-0.5222363405336719,INDETERMINATE,INDETERMINATE,122,DETERMINED,INDETERMINATE,INDETERMINATE,INDETERMINATE,PARTIAL,0.62
V0124,WF,e2fa053169f5f890,HOLD,site_all,mid,10,FLIP,FLIP_REL,12,-1.027761013880507,FLIP_REL,FLIP_REL,123,DETERMINED,FLIP_REL,FLIP_REL,FLIP_REL,COMPLETE|OVERSHOOT,0.616
V0125,WF,e2fa053169f5f890,HOLD,site_all,late,17,FLIP,FLIP_REL,12,-0.9999999999999996,FLIP_REL,FLIP_REL,123,DETERMINED,FLIP_REL,FLIP_REL,FLIP_REL,COMPLETE,0.616
V0126,WF,e2fa053169f5f890,HOLD,joint,mid,10,FLIP,FLIP_REL,12,-1.0295715147857571,FLIP_REL,FLIP_REL,123,DETERMINED,FLIP_REL,FLIP_REL,FLIP_REL,COMPLETE|OVERSHOOT,0.616
V0127,WF,9dd25cb21750f3c5,HOLD,site_all,mid,10,FLIP,FLIP_REL,12,-1.0,FLIP_REL,FLIP_REL,123,DETERMINED,FLIP_REL,FLIP_REL,FLIP_REL,COMPLETE,0.633
V0128,WF,9dd25cb21750f3c5,HOLD,site_all,late,17,FLIP,FLIP_REL,12,-1.0,FLIP_REL,FLIP_REL,123,DETERMINED,FLIP_REL,FLIP_REL,FLIP_REL,COMPLETE,0.633
V0129,WF,9dd25cb21750f3c5,HOLD,joint,mid,10,FLIP,FLIP_REL,12,-1.0,FLIP_REL,FLIP_REL,123,DETERMINED,FLIP_REL,FLIP_REL,FLIP_REL,COMPLETE,0.633
V0130,WF,0017d8ccce60da90,HOLD,site_all,mid,4,FLIP,FLIP_REL,12,-0.9855832241153344,FLIP_REL,FLIP_REL,123,DETERMINED,FLIP_REL,FLIP_REL,FLIP_REL,COMPLETE|PARTIAL,0.61
V0131,WF,0017d8ccce60da90,HOLD,site_all,late,5,FLIP,FLIP_REL,12,-1.0,FLIP_REL,FLIP_REL,123,DETERMINED,FLIP_REL,FLIP_REL,FLIP_REL,COMPLETE,0.61
V0132,WF,0017d8ccce60da90,HOLD,joint,mid,4,FLIP,FLIP_REL,12,-0.9855832241153344,FLIP_REL,FLIP_REL,123,DETERMINED,FLIP_REL,FLIP_REL,FLIP_REL,COMPLETE|PARTIAL,0.61
V0133,WF,884a64df866756b0,RELAY,site_all,mid,9,CHANCE,FLIP_REL,12,-0.6862539349422868,FLIP_REL,NOT_ELIGIBLE,123,DETERMINED,FLIP_REL,FLIP_REL,FLIP_REL|NOT_ELIGIBLE,PARTIAL,0.569
V0134,WF,884a64df866756b0,RELAY,site_all,late,15,CHANCE,FLIP_REL,12,-0.9999999999999986,FLIP_REL,NOT_ELIGIBLE,123,DETERMINED,FLIP_REL,FLIP_REL,FLIP_REL|NOT_ELIGIBLE,COMPLETE,0.569
V0135,WF,884a64df866756b0,RELAY,joint,mid,9,CHANCE,FLIP_REL,12,-0.9999999999999986,FLIP_REL,NOT_ELIGIBLE,123,DETERMINED,FLIP_REL,FLIP_REL,FLIP_REL|NOT_ELIGIBLE,COMPLETE,0.569
V0136,WF,faafa5b049e1d4b4,HOLD,site_all,mid,10,CHANCE,FLIP_REL,12,-0.9940374787052807,FLIP_REL,FLIP_REL,123,DETERMINED,FLIP_REL,FLIP_REL,FLIP_REL,COMPLETE|PARTIAL,0.584
V0137,WF,faafa5b049e1d4b4,HOLD,site_all,late,17,CHANCE,FLIP_REL,12,-0.9999999999999994,FLIP_REL,FLIP_REL,123,DETERMINED,FLIP_REL,FLIP_REL,FLIP_REL,COMPLETE,0.584
V0138,WF,faafa5b049e1d4b4,HOLD,joint,mid,10,CHANCE,FLIP_REL,12,-0.9940374787052807,FLIP_REL,FLIP_REL,123,DETERMINED,FLIP_REL,FLIP_REL,FLIP_REL,COMPLETE|PARTIAL,0.584
V0139,WF,57650798bada0219,MAJ,channel_all,mid,3,FLIP,FLIP_REL,12,-1.0012391573729862,FLIP_REL,FLIP_REL,123,DETERMINED,FLIP_REL,FLIP_REL,FLIP_REL,COMPLETE|OVERSHOOT,0.618
V0140,WF,57650798bada0219,MAJ,channel_content,mid,3,FLIP,FLIP_REL,12,-1.0012391573729862,FLIP_REL,FLIP_REL,123,DETERMINED,FLIP_REL,FLIP_REL,FLIP_REL,COMPLETE|OVERSHOOT,0.618
V0141,WF,57650798bada0219,MAJ,pay0,mid,3,FLIP,FLIP_REL,12,-1.0012391573729862,FLIP_REL,FLIP_REL,123,DETERMINED,FLIP_REL,FLIP_REL,FLIP_REL,COMPLETE|OVERSHOOT,0.618
V0142,WF,57650798bada0219,MAJ,channel_all,late,3,FLIP,FLIP_REL,12,-1.0012391573729862,FLIP_REL,FLIP_REL,123,DETERMINED,FLIP_REL,FLIP_REL,FLIP_REL,COMPLETE|OVERSHOOT,0.618
V0143,WF,57650798bada0219,MAJ,joint,mid,3,FLIP,FLIP_REL,12,-1.0,FLIP_REL,FLIP_REL,123,DETERMINED,FLIP_REL,FLIP_REL,FLIP_REL,COMPLETE,0.618
V0144,WF,86fc01052c666646,RELAY,site_all,mid,9,NO-EFFECT,NO_EFFECT_REL,12,0.6566217287866777,NO_EFFECT_REL,NO_EFFECT_REL,123,DETERMINED,NO_EFFECT_REL,NO_EFFECT_REL,NO_EFFECT_REL,PARTIAL,0.595
V0145,WF,86fc01052c666646,RELAY,channel_all,mid,9,CHANCE,FLIP_REL,12,-0.6566217287866777,FLIP_REL,FLIP_REL,123,DETERMINED,FLIP_REL,FLIP_REL,FLIP_REL,PARTIAL,0.595
V0146,WF,86fc01052c666646,RELAY,channel_content,mid,9,CHANCE,FLIP_REL,12,-0.6582077716098336,FLIP_REL,FLIP_REL,123,DETERMINED,FLIP_REL,FLIP_REL,FLIP_REL,PARTIAL,0.595
V0147,WF,86fc01052c666646,RELAY,pay0,mid,9,CHANCE,FLIP_REL,12,-0.6962727993655831,FLIP_REL,FLIP_REL,123,DETERMINED,FLIP_REL,FLIP_REL,FLIP_REL,PARTIAL,0.595
V0148,WF,86fc01052c666646,RELAY,site_all,late,15,CHANCE,CHANCE_REL,12,-0.4250594766058683,CHANCE_REL,CHANCE_REL,53,DETERMINED,CHANCE_REL,CHANCE_REL,CHANCE_REL,PARTIAL,0.595
V0149,WF,86fc01052c666646,RELAY,channel_all,late,15,CHANCE,CHANCE_REL,12,0.4250594766058683,CHANCE_REL,CHANCE_REL,53,DETERMINED,CHANCE_REL,CHANCE_REL,CHANCE_REL,PARTIAL,0.595
V0150,WF,86fc01052c666646,RELAY,joint,mid,9,CHANCE,FLIP_REL,12,-1.000000000000001,FLIP_REL,FLIP_REL,123,DETERMINED,FLIP_REL,FLIP_REL,FLIP_REL,COMPLETE,0.595
V0151,WF,7ca102eb518ac124,HOLD,site_all,mid,10,FLIP,FLIP_REL,12,-1.073580533024334,FLIP_REL,FLIP_REL,123,DETERMINED,FLIP_REL,FLIP_REL,FLIP_REL,COMPLETE|OVERSHOOT,0.615
V0152,WF,7ca102eb518ac124,HOLD,site_all,late,17,FLIP,FLIP_REL,12,-1.0000000000000009,FLIP_REL,FLIP_REL,123,DETERMINED,FLIP_REL,FLIP_REL,FLIP_REL,COMPLETE,0.615
V0153,WF,7ca102eb518ac124,HOLD,joint,mid,10,FLIP,FLIP_REL,12,-1.073580533024334,FLIP_REL,FLIP_REL,123,DETERMINED,FLIP_REL,FLIP_REL,FLIP_REL,COMPLETE|OVERSHOOT,0.615
V0154,WF,fded16810c3b6236,MAJ,channel_all,mid,5,CHANCE,FLIP_REL,12,-1.0,FLIP_REL,NOT_ELIGIBLE,123,DETERMINED,FLIP_REL,FLIP_REL,NOT_ELIGIBLE,COMPLETE,0.559
V0155,WF,fded16810c3b6236,MAJ,channel_count,mid,5,CHANCE,FLIP_REL,12,-1.0,FLIP_REL,NOT_ELIGIBLE,123,DETERMINED,FLIP_REL,FLIP_REL,NOT_ELIGIBLE,COMPLETE,0.559
V0156,WF,fded16810c3b6236,MAJ,site_all,late,7,CHANCE,FLIP_REL,12,-1.0,FLIP_REL,NOT_ELIGIBLE,123,DETERMINED,FLIP_REL,FLIP_REL,NOT_ELIGIBLE,COMPLETE,0.559
V0157,WF,fded16810c3b6236,MAJ,joint,mid,5,CHANCE,FLIP_REL,12,-1.0,FLIP_REL,NOT_ELIGIBLE,123,DETERMINED,FLIP_REL,FLIP_REL,NOT_ELIGIBLE,COMPLETE,0.559
V0158,WF,925caa3a48964717,RELAY,channel_all,mid,9,CHANCE,FLIP_REL,12,-1.0,FLIP_REL,NOT_ELIGIBLE,123,DETERMINED,FLIP_REL,FLIP_REL,FLIP_REL,COMPLETE,0.576
V0159,WF,925caa3a48964717,RELAY,channel_content,mid,9,CHANCE,FLIP_REL,12,-0.998106060606061,FLIP_REL,NOT_ELIGIBLE,123,DETERMINED,FLIP_REL,FLIP_REL,FLIP_REL,COMPLETE,0.576
V0160,WF,925caa3a48964717,RELAY,pay1,mid,9,CHANCE,FLIP_REL,12,-1.0,FLIP_REL,NOT_ELIGIBLE,123,DETERMINED,FLIP_REL,FLIP_REL,FLIP_REL,COMPLETE,0.576
V0161,WF,925caa3a48964717,RELAY,channel_all,late,15,CHANCE,FLIP_REL,12,-1.0,FLIP_REL,NOT_ELIGIBLE,123,DETERMINED,FLIP_REL,FLIP_REL,FLIP_REL,COMPLETE,0.576
V0162,WF,925caa3a48964717,RELAY,joint,mid,9,CHANCE,FLIP_REL,12,-1.0,FLIP_REL,NOT_ELIGIBLE,123,DETERMINED,FLIP_REL,FLIP_REL,FLIP_REL,COMPLETE,0.576
V0163,WF,b4e404f606bd2bb8,HOLD,site_all,mid,6,FLIP,FLIP_REL,12,-0.9904363419007776,FLIP_REL,FLIP_REL,123,DETERMINED,FLIP_REL,FLIP_REL,FLIP_REL,COMPLETE|PARTIAL,0.612
V0164,WF,b4e404f606bd2bb8,HOLD,site_all,late,9,FLIP,FLIP_REL,12,-0.9976090854751948,FLIP_REL,FLIP_REL,123,DETERMINED,FLIP_REL,FLIP_REL,FLIP_REL,COMPLETE,0.612
V0165,WF,b4e404f606bd2bb8,HOLD,joint,mid,6,FLIP,FLIP_REL,12,-0.9982068141063961,FLIP_REL,FLIP_REL,123,DETERMINED,FLIP_REL,FLIP_REL,FLIP_REL,COMPLETE,0.612
V0166,WF,4ecdfb3f4f9bad5a,MAJ,channel_all,mid,5,CHANCE,FLIP_REL,12,-0.6267232237539773,FLIP_REL,NOT_ELIGIBLE,76,AMBIGUOUS,FLIP_REL|INDETERMINATE,FLIP_REL|INDETERMINATE|NOT_ELIGIBLE,FLIP_REL|INDETERMINATE|NOT_ELIGIBLE,PARTIAL,0.569
V0167,WF,4ecdfb3f4f9bad5a,MAJ,channel_content,mid,5,CHANCE,CHANCE_REL,12,0.10922587486744491,CHANCE_REL,NOT_ELIGIBLE,123,DETERMINED,CHANCE_REL,CHANCE_REL,NOT_ELIGIBLE,PARTIAL,0.569
V0168,WF,4ecdfb3f4f9bad5a,MAJ,pay0,mid,5,CHANCE,CHANCE_REL,12,0.10922587486744491,CHANCE_REL,NOT_ELIGIBLE,123,DETERMINED,CHANCE_REL,CHANCE_REL,NOT_ELIGIBLE,PARTIAL,0.569
V0169,WF,4ecdfb3f4f9bad5a,MAJ,site_all,late,7,CHANCE,FLIP_REL,12,-0.9660657476139991,FLIP_REL,NOT_ELIGIBLE,123,DETERMINED,FLIP_REL,FLIP_REL,FLIP_REL|NOT_ELIGIBLE,COMPLETE|PARTIAL,0.569
V0170,WF,4ecdfb3f4f9bad5a,MAJ,joint,mid,5,CHANCE,FLIP_REL,12,-1.0000000000000016,FLIP_REL,NOT_ELIGIBLE,123,DETERMINED,FLIP_REL,FLIP_REL,FLIP_REL|NOT_ELIGIBLE,COMPLETE,0.569
V0171,WF,95649e2c29e72d45,RELAY,site_all,mid,9,CHANCE,CHANCE_REL,12,-0.41215868109222065,CHANCE_REL,CHANCE_REL,123,DETERMINED,CHANCE_REL,CHANCE_REL,CHANCE_REL,PARTIAL,0.652
V0172,WF,95649e2c29e72d45,RELAY,channel_all,mid,9,CHANCE,CHANCE_REL,12,0.412158681092221,CHANCE_REL,CHANCE_REL,123,DETERMINED,CHANCE_REL,CHANCE_REL,CHANCE_REL,PARTIAL,0.652
V0173,WF,95649e2c29e72d45,RELAY,channel_content,mid,9,CHANCE,NO_EFFECT_REL,12,0.546625450798558,NO_EFFECT_REL,NO_EFFECT_REL,40,DETERMINED,NO_EFFECT_REL,NO_EFFECT_REL,NO_EFFECT_REL,PARTIAL,0.652
V0174,WF,95649e2c29e72d45,RELAY,pay0,mid,9,CHANCE,NO_EFFECT_REL,12,0.546625450798558,NO_EFFECT_REL,NO_EFFECT_REL,40,DETERMINED,NO_EFFECT_REL,NO_EFFECT_REL,NO_EFFECT_REL,PARTIAL,0.652
V0175,WF,95649e2c29e72d45,RELAY,site_all,late,15,CHANCE,CHANCE_REL,12,0.07109737248840804,CHANCE_REL,CHANCE_REL,123,DETERMINED,CHANCE_REL,CHANCE_REL,CHANCE_REL,PARTIAL,0.652
V0176,WF,95649e2c29e72d45,RELAY,channel_all,late,15,CHANCE,CHANCE_REL,12,-0.07109737248840804,CHANCE_REL,CHANCE_REL,123,DETERMINED,CHANCE_REL,CHANCE_REL,CHANCE_REL,PARTIAL,0.652
V0177,WF,e2334ea74d8ec661,RELAY,site_all,mid,3,CHANCE,CHANCE_REL,12,0.2736750651607296,CHANCE_REL,CHANCE_REL,123,DETERMINED,CHANCE_REL,CHANCE_REL,CHANCE_REL,PARTIAL,0.589
V0178,WF,e2334ea74d8ec661,RELAY,channel_all,mid,3,CHANCE,CHANCE_REL,12,-0.2736750651607296,CHANCE_REL,CHANCE_REL,123,DETERMINED,CHANCE_REL,CHANCE_REL,CHANCE_REL,PARTIAL,0.589
V0179,WF,e2334ea74d8ec661,RELAY,channel_content,mid,3,CHANCE,CHANCE_REL,12,-0.2736750651607296,CHANCE_REL,CHANCE_REL,123,DETERMINED,CHANCE_REL,CHANCE_REL,CHANCE_REL,PARTIAL,0.589
V0180,WF,e2334ea74d8ec661,RELAY,pay0,mid,3,CHANCE,CHANCE_REL,12,-0.2736750651607296,CHANCE_REL,CHANCE_REL,123,DETERMINED,CHANCE_REL,CHANCE_REL,CHANCE_REL,PARTIAL,0.589
V0181,WF,e2334ea74d8ec661,RELAY,site_all,late,3,CHANCE,CHANCE_REL,12,0.2736750651607296,CHANCE_REL,CHANCE_REL,123,DETERMINED,CHANCE_REL,CHANCE_REL,CHANCE_REL,PARTIAL,0.589
V0182,WF,e2334ea74d8ec661,RELAY,channel_all,late,3,CHANCE,CHANCE_REL,12,-0.2736750651607296,CHANCE_REL,CHANCE_REL,123,DETERMINED,CHANCE_REL,CHANCE_REL,CHANCE_REL,PARTIAL,0.589
V0183,WF,e2334ea74d8ec661,RELAY,joint,mid,3,CHANCE,FLIP_REL,12,-0.9999999999999988,FLIP_REL,FLIP_REL,123,DETERMINED,FLIP_REL,FLIP_REL,FLIP_REL,COMPLETE,0.589
V0184,WF,369f5a5b745eb592,RELAY,site_all,mid,9,CHANCE,CHANCE_REL,12,-0.37797246558197745,CHANCE_REL,CHANCE_REL,123,DETERMINED,CHANCE_REL,CHANCE_REL,CHANCE_REL,PARTIAL,0.684
V0185,WF,369f5a5b745eb592,RELAY,channel_all,mid,9,CHANCE,CHANCE_REL,12,0.37797246558197745,CHANCE_REL,CHANCE_REL,123,DETERMINED,CHANCE_REL,CHANCE_REL,CHANCE_REL,PARTIAL,0.684
V0186,WF,369f5a5b745eb592,RELAY,channel_content,mid,9,CHANCE,INDETERMINATE,12,0.4668335419274093,INDETERMINATE,INDETERMINATE,113,DETERMINED,INDETERMINATE,INDETERMINATE,INDETERMINATE,PARTIAL,0.684
V0187,WF,369f5a5b745eb592,RELAY,pay0,mid,9,CHANCE,INDETERMINATE,12,0.4668335419274093,INDETERMINATE,INDETERMINATE,113,DETERMINED,INDETERMINATE,INDETERMINATE,INDETERMINATE,PARTIAL,0.684
V0188,WF,606ce18c96c8f0de,RELAY,channel_all,mid,9,CHANCE,CHANCE_REL,12,-0.3505747126436782,CHANCE_REL,NOT_ELIGIBLE,123,DETERMINED,CHANCE_REL,CHANCE_REL,NOT_ELIGIBLE,PARTIAL,0.575
V0189,WF,606ce18c96c8f0de,RELAY,channel_content,mid,9,CHANCE,CHANCE_REL,12,-0.3524904214559389,CHANCE_REL,NOT_ELIGIBLE,123,DETERMINED,CHANCE_REL,CHANCE_REL,NOT_ELIGIBLE,PARTIAL,0.575
V0190,WF,606ce18c96c8f0de,RELAY,pay0,mid,9,CHANCE,CHANCE_REL,12,-0.3524904214559389,CHANCE_REL,NOT_ELIGIBLE,123,DETERMINED,CHANCE_REL,CHANCE_REL,NOT_ELIGIBLE,PARTIAL,0.575
V0191,WF,606ce18c96c8f0de,RELAY,channel_all,late,15,CHANCE,CHANCE_REL,12,0.33716475095785353,CHANCE_REL,NOT_ELIGIBLE,123,DETERMINED,CHANCE_REL,CHANCE_REL,NOT_ELIGIBLE,PARTIAL,0.575
V0192,WF,606ce18c96c8f0de,RELAY,joint,mid,9,CHANCE,FLIP_REL,12,-1.0,FLIP_REL,NOT_ELIGIBLE,123,DETERMINED,FLIP_REL,FLIP_REL,FLIP_REL,COMPLETE,0.575
V0193,WF,0f5451c3b3cdf250,RELAY,site_all,mid,9,CHANCE,CHANCE_REL,12,-0.03747534516765241,CHANCE_REL,NOT_ELIGIBLE,123,DETERMINED,CHANCE_REL,CHANCE_REL,NOT_ELIGIBLE,PARTIAL,0.573
V0194,WF,0f5451c3b3cdf250,RELAY,site_all,late,15,CHANCE,FLIP_REL,12,-1.0,FLIP_REL,NOT_ELIGIBLE,123,DETERMINED,FLIP_REL,FLIP_REL,FLIP_REL,COMPLETE,0.573
V0195,WF,0f5451c3b3cdf250,RELAY,joint,mid,9,CHANCE,FLIP_REL,12,-1.0,FLIP_REL,NOT_ELIGIBLE,123,DETERMINED,FLIP_REL,FLIP_REL,FLIP_REL,COMPLETE,0.573
V0196,WF,d839fabb34a9b3d9,RELAY,channel_all,mid,3,CHANCE,FLIP_REL,12,-1.0,FLIP_REL,NOT_ELIGIBLE,123,DETERMINED,FLIP_REL,FLIP_REL,NOT_ELIGIBLE,COMPLETE,0.552
V0197,WF,d839fabb34a9b3d9,RELAY,channel_count,mid,3,CHANCE,FLIP_REL,12,-1.0,FLIP_REL,NOT_ELIGIBLE,123,DETERMINED,FLIP_REL,FLIP_REL,NOT_ELIGIBLE,COMPLETE,0.552
V0198,WF,d839fabb34a9b3d9,RELAY,channel_all,late,3,CHANCE,FLIP_REL,12,-1.0,FLIP_REL,NOT_ELIGIBLE,123,DETERMINED,FLIP_REL,FLIP_REL,NOT_ELIGIBLE,COMPLETE,0.552
V0199,WF,d839fabb34a9b3d9,RELAY,joint,mid,3,CHANCE,FLIP_REL,12,-1.0,FLIP_REL,NOT_ELIGIBLE,123,DETERMINED,FLIP_REL,FLIP_REL,NOT_ELIGIBLE,COMPLETE,0.552
V0200,WF,4ba2a869707a5108,RELAY,channel_all,mid,3,FLIP,FLIP_REL,12,-0.9999999999999991,FLIP_REL,FLIP_REL,123,DETERMINED,FLIP_REL,FLIP_REL,FLIP_REL,COMPLETE,0.607
V0201,WF,4ba2a869707a5108,RELAY,channel_content,mid,3,FLIP,FLIP_REL,12,-0.9999999999999991,FLIP_REL,FLIP_REL,123,DETERMINED,FLIP_REL,FLIP_REL,FLIP_REL,COMPLETE,0.607
V0202,WF,4ba2a869707a5108,RELAY,pay1,mid,3,FLIP,FLIP_REL,12,-0.9999999999999991,FLIP_REL,FLIP_REL,123,DETERMINED,FLIP_REL,FLIP_REL,FLIP_REL,COMPLETE,0.607
V0203,WF,4ba2a869707a5108,RELAY,channel_all,late,3,FLIP,FLIP_REL,12,-0.9999999999999991,FLIP_REL,FLIP_REL,123,DETERMINED,FLIP_REL,FLIP_REL,FLIP_REL,COMPLETE,0.607
V0204,WF,4ba2a869707a5108,RELAY,joint,mid,3,FLIP,FLIP_REL,12,-0.9999999999999991,FLIP_REL,FLIP_REL,123,DETERMINED,FLIP_REL,FLIP_REL,FLIP_REL,COMPLETE,0.607
V0205,WF,2dccdaa5eb8ffa0e,RELAY,site_all,mid,5,FLIP,CHANCE_REL,12,-0.41145281018027574,CHANCE_REL,CHANCE_REL,123,DETERMINED,CHANCE_REL,CHANCE_REL,CHANCE_REL,PARTIAL,0.795
V0206,WF,2dccdaa5eb8ffa0e,RELAY,channel_all,mid,5,CHANCE,CHANCE_REL,12,0.41145281018027596,CHANCE_REL,CHANCE_REL,123,DETERMINED,CHANCE_REL,CHANCE_REL,CHANCE_REL,PARTIAL,0.795
V0207,WF,2dccdaa5eb8ffa0e,RELAY,channel_content,mid,5,CHANCE,CHANCE_REL,12,0.41145281018027596,CHANCE_REL,CHANCE_REL,123,DETERMINED,CHANCE_REL,CHANCE_REL,CHANCE_REL,PARTIAL,0.795
V0208,WF,2dccdaa5eb8ffa0e,RELAY,pay0,mid,5,CHANCE,CHANCE_REL,12,0.41145281018027596,CHANCE_REL,CHANCE_REL,123,DETERMINED,CHANCE_REL,CHANCE_REL,CHANCE_REL,PARTIAL,0.795
V0209,WF,6783020342ca5991,RELAY,channel_all,mid,9,CHANCE,CHANCE_REL,12,-0.3230616302186875,CHANCE_REL,NOT_ELIGIBLE,123,DETERMINED,CHANCE_REL,CHANCE_REL,NOT_ELIGIBLE,PARTIAL,0.576
V0210,WF,6783020342ca5991,RELAY,site_all,late,15,CHANCE,FLIP_REL,12,-0.784294234592445,FLIP_REL,NOT_ELIGIBLE,123,DETERMINED,FLIP_REL,FLIP_REL,FLIP_REL,PARTIAL,0.576
V0211,WF,6783020342ca5991,RELAY,joint,mid,9,CHANCE,FLIP_REL,12,-1.0,FLIP_REL,NOT_ELIGIBLE,123,DETERMINED,FLIP_REL,FLIP_REL,FLIP_REL,COMPLETE,0.576
V0212,WF,a395784b37d01a6e,RELAY,site_all,mid,9,CHANCE,INDETERMINATE,12,-0.5079474775397372,INDETERMINATE,INDETERMINATE,123,DETERMINED,INDETERMINATE,INDETERMINATE,INDETERMINATE,PARTIAL,0.612
V0213,WF,a395784b37d01a6e,RELAY,channel_all,mid,9,CHANCE,INDETERMINATE,12,0.5079474775397372,INDETERMINATE,INDETERMINATE,123,DETERMINED,INDETERMINATE,INDETERMINATE,INDETERMINATE,PARTIAL,0.612
V0214,WF,a395784b37d01a6e,RELAY,channel_count,mid,9,CHANCE,INDETERMINATE,12,0.5079474775397372,INDETERMINATE,INDETERMINATE,123,DETERMINED,INDETERMINATE,INDETERMINATE,INDETERMINATE,PARTIAL,0.612
V0215,WF,a395784b37d01a6e,RELAY,site_all,late,15,CHANCE,INDETERMINATE,12,-0.4872149274360745,INDETERMINATE,INDETERMINATE,123,DETERMINED,INDETERMINATE,INDETERMINATE,INDETERMINATE,PARTIAL,0.612
V0216,WF,a395784b37d01a6e,RELAY,channel_all,late,15,CHANCE,INDETERMINATE,12,0.4872149274360745,INDETERMINATE,INDETERMINATE,123,DETERMINED,INDETERMINATE,INDETERMINATE,INDETERMINATE,PARTIAL,0.612
V0217,WF,a395784b37d01a6e,RELAY,joint,mid,9,FLIP,FLIP_REL,12,-0.9999999999999996,FLIP_REL,FLIP_REL,123,DETERMINED,FLIP_REL,FLIP_REL,FLIP_REL,COMPLETE,0.612
V0218,WF,26f9428bd464d37f,MAJ,channel_all,mid,3,CHANCE,FLIP_REL,12,-1.0009345794392528,FLIP_REL,FLIP_REL,123,DETERMINED,FLIP_REL,FLIP_REL,FLIP_REL,COMPLETE,0.58
V0219,WF,26f9428bd464d37f,MAJ,channel_count,mid,3,CHANCE,FLIP_REL,12,-1.0009345794392528,FLIP_REL,FLIP_REL,123,DETERMINED,FLIP_REL,FLIP_REL,FLIP_REL,COMPLETE,0.58
V0220,WF,26f9428bd464d37f,MAJ,channel_all,late,3,CHANCE,FLIP_REL,12,-1.0009345794392528,FLIP_REL,FLIP_REL,123,DETERMINED,FLIP_REL,FLIP_REL,FLIP_REL,COMPLETE,0.58
V0221,WF,26f9428bd464d37f,MAJ,joint,mid,3,CHANCE,FLIP_REL,12,-1.0,FLIP_REL,FLIP_REL,123,DETERMINED,FLIP_REL,FLIP_REL,FLIP_REL,COMPLETE,0.58
V0222,WF,8e1caf6bcc7897fb,MAJ,channel_all,mid,3,CHANCE,FLIP_REL,12,-0.9984101748807629,FLIP_REL,FLIP_REL,123,DETERMINED,FLIP_REL,FLIP_REL,FLIP_REL,COMPLETE,0.588
V0223,WF,8e1caf6bcc7897fb,MAJ,channel_content,mid,3,CHANCE,FLIP_REL,12,-0.6391096979332271,FLIP_REL,FLIP_REL,40,DETERMINED,FLIP_REL,FLIP_REL,FLIP_REL,PARTIAL,0.588
V0224,WF,8e1caf6bcc7897fb,MAJ,pay3,mid,3,CHANCE,FLIP_REL,12,-0.6391096979332271,FLIP_REL,FLIP_REL,40,DETERMINED,FLIP_REL,FLIP_REL,FLIP_REL,PARTIAL,0.588
V0225,WF,8e1caf6bcc7897fb,MAJ,channel_all,late,3,CHANCE,FLIP_REL,12,-0.9984101748807629,FLIP_REL,FLIP_REL,123,DETERMINED,FLIP_REL,FLIP_REL,FLIP_REL,COMPLETE,0.588
V0226,WF,8e1caf6bcc7897fb,MAJ,joint,mid,3,CHANCE,FLIP_REL,12,-0.9999999999999994,FLIP_REL,FLIP_REL,123,DETERMINED,FLIP_REL,FLIP_REL,FLIP_REL,COMPLETE,0.588
V0227,WF,626aa72f8ad384ff,MAJ,channel_all,mid,5,CHANCE,FLIP_REL,12,-1.0,FLIP_REL,FLIP_REL,123,DETERMINED,FLIP_REL,FLIP_REL,FLIP_REL,COMPLETE,0.581
V0228,WF,626aa72f8ad384ff,MAJ,channel_content,mid,5,CHANCE,FLIP_REL,12,-1.0,FLIP_REL,FLIP_REL,123,DETERMINED,FLIP_REL,FLIP_REL,FLIP_REL,COMPLETE,0.581
V0229,WF,626aa72f8ad384ff,MAJ,pay0,mid,5,CHANCE,FLIP_REL,12,-1.0,FLIP_REL,FLIP_REL,123,DETERMINED,FLIP_REL,FLIP_REL,FLIP_REL,COMPLETE,0.581
V0230,WF,626aa72f8ad384ff,MAJ,site_all,late,7,CHANCE,FLIP_REL,12,-1.0,FLIP_REL,FLIP_REL,123,DETERMINED,FLIP_REL,FLIP_REL,FLIP_REL,COMPLETE,0.581
V0231,WF,626aa72f8ad384ff,MAJ,joint,mid,5,CHANCE,FLIP_REL,12,-1.0,FLIP_REL,FLIP_REL,123,DETERMINED,FLIP_REL,FLIP_REL,FLIP_REL,COMPLETE,0.581
V0232,WF,688b9f6f5ccfb225,HOLD,site_all,mid,4,CHANCE,FLIP_REL,12,-0.9552123552123549,FLIP_REL,FLIP_REL,123,DETERMINED,FLIP_REL,FLIP_REL,FLIP_REL,COMPLETE|PARTIAL,0.596
V0233,WF,688b9f6f5ccfb225,HOLD,site_all,late,5,CHANCE,FLIP_REL,12,-0.9768339768339758,FLIP_REL,FLIP_REL,123,DETERMINED,FLIP_REL,FLIP_REL,FLIP_REL,COMPLETE|PARTIAL,0.596
V0234,WF,688b9f6f5ccfb225,HOLD,joint,mid,4,CHANCE,FLIP_REL,12,-0.992277992277992,FLIP_REL,FLIP_REL,123,DETERMINED,FLIP_REL,FLIP_REL,FLIP_REL,COMPLETE,0.596
V0235,WF,11f3ac8548d931fd,HOLD,site_all,mid,6,FLIP,FLIP_REL,12,-0.9715789473684211,FLIP_REL,FLIP_REL,123,DETERMINED,FLIP_REL,FLIP_REL,FLIP_REL,COMPLETE|PARTIAL,0.643
V0236,WF,11f3ac8548d931fd,HOLD,joint,mid,6,FLIP,FLIP_REL,12,-0.9715789473684211,FLIP_REL,FLIP_REL,123,DETERMINED,FLIP_REL,FLIP_REL,FLIP_REL,COMPLETE|PARTIAL,0.643
V0237,WF,62c6fa31078b1a9c,HOLD,site_all,mid,6,FLIP,FLIP_REL,12,-1.1968796433878173,FLIP_REL,FLIP_REL,123,DETERMINED,FLIP_REL,FLIP_REL,FLIP_REL,COMPLETE|OVERSHOOT,0.598
V0238,WF,62c6fa31078b1a9c,HOLD,site_all,late,9,CHANCE,FLIP_REL,12,-1.000000000000002,FLIP_REL,FLIP_REL,123,DETERMINED,FLIP_REL,FLIP_REL,FLIP_REL,COMPLETE,0.598
V0239,WF,62c6fa31078b1a9c,HOLD,joint,mid,6,FLIP,FLIP_REL,12,-1.1976225854383373,FLIP_REL,FLIP_REL,123,DETERMINED,FLIP_REL,FLIP_REL,FLIP_REL,COMPLETE|OVERSHOOT,0.598
V0240,WF,0b3c855a80022a98,RELAY,channel_all,mid,9,CHANCE,FLIP_REL,12,-0.8491379310344831,FLIP_REL,NOT_ELIGIBLE,123,DETERMINED,FLIP_REL,FLIP_REL,FLIP_REL|NOT_ELIGIBLE,PARTIAL,0.57
V0241,WF,0b3c855a80022a98,RELAY,channel_count,mid,9,CHANCE,FLIP_REL,12,-0.8491379310344831,FLIP_REL,NOT_ELIGIBLE,123,DETERMINED,FLIP_REL,FLIP_REL,FLIP_REL|NOT_ELIGIBLE,PARTIAL,0.57
V0242,WF,0b3c855a80022a98,RELAY,site_all,late,15,NO-EFFECT,CHANCE_REL,12,0.3717672413793107,CHANCE_REL,NOT_ELIGIBLE,123,DETERMINED,CHANCE_REL,CHANCE_REL,NOT_ELIGIBLE,PARTIAL,0.57
V0243,WF,0b3c855a80022a98,RELAY,channel_all,late,15,CHANCE,CHANCE_REL,12,-0.37176724137931,CHANCE_REL,NOT_ELIGIBLE,123,DETERMINED,CHANCE_REL,CHANCE_REL,NOT_ELIGIBLE,PARTIAL,0.57
V0244,WF,0b3c855a80022a98,RELAY,joint,mid,9,CHANCE,FLIP_REL,12,-1.0000000000000007,FLIP_REL,NOT_ELIGIBLE,123,DETERMINED,FLIP_REL,FLIP_REL,FLIP_REL|NOT_ELIGIBLE,COMPLETE,0.57
V0245,WF,7bd03b203ddda7b5,RELAY,site_all,mid,3,CHANCE,INDETERMINATE,12,0.4637607704004056,INDETERMINATE,INDETERMINATE,123,DETERMINED,INDETERMINATE,INDETERMINATE,INDETERMINATE,PARTIAL,0.651
V0246,WF,7bd03b203ddda7b5,RELAY,channel_all,mid,3,CHANCE,INDETERMINATE,12,-0.4637607704004056,INDETERMINATE,INDETERMINATE,123,DETERMINED,INDETERMINATE,INDETERMINATE,INDETERMINATE,PARTIAL,0.651
V0247,WF,7bd03b203ddda7b5,RELAY,channel_content,mid,3,CHANCE,INDETERMINATE,12,-0.4637607704004056,INDETERMINATE,INDETERMINATE,123,DETERMINED,INDETERMINATE,INDETERMINATE,INDETERMINATE,PARTIAL,0.651
V0248,WF,7bd03b203ddda7b5,RELAY,pay0,mid,3,CHANCE,INDETERMINATE,12,-0.4637607704004056,INDETERMINATE,INDETERMINATE,123,DETERMINED,INDETERMINATE,INDETERMINATE,INDETERMINATE,PARTIAL,0.651
V0249,WF,7bd03b203ddda7b5,RELAY,site_all,late,3,CHANCE,INDETERMINATE,12,0.4637607704004056,INDETERMINATE,INDETERMINATE,123,DETERMINED,INDETERMINATE,INDETERMINATE,INDETERMINATE,PARTIAL,0.651
V0250,WF,7bd03b203ddda7b5,RELAY,channel_all,late,3,CHANCE,INDETERMINATE,12,-0.4637607704004056,INDETERMINATE,INDETERMINATE,123,DETERMINED,INDETERMINATE,INDETERMINATE,INDETERMINATE,PARTIAL,0.651
V0251,WF,31cd2a8a9b572a50,RELAY,channel_all,late,7,CHANCE,INDETERMINATE,12,0.5057660626029652,INDETERMINATE,INDETERMINATE,123,DETERMINED,INDETERMINATE,INDETERMINATE,INDETERMINATE,PARTIAL,0.886
V0252,WF,c16d52319beb8bce,RELAY,site_all,mid,5,FLIP,CHANCE_REL,12,-0.3820175438596492,CHANCE_REL,CHANCE_REL,123,DETERMINED,CHANCE_REL,CHANCE_REL,CHANCE_REL,PARTIAL,0.855
V0253,WF,c16d52319beb8bce,RELAY,channel_all,mid,5,CHANCE,CHANCE_REL,12,0.3820175438596493,CHANCE_REL,CHANCE_REL,123,DETERMINED,CHANCE_REL,CHANCE_REL,CHANCE_REL,PARTIAL,0.855
V0254,WF,c16d52319beb8bce,RELAY,channel_content,mid,5,CHANCE,CHANCE_REL,12,0.38092105263157894,CHANCE_REL,CHANCE_REL,123,DETERMINED,CHANCE_REL,CHANCE_REL,CHANCE_REL,PARTIAL,0.855
V0255,WF,c16d52319beb8bce,RELAY,pay0,mid,5,CHANCE,CHANCE_REL,12,0.38092105263157894,CHANCE_REL,CHANCE_REL,123,DETERMINED,CHANCE_REL,CHANCE_REL,CHANCE_REL,PARTIAL,0.855
V0256,WF,78f3b0eccd44b1ed,RELAY,site_all,mid,9,CHANCE,INDETERMINATE,12,-0.49157942649066866,INDETERMINATE,INDETERMINATE,123,DETERMINED,INDETERMINATE,INDETERMINATE,INDETERMINATE,PARTIAL,0.674
V0257,WF,78f3b0eccd44b1ed,RELAY,channel_all,mid,9,CHANCE,INDETERMINATE,12,0.491579426490669,INDETERMINATE,INDETERMINATE,123,DETERMINED,INDETERMINATE,INDETERMINATE,INDETERMINATE,PARTIAL,0.674
V0258,WF,78f3b0eccd44b1ed,RELAY,channel_count,mid,9,CHANCE,INDETERMINATE,12,0.491579426490669,INDETERMINATE,INDETERMINATE,123,DETERMINED,INDETERMINATE,INDETERMINATE,INDETERMINATE,PARTIAL,0.674
V0259,WF,78f3b0eccd44b1ed,RELAY,site_all,late,15,CHANCE,INDETERMINATE,12,-0.48975876194811074,INDETERMINATE,INDETERMINATE,123,DETERMINED,INDETERMINATE,INDETERMINATE,INDETERMINATE,PARTIAL,0.674
V0260,WF,78f3b0eccd44b1ed,RELAY,channel_all,late,15,CHANCE,INDETERMINATE,12,0.48975876194811135,INDETERMINATE,INDETERMINATE,123,DETERMINED,INDETERMINATE,INDETERMINATE,INDETERMINATE,PARTIAL,0.674
V0261,WF,63abaede82660280,RELAY,channel_all,late,15,CHANCE,INDETERMINATE,12,-0.43295019157088144,INDETERMINATE,INDETERMINATE,111,DETERMINED,INDETERMINATE,INDETERMINATE,INDETERMINATE,PARTIAL,0.575
V0262,WF,63abaede82660280,RELAY,joint,mid,9,CHANCE,FLIP_REL,12,-1.0,FLIP_REL,NOT_ELIGIBLE,123,DETERMINED,FLIP_REL,FLIP_REL,FLIP_REL,COMPLETE,0.575
V0263,WF,4271681452d29aee,RELAY,site_all,mid,9,CHANCE,CHANCE_REL,12,-0.39547349612864763,CHANCE_REL,CHANCE_REL,40,DETERMINED,CHANCE_REL,CHANCE_REL,CHANCE_REL,PARTIAL,0.62
V0264,WF,4271681452d29aee,RELAY,channel_all,mid,9,CHANCE,CHANCE_REL,12,0.39547349612864724,CHANCE_REL,CHANCE_REL,40,DETERMINED,CHANCE_REL,CHANCE_REL,CHANCE_REL,PARTIAL,0.62
V0265,WF,4271681452d29aee,RELAY,channel_count,mid,9,CHANCE,CHANCE_REL,12,0.39547349612864724,CHANCE_REL,CHANCE_REL,40,DETERMINED,CHANCE_REL,CHANCE_REL,CHANCE_REL,PARTIAL,0.62
V0266,WF,4271681452d29aee,RELAY,site_all,late,15,FLIP,FLIP_REL,12,-0.9999999999999992,FLIP_REL,FLIP_REL,123,DETERMINED,FLIP_REL,FLIP_REL,FLIP_REL,COMPLETE,0.62
V0267,WF,4271681452d29aee,RELAY,site_all,pre,-1,NO-EFFECT,NO_EFFECT_REL,11,0.6440366972477061,NO_EFFECT_REL,NO_EFFECT_REL,103,AMBIGUOUS,INDETERMINATE|NO_EFFECT_REL,INDETERMINATE|NO_EFFECT_REL,INDETERMINATE|NO_EFFECT_REL,PARTIAL,0.627
V0268,WF,4271681452d29aee,RELAY,channel_all,pre,-1,NO-EFFECT,NO_EFFECT_REL,11,0.6672782874617736,NO_EFFECT_REL,NO_EFFECT_REL,121,AMBIGUOUS,INDETERMINATE|NO_EFFECT_REL,INDETERMINATE|NO_EFFECT_REL,INDETERMINATE|NO_EFFECT_REL,PARTIAL,0.627
V0269,WF,4271681452d29aee,RELAY,joint,mid,9,FLIP,FLIP_REL,12,-0.9999999999999992,FLIP_REL,FLIP_REL,123,DETERMINED,FLIP_REL,FLIP_REL,FLIP_REL,COMPLETE,0.62
V0270,WF,4ab2ba014aac967e,HOLD,channel_all,late,9,CHANCE,NO_EFFECT_REL,12,0.6464733881436608,NO_EFFECT_REL,NO_EFFECT_REL,123,DETERMINED,NO_EFFECT_REL,NO_EFFECT_REL,NO_EFFECT_REL,PARTIAL,0.862
V0271,WF,8c37f32e68843070,RELAY,site_all,mid,5,FLIP,CHANCE_REL,12,-0.42441860465116277,CHANCE_REL,CHANCE_REL,123,DETERMINED,CHANCE_REL,CHANCE_REL,CHANCE_REL,PARTIAL,0.824
V0272,WF,8c37f32e68843070,RELAY,channel_all,mid,5,CHANCE,CHANCE_REL,12,0.42441860465116277,CHANCE_REL,CHANCE_REL,123,DETERMINED,CHANCE_REL,CHANCE_REL,CHANCE_REL,PARTIAL,0.824
V0273,WF,8c37f32e68843070,RELAY,channel_content,mid,5,CHANCE,CHANCE_REL,12,0.4018895348837209,CHANCE_REL,CHANCE_REL,123,DETERMINED,CHANCE_REL,CHANCE_REL,CHANCE_REL,PARTIAL,0.824
V0274,WF,8c37f32e68843070,RELAY,pay1,mid,5,CHANCE,CHANCE_REL,12,0.4018895348837209,CHANCE_REL,CHANCE_REL,123,DETERMINED,CHANCE_REL,CHANCE_REL,CHANCE_REL,PARTIAL,0.824
V0275,WF,d3c0d182d3dbb735,RELAY,site_all,mid,9,CHANCE,INDETERMINATE,12,-0.4919524142757179,INDETERMINATE,INDETERMINATE,123,DETERMINED,INDETERMINATE,INDETERMINATE,INDETERMINATE,PARTIAL,0.611
V0276,WF,d3c0d182d3dbb735,RELAY,channel_all,mid,9,CHANCE,INDETERMINATE,12,0.49195241427571695,INDETERMINATE,INDETERMINATE,123,DETERMINED,INDETERMINATE,INDETERMINATE,INDETERMINATE,PARTIAL,0.611
V0277,WF,d3c0d182d3dbb735,RELAY,channel_count,mid,9,CHANCE,INDETERMINATE,12,0.49195241427571695,INDETERMINATE,INDETERMINATE,123,DETERMINED,INDETERMINATE,INDETERMINATE,INDETERMINATE,PARTIAL,0.611
V0278,WF,d3c0d182d3dbb735,RELAY,site_all,late,15,CHANCE,INDETERMINATE,12,-0.5052484254723583,INDETERMINATE,INDETERMINATE,123,DETERMINED,INDETERMINATE,INDETERMINATE,INDETERMINATE,PARTIAL,0.611
V0279,WF,d3c0d182d3dbb735,RELAY,channel_all,late,15,CHANCE,INDETERMINATE,12,0.5052484254723574,INDETERMINATE,INDETERMINATE,123,DETERMINED,INDETERMINATE,INDETERMINATE,INDETERMINATE,PARTIAL,0.611
V0280,WF,d3c0d182d3dbb735,RELAY,joint,mid,9,FLIP,FLIP_REL,12,-1.0000000000000009,FLIP_REL,FLIP_REL,123,DETERMINED,FLIP_REL,FLIP_REL,FLIP_REL,COMPLETE,0.611
V0281,WI,00c5d3b61fe3cac7,HOLD,site_all,o0,0,CHANCE,CHANCE_REL,11,0.3823051948051946,CHANCE_REL,CHANCE_REL,123,DETERMINED,CHANCE_REL,CHANCE_REL,CHANCE_REL,PARTIAL,0.815
V0282,WI,00c5d3b61fe3cac7,HOLD,joint,o0,0,CHANCE,CHANCE_REL,11,0.3823051948051946,CHANCE_REL,CHANCE_REL,123,DETERMINED,CHANCE_REL,CHANCE_REL,CHANCE_REL,PARTIAL,0.815
V0283,WI,00c5d3b61fe3cac7,HOLD,S,o0,0,CHANCE,CHANCE_REL,11,0.3833874458874457,CHANCE_REL,CHANCE_REL,123,DETERMINED,CHANCE_REL,CHANCE_REL,CHANCE_REL,PARTIAL,0.815
V0284,WI,0187372b391d9d4e,HOLD,site_all,o0,0,CHANCE,CHANCE_REL,11,0.15905383360522035,CHANCE_REL,CHANCE_REL,123,DETERMINED,CHANCE_REL,CHANCE_REL,CHANCE_REL,PARTIAL,0.678
V0285,WI,0187372b391d9d4e,HOLD,joint,o0,0,CHANCE,CHANCE_REL,11,0.1851549755301793,CHANCE_REL,CHANCE_REL,123,DETERMINED,CHANCE_REL,CHANCE_REL,CHANCE_REL,PARTIAL,0.678
V0286,WI,0187372b391d9d4e,HOLD,S,o0,0,CHANCE,CHANCE_REL,11,0.15905383360522035,CHANCE_REL,CHANCE_REL,123,DETERMINED,CHANCE_REL,CHANCE_REL,CHANCE_REL,PARTIAL,0.678
V0287,WI,13127335562d8595,HOLD,site_all,o0,0,CHANCE,CHANCE_REL,11,0.1252352080284342,CHANCE_REL,CHANCE_REL,123,DETERMINED,CHANCE_REL,CHANCE_REL,CHANCE_REL,PARTIAL,0.912
V0288,WI,13127335562d8595,HOLD,joint,o0,0,CHANCE,CHANCE_REL,11,0.1252352080284342,CHANCE_REL,CHANCE_REL,123,DETERMINED,CHANCE_REL,CHANCE_REL,CHANCE_REL,PARTIAL,0.912
V0289,WI,13127335562d8595,HOLD,S,o0,0,CHANCE,CHANCE_REL,11,0.1252352080284342,CHANCE_REL,CHANCE_REL,123,DETERMINED,CHANCE_REL,CHANCE_REL,CHANCE_REL,PARTIAL,0.912
V0290,WI,1c0a1bc76d7a69dc,HOLD,site_all,o0,0,CHANCE,CHANCE_REL,11,0.41322885457478675,CHANCE_REL,CHANCE_REL,123,DETERMINED,CHANCE_REL,CHANCE_REL,CHANCE_REL,PARTIAL,0.876
V0291,WI,1c0a1bc76d7a69dc,HOLD,joint,o0,0,CHANCE,CHANCE_REL,11,0.41207651532611184,CHANCE_REL,CHANCE_REL,123,DETERMINED,CHANCE_REL,CHANCE_REL,CHANCE_REL,PARTIAL,0.876
V0292,WI,1c0a1bc76d7a69dc,HOLD,S,o0,0,CHANCE,CHANCE_REL,11,0.412998386725052,CHANCE_REL,CHANCE_REL,123,DETERMINED,CHANCE_REL,CHANCE_REL,CHANCE_REL,PARTIAL,0.876
V0293,WI,2dccdaa5eb8ffa0e,RELAY,channel_all,o0,0,CHANCE,CHANCE_REL,11,0.305681818181818,CHANCE_REL,CHANCE_REL,123,DETERMINED,CHANCE_REL,CHANCE_REL,CHANCE_REL,PARTIAL,0.801
V0294,WI,2dccdaa5eb8ffa0e,RELAY,joint,o0,0,CHANCE,CHANCE_REL,11,0.305681818181818,CHANCE_REL,CHANCE_REL,123,DETERMINED,CHANCE_REL,CHANCE_REL,CHANCE_REL,PARTIAL,0.801
V0295,WI,2dccdaa5eb8ffa0e,RELAY,channel_content,o0,0,CHANCE,CHANCE_REL,11,0.305681818181818,CHANCE_REL,CHANCE_REL,123,DETERMINED,CHANCE_REL,CHANCE_REL,CHANCE_REL,PARTIAL,0.801
V0296,WI,2dccdaa5eb8ffa0e,RELAY,site_all,o5,5,CHANCE,CHANCE_REL,11,-0.3693181818181818,CHANCE_REL,CHANCE_REL,123,DETERMINED,CHANCE_REL,CHANCE_REL,CHANCE_REL,PARTIAL,0.801
V0297,WI,2dccdaa5eb8ffa0e,RELAY,channel_all,o5,5,CHANCE,CHANCE_REL,11,0.369318181818182,CHANCE_REL,CHANCE_REL,123,DETERMINED,CHANCE_REL,CHANCE_REL,CHANCE_REL,PARTIAL,0.801
V0298,WI,2dccdaa5eb8ffa0e,RELAY,S,o5,5,CHANCE,CHANCE_REL,11,0.325,CHANCE_REL,CHANCE_REL,123,DETERMINED,CHANCE_REL,CHANCE_REL,CHANCE_REL,PARTIAL,0.801
V0299,WI,2dccdaa5eb8ffa0e,RELAY,inbox,o5,5,CHANCE,CHANCE_REL,11,0.305681818181818,CHANCE_REL,CHANCE_REL,123,DETERMINED,CHANCE_REL,CHANCE_REL,CHANCE_REL,PARTIAL,0.801
V0300,WI,2dccdaa5eb8ffa0e,RELAY,channel_content,o5,5,CHANCE,CHANCE_REL,11,0.369318181818182,CHANCE_REL,CHANCE_REL,123,DETERMINED,CHANCE_REL,CHANCE_REL,CHANCE_REL,PARTIAL,0.801
V0301,WI,2dccdaa5eb8ffa0e,RELAY,S,o6,6,CHANCE,CHANCE_REL,11,-0.3693181818181818,CHANCE_REL,CHANCE_REL,123,DETERMINED,CHANCE_REL,CHANCE_REL,CHANCE_REL,PARTIAL,0.801
V0302,WI,2dccdaa5eb8ffa0e,RELAY,inbox,o6,6,CHANCE,CHANCE_REL,11,0.369318181818182,CHANCE_REL,CHANCE_REL,123,DETERMINED,CHANCE_REL,CHANCE_REL,CHANCE_REL,PARTIAL,0.801
V0303,WI,31cd2a8a9b572a50,RELAY,site_all,o0,0,CHANCE,CHANCE_REL,11,0.09115401885945183,CHANCE_REL,CHANCE_REL,123,DETERMINED,CHANCE_REL,CHANCE_REL,CHANCE_REL,PARTIAL,0.885
V0304,WI,31cd2a8a9b572a50,RELAY,joint,o0,0,CHANCE,CHANCE_REL,11,0.09115401885945183,CHANCE_REL,CHANCE_REL,123,DETERMINED,CHANCE_REL,CHANCE_REL,CHANCE_REL,PARTIAL,0.885
V0305,WI,31cd2a8a9b572a50,RELAY,S,o0,0,CHANCE,CHANCE_REL,11,0.09115401885945183,CHANCE_REL,CHANCE_REL,123,DETERMINED,CHANCE_REL,CHANCE_REL,CHANCE_REL,PARTIAL,0.885
V0306,WI,31cd2a8a9b572a50,RELAY,channel_all,o1,1,CHANCE,CHANCE_REL,11,0.45577009429726084,CHANCE_REL,CHANCE_REL,80,AMBIGUOUS,CHANCE_REL|INDETERMINATE,CHANCE_REL|INDETERMINATE,CHANCE_REL|INDETERMINATE,PARTIAL,0.885
V0307,WI,31cd2a8a9b572a50,RELAY,channel_content,o1,1,CHANCE,CHANCE_REL,11,0.45577009429726084,CHANCE_REL,CHANCE_REL,80,AMBIGUOUS,CHANCE_REL|INDETERMINATE,CHANCE_REL|INDETERMINATE,CHANCE_REL|INDETERMINATE,PARTIAL,0.885
V0308,WI,31cd2a8a9b572a50,RELAY,site_all,o2,2,CHANCE,CHANCE_REL,11,0.006286484059272462,CHANCE_REL,CHANCE_REL,123,DETERMINED,CHANCE_REL,CHANCE_REL,CHANCE_REL,PARTIAL,0.885
V0309,WI,31cd2a8a9b572a50,RELAY,channel_all,o2,2,CHANCE,CHANCE_REL,11,-0.006286484059272743,CHANCE_REL,CHANCE_REL,123,DETERMINED,CHANCE_REL,CHANCE_REL,CHANCE_REL,PARTIAL,0.885
V0310,WI,31cd2a8a9b572a50,RELAY,S,o2,2,CHANCE,CHANCE_REL,11,0.006286484059272462,CHANCE_REL,CHANCE_REL,123,DETERMINED,CHANCE_REL,CHANCE_REL,CHANCE_REL,PARTIAL,0.885
V0311,WI,31cd2a8a9b572a50,RELAY,channel_content,o2,2,CHANCE,CHANCE_REL,11,-0.006286484059272743,CHANCE_REL,CHANCE_REL,123,DETERMINED,CHANCE_REL,CHANCE_REL,CHANCE_REL,PARTIAL,0.885
V0312,WI,31cd2a8a9b572a50,RELAY,site_all,o3,3,CHANCE,NO_EFFECT_REL,11,0.5532105972159856,NO_EFFECT_REL,NO_EFFECT_REL,120,AMBIGUOUS,INDETERMINATE|NO_EFFECT_REL,INDETERMINATE|NO_EFFECT_REL,INDETERMINATE|NO_EFFECT_REL,PARTIAL,0.885
V0313,WI,31cd2a8a9b572a50,RELAY,S,o3,3,CHANCE,NO_EFFECT_REL,11,0.5532105972159856,NO_EFFECT_REL,NO_EFFECT_REL,120,AMBIGUOUS,INDETERMINATE|NO_EFFECT_REL,INDETERMINATE|NO_EFFECT_REL,INDETERMINATE|NO_EFFECT_REL,PARTIAL,0.885
V0314,WI,31cd2a8a9b572a50,RELAY,site_all,o6,6,CHANCE,CHANCE_REL,11,0.45577009429726084,CHANCE_REL,CHANCE_REL,80,AMBIGUOUS,CHANCE_REL|INDETERMINATE,CHANCE_REL|INDETERMINATE,CHANCE_REL|INDETERMINATE,PARTIAL,0.885
V0315,WI,31cd2a8a9b572a50,RELAY,inbox,o6,6,CHANCE,CHANCE_REL,11,0.45577009429726084,CHANCE_REL,CHANCE_REL,80,AMBIGUOUS,CHANCE_REL|INDETERMINATE,CHANCE_REL|INDETERMINATE,CHANCE_REL|INDETERMINATE,PARTIAL,0.885
V0316,WI,31cd2a8a9b572a50,RELAY,channel_all,o7,7,CHANCE,NO_EFFECT_REL,11,0.5532105972159856,NO_EFFECT_REL,NO_EFFECT_REL,120,AMBIGUOUS,INDETERMINATE|NO_EFFECT_REL,INDETERMINATE|NO_EFFECT_REL,INDETERMINATE|NO_EFFECT_REL,PARTIAL,0.885
V0317,WI,31cd2a8a9b572a50,RELAY,S,o7,7,CHANCE,CHANCE_REL,11,-0.09115401885945239,CHANCE_REL,CHANCE_REL,123,DETERMINED,CHANCE_REL,CHANCE_REL,CHANCE_REL,PARTIAL,0.885
V0318,WI,31cd2a8a9b572a50,RELAY,inbox,o7,7,CHANCE,NO_EFFECT_REL,11,0.537943421643467,NO_EFFECT_REL,NO_EFFECT_REL,71,DETERMINED,NO_EFFECT_REL,NO_EFFECT_REL,NO_EFFECT_REL,PARTIAL,0.885
V0319,WI,31cd2a8a9b572a50,RELAY,channel_content,o7,7,CHANCE,NO_EFFECT_REL,11,0.5532105972159856,NO_EFFECT_REL,NO_EFFECT_REL,120,AMBIGUOUS,INDETERMINATE|NO_EFFECT_REL,INDETERMINATE|NO_EFFECT_REL,INDETERMINATE|NO_EFFECT_REL,PARTIAL,0.885
V0320,WI,35c721fddb88f2d2,RELAY,channel_all,o0,0,CHANCE,CHANCE_REL,11,0.08957219251336856,CHANCE_REL,CHANCE_REL,123,DETERMINED,CHANCE_REL,CHANCE_REL,CHANCE_REL,PARTIAL,0.733
V0321,WI,35c721fddb88f2d2,RELAY,joint,o0,0,CHANCE,CHANCE_REL,11,0.08288770053475918,CHANCE_REL,CHANCE_REL,123,DETERMINED,CHANCE_REL,CHANCE_REL,CHANCE_REL,PARTIAL,0.733
V0322,WI,35c721fddb88f2d2,RELAY,channel_content,o0,0,CHANCE,CHANCE_REL,11,0.08957219251336856,CHANCE_REL,CHANCE_REL,123,DETERMINED,CHANCE_REL,CHANCE_REL,CHANCE_REL,PARTIAL,0.733
V0323,WI,35c721fddb88f2d2,RELAY,S,o5,5,CHANCE,CHANCE_REL,11,-0.08957219251336898,CHANCE_REL,CHANCE_REL,123,DETERMINED,CHANCE_REL,CHANCE_REL,CHANCE_REL,PARTIAL,0.733
V0324,WI,35c721fddb88f2d2,RELAY,inbox,o5,5,CHANCE,CHANCE_REL,11,0.08957219251336856,CHANCE_REL,CHANCE_REL,123,DETERMINED,CHANCE_REL,CHANCE_REL,CHANCE_REL,PARTIAL,0.733
V0325,WI,369f5a5b745eb592,RELAY,site_all,o0,0,CHANCE,CHANCE_REL,11,0.3603864734299512,CHANCE_REL,CHANCE_REL,123,DETERMINED,CHANCE_REL,CHANCE_REL,CHANCE_REL,PARTIAL,0.672
V0326,WI,369f5a5b745eb592,RELAY,joint,o0,0,CHANCE,INDETERMINATE,11,0.448792270531401,INDETERMINATE,INDETERMINATE,118,DETERMINED,INDETERMINATE,INDETERMINATE,INDETERMINATE,PARTIAL,0.672
V0327,WI,369f5a5b745eb592,RELAY,S,o0,0,CHANCE,CHANCE_REL,11,0.39371980676328444,CHANCE_REL,CHANCE_REL,111,AMBIGUOUS,CHANCE_REL|INDETERMINATE,CHANCE_REL|INDETERMINATE,CHANCE_REL|INDETERMINATE,PARTIAL,0.672
V0328,WI,369f5a5b745eb592,RELAY,S,o1,1,CHANCE,FLIP_REL,11,-0.5835748792270529,FLIP_REL,FLIP_REL,62,AMBIGUOUS,FLIP_REL|INDETERMINATE,FLIP_REL|INDETERMINATE,FLIP_REL|INDETERMINATE,PARTIAL,0.672
V0329,WI,369f5a5b745eb592,RELAY,site_all,o2,2,FLIP,FLIP_REL,11,-0.6251207729468596,FLIP_REL,FLIP_REL,123,DETERMINED,FLIP_REL,FLIP_REL,FLIP_REL,PARTIAL,0.672
V0330,WI,369f5a5b745eb592,RELAY,S,o2,2,CHANCE,INDETERMINATE,11,-0.483574879227053,INDETERMINATE,INDETERMINATE,123,DETERMINED,INDETERMINATE,INDETERMINATE,INDETERMINATE,PARTIAL,0.672
V0331,WI,369f5a5b745eb592,RELAY,channel_content,o2,2,CHANCE,NO_EFFECT_REL,11,0.6966183574879232,NO_EFFECT_REL,NO_EFFECT_REL,123,DETERMINED,NO_EFFECT_REL,NO_EFFECT_REL,NO_EFFECT_REL,PARTIAL,0.672
V0332,WI,369f5a5b745eb592,RELAY,site_all,o3,3,CHANCE,INDETERMINATE,11,-0.5038647342995171,INDETERMINATE,INDETERMINATE,123,DETERMINED,INDETERMINATE,INDETERMINATE,INDETERMINATE,PARTIAL,0.672
V0333,WI,369f5a5b745eb592,RELAY,channel_all,o3,3,CHANCE,INDETERMINATE,11,0.5038647342995171,INDETERMINATE,INDETERMINATE,123,DETERMINED,INDETERMINATE,INDETERMINATE,INDETERMINATE,PARTIAL,0.672
V0334,WI,369f5a5b745eb592,RELAY,S,o3,3,CHANCE,CHANCE_REL,11,-0.39227053140096635,CHANCE_REL,CHANCE_REL,120,AMBIGUOUS,CHANCE_REL|INDETERMINATE,CHANCE_REL|INDETERMINATE,CHANCE_REL|INDETERMINATE,PARTIAL,0.672
V0335,WI,369f5a5b745eb592,RELAY,channel_content,o3,3,CHANCE,NO_EFFECT_REL,11,0.6285024154589369,NO_EFFECT_REL,NO_EFFECT_REL,123,DETERMINED,NO_EFFECT_REL,NO_EFFECT_REL,NO_EFFECT_REL,PARTIAL,0.672
V0336,WI,369f5a5b745eb592,RELAY,site_all,o4,4,CHANCE,INDETERMINATE,11,-0.44251207729468606,INDETERMINATE,INDETERMINATE,97,DETERMINED,INDETERMINATE,INDETERMINATE,INDETERMINATE,PARTIAL,0.672
V0337,WI,369f5a5b745eb592,RELAY,channel_all,o4,4,CHANCE,INDETERMINATE,11,0.4425120772946857,INDETERMINATE,INDETERMINATE,97,DETERMINED,INDETERMINATE,INDETERMINATE,INDETERMINATE,PARTIAL,0.672
V0338,WI,369f5a5b745eb592,RELAY,S,o4,4,CHANCE,CHANCE_REL,11,-0.2835748792270531,CHANCE_REL,CHANCE_REL,123,DETERMINED,CHANCE_REL,CHANCE_REL,CHANCE_REL,PARTIAL,0.672
V0339,WI,369f5a5b745eb592,RELAY,channel_content,o4,4,CHANCE,INDETERMINATE,11,0.5574879227053142,INDETERMINATE,INDETERMINATE,101,DETERMINED,INDETERMINATE,INDETERMINATE,INDETERMINATE,PARTIAL,0.672
V0340,WI,369f5a5b745eb592,RELAY,site_all,o5,5,CHANCE,CHANCE_REL,11,-0.38115942028985506,CHANCE_REL,CHANCE_REL,123,DETERMINED,CHANCE_REL,CHANCE_REL,CHANCE_REL,PARTIAL,0.672
V0341,WI,369f5a5b745eb592,RELAY,channel_all,o5,5,CHANCE,CHANCE_REL,11,0.38115942028985444,CHANCE_REL,CHANCE_REL,123,DETERMINED,CHANCE_REL,CHANCE_REL,CHANCE_REL,PARTIAL,0.672
V0342,WI,369f5a5b745eb592,RELAY,S,o5,5,CHANCE,CHANCE_REL,11,-0.2613526570048312,CHANCE_REL,CHANCE_REL,123,DETERMINED,CHANCE_REL,CHANCE_REL,CHANCE_REL,PARTIAL,0.672
V0343,WI,369f5a5b745eb592,RELAY,channel_content,o5,5,CHANCE,INDETERMINATE,11,0.5367149758454105,INDETERMINATE,INDETERMINATE,123,DETERMINED,INDETERMINATE,INDETERMINATE,INDETERMINATE,PARTIAL,0.672
V0344,WI,369f5a5b745eb592,RELAY,site_all,o6,6,CHANCE,CHANCE_REL,11,-0.3652173913043478,CHANCE_REL,CHANCE_REL,123,DETERMINED,CHANCE_REL,CHANCE_REL,CHANCE_REL,PARTIAL,0.672
V0345,WI,369f5a5b745eb592,RELAY,channel_all,o6,6,CHANCE,CHANCE_REL,11,0.3652173913043478,CHANCE_REL,CHANCE_REL,123,DETERMINED,CHANCE_REL,CHANCE_REL,CHANCE_REL,PARTIAL,0.672
V0346,WI,369f5a5b745eb592,RELAY,S,o6,6,CHANCE,CHANCE_REL,11,-0.26763285024154587,CHANCE_REL,CHANCE_REL,123,DETERMINED,CHANCE_REL,CHANCE_REL,CHANCE_REL,PARTIAL,0.672
V0347,WI,369f5a5b745eb592,RELAY,channel_content,o6,6,CHANCE,INDETERMINATE,11,0.5135265700483089,INDETERMINATE,INDETERMINATE,123,DETERMINED,INDETERMINATE,INDETERMINATE,INDETERMINATE,PARTIAL,0.672
V0348,WI,369f5a5b745eb592,RELAY,site_all,o7,7,CHANCE,CHANCE_REL,11,-0.3884057971014493,CHANCE_REL,CHANCE_REL,123,DETERMINED,CHANCE_REL,CHANCE_REL,CHANCE_REL,PARTIAL,0.672
V0349,WI,369f5a5b745eb592,RELAY,channel_all,o7,7,CHANCE,CHANCE_REL,11,0.38840579710144874,CHANCE_REL,CHANCE_REL,123,DETERMINED,CHANCE_REL,CHANCE_REL,CHANCE_REL,PARTIAL,0.672
V0350,WI,369f5a5b745eb592,RELAY,S,o7,7,CHANCE,CHANCE_REL,11,-0.2507246376811594,CHANCE_REL,CHANCE_REL,123,DETERMINED,CHANCE_REL,CHANCE_REL,CHANCE_REL,PARTIAL,0.672
V0351,WI,369f5a5b745eb592,RELAY,channel_content,o7,7,CHANCE,INDETERMINATE,11,0.5169082125603862,INDETERMINATE,INDETERMINATE,123,DETERMINED,INDETERMINATE,INDETERMINATE,INDETERMINATE,PARTIAL,0.672
V0352,WI,369f5a5b745eb592,RELAY,site_all,o8,8,CHANCE,CHANCE_REL,11,-0.3966183574879225,CHANCE_REL,CHANCE_REL,115,DETERMINED,CHANCE_REL,CHANCE_REL,CHANCE_REL,PARTIAL,0.672
V0353,WI,369f5a5b745eb592,RELAY,channel_all,o8,8,CHANCE,CHANCE_REL,11,0.3966183574879225,CHANCE_REL,CHANCE_REL,115,DETERMINED,CHANCE_REL,CHANCE_REL,CHANCE_REL,PARTIAL,0.672
V0354,WI,369f5a5b745eb592,RELAY,S,o8,8,CHANCE,CHANCE_REL,11,-0.22801932367149794,CHANCE_REL,CHANCE_REL,123,DETERMINED,CHANCE_REL,CHANCE_REL,CHANCE_REL,PARTIAL,0.672
V0355,WI,369f5a5b745eb592,RELAY,channel_content,o8,8,CHANCE,INDETERMINATE,11,0.5304347826086951,INDETERMINATE,INDETERMINATE,123,DETERMINED,INDETERMINATE,INDETERMINATE,INDETERMINATE,PARTIAL,0.672
V0356,WI,369f5a5b745eb592,RELAY,site_all,o9,9,CHANCE,CHANCE_REL,11,-0.3850241545893718,CHANCE_REL,CHANCE_REL,122,AMBIGUOUS,CHANCE_REL|INDETERMINATE,CHANCE_REL|INDETERMINATE,CHANCE_REL|INDETERMINATE,PARTIAL,0.672
V0357,WI,369f5a5b745eb592,RELAY,channel_all,o9,9,CHANCE,CHANCE_REL,11,0.38502415458937145,CHANCE_REL,CHANCE_REL,122,AMBIGUOUS,CHANCE_REL|INDETERMINATE,CHANCE_REL|INDETERMINATE,CHANCE_REL|INDETERMINATE,PARTIAL,0.672
V0358,WI,369f5a5b745eb592,RELAY,S,o9,9,CHANCE,CHANCE_REL,11,-0.19903381642512094,CHANCE_REL,CHANCE_REL,123,DETERMINED,CHANCE_REL,CHANCE_REL,CHANCE_REL,PARTIAL,0.672
V0359,WI,369f5a5b745eb592,RELAY,channel_content,o9,9,CHANCE,INDETERMINATE,11,0.4985507246376807,INDETERMINATE,INDETERMINATE,123,DETERMINED,INDETERMINATE,INDETERMINATE,INDETERMINATE,PARTIAL,0.672
V0360,WI,369f5a5b745eb592,RELAY,site_all,o10,10,CHANCE,CHANCE_REL,11,-0.3874396135265701,CHANCE_REL,CHANCE_REL,119,AMBIGUOUS,CHANCE_REL|INDETERMINATE,CHANCE_REL|INDETERMINATE,CHANCE_REL|INDETERMINATE,PARTIAL,0.672
V0361,WI,369f5a5b745eb592,RELAY,channel_all,o10,10,CHANCE,CHANCE_REL,11,0.38743961352656975,CHANCE_REL,CHANCE_REL,119,AMBIGUOUS,CHANCE_REL|INDETERMINATE,CHANCE_REL|INDETERMINATE,CHANCE_REL|INDETERMINATE,PARTIAL,0.672
V0362,WI,369f5a5b745eb592,RELAY,S,o10,10,CHANCE,CHANCE_REL,11,-0.17391304347826092,CHANCE_REL,CHANCE_REL,123,DETERMINED,CHANCE_REL,CHANCE_REL,CHANCE_REL,PARTIAL,0.672
V0363,WI,369f5a5b745eb592,RELAY,channel_content,o10,10,CHANCE,INDETERMINATE,11,0.4922705314009654,INDETERMINATE,INDETERMINATE,123,DETERMINED,INDETERMINATE,INDETERMINATE,INDETERMINATE,PARTIAL,0.672
V0364,WI,369f5a5b745eb592,RELAY,site_all,o11,11,CHANCE,CHANCE_REL,11,-0.37729468599033805,CHANCE_REL,CHANCE_REL,123,DETERMINED,CHANCE_REL,CHANCE_REL,CHANCE_REL,PARTIAL,0.672
V0365,WI,369f5a5b745eb592,RELAY,channel_all,o11,11,CHANCE,CHANCE_REL,11,0.37729468599033805,CHANCE_REL,CHANCE_REL,123,DETERMINED,CHANCE_REL,CHANCE_REL,CHANCE_REL,PARTIAL,0.672
V0366,WI,369f5a5b745eb592,RELAY,S,o11,11,CHANCE,CHANCE_REL,11,-0.22753623188405817,CHANCE_REL,CHANCE_REL,123,DETERMINED,CHANCE_REL,CHANCE_REL,CHANCE_REL,PARTIAL,0.672
V0367,WI,369f5a5b745eb592,RELAY,channel_content,o11,11,CHANCE,INDETERMINATE,11,0.48405797101449216,INDETERMINATE,INDETERMINATE,123,DETERMINED,INDETERMINATE,INDETERMINATE,INDETERMINATE,PARTIAL,0.672
V0368,WI,369f5a5b745eb592,RELAY,site_all,o12,12,CHANCE,CHANCE_REL,11,-0.37101449275362336,CHANCE_REL,CHANCE_REL,123,DETERMINED,CHANCE_REL,CHANCE_REL,CHANCE_REL,PARTIAL,0.672
V0369,WI,369f5a5b745eb592,RELAY,channel_all,o12,12,CHANCE,CHANCE_REL,11,0.37101449275362275,CHANCE_REL,CHANCE_REL,123,DETERMINED,CHANCE_REL,CHANCE_REL,CHANCE_REL,PARTIAL,0.672
V0370,WI,369f5a5b745eb592,RELAY,S,o12,12,CHANCE,CHANCE_REL,11,-0.2937198067632854,CHANCE_REL,CHANCE_REL,123,DETERMINED,CHANCE_REL,CHANCE_REL,CHANCE_REL,PARTIAL,0.672
V0371,WI,369f5a5b745eb592,RELAY,channel_content,o12,12,CHANCE,INDETERMINATE,11,0.4714975845410628,INDETERMINATE,INDETERMINATE,123,DETERMINED,INDETERMINATE,INDETERMINATE,INDETERMINATE,PARTIAL,0.672
V0372,WI,369f5a5b745eb592,RELAY,site_all,o13,13,CHANCE,INDETERMINATE,11,-0.47826086956521724,INDETERMINATE,INDETERMINATE,123,DETERMINED,INDETERMINATE,INDETERMINATE,INDETERMINATE,PARTIAL,0.672
V0373,WI,369f5a5b745eb592,RELAY,channel_all,o13,13,CHANCE,INDETERMINATE,11,0.47826086956521724,INDETERMINATE,INDETERMINATE,123,DETERMINED,INDETERMINATE,INDETERMINATE,INDETERMINATE,PARTIAL,0.672
V0374,WI,369f5a5b745eb592,RELAY,S,o13,13,CHANCE,INDETERMINATE,11,-0.4531400966183575,INDETERMINATE,INDETERMINATE,117,DETERMINED,INDETERMINATE,INDETERMINATE,INDETERMINATE,PARTIAL,0.672
V0375,WI,369f5a5b745eb592,RELAY,channel_content,o13,13,CHANCE,INDETERMINATE,11,0.5400966183574877,INDETERMINATE,INDETERMINATE,119,DETERMINED,INDETERMINATE,INDETERMINATE,INDETERMINATE,PARTIAL,0.672
V0376,WI,369f5a5b745eb592,RELAY,site_all,o14,14,FLIP,FLIP_REL,11,-0.6285024154589369,FLIP_REL,FLIP_REL,123,DETERMINED,FLIP_REL,FLIP_REL,FLIP_REL,PARTIAL,0.672
V0377,WI,369f5a5b745eb592,RELAY,channel_all,o14,14,CHANCE,NO_EFFECT_REL,11,0.6285024154589375,NO_EFFECT_REL,NO_EFFECT_REL,123,DETERMINED,NO_EFFECT_REL,NO_EFFECT_REL,NO_EFFECT_REL,PARTIAL,0.672
V0378,WI,369f5a5b745eb592,RELAY,S,o14,14,CHANCE,FLIP_REL,11,-0.5908212560386474,FLIP_REL,FLIP_REL,102,DETERMINED,FLIP_REL,FLIP_REL,FLIP_REL,PARTIAL,0.672
V0379,WI,369f5a5b745eb592,RELAY,channel_content,o14,14,CHANCE,NO_EFFECT_REL,11,0.6647342995169082,NO_EFFECT_REL,NO_EFFECT_REL,123,DETERMINED,NO_EFFECT_REL,NO_EFFECT_REL,NO_EFFECT_REL,PARTIAL,0.672
V0380,WI,369f5a5b745eb592,RELAY,site_all,o15,15,FLIP,FLIP_REL,11,-0.8386473429951691,FLIP_REL,FLIP_REL,123,DETERMINED,FLIP_REL,FLIP_REL,FLIP_REL,PARTIAL,0.672
V0381,WI,369f5a5b745eb592,RELAY,channel_all,o15,15,NO-EFFECT,NO_EFFECT_REL,11,0.8386473429951685,NO_EFFECT_REL,NO_EFFECT_REL,123,DETERMINED,NO_EFFECT_REL,NO_EFFECT_REL,NO_EFFECT_REL,PARTIAL,0.672
V0382,WI,369f5a5b745eb592,RELAY,S,o15,15,FLIP,FLIP_REL,11,-0.7425120772946858,FLIP_REL,FLIP_REL,123,DETERMINED,FLIP_REL,FLIP_REL,FLIP_REL,PARTIAL,0.672
V0383,WI,4271681452d29aee,RELAY,channel_all,o0,0,CHANCE,CHANCE_REL,11,0.0055045871559628815,CHANCE_REL,CHANCE_REL,123,DETERMINED,CHANCE_REL,CHANCE_REL,CHANCE_REL,PARTIAL,0.627
V0384,WI,4271681452d29aee,RELAY,joint,o0,0,CHANCE,CHANCE_REL,11,-0.06788990825688089,CHANCE_REL,CHANCE_REL,123,DETERMINED,CHANCE_REL,CHANCE_REL,CHANCE_REL,PARTIAL,0.627
V0385,WI,4271681452d29aee,RELAY,channel_count,o0,0,CHANCE,CHANCE_REL,11,0.0055045871559628815,CHANCE_REL,CHANCE_REL,123,DETERMINED,CHANCE_REL,CHANCE_REL,CHANCE_REL,PARTIAL,0.627
V0386,WI,4271681452d29aee,RELAY,site_all,o1,1,CHANCE,INDETERMINATE,11,0.4403669724770642,INDETERMINATE,INDETERMINATE,117,DETERMINED,INDETERMINATE,INDETERMINATE,INDETERMINATE,PARTIAL,0.627
V0387,WI,4271681452d29aee,RELAY,channel_all,o1,1,CHANCE,INDETERMINATE,11,-0.4403669724770642,INDETERMINATE,INDETERMINATE,117,DETERMINED,INDETERMINATE,INDETERMINATE,INDETERMINATE,PARTIAL,0.627
V0388,WI,4271681452d29aee,RELAY,channel_count,o1,1,CHANCE,INDETERMINATE,11,-0.4403669724770642,INDETERMINATE,INDETERMINATE,117,DETERMINED,INDETERMINATE,INDETERMINATE,INDETERMINATE,PARTIAL,0.627
V0389,WI,4271681452d29aee,RELAY,r,o1,1,CHANCE,INDETERMINATE,11,0.511926605504587,INDETERMINATE,INDETERMINATE,123,DETERMINED,INDETERMINATE,INDETERMINATE,INDETERMINATE,PARTIAL,0.627
V0390,WI,4271681452d29aee,RELAY,site_all,o2,2,CHANCE,CHANCE_REL,11,0.2788990825688074,CHANCE_REL,CHANCE_REL,123,DETERMINED,CHANCE_REL,CHANCE_REL,CHANCE_REL,PARTIAL,0.627
V0391,WI,4271681452d29aee,RELAY,channel_all,o2,2,CHANCE,CHANCE_REL,11,-0.2788990825688074,CHANCE_REL,CHANCE_REL,123,DETERMINED,CHANCE_REL,CHANCE_REL,CHANCE_REL,PARTIAL,0.627
V0392,WI,4271681452d29aee,RELAY,S,o2,2,NO-EFFECT,NO_EFFECT_REL,11,0.653211009174311,NO_EFFECT_REL,NO_EFFECT_REL,106,AMBIGUOUS,INDETERMINATE|NO_EFFECT_REL,INDETERMINATE|NO_EFFECT_REL,INDETERMINATE|NO_EFFECT_REL,PARTIAL,0.627
V0393,WI,4271681452d29aee,RELAY,channel_count,o2,2,CHANCE,CHANCE_REL,11,-0.2788990825688074,CHANCE_REL,CHANCE_REL,123,DETERMINED,CHANCE_REL,CHANCE_REL,CHANCE_REL,PARTIAL,0.627
V0394,WI,4271681452d29aee,RELAY,r,o2,2,CHANCE,CHANCE_REL,11,0.34434250764526014,CHANCE_REL,CHANCE_REL,103,AMBIGUOUS,CHANCE_REL|INDETERMINATE,CHANCE_REL|INDETERMINATE,CHANCE_REL|INDETERMINATE,PARTIAL,0.627
V0395,WI,4271681452d29aee,RELAY,site_all,o3,3,CHANCE,CHANCE_REL,11,0.2587155963302746,CHANCE_REL,CHANCE_REL,123,DETERMINED,CHANCE_REL,CHANCE_REL,CHANCE_REL,PARTIAL,0.627
V0396,WI,4271681452d29aee,RELAY,channel_all,o3,3,CHANCE,CHANCE_REL,11,-0.25871559633027535,CHANCE_REL,CHANCE_REL,123,DETERMINED,CHANCE_REL,CHANCE_REL,CHANCE_REL,PARTIAL,0.627
V0397,WI,4271681452d29aee,RELAY,channel_count,o3,3,CHANCE,CHANCE_REL,11,-0.25871559633027535,CHANCE_REL,CHANCE_REL,123,DETERMINED,CHANCE_REL,CHANCE_REL,CHANCE_REL,PARTIAL,0.627
V0398,WI,4271681452d29aee,RELAY,r,o3,3,CHANCE,CHANCE_REL,11,0.40183486238532096,CHANCE_REL,CHANCE_REL,46,DETERMINED,CHANCE_REL,CHANCE_REL,CHANCE_REL,PARTIAL,0.627
V0399,WI,4271681452d29aee,RELAY,site_all,o4,4,CHANCE,CHANCE_REL,11,0.030581039755351383,CHANCE_REL,CHANCE_REL,123,DETERMINED,CHANCE_REL,CHANCE_REL,CHANCE_REL,PARTIAL,0.627
V0400,WI,4271681452d29aee,RELAY,channel_all,o4,4,CHANCE,CHANCE_REL,11,-0.030581039755352146,CHANCE_REL,CHANCE_REL,123,DETERMINED,CHANCE_REL,CHANCE_REL,CHANCE_REL,PARTIAL,0.627
V0401,WI,4271681452d29aee,RELAY,S,o4,4,CHANCE,INDETERMINATE,11,0.6042813455657492,INDETERMINATE,INDETERMINATE,69,DETERMINED,INDETERMINATE,INDETERMINATE,INDETERMINATE,PARTIAL,0.627
V0402,WI,4271681452d29aee,RELAY,channel_count,o4,4,CHANCE,CHANCE_REL,11,-0.030581039755352146,CHANCE_REL,CHANCE_REL,123,DETERMINED,CHANCE_REL,CHANCE_REL,CHANCE_REL,PARTIAL,0.627
V0403,WI,4271681452d29aee,RELAY,r,o4,4,CHANCE,CHANCE_REL,11,0.29113149847094766,CHANCE_REL,CHANCE_REL,123,DETERMINED,CHANCE_REL,CHANCE_REL,CHANCE_REL,PARTIAL,0.627
V0404,WI,4271681452d29aee,RELAY,site_all,o5,5,CHANCE,CHANCE_REL,11,-0.031192660550458624,CHANCE_REL,CHANCE_REL,123,DETERMINED,CHANCE_REL,CHANCE_REL,CHANCE_REL,PARTIAL,0.627
V0405,WI,4271681452d29aee,RELAY,channel_all,o5,5,CHANCE,CHANCE_REL,11,0.031192660550458624,CHANCE_REL,CHANCE_REL,123,DETERMINED,CHANCE_REL,CHANCE_REL,CHANCE_REL,PARTIAL,0.627
V0406,WI,4271681452d29aee,RELAY,S,o5,5,CHANCE,INDETERMINATE,11,0.4103975535168193,INDETERMINATE,INDETERMINATE,96,DETERMINED,INDETERMINATE,INDETERMINATE,INDETERMINATE,PARTIAL,0.627
V0407,WI,4271681452d29aee,RELAY,channel_count,o5,5,CHANCE,CHANCE_REL,11,0.031192660550458624,CHANCE_REL,CHANCE_REL,123,DETERMINED,CHANCE_REL,CHANCE_REL,CHANCE_REL,PARTIAL,0.627
V0408,WI,4271681452d29aee,RELAY,r,o5,5,CHANCE,CHANCE_REL,11,0.41345565749235397,CHANCE_REL,CHANCE_REL,22,AMBIGUOUS,CHANCE_REL|INDETERMINATE,CHANCE_REL|INDETERMINATE,CHANCE_REL|INDETERMINATE,PARTIAL,0.627
V0409,WI,4271681452d29aee,RELAY,site_all,o6,6,CHANCE,CHANCE_REL,11,-0.08562691131498479,CHANCE_REL,CHANCE_REL,123,DETERMINED,CHANCE_REL,CHANCE_REL,CHANCE_REL,PARTIAL,0.627
V0410,WI,4271681452d29aee,RELAY,channel_all,o6,6,CHANCE,CHANCE_REL,11,0.08562691131498402,CHANCE_REL,CHANCE_REL,123,DETERMINED,CHANCE_REL,CHANCE_REL,CHANCE_REL,PARTIAL,0.627
V0411,WI,4271681452d29aee,RELAY,S,o6,6,CHANCE,CHANCE_REL,11,0.2782874617736994,CHANCE_REL,CHANCE_REL,123,DETERMINED,CHANCE_REL,CHANCE_REL,CHANCE_REL,PARTIAL,0.627
V0412,WI,4271681452d29aee,RELAY,channel_count,o6,6,CHANCE,CHANCE_REL,11,0.08562691131498402,CHANCE_REL,CHANCE_REL,123,DETERMINED,CHANCE_REL,CHANCE_REL,CHANCE_REL,PARTIAL,0.627
V0413,WI,4271681452d29aee,RELAY,r,o6,6,CHANCE,NO_EFFECT_REL,11,0.5859327217125381,NO_EFFECT_REL,NO_EFFECT_REL,22,AMBIGUOUS,INDETERMINATE|NO_EFFECT_REL,INDETERMINATE|NO_EFFECT_REL,INDETERMINATE|NO_EFFECT_REL,PARTIAL,0.627
V0414,WI,4271681452d29aee,RELAY,site_all,o7,7,CHANCE,CHANCE_REL,11,-0.2226299694189603,CHANCE_REL,CHANCE_REL,123,DETERMINED,CHANCE_REL,CHANCE_REL,CHANCE_REL,PARTIAL,0.627
V0415,WI,4271681452d29aee,RELAY,channel_all,o7,7,CHANCE,CHANCE_REL,11,0.22262996941895954,CHANCE_REL,CHANCE_REL,123,DETERMINED,CHANCE_REL,CHANCE_REL,CHANCE_REL,PARTIAL,0.627
V0416,WI,4271681452d29aee,RELAY,S,o7,7,CHANCE,CHANCE_REL,11,0.18165137614678886,CHANCE_REL,CHANCE_REL,123,DETERMINED,CHANCE_REL,CHANCE_REL,CHANCE_REL,PARTIAL,0.627
V0417,WI,4271681452d29aee,RELAY,channel_count,o7,7,CHANCE,CHANCE_REL,11,0.22262996941895954,CHANCE_REL,CHANCE_REL,123,DETERMINED,CHANCE_REL,CHANCE_REL,CHANCE_REL,PARTIAL,0.627
V0418,WI,4271681452d29aee,RELAY,r,o7,7,CHANCE,INDETERMINATE,11,0.52782874617737,INDETERMINATE,INDETERMINATE,123,DETERMINED,INDETERMINATE,INDETERMINATE,INDETERMINATE,PARTIAL,0.627
V0419,WI,4271681452d29aee,RELAY,site_all,o8,8,CHANCE,CHANCE_REL,11,-0.24220183486238553,CHANCE_REL,CHANCE_REL,123,DETERMINED,CHANCE_REL,CHANCE_REL,CHANCE_REL,PARTIAL,0.627
V0420,WI,4271681452d29aee,RELAY,channel_all,o8,8,CHANCE,CHANCE_REL,11,0.24220183486238514,CHANCE_REL,CHANCE_REL,123,DETERMINED,CHANCE_REL,CHANCE_REL,CHANCE_REL,PARTIAL,0.627
V0421,WI,4271681452d29aee,RELAY,S,o8,8,CHANCE,CHANCE_REL,11,0.07828746177369941,CHANCE_REL,CHANCE_REL,123,DETERMINED,CHANCE_REL,CHANCE_REL,CHANCE_REL,PARTIAL,0.627
V0422,WI,4271681452d29aee,RELAY,channel_count,o8,8,CHANCE,CHANCE_REL,11,0.24220183486238514,CHANCE_REL,CHANCE_REL,123,DETERMINED,CHANCE_REL,CHANCE_REL,CHANCE_REL,PARTIAL,0.627
V0423,WI,4271681452d29aee,RELAY,r,o8,8,NO-EFFECT,NO_EFFECT_REL,11,0.6562691131498464,NO_EFFECT_REL,NO_EFFECT_REL,84,AMBIGUOUS,INDETERMINATE|NO_EFFECT_REL,INDETERMINATE|NO_EFFECT_REL,INDETERMINATE|NO_EFFECT_REL,PARTIAL,0.627
V0424,WI,4271681452d29aee,RELAY,site_all,o9,9,CHANCE,CHANCE_REL,11,-0.3926605504587154,CHANCE_REL,CHANCE_REL,37,AMBIGUOUS,CHANCE_REL|INDETERMINATE,CHANCE_REL|INDETERMINATE,CHANCE_REL|INDETERMINATE,PARTIAL,0.627
V0425,WI,4271681452d29aee,RELAY,channel_all,o9,9,CHANCE,CHANCE_REL,11,0.3926605504587146,CHANCE_REL,CHANCE_REL,37,AMBIGUOUS,CHANCE_REL|INDETERMINATE,CHANCE_REL|INDETERMINATE,CHANCE_REL|INDETERMINATE,PARTIAL,0.627
V0426,WI,4271681452d29aee,RELAY,S,o9,9,CHANCE,CHANCE_REL,11,-0.049541284403670144,CHANCE_REL,CHANCE_REL,123,DETERMINED,CHANCE_REL,CHANCE_REL,CHANCE_REL,PARTIAL,0.627
V0427,WI,4271681452d29aee,RELAY,channel_count,o9,9,CHANCE,CHANCE_REL,11,0.3926605504587146,CHANCE_REL,CHANCE_REL,37,AMBIGUOUS,CHANCE_REL|INDETERMINATE,CHANCE_REL|INDETERMINATE,CHANCE_REL|INDETERMINATE,PARTIAL,0.627
V0428,WI,4271681452d29aee,RELAY,r,o9,9,CHANCE,NO_EFFECT_REL,11,0.6262996941896014,NO_EFFECT_REL,NO_EFFECT_REL,58,DETERMINED,NO_EFFECT_REL,NO_EFFECT_REL,NO_EFFECT_REL,PARTIAL,0.627
V0429,WI,4271681452d29aee,RELAY,site_all,o10,10,CHANCE,INDETERMINATE,11,-0.47094801223241556,INDETERMINATE,INDETERMINATE,123,DETERMINED,INDETERMINATE,INDETERMINATE,INDETERMINATE,PARTIAL,0.627
V0430,WI,4271681452d29aee,RELAY,channel_all,o10,10,CHANCE,INDETERMINATE,11,0.47094801223241556,INDETERMINATE,INDETERMINATE,123,DETERMINED,INDETERMINATE,INDETERMINATE,INDETERMINATE,PARTIAL,0.627
V0431,WI,4271681452d29aee,RELAY,S,o10,10,CHANCE,CHANCE_REL,11,-0.20795107033639185,CHANCE_REL,CHANCE_REL,123,DETERMINED,CHANCE_REL,CHANCE_REL,CHANCE_REL,PARTIAL,0.627
V0432,WI,4271681452d29aee,RELAY,channel_count,o10,10,CHANCE,INDETERMINATE,11,0.47094801223241556,INDETERMINATE,INDETERMINATE,123,DETERMINED,INDETERMINATE,INDETERMINATE,INDETERMINATE,PARTIAL,0.627
V0433,WI,4271681452d29aee,RELAY,r,o10,10,NO-EFFECT,NO_EFFECT_REL,11,0.72354740061162,NO_EFFECT_REL,NO_EFFECT_REL,123,DETERMINED,NO_EFFECT_REL,NO_EFFECT_REL,NO_EFFECT_REL,PARTIAL,0.627
V0434,WI,4271681452d29aee,RELAY,site_all,o11,11,CHANCE,INDETERMINATE,11,-0.5798165137614679,INDETERMINATE,INDETERMINATE,108,DETERMINED,INDETERMINATE,INDETERMINATE,INDETERMINATE,PARTIAL,0.627
V0435,WI,4271681452d29aee,RELAY,channel_all,o11,11,CHANCE,INDETERMINATE,11,0.5798165137614671,INDETERMINATE,INDETERMINATE,108,DETERMINED,INDETERMINATE,INDETERMINATE,INDETERMINATE,PARTIAL,0.627
V0436,WI,4271681452d29aee,RELAY,S,o11,11,CHANCE,CHANCE_REL,11,-0.36391437308868496,CHANCE_REL,CHANCE_REL,59,AMBIGUOUS,CHANCE_REL|INDETERMINATE,CHANCE_REL|INDETERMINATE,CHANCE_REL|INDETERMINATE,PARTIAL,0.627
V0437,WI,4271681452d29aee,RELAY,channel_count,o11,11,CHANCE,INDETERMINATE,11,0.5798165137614671,INDETERMINATE,INDETERMINATE,108,DETERMINED,INDETERMINATE,INDETERMINATE,INDETERMINATE,PARTIAL,0.627
V0438,WI,4271681452d29aee,RELAY,r,o11,11,NO-EFFECT,NO_EFFECT_REL,11,0.759633027522935,NO_EFFECT_REL,NO_EFFECT_REL,123,DETERMINED,NO_EFFECT_REL,NO_EFFECT_REL,NO_EFFECT_REL,PARTIAL,0.627
V0439,WI,4271681452d29aee,RELAY,site_all,o12,12,CHANCE,FLIP_REL,11,-0.710091743119266,FLIP_REL,FLIP_REL,123,DETERMINED,FLIP_REL,FLIP_REL,FLIP_REL,PARTIAL,0.627
V0440,WI,4271681452d29aee,RELAY,S,o12,12,CHANCE,INDETERMINATE,11,-0.5168195718654434,INDETERMINATE,INDETERMINATE,123,DETERMINED,INDETERMINATE,INDETERMINATE,INDETERMINATE,PARTIAL,0.627
V0441,WI,4271681452d29aee,RELAY,site_all,o13,13,FLIP,FLIP_REL,11,-0.8452599388379202,FLIP_REL,FLIP_REL,123,DETERMINED,FLIP_REL,FLIP_REL,FLIP_REL,COMPLETE|PARTIAL,0.627
V0442,WI,4271681452d29aee,RELAY,S,o13,13,CHANCE,FLIP_REL,11,-0.6966360856269109,FLIP_REL,FLIP_REL,121,DETERMINED,FLIP_REL,FLIP_REL,FLIP_REL,PARTIAL,0.627
V0443,WI,4271681452d29aee,RELAY,site_all,o14,14,FLIP,FLIP_REL,11,-0.9938837920489291,FLIP_REL,FLIP_REL,123,DETERMINED,FLIP_REL,FLIP_REL,FLIP_REL,COMPLETE|PARTIAL,0.627
V0444,WI,4271681452d29aee,RELAY,channel_all,o14,14,NO-EFFECT,NO_EFFECT_REL,11,0.9938837920489291,NO_EFFECT_REL,NO_EFFECT_REL,123,DETERMINED,NO_EFFECT_REL,NO_EFFECT_REL,NO_EFFECT_REL,PARTIAL,0.627
V0445,WI,4271681452d29aee,RELAY,S,o14,14,FLIP,FLIP_REL,11,-0.8703363914373087,FLIP_REL,FLIP_REL,123,DETERMINED,FLIP_REL,FLIP_REL,FLIP_REL,COMPLETE|PARTIAL,0.627
V0446,WI,4271681452d29aee,RELAY,channel_count,o14,14,NO-EFFECT,NO_EFFECT_REL,11,0.9938837920489291,NO_EFFECT_REL,NO_EFFECT_REL,123,DETERMINED,NO_EFFECT_REL,NO_EFFECT_REL,NO_EFFECT_REL,PARTIAL,0.627
V0447,WI,4271681452d29aee,RELAY,site_all,o15,15,FLIP,FLIP_REL,11,-0.9999999999999992,FLIP_REL,FLIP_REL,123,DETERMINED,FLIP_REL,FLIP_REL,FLIP_REL,COMPLETE,0.627
V0448,WI,4271681452d29aee,RELAY,channel_all,o15,15,NO-EFFECT,NO_EFFECT_REL,11,1.0,NO_EFFECT_REL,NO_EFFECT_REL,123,DETERMINED,NO_EFFECT_REL,NO_EFFECT_REL,NO_EFFECT_REL,PARTIAL,0.627
V0449,WI,4271681452d29aee,RELAY,S,o15,15,FLIP,FLIP_REL,11,-1.0024464831804274,FLIP_REL,FLIP_REL,123,DETERMINED,FLIP_REL,FLIP_REL,FLIP_REL,COMPLETE|OVERSHOOT,0.627
V0450,WI,4271681452d29aee,RELAY,channel_count,o15,15,NO-EFFECT,NO_EFFECT_REL,11,1.0,NO_EFFECT_REL,NO_EFFECT_REL,123,DETERMINED,NO_EFFECT_REL,NO_EFFECT_REL,NO_EFFECT_REL,PARTIAL,0.627
V0451,WI,4316f167de9424be,RELAY,site_all,o0,0,CHANCE,CHANCE_REL,11,0.2805089647194912,CHANCE_REL,CHANCE_REL,123,DETERMINED,CHANCE_REL,CHANCE_REL,CHANCE_REL,PARTIAL,0.796
V0452,WI,4316f167de9424be,RELAY,joint,o0,0,CHANCE,CHANCE_REL,11,0.2805089647194912,CHANCE_REL,CHANCE_REL,123,DETERMINED,CHANCE_REL,CHANCE_REL,CHANCE_REL,PARTIAL,0.796
V0453,WI,4316f167de9424be,RELAY,S,o0,0,CHANCE,CHANCE_REL,11,0.2805089647194912,CHANCE_REL,CHANCE_REL,123,DETERMINED,CHANCE_REL,CHANCE_REL,CHANCE_REL,PARTIAL,0.796
V0454,WI,4316f167de9424be,RELAY,site_all,o1,1,CHANCE,CHANCE_REL,11,-0.3799884326200117,CHANCE_REL,CHANCE_REL,123,DETERMINED,CHANCE_REL,CHANCE_REL,CHANCE_REL,PARTIAL,0.796
V0455,WI,4316f167de9424be,RELAY,channel_all,o1,1,CHANCE,CHANCE_REL,11,0.3799884326200117,CHANCE_REL,CHANCE_REL,123,DETERMINED,CHANCE_REL,CHANCE_REL,CHANCE_REL,PARTIAL,0.796
V0456,WI,4316f167de9424be,RELAY,S,o1,1,CHANCE,CHANCE_REL,11,-0.3799884326200117,CHANCE_REL,CHANCE_REL,123,DETERMINED,CHANCE_REL,CHANCE_REL,CHANCE_REL,PARTIAL,0.796
V0457,WI,4316f167de9424be,RELAY,channel_content,o1,1,CHANCE,CHANCE_REL,11,0.3799884326200117,CHANCE_REL,CHANCE_REL,123,DETERMINED,CHANCE_REL,CHANCE_REL,CHANCE_REL,PARTIAL,0.796
V0458,WI,4316f167de9424be,RELAY,site_all,o2,2,CHANCE,CHANCE_REL,11,0.3395026026604975,CHANCE_REL,CHANCE_REL,123,DETERMINED,CHANCE_REL,CHANCE_REL,CHANCE_REL,PARTIAL,0.796
V0459,WI,4316f167de9424be,RELAY,channel_all,o2,2,CHANCE,CHANCE_REL,11,-0.3395026026604975,CHANCE_REL,CHANCE_REL,123,DETERMINED,CHANCE_REL,CHANCE_REL,CHANCE_REL,PARTIAL,0.796
V0460,WI,4316f167de9424be,RELAY,S,o2,2,CHANCE,CHANCE_REL,11,0.3395026026604975,CHANCE_REL,CHANCE_REL,123,DETERMINED,CHANCE_REL,CHANCE_REL,CHANCE_REL,PARTIAL,0.796
V0461,WI,4316f167de9424be,RELAY,channel_content,o2,2,CHANCE,CHANCE_REL,11,-0.3395026026604975,CHANCE_REL,CHANCE_REL,123,DETERMINED,CHANCE_REL,CHANCE_REL,CHANCE_REL,PARTIAL,0.796
V0462,WI,4316f167de9424be,RELAY,site_all,o6,6,CHANCE,CHANCE_REL,11,0.3799884326200117,CHANCE_REL,CHANCE_REL,123,DETERMINED,CHANCE_REL,CHANCE_REL,CHANCE_REL,PARTIAL,0.796
V0463,WI,4316f167de9424be,RELAY,channel_all,o6,6,CHANCE,CHANCE_REL,11,-0.3799884326200117,CHANCE_REL,CHANCE_REL,123,DETERMINED,CHANCE_REL,CHANCE_REL,CHANCE_REL,PARTIAL,0.796
V0464,WI,4316f167de9424be,RELAY,inbox,o6,6,CHANCE,CHANCE_REL,11,0.3799884326200117,CHANCE_REL,CHANCE_REL,123,DETERMINED,CHANCE_REL,CHANCE_REL,CHANCE_REL,PARTIAL,0.796
V0465,WI,4316f167de9424be,RELAY,channel_content,o6,6,CHANCE,CHANCE_REL,11,-0.3799884326200117,CHANCE_REL,CHANCE_REL,123,DETERMINED,CHANCE_REL,CHANCE_REL,CHANCE_REL,PARTIAL,0.796
V0466,WI,4316f167de9424be,RELAY,S,o7,7,CHANCE,CHANCE_REL,11,-0.2805089647194912,CHANCE_REL,CHANCE_REL,123,DETERMINED,CHANCE_REL,CHANCE_REL,CHANCE_REL,PARTIAL,0.796
V0467,WI,4316f167de9424be,RELAY,inbox,o7,7,CHANCE,CHANCE_REL,11,0.2805089647194912,CHANCE_REL,CHANCE_REL,123,DETERMINED,CHANCE_REL,CHANCE_REL,CHANCE_REL,PARTIAL,0.796
V0468,WI,4781b0a172b6dc3c,MAJ,site_all,o0,0,CHANCE,CHANCE_REL,11,0.25233644859813104,CHANCE_REL,CHANCE_REL,123,DETERMINED,CHANCE_REL,CHANCE_REL,CHANCE_REL,PARTIAL,0.748
V0469,WI,4781b0a172b6dc3c,MAJ,channel_all,o0,0,NO-EFFECT,NO_EFFECT_REL,11,0.8624833110814422,NO_EFFECT_REL,NO_EFFECT_REL,123,DETERMINED,NO_EFFECT_REL,NO_EFFECT_REL,NO_EFFECT_REL,PARTIAL,0.748
V0470,WI,4781b0a172b6dc3c,MAJ,joint,o0,0,CHANCE,CHANCE_REL,11,0.10614152202937284,CHANCE_REL,CHANCE_REL,123,DETERMINED,CHANCE_REL,CHANCE_REL,CHANCE_REL,PARTIAL,0.748
V0471,WI,4781b0a172b6dc3c,MAJ,S,o0,0,CHANCE,CHANCE_REL,11,0.24966622162883856,CHANCE_REL,CHANCE_REL,123,DETERMINED,CHANCE_REL,CHANCE_REL,CHANCE_REL,PARTIAL,0.748
V0472,WI,4781b0a172b6dc3c,MAJ,channel_content,o0,0,NO-EFFECT,NO_EFFECT_REL,11,0.8624833110814422,NO_EFFECT_REL,NO_EFFECT_REL,123,DETERMINED,NO_EFFECT_REL,NO_EFFECT_REL,NO_EFFECT_REL,PARTIAL,0.748
V0473,WI,4781b0a172b6dc3c,MAJ,channel_all,o1,1,CHANCE,NO_EFFECT_REL,11,0.7970627503337788,NO_EFFECT_REL,NO_EFFECT_REL,123,DETERMINED,NO_EFFECT_REL,NO_EFFECT_REL,NO_EFFECT_REL,PARTIAL,0.748
V0474,WI,4781b0a172b6dc3c,MAJ,channel_content,o1,1,CHANCE,NO_EFFECT_REL,11,0.7970627503337788,NO_EFFECT_REL,NO_EFFECT_REL,123,DETERMINED,NO_EFFECT_REL,NO_EFFECT_REL,NO_EFFECT_REL,PARTIAL,0.748
V0475,WI,4781b0a172b6dc3c,MAJ,channel_all,o2,2,CHANCE,NO_EFFECT_REL,11,0.7429906542056078,NO_EFFECT_REL,NO_EFFECT_REL,123,DETERMINED,NO_EFFECT_REL,NO_EFFECT_REL,NO_EFFECT_REL,PARTIAL,0.748
V0476,WI,4781b0a172b6dc3c,MAJ,channel_content,o2,2,CHANCE,NO_EFFECT_REL,11,0.7429906542056078,NO_EFFECT_REL,NO_EFFECT_REL,123,DETERMINED,NO_EFFECT_REL,NO_EFFECT_REL,NO_EFFECT_REL,PARTIAL,0.748
V0477,WI,4781b0a172b6dc3c,MAJ,channel_all,o3,3,CHANCE,NO_EFFECT_REL,11,0.7603471295060085,NO_EFFECT_REL,NO_EFFECT_REL,123,DETERMINED,NO_EFFECT_REL,NO_EFFECT_REL,NO_EFFECT_REL,PARTIAL,0.748
V0478,WI,4781b0a172b6dc3c,MAJ,channel_content,o3,3,CHANCE,NO_EFFECT_REL,11,0.7603471295060085,NO_EFFECT_REL,NO_EFFECT_REL,123,DETERMINED,NO_EFFECT_REL,NO_EFFECT_REL,NO_EFFECT_REL,PARTIAL,0.748
V0479,WI,4781b0a172b6dc3c,MAJ,channel_all,o4,4,CHANCE,NO_EFFECT_REL,11,0.6481975967957277,NO_EFFECT_REL,NO_EFFECT_REL,123,DETERMINED,NO_EFFECT_REL,NO_EFFECT_REL,NO_EFFECT_REL,PARTIAL,0.748
V0480,WI,4781b0a172b6dc3c,MAJ,S,o4,4,FLIP,INDETERMINATE,11,-0.4699599465954608,INDETERMINATE,INDETERMINATE,117,DETERMINED,INDETERMINATE,INDETERMINATE,INDETERMINATE,PARTIAL,0.748
V0481,WI,4781b0a172b6dc3c,MAJ,channel_content,o4,4,CHANCE,NO_EFFECT_REL,11,0.6481975967957277,NO_EFFECT_REL,NO_EFFECT_REL,123,DETERMINED,NO_EFFECT_REL,NO_EFFECT_REL,NO_EFFECT_REL,PARTIAL,0.748
V0482,WI,4781b0a172b6dc3c,MAJ,site_all,o5,5,FLIP,INDETERMINATE,11,-0.4572763684913222,INDETERMINATE,INDETERMINATE,105,DETERMINED,INDETERMINATE,INDETERMINATE,INDETERMINATE,PARTIAL,0.748
V0483,WI,4781b0a172b6dc3c,MAJ,channel_all,o5,5,CHANCE,INDETERMINATE,11,0.4572763684913222,INDETERMINATE,INDETERMINATE,105,DETERMINED,INDETERMINATE,INDETERMINATE,INDETERMINATE,PARTIAL,0.748
V0484,WI,4781b0a172b6dc3c,MAJ,S,o5,5,CHANCE,CHANCE_REL,11,-0.21094793057409883,CHANCE_REL,CHANCE_REL,123,DETERMINED,CHANCE_REL,CHANCE_REL,CHANCE_REL,PARTIAL,0.748
V0485,WI,4781b0a172b6dc3c,MAJ,channel_content,o5,5,CHANCE,INDETERMINATE,11,0.4572763684913222,INDETERMINATE,INDETERMINATE,105,DETERMINED,INDETERMINATE,INDETERMINATE,INDETERMINATE,PARTIAL,0.748
V0486,WI,4781b0a172b6dc3c,MAJ,site_all,o6,6,CHANCE,CHANCE_REL,11,-0.3491321762349802,CHANCE_REL,CHANCE_REL,123,DETERMINED,CHANCE_REL,CHANCE_REL,CHANCE_REL,PARTIAL,0.748
V0487,WI,4781b0a172b6dc3c,MAJ,channel_all,o6,6,CHANCE,CHANCE_REL,11,0.34913217623497983,CHANCE_REL,CHANCE_REL,123,DETERMINED,CHANCE_REL,CHANCE_REL,CHANCE_REL,PARTIAL,0.748
V0488,WI,4781b0a172b6dc3c,MAJ,S,o6,6,CHANCE,CHANCE_REL,11,-0.0707610146862487,CHANCE_REL,CHANCE_REL,123,DETERMINED,CHANCE_REL,CHANCE_REL,CHANCE_REL,PARTIAL,0.748
V0489,WI,4781b0a172b6dc3c,MAJ,channel_content,o6,6,CHANCE,CHANCE_REL,11,0.34913217623497983,CHANCE_REL,CHANCE_REL,123,DETERMINED,CHANCE_REL,CHANCE_REL,CHANCE_REL,PARTIAL,0.748
V0490,WI,4781b0a172b6dc3c,MAJ,site_all,o7,7,CHANCE,CHANCE_REL,11,-0.2022696929238987,CHANCE_REL,CHANCE_REL,123,DETERMINED,CHANCE_REL,CHANCE_REL,CHANCE_REL,PARTIAL,0.748
V0491,WI,4781b0a172b6dc3c,MAJ,channel_all,o7,7,CHANCE,CHANCE_REL,11,0.2022696929238983,CHANCE_REL,CHANCE_REL,123,DETERMINED,CHANCE_REL,CHANCE_REL,CHANCE_REL,PARTIAL,0.748
V0492,WI,4781b0a172b6dc3c,MAJ,S,o7,7,CHANCE,CHANCE_REL,11,0.13084112149532712,CHANCE_REL,CHANCE_REL,123,DETERMINED,CHANCE_REL,CHANCE_REL,CHANCE_REL,PARTIAL,0.748
V0493,WI,4781b0a172b6dc3c,MAJ,channel_content,o7,7,CHANCE,CHANCE_REL,11,0.2022696929238983,CHANCE_REL,CHANCE_REL,123,DETERMINED,CHANCE_REL,CHANCE_REL,CHANCE_REL,PARTIAL,0.748
V0494,WI,4781b0a172b6dc3c,MAJ,site_all,o8,8,CHANCE,CHANCE_REL,11,-0.08144192256341815,CHANCE_REL,CHANCE_REL,123,DETERMINED,CHANCE_REL,CHANCE_REL,CHANCE_REL,PARTIAL,0.748
V0495,WI,4781b0a172b6dc3c,MAJ,channel_all,o8,8,CHANCE,CHANCE_REL,11,0.08144192256341815,CHANCE_REL,CHANCE_REL,123,DETERMINED,CHANCE_REL,CHANCE_REL,CHANCE_REL,PARTIAL,0.748
V0496,WI,4781b0a172b6dc3c,MAJ,S,o8,8,CHANCE,CHANCE_REL,11,0.2723631508678241,CHANCE_REL,CHANCE_REL,123,DETERMINED,CHANCE_REL,CHANCE_REL,CHANCE_REL,PARTIAL,0.748
V0497,WI,4781b0a172b6dc3c,MAJ,channel_content,o8,8,CHANCE,CHANCE_REL,11,0.08144192256341815,CHANCE_REL,CHANCE_REL,123,DETERMINED,CHANCE_REL,CHANCE_REL,CHANCE_REL,PARTIAL,0.748
V0498,WI,4781b0a172b6dc3c,MAJ,site_all,o9,9,CHANCE,CHANCE_REL,11,0.18291054739652854,CHANCE_REL,CHANCE_REL,123,DETERMINED,CHANCE_REL,CHANCE_REL,CHANCE_REL,PARTIAL,0.748
V0499,WI,4781b0a172b6dc3c,MAJ,channel_all,o9,9,CHANCE,CHANCE_REL,11,-0.18291054739652896,CHANCE_REL,CHANCE_REL,123,DETERMINED,CHANCE_REL,CHANCE_REL,CHANCE_REL,PARTIAL,0.748
V0500,WI,4781b0a172b6dc3c,MAJ,S,o9,9,CHANCE,INDETERMINATE,11,0.4986648865153538,INDETERMINATE,INDETERMINATE,123,DETERMINED,INDETERMINATE,INDETERMINATE,INDETERMINATE,PARTIAL,0.748
V0501,WI,4781b0a172b6dc3c,MAJ,channel_content,o9,9,CHANCE,CHANCE_REL,11,-0.18291054739652896,CHANCE_REL,CHANCE_REL,123,DETERMINED,CHANCE_REL,CHANCE_REL,CHANCE_REL,PARTIAL,0.748
V0502,WI,4781b0a172b6dc3c,MAJ,site_all,o10,10,CHANCE,CHANCE_REL,11,0.19626168224299087,CHANCE_REL,CHANCE_REL,123,DETERMINED,CHANCE_REL,CHANCE_REL,CHANCE_REL,PARTIAL,0.748
V0503,WI,4781b0a172b6dc3c,MAJ,channel_all,o10,10,CHANCE,CHANCE_REL,11,-0.19626168224299087,CHANCE_REL,CHANCE_REL,123,DETERMINED,CHANCE_REL,CHANCE_REL,CHANCE_REL,PARTIAL,0.748
V0504,WI,4781b0a172b6dc3c,MAJ,S,o10,10,CHANCE,NO_EFFECT_REL,11,0.6395193591455278,NO_EFFECT_REL,NO_EFFECT_REL,123,DETERMINED,NO_EFFECT_REL,NO_EFFECT_REL,NO_EFFECT_REL,PARTIAL,0.748
V0505,WI,4781b0a172b6dc3c,MAJ,channel_content,o10,10,CHANCE,CHANCE_REL,11,-0.19626168224299087,CHANCE_REL,CHANCE_REL,123,DETERMINED,CHANCE_REL,CHANCE_REL,CHANCE_REL,PARTIAL,0.748
V0506,WI,4781b0a172b6dc3c,MAJ,site_all,o11,11,CHANCE,INDETERMINATE,11,0.47329773030707617,INDETERMINATE,INDETERMINATE,123,DETERMINED,INDETERMINATE,INDETERMINATE,INDETERMINATE,PARTIAL,0.748
V0507,WI,4781b0a172b6dc3c,MAJ,channel_all,o11,11,FLIP,INDETERMINATE,11,-0.4732977303070764,INDETERMINATE,INDETERMINATE,123,DETERMINED,INDETERMINATE,INDETERMINATE,INDETERMINATE,PARTIAL,0.748
V0508,WI,4781b0a172b6dc3c,MAJ,channel_content,o11,11,FLIP,INDETERMINATE,11,-0.4732977303070764,INDETERMINATE,INDETERMINATE,123,DETERMINED,INDETERMINATE,INDETERMINATE,INDETERMINATE,PARTIAL,0.748
V0509,WI,4781b0a172b6dc3c,MAJ,site_all,o14,14,CHANCE,CHANCE_REL,11,0.4439252336448603,CHANCE_REL,CHANCE_REL,52,AMBIGUOUS,CHANCE_REL|INDETERMINATE,CHANCE_REL|INDETERMINATE,CHANCE_REL|INDETERMINATE,PARTIAL,0.748
V0510,WI,4781b0a172b6dc3c,MAJ,channel_all,o14,14,FLIP,CHANCE_REL,11,-0.4439252336448601,CHANCE_REL,CHANCE_REL,52,AMBIGUOUS,CHANCE_REL|INDETERMINATE,CHANCE_REL|INDETERMINATE,CHANCE_REL|INDETERMINATE,PARTIAL,0.748
V0511,WI,4781b0a172b6dc3c,MAJ,inbox,o14,14,CHANCE,CHANCE_REL,11,0.4439252336448603,CHANCE_REL,CHANCE_REL,52,AMBIGUOUS,CHANCE_REL|INDETERMINATE,CHANCE_REL|INDETERMINATE,CHANCE_REL|INDETERMINATE,PARTIAL,0.748
V0512,WI,4781b0a172b6dc3c,MAJ,channel_content,o14,14,FLIP,CHANCE_REL,11,-0.4439252336448601,CHANCE_REL,CHANCE_REL,52,AMBIGUOUS,CHANCE_REL|INDETERMINATE,CHANCE_REL|INDETERMINATE,CHANCE_REL|INDETERMINATE,PARTIAL,0.748
V0513,WI,4781b0a172b6dc3c,MAJ,site_all,o15,15,FLIP,FLIP_REL,11,-0.5620827770360484,FLIP_REL,FLIP_REL,65,AMBIGUOUS,FLIP_REL|INDETERMINATE,FLIP_REL|INDETERMINATE,FLIP_REL|INDETERMINATE,PARTIAL,0.748
V0514,WI,4781b0a172b6dc3c,MAJ,channel_all,o15,15,CHANCE,NO_EFFECT_REL,11,0.5620827770360479,NO_EFFECT_REL,NO_EFFECT_REL,65,AMBIGUOUS,INDETERMINATE|NO_EFFECT_REL,INDETERMINATE|NO_EFFECT_REL,INDETERMINATE|NO_EFFECT_REL,PARTIAL,0.748
V0515,WI,4781b0a172b6dc3c,MAJ,S,o15,15,CHANCE,CHANCE_REL,11,-0.11481975967957295,CHANCE_REL,CHANCE_REL,123,DETERMINED,CHANCE_REL,CHANCE_REL,CHANCE_REL,PARTIAL,0.748
V0516,WI,4781b0a172b6dc3c,MAJ,inbox,o15,15,CHANCE,NO_EFFECT_REL,11,0.5527369826435248,NO_EFFECT_REL,NO_EFFECT_REL,33,DETERMINED,NO_EFFECT_REL,NO_EFFECT_REL,NO_EFFECT_REL,PARTIAL,0.748
V0517,WI,4781b0a172b6dc3c,MAJ,channel_content,o15,15,CHANCE,NO_EFFECT_REL,11,0.5620827770360479,NO_EFFECT_REL,NO_EFFECT_REL,65,AMBIGUOUS,INDETERMINATE|NO_EFFECT_REL,INDETERMINATE|NO_EFFECT_REL,INDETERMINATE|NO_EFFECT_REL,PARTIAL,0.748
V0518,WI,4ab2ba014aac967e,HOLD,channel_all,o0,0,CHANCE,CHANCE_REL,11,0.3325672259250749,CHANCE_REL,CHANCE_REL,123,DETERMINED,CHANCE_REL,CHANCE_REL,CHANCE_REL,PARTIAL,0.872
V0519,WI,4ab2ba014aac967e,HOLD,joint,o0,0,CHANCE,CHANCE_REL,11,0.3325672259250749,CHANCE_REL,CHANCE_REL,123,DETERMINED,CHANCE_REL,CHANCE_REL,CHANCE_REL,PARTIAL,0.872
V0520,WI,4ab2ba014aac967e,HOLD,channel_content,o0,0,CHANCE,CHANCE_REL,11,0.3325672259250749,CHANCE_REL,CHANCE_REL,123,DETERMINED,CHANCE_REL,CHANCE_REL,CHANCE_REL,PARTIAL,0.872
V0521,WI,4ab2ba014aac967e,HOLD,site_all,o4,4,CHANCE,INDETERMINATE,11,0.5150540105722824,INDETERMINATE,INDETERMINATE,123,DETERMINED,INDETERMINATE,INDETERMINATE,INDETERMINATE,PARTIAL,0.872
V0522,WI,4ab2ba014aac967e,HOLD,inbox,o4,4,CHANCE,INDETERMINATE,11,0.5150540105722824,INDETERMINATE,INDETERMINATE,123,DETERMINED,INDETERMINATE,INDETERMINATE,INDETERMINATE,PARTIAL,0.872
V0523,WI,4ab2ba014aac967e,HOLD,site_all,o5,5,CHANCE,NO_EFFECT_REL,11,0.6492760284991955,NO_EFFECT_REL,NO_EFFECT_REL,123,DETERMINED,NO_EFFECT_REL,NO_EFFECT_REL,NO_EFFECT_REL,PARTIAL,0.872
V0524,WI,4ab2ba014aac967e,HOLD,inbox,o5,5,CHANCE,NO_EFFECT_REL,11,0.6492760284991955,NO_EFFECT_REL,NO_EFFECT_REL,123,DETERMINED,NO_EFFECT_REL,NO_EFFECT_REL,NO_EFFECT_REL,PARTIAL,0.872
V0525,WI,4ab2ba014aac967e,HOLD,site_all,o8,8,CHANCE,NO_EFFECT_REL,11,0.5502183406113538,NO_EFFECT_REL,NO_EFFECT_REL,41,AMBIGUOUS,INDETERMINATE|NO_EFFECT_REL,INDETERMINATE|NO_EFFECT_REL,INDETERMINATE|NO_EFFECT_REL,PARTIAL,0.872
V0526,WI,4ab2ba014aac967e,HOLD,inbox,o8,8,CHANCE,NO_EFFECT_REL,11,0.5502183406113538,NO_EFFECT_REL,NO_EFFECT_REL,41,AMBIGUOUS,INDETERMINATE|NO_EFFECT_REL,INDETERMINATE|NO_EFFECT_REL,INDETERMINATE|NO_EFFECT_REL,PARTIAL,0.872
V0527,WI,4ab2ba014aac967e,HOLD,channel_all,o9,9,CHANCE,NO_EFFECT_REL,11,0.6796138818662376,NO_EFFECT_REL,NO_EFFECT_REL,123,DETERMINED,NO_EFFECT_REL,NO_EFFECT_REL,NO_EFFECT_REL,PARTIAL,0.872
V0528,WI,4ab2ba014aac967e,HOLD,S,o9,9,FLIP,CHANCE_REL,11,-0.31831762813146425,CHANCE_REL,CHANCE_REL,123,DETERMINED,CHANCE_REL,CHANCE_REL,CHANCE_REL,PARTIAL,0.872
V0529,WI,4ab2ba014aac967e,HOLD,inbox,o9,9,CHANCE,NO_EFFECT_REL,11,0.6387037462652264,NO_EFFECT_REL,NO_EFFECT_REL,123,DETERMINED,NO_EFFECT_REL,NO_EFFECT_REL,NO_EFFECT_REL,PARTIAL,0.872
V0530,WI,4ab2ba014aac967e,HOLD,channel_content,o9,9,CHANCE,NO_EFFECT_REL,11,0.6796138818662376,NO_EFFECT_REL,NO_EFFECT_REL,123,DETERMINED,NO_EFFECT_REL,NO_EFFECT_REL,NO_EFFECT_REL,PARTIAL,0.872
V0531,WI,613162a306938de7,MAJ,site_all,o0,0,CHANCE,CHANCE_REL,11,0.08183632734530882,CHANCE_REL,CHANCE_REL,123,DETERMINED,CHANCE_REL,CHANCE_REL,CHANCE_REL,PARTIAL,0.703
V0532,WI,613162a306938de7,MAJ,joint,o0,0,CHANCE,CHANCE_REL,11,0.08502994011976002,CHANCE_REL,CHANCE_REL,123,DETERMINED,CHANCE_REL,CHANCE_REL,CHANCE_REL,PARTIAL,0.703
V0533,WI,613162a306938de7,MAJ,S,o0,0,CHANCE,CHANCE_REL,11,0.07984031936127671,CHANCE_REL,CHANCE_REL,123,DETERMINED,CHANCE_REL,CHANCE_REL,CHANCE_REL,PARTIAL,0.703
V0534,WI,613162a306938de7,MAJ,S,o8,8,FLIP,FLIP_REL,11,-0.7816367265469061,FLIP_REL,FLIP_REL,123,DETERMINED,FLIP_REL,FLIP_REL,FLIP_REL,PARTIAL,0.703
V0535,WI,613162a306938de7,MAJ,site_all,o9,9,FLIP,FLIP_REL,11,-0.8131736526946107,FLIP_REL,FLIP_REL,123,DETERMINED,FLIP_REL,FLIP_REL,FLIP_REL,COMPLETE|PARTIAL,0.703
V0536,WI,613162a306938de7,MAJ,channel_all,o9,9,NO-EFFECT,NO_EFFECT_REL,11,0.813173652694611,NO_EFFECT_REL,NO_EFFECT_REL,123,DETERMINED,NO_EFFECT_REL,NO_EFFECT_REL,NO_EFFECT_REL,PARTIAL,0.703
V0537,WI,613162a306938de7,MAJ,S,o9,9,FLIP,FLIP_REL,11,-0.770059880239521,FLIP_REL,FLIP_REL,123,DETERMINED,FLIP_REL,FLIP_REL,FLIP_REL,PARTIAL,0.703
V0538,WI,613162a306938de7,MAJ,channel_content,o9,9,NO-EFFECT,NO_EFFECT_REL,11,0.813173652694611,NO_EFFECT_REL,NO_EFFECT_REL,123,DETERMINED,NO_EFFECT_REL,NO_EFFECT_REL,NO_EFFECT_REL,PARTIAL,0.703
V0539,WI,62a7fff921ca3bd8,RELAY,channel_all,o0,0,CHANCE,CHANCE_REL,11,0.26070460704607057,CHANCE_REL,CHANCE_REL,123,DETERMINED,CHANCE_REL,CHANCE_REL,CHANCE_REL,PARTIAL,0.811
V0540,WI,62a7fff921ca3bd8,RELAY,joint,o0,0,CHANCE,CHANCE_REL,11,0.26070460704607057,CHANCE_REL,CHANCE_REL,123,DETERMINED,CHANCE_REL,CHANCE_REL,CHANCE_REL,PARTIAL,0.811
V0541,WI,62a7fff921ca3bd8,RELAY,channel_content,o0,0,CHANCE,CHANCE_REL,11,0.26070460704607057,CHANCE_REL,CHANCE_REL,123,DETERMINED,CHANCE_REL,CHANCE_REL,CHANCE_REL,PARTIAL,0.811
V0542,WI,62a7fff921ca3bd8,RELAY,channel_all,o5,5,CHANCE,CHANCE_REL,11,0.383739837398374,CHANCE_REL,CHANCE_REL,123,DETERMINED,CHANCE_REL,CHANCE_REL,CHANCE_REL,PARTIAL,0.811
V0543,WI,62a7fff921ca3bd8,RELAY,inbox,o5,5,CHANCE,CHANCE_REL,11,0.26070460704607057,CHANCE_REL,CHANCE_REL,123,DETERMINED,CHANCE_REL,CHANCE_REL,CHANCE_REL,PARTIAL,0.811
V0544,WI,62a7fff921ca3bd8,RELAY,channel_content,o5,5,CHANCE,CHANCE_REL,11,0.383739837398374,CHANCE_REL,CHANCE_REL,123,DETERMINED,CHANCE_REL,CHANCE_REL,CHANCE_REL,PARTIAL,0.811
V0545,WI,62a7fff921ca3bd8,RELAY,Kp,o5,5,CHANCE,CHANCE_REL,11,0.35555555555555546,CHANCE_REL,CHANCE_REL,123,DETERMINED,CHANCE_REL,CHANCE_REL,CHANCE_REL,PARTIAL,0.811
V0546,WI,62a7fff921ca3bd8,RELAY,inbox,o6,6,CHANCE,CHANCE_REL,11,0.383739837398374,CHANCE_REL,CHANCE_REL,123,DETERMINED,CHANCE_REL,CHANCE_REL,CHANCE_REL,PARTIAL,0.811
V0547,WI,62a7fff921ca3bd8,RELAY,S,o7,7,CHANCE,CHANCE_REL,11,-0.26070460704607057,CHANCE_REL,CHANCE_REL,123,DETERMINED,CHANCE_REL,CHANCE_REL,CHANCE_REL,PARTIAL,0.811
V0548,WI,62a7fff921ca3bd8,RELAY,Kp,o7,7,CHANCE,CHANCE_REL,11,0.26070460704607057,CHANCE_REL,CHANCE_REL,123,DETERMINED,CHANCE_REL,CHANCE_REL,CHANCE_REL,PARTIAL,0.811
V0549,WI,63d17a90e365e424,RELAY,channel_all,o0,0,CHANCE,CHANCE_REL,11,0.002592352559948227,CHANCE_REL,CHANCE_REL,123,DETERMINED,CHANCE_REL,CHANCE_REL,CHANCE_REL,PARTIAL,0.76
V0550,WI,63d17a90e365e424,RELAY,joint,o0,0,CHANCE,CHANCE_REL,11,0.0006480881399868541,CHANCE_REL,CHANCE_REL,123,DETERMINED,CHANCE_REL,CHANCE_REL,CHANCE_REL,PARTIAL,0.76
V0551,WI,63d17a90e365e424,RELAY,channel_count,o0,0,CHANCE,CHANCE_REL,11,0.002592352559948227,CHANCE_REL,CHANCE_REL,123,DETERMINED,CHANCE_REL,CHANCE_REL,CHANCE_REL,PARTIAL,0.76
V0552,WI,63d17a90e365e424,RELAY,site_all,o3,3,CHANCE,INDETERMINATE,11,0.5217109526895659,INDETERMINATE,INDETERMINATE,123,DETERMINED,INDETERMINATE,INDETERMINATE,INDETERMINATE,PARTIAL,0.76
V0553,WI,63d17a90e365e424,RELAY,r,o3,3,CHANCE,NO_EFFECT_REL,11,0.6040181464679198,NO_EFFECT_REL,NO_EFFECT_REL,123,DETERMINED,NO_EFFECT_REL,NO_EFFECT_REL,NO_EFFECT_REL,PARTIAL,0.76
V0554,WI,63d17a90e365e424,RELAY,site_all,o4,4,CHANCE,CHANCE_REL,11,-0.41348023331173045,CHANCE_REL,CHANCE_REL,115,AMBIGUOUS,CHANCE_REL|INDETERMINATE,CHANCE_REL|INDETERMINATE,CHANCE_REL|INDETERMINATE,PARTIAL,0.76
V0555,WI,63d17a90e365e424,RELAY,channel_all,o4,4,CHANCE,CHANCE_REL,11,0.41348023331173045,CHANCE_REL,CHANCE_REL,115,AMBIGUOUS,CHANCE_REL|INDETERMINATE,CHANCE_REL|INDETERMINATE,CHANCE_REL|INDETERMINATE,PARTIAL,0.76
V0556,WI,63d17a90e365e424,RELAY,S,o4,4,CHANCE,NO_EFFECT_REL,11,0.6837329876863256,NO_EFFECT_REL,NO_EFFECT_REL,123,DETERMINED,NO_EFFECT_REL,NO_EFFECT_REL,NO_EFFECT_REL,PARTIAL,0.76
V0557,WI,63d17a90e365e424,RELAY,inbox,o4,4,CHANCE,NO_EFFECT_REL,11,0.7965003240440702,NO_EFFECT_REL,NO_EFFECT_REL,123,DETERMINED,NO_EFFECT_REL,NO_EFFECT_REL,NO_EFFECT_REL,PARTIAL,0.76
V0558,WI,63d17a90e365e424,RELAY,channel_count,o4,4,CHANCE,CHANCE_REL,11,0.41348023331173045,CHANCE_REL,CHANCE_REL,115,AMBIGUOUS,CHANCE_REL|INDETERMINATE,CHANCE_REL|INDETERMINATE,CHANCE_REL|INDETERMINATE,PARTIAL,0.76
V0559,WI,63d17a90e365e424,RELAY,r,o4,4,CHANCE,CHANCE_REL,11,0.10369410239792584,CHANCE_REL,CHANCE_REL,123,DETERMINED,CHANCE_REL,CHANCE_REL,CHANCE_REL,PARTIAL,0.76
V0560,WI,63d17a90e365e424,RELAY,S,o5,5,CHANCE,CHANCE_REL,11,-0.012961762799740933,CHANCE_REL,CHANCE_REL,123,DETERMINED,CHANCE_REL,CHANCE_REL,CHANCE_REL,PARTIAL,0.76
V0561,WI,63d17a90e365e424,RELAY,inbox,o5,5,NO-EFFECT,NO_EFFECT_REL,11,0.8651976668826958,NO_EFFECT_REL,NO_EFFECT_REL,123,DETERMINED,NO_EFFECT_REL,NO_EFFECT_REL,NO_EFFECT_REL,PARTIAL,0.76
V0562,WI,63d17a90e365e424,RELAY,r,o5,5,CHANCE,CHANCE_REL,11,0.2203499675955928,CHANCE_REL,CHANCE_REL,123,DETERMINED,CHANCE_REL,CHANCE_REL,CHANCE_REL,PARTIAL,0.76
V0563,WI,63d17a90e365e424,RELAY,r,o6,6,CHANCE,NO_EFFECT_REL,11,0.6915100453661699,NO_EFFECT_REL,NO_EFFECT_REL,123,DETERMINED,NO_EFFECT_REL,NO_EFFECT_REL,NO_EFFECT_REL,PARTIAL,0.76
V0564,WI,65d840a8fe0b4bf9,HOLD,site_all,o0,0,CHANCE,CHANCE_REL,11,0.20428973277074558,CHANCE_REL,CHANCE_REL,123,DETERMINED,CHANCE_REL,CHANCE_REL,CHANCE_REL,PARTIAL,0.735
V0565,WI,65d840a8fe0b4bf9,HOLD,joint,o0,0,CHANCE,CHANCE_REL,11,0.2021800281293951,CHANCE_REL,CHANCE_REL,123,DETERMINED,CHANCE_REL,CHANCE_REL,CHANCE_REL,PARTIAL,0.735
V0566,WI,65d840a8fe0b4bf9,HOLD,S,o0,0,CHANCE,CHANCE_REL,11,0.20428973277074558,CHANCE_REL,CHANCE_REL,123,DETERMINED,CHANCE_REL,CHANCE_REL,CHANCE_REL,PARTIAL,0.735
V0567,WI,72dd71d8028cf759,RELAY,channel_all,o0,0,CHANCE,CHANCE_REL,11,0.14443378119001932,CHANCE_REL,CHANCE_REL,123,DETERMINED,CHANCE_REL,CHANCE_REL,CHANCE_REL,PARTIAL,0.858
V0568,WI,72dd71d8028cf759,RELAY,joint,o0,0,CHANCE,CHANCE_REL,11,0.1516314779270635,CHANCE_REL,CHANCE_REL,123,DETERMINED,CHANCE_REL,CHANCE_REL,CHANCE_REL,PARTIAL,0.858
V0569,WI,72dd71d8028cf759,RELAY,channel_content,o0,0,CHANCE,CHANCE_REL,11,0.1429942418426106,CHANCE_REL,CHANCE_REL,123,DETERMINED,CHANCE_REL,CHANCE_REL,CHANCE_REL,PARTIAL,0.858
V0570,WI,72dd71d8028cf759,RELAY,site_all,o4,4,CHANCE,NO_EFFECT_REL,11,0.6425143953934741,NO_EFFECT_REL,NO_EFFECT_REL,123,DETERMINED,NO_EFFECT_REL,NO_EFFECT_REL,NO_EFFECT_REL,PARTIAL,0.858
V0571,WI,72dd71d8028cf759,RELAY,S,o4,4,CHANCE,NO_EFFECT_REL,11,0.6425143953934741,NO_EFFECT_REL,NO_EFFECT_REL,123,DETERMINED,NO_EFFECT_REL,NO_EFFECT_REL,NO_EFFECT_REL,PARTIAL,0.858
V0572,WI,72dd71d8028cf759,RELAY,channel_all,o5,5,CHANCE,CHANCE_REL,11,0.4378598848368523,CHANCE_REL,CHANCE_REL,123,DETERMINED,CHANCE_REL,CHANCE_REL,CHANCE_REL,PARTIAL,0.858
V0573,WI,72dd71d8028cf759,RELAY,S,o5,5,CHANCE,CHANCE_REL,11,0.05422264875239914,CHANCE_REL,CHANCE_REL,123,DETERMINED,CHANCE_REL,CHANCE_REL,CHANCE_REL,PARTIAL,0.858
V0574,WI,72dd71d8028cf759,RELAY,inbox,o5,5,CHANCE,INDETERMINATE,11,0.5079174664107485,INDETERMINATE,INDETERMINATE,123,DETERMINED,INDETERMINATE,INDETERMINATE,INDETERMINATE,PARTIAL,0.858
V0575,WI,72dd71d8028cf759,RELAY,channel_content,o5,5,CHANCE,CHANCE_REL,11,0.4378598848368523,CHANCE_REL,CHANCE_REL,123,DETERMINED,CHANCE_REL,CHANCE_REL,CHANCE_REL,PARTIAL,0.858
V0576,WI,72dd71d8028cf759,RELAY,inbox,o6,6,CHANCE,CHANCE_REL,11,0.4378598848368523,CHANCE_REL,CHANCE_REL,123,DETERMINED,CHANCE_REL,CHANCE_REL,CHANCE_REL,PARTIAL,0.858
V0577,WI,78f3b0eccd44b1ed,RELAY,site_all,o0,0,CHANCE,CHANCE_REL,11,0.09856364536899474,CHANCE_REL,CHANCE_REL,123,DETERMINED,CHANCE_REL,CHANCE_REL,CHANCE_REL,PARTIAL,0.674
V0578,WI,78f3b0eccd44b1ed,RELAY,joint,o0,0,CHANCE,CHANCE_REL,11,0.09856364536899474,CHANCE_REL,CHANCE_REL,123,DETERMINED,CHANCE_REL,CHANCE_REL,CHANCE_REL,PARTIAL,0.674
V0579,WI,78f3b0eccd44b1ed,RELAY,S,o0,0,CHANCE,CHANCE_REL,11,0.09856364536899474,CHANCE_REL,CHANCE_REL,123,DETERMINED,CHANCE_REL,CHANCE_REL,CHANCE_REL,PARTIAL,0.674
V0580,WI,78f3b0eccd44b1ed,RELAY,site_all,o9,9,CHANCE,CHANCE_REL,11,-0.44675581971272915,CHANCE_REL,CHANCE_REL,100,AMBIGUOUS,CHANCE_REL|INDETERMINATE,CHANCE_REL|INDETERMINATE,CHANCE_REL|INDETERMINATE,PARTIAL,0.674
V0581,WI,78f3b0eccd44b1ed,RELAY,channel_all,o9,9,CHANCE,CHANCE_REL,11,0.44675581971272915,CHANCE_REL,CHANCE_REL,100,AMBIGUOUS,CHANCE_REL|INDETERMINATE,CHANCE_REL|INDETERMINATE,CHANCE_REL|INDETERMINATE,PARTIAL,0.674
V0582,WI,78f3b0eccd44b1ed,RELAY,S,o9,9,CHANCE,CHANCE_REL,11,-0.44675581971272915,CHANCE_REL,CHANCE_REL,100,AMBIGUOUS,CHANCE_REL|INDETERMINATE,CHANCE_REL|INDETERMINATE,CHANCE_REL|INDETERMINATE,PARTIAL,0.674
V0583,WI,78f3b0eccd44b1ed,RELAY,channel_count,o9,9,CHANCE,CHANCE_REL,11,0.44675581971272915,CHANCE_REL,CHANCE_REL,100,AMBIGUOUS,CHANCE_REL|INDETERMINATE,CHANCE_REL|INDETERMINATE,CHANCE_REL|INDETERMINATE,PARTIAL,0.674
V0584,WI,78f3b0eccd44b1ed,RELAY,site_all,o10,10,CHANCE,CHANCE_REL,11,-0.01089648340762785,CHANCE_REL,CHANCE_REL,123,DETERMINED,CHANCE_REL,CHANCE_REL,CHANCE_REL,PARTIAL,0.674
V0585,WI,78f3b0eccd44b1ed,RELAY,channel_all,o10,10,CHANCE,CHANCE_REL,11,0.010896483407626922,CHANCE_REL,CHANCE_REL,123,DETERMINED,CHANCE_REL,CHANCE_REL,CHANCE_REL,PARTIAL,0.674
V0586,WI,78f3b0eccd44b1ed,RELAY,S,o10,10,CHANCE,CHANCE_REL,11,-0.01089648340762785,CHANCE_REL,CHANCE_REL,123,DETERMINED,CHANCE_REL,CHANCE_REL,CHANCE_REL,PARTIAL,0.674
V0587,WI,78f3b0eccd44b1ed,RELAY,channel_count,o10,10,CHANCE,CHANCE_REL,11,0.010896483407626922,CHANCE_REL,CHANCE_REL,123,DETERMINED,CHANCE_REL,CHANCE_REL,CHANCE_REL,PARTIAL,0.674
V0588,WI,78f3b0eccd44b1ed,RELAY,site_all,o11,11,CHANCE,INDETERMINATE,11,0.5344229816740957,INDETERMINATE,INDETERMINATE,83,DETERMINED,INDETERMINATE,INDETERMINATE,INDETERMINATE,PARTIAL,0.674
V0589,WI,78f3b0eccd44b1ed,RELAY,channel_all,o11,11,CHANCE,INDETERMINATE,11,-0.5344229816740961,INDETERMINATE,INDETERMINATE,83,DETERMINED,INDETERMINATE,INDETERMINATE,INDETERMINATE,PARTIAL,0.674
V0590,WI,78f3b0eccd44b1ed,RELAY,S,o11,11,CHANCE,INDETERMINATE,11,0.5344229816740957,INDETERMINATE,INDETERMINATE,83,DETERMINED,INDETERMINATE,INDETERMINATE,INDETERMINATE,PARTIAL,0.674
V0591,WI,78f3b0eccd44b1ed,RELAY,channel_count,o11,11,CHANCE,INDETERMINATE,11,-0.5344229816740961,INDETERMINATE,INDETERMINATE,83,DETERMINED,INDETERMINATE,INDETERMINATE,INDETERMINATE,PARTIAL,0.674
V0592,WI,78f3b0eccd44b1ed,RELAY,site_all,o14,14,CHANCE,CHANCE_REL,11,0.44675581971272915,CHANCE_REL,CHANCE_REL,100,AMBIGUOUS,CHANCE_REL|INDETERMINATE,CHANCE_REL|INDETERMINATE,CHANCE_REL|INDETERMINATE,PARTIAL,0.674
V0593,WI,78f3b0eccd44b1ed,RELAY,channel_all,o14,14,CHANCE,CHANCE_REL,11,-0.44675581971272915,CHANCE_REL,CHANCE_REL,100,AMBIGUOUS,CHANCE_REL|INDETERMINATE,CHANCE_REL|INDETERMINATE,CHANCE_REL|INDETERMINATE,PARTIAL,0.674
V0594,WI,78f3b0eccd44b1ed,RELAY,inbox,o14,14,CHANCE,CHANCE_REL,11,0.44675581971272915,CHANCE_REL,CHANCE_REL,100,AMBIGUOUS,CHANCE_REL|INDETERMINATE,CHANCE_REL|INDETERMINATE,CHANCE_REL|INDETERMINATE,PARTIAL,0.674
V0595,WI,78f3b0eccd44b1ed,RELAY,channel_count,o14,14,CHANCE,CHANCE_REL,11,-0.44675581971272915,CHANCE_REL,CHANCE_REL,100,AMBIGUOUS,CHANCE_REL|INDETERMINATE,CHANCE_REL|INDETERMINATE,CHANCE_REL|INDETERMINATE,PARTIAL,0.674
V0596,WI,78f3b0eccd44b1ed,RELAY,site_all,o15,15,CHANCE,INDETERMINATE,11,-0.5344229816740961,INDETERMINATE,INDETERMINATE,83,DETERMINED,INDETERMINATE,INDETERMINATE,INDETERMINATE,PARTIAL,0.674
V0597,WI,78f3b0eccd44b1ed,RELAY,channel_all,o15,15,CHANCE,INDETERMINATE,11,0.5344229816740957,INDETERMINATE,INDETERMINATE,83,DETERMINED,INDETERMINATE,INDETERMINATE,INDETERMINATE,PARTIAL,0.674
V0598,WI,78f3b0eccd44b1ed,RELAY,S,o15,15,CHANCE,CHANCE_REL,11,-0.09856364536899474,CHANCE_REL,CHANCE_REL,123,DETERMINED,CHANCE_REL,CHANCE_REL,CHANCE_REL,PARTIAL,0.674
V0599,WI,78f3b0eccd44b1ed,RELAY,inbox,o15,15,CHANCE,NO_EFFECT_REL,11,0.564140663694899,NO_EFFECT_REL,NO_EFFECT_REL,123,DETERMINED,NO_EFFECT_REL,NO_EFFECT_REL,NO_EFFECT_REL,PARTIAL,0.674
V0600,WI,78f3b0eccd44b1ed,RELAY,channel_count,o15,15,CHANCE,INDETERMINATE,11,0.5344229816740957,INDETERMINATE,INDETERMINATE,83,DETERMINED,INDETERMINATE,INDETERMINATE,INDETERMINATE,PARTIAL,0.674
V0601,WI,7b7b025e7ee58f2b,HOLD,site_all,o0,0,CHANCE,CHANCE_REL,11,0.09090909090909038,CHANCE_REL,CHANCE_REL,123,DETERMINED,CHANCE_REL,CHANCE_REL,CHANCE_REL,PARTIAL,1.0
V0602,WI,7b7b025e7ee58f2b,HOLD,joint,o0,0,CHANCE,CHANCE_REL,11,0.09090909090909038,CHANCE_REL,CHANCE_REL,123,DETERMINED,CHANCE_REL,CHANCE_REL,CHANCE_REL,PARTIAL,1.0
V0603,WI,7b7b025e7ee58f2b,HOLD,S,o0,0,CHANCE,CHANCE_REL,11,0.09090909090909038,CHANCE_REL,CHANCE_REL,123,DETERMINED,CHANCE_REL,CHANCE_REL,CHANCE_REL,PARTIAL,1.0
V0604,WI,85ca202e89057873,HOLD,site_all,o0,0,CHANCE,CHANCE_REL,11,0.09090909090909038,CHANCE_REL,CHANCE_REL,123,DETERMINED,CHANCE_REL,CHANCE_REL,CHANCE_REL,PARTIAL,1.0
V0605,WI,85ca202e89057873,HOLD,joint,o0,0,CHANCE,CHANCE_REL,11,0.09090909090909038,CHANCE_REL,CHANCE_REL,123,DETERMINED,CHANCE_REL,CHANCE_REL,CHANCE_REL,PARTIAL,1.0
V0606,WI,85ca202e89057873,HOLD,S,o0,0,CHANCE,CHANCE_REL,11,0.09090909090909038,CHANCE_REL,CHANCE_REL,123,DETERMINED,CHANCE_REL,CHANCE_REL,CHANCE_REL,PARTIAL,1.0
V0607,WI,8c37f32e68843070,RELAY,channel_all,o0,0,CHANCE,CHANCE_REL,11,0.26607883817427386,CHANCE_REL,CHANCE_REL,123,DETERMINED,CHANCE_REL,CHANCE_REL,CHANCE_REL,PARTIAL,0.829
V0608,WI,8c37f32e68843070,RELAY,joint,o0,0,CHANCE,CHANCE_REL,11,0.2640041493775936,CHANCE_REL,CHANCE_REL,123,DETERMINED,CHANCE_REL,CHANCE_REL,CHANCE_REL,PARTIAL,0.829
V0609,WI,8c37f32e68843070,RELAY,channel_content,o0,0,CHANCE,CHANCE_REL,11,0.265819502074689,CHANCE_REL,CHANCE_REL,123,DETERMINED,CHANCE_REL,CHANCE_REL,CHANCE_REL,PARTIAL,0.829
V0610,WI,8c37f32e68843070,RELAY,site_all,o5,5,FLIP,CHANCE_REL,11,-0.4061203319502075,CHANCE_REL,CHANCE_REL,123,DETERMINED,CHANCE_REL,CHANCE_REL,CHANCE_REL,PARTIAL,0.829
V0611,WI,8c37f32e68843070,RELAY,channel_all,o5,5,CHANCE,CHANCE_REL,11,0.40612033195020725,CHANCE_REL,CHANCE_REL,123,DETERMINED,CHANCE_REL,CHANCE_REL,CHANCE_REL,PARTIAL,0.829
V0612,WI,8c37f32e68843070,RELAY,inbox,o5,5,CHANCE,CHANCE_REL,11,0.26919087136929465,CHANCE_REL,CHANCE_REL,123,DETERMINED,CHANCE_REL,CHANCE_REL,CHANCE_REL,PARTIAL,0.829
V0613,WI,8c37f32e68843070,RELAY,channel_content,o5,5,CHANCE,CHANCE_REL,11,0.3882261410788383,CHANCE_REL,CHANCE_REL,123,DETERMINED,CHANCE_REL,CHANCE_REL,CHANCE_REL,PARTIAL,0.829
V0614,WI,8c37f32e68843070,RELAY,Kp,o5,5,CHANCE,CHANCE_REL,11,0.32468879668049844,CHANCE_REL,CHANCE_REL,123,DETERMINED,CHANCE_REL,CHANCE_REL,CHANCE_REL,PARTIAL,0.829
V0615,WI,8c37f32e68843070,RELAY,inbox,o6,6,CHANCE,CHANCE_REL,11,0.41260373443983406,CHANCE_REL,CHANCE_REL,123,DETERMINED,CHANCE_REL,CHANCE_REL,CHANCE_REL,PARTIAL,0.829
V0616,WI,8c37f32e68843070,RELAY,Kp,o6,6,FLIP,CHANCE_REL,11,-0.40923236514522837,CHANCE_REL,CHANCE_REL,123,DETERMINED,CHANCE_REL,CHANCE_REL,CHANCE_REL,PARTIAL,0.829
V0617,WI,8c37f32e68843070,RELAY,S,o7,7,CHANCE,CHANCE_REL,11,-0.2634854771784233,CHANCE_REL,CHANCE_REL,123,DETERMINED,CHANCE_REL,CHANCE_REL,CHANCE_REL,PARTIAL,0.829
V0618,WI,8c37f32e68843070,RELAY,Kp,o7,7,CHANCE,CHANCE_REL,11,0.26607883817427413,CHANCE_REL,CHANCE_REL,123,DETERMINED,CHANCE_REL,CHANCE_REL,CHANCE_REL,PARTIAL,0.829
V0619,WI,ab089e45b85e990b,HOLD,site_all,o0,0,CHANCE,CHANCE_REL,11,0.09090909090909038,CHANCE_REL,CHANCE_REL,123,DETERMINED,CHANCE_REL,CHANCE_REL,CHANCE_REL,PARTIAL,1.0
V0620,WI,ab089e45b85e990b,HOLD,joint,o0,0,CHANCE,CHANCE_REL,11,0.09090909090909038,CHANCE_REL,CHANCE_REL,123,DETERMINED,CHANCE_REL,CHANCE_REL,CHANCE_REL,PARTIAL,1.0
V0621,WI,ab089e45b85e990b,HOLD,S,o0,0,CHANCE,CHANCE_REL,11,0.09090909090909038,CHANCE_REL,CHANCE_REL,123,DETERMINED,CHANCE_REL,CHANCE_REL,CHANCE_REL,PARTIAL,1.0
V0622,WI,bbef66a1ee9558ac,RELAY,site_all,o0,0,CHANCE,CHANCE_REL,11,0.07116788321167887,CHANCE_REL,CHANCE_REL,123,DETERMINED,CHANCE_REL,CHANCE_REL,CHANCE_REL,PARTIAL,0.879
V0623,WI,bbef66a1ee9558ac,RELAY,joint,o0,0,CHANCE,CHANCE_REL,11,0.07116788321167887,CHANCE_REL,CHANCE_REL,123,DETERMINED,CHANCE_REL,CHANCE_REL,CHANCE_REL,PARTIAL,0.879
V0624,WI,bbef66a1ee9558ac,RELAY,S,o0,0,CHANCE,CHANCE_REL,11,0.07116788321167887,CHANCE_REL,CHANCE_REL,123,DETERMINED,CHANCE_REL,CHANCE_REL,CHANCE_REL,PARTIAL,0.879
V0625,WI,bbef66a1ee9558ac,RELAY,channel_all,o9,9,CHANCE,CHANCE_REL,11,0.4584854014598541,CHANCE_REL,CHANCE_REL,60,AMBIGUOUS,CHANCE_REL|INDETERMINATE,CHANCE_REL|INDETERMINATE,CHANCE_REL|INDETERMINATE,PARTIAL,0.879
V0626,WI,bbef66a1ee9558ac,RELAY,channel_content,o9,9,CHANCE,CHANCE_REL,11,0.4584854014598541,CHANCE_REL,CHANCE_REL,60,AMBIGUOUS,CHANCE_REL|INDETERMINATE,CHANCE_REL|INDETERMINATE,CHANCE_REL|INDETERMINATE,PARTIAL,0.879
V0627,WI,bbef66a1ee9558ac,RELAY,site_all,o10,10,CHANCE,CHANCE_REL,11,0.011861313868613192,CHANCE_REL,CHANCE_REL,123,DETERMINED,CHANCE_REL,CHANCE_REL,CHANCE_REL,PARTIAL,0.879
V0628,WI,bbef66a1ee9558ac,RELAY,channel_all,o10,10,CHANCE,CHANCE_REL,11,-0.011861313868613192,CHANCE_REL,CHANCE_REL,123,DETERMINED,CHANCE_REL,CHANCE_REL,CHANCE_REL,PARTIAL,0.879
V0629,WI,bbef66a1ee9558ac,RELAY,S,o10,10,CHANCE,CHANCE_REL,11,0.011861313868613192,CHANCE_REL,CHANCE_REL,123,DETERMINED,CHANCE_REL,CHANCE_REL,CHANCE_REL,PARTIAL,0.879
V0630,WI,bbef66a1ee9558ac,RELAY,channel_content,o10,10,CHANCE,CHANCE_REL,11,-0.011861313868613192,CHANCE_REL,CHANCE_REL,123,DETERMINED,CHANCE_REL,CHANCE_REL,CHANCE_REL,PARTIAL,0.879
V0631,WI,bbef66a1ee9558ac,RELAY,site_all,o11,11,CHANCE,NO_EFFECT_REL,11,0.5415145985401462,NO_EFFECT_REL,NO_EFFECT_REL,99,AMBIGUOUS,INDETERMINATE|NO_EFFECT_REL,INDETERMINATE|NO_EFFECT_REL,INDETERMINATE|NO_EFFECT_REL,PARTIAL,0.879
V0632,WI,bbef66a1ee9558ac,RELAY,S,o11,11,CHANCE,NO_EFFECT_REL,11,0.5415145985401462,NO_EFFECT_REL,NO_EFFECT_REL,99,AMBIGUOUS,INDETERMINATE|NO_EFFECT_REL,INDETERMINATE|NO_EFFECT_REL,INDETERMINATE|NO_EFFECT_REL,PARTIAL,0.879
V0633,WI,bbef66a1ee9558ac,RELAY,site_all,o14,14,CHANCE,CHANCE_REL,11,0.4584854014598541,CHANCE_REL,CHANCE_REL,60,AMBIGUOUS,CHANCE_REL|INDETERMINATE,CHANCE_REL|INDETERMINATE,CHANCE_REL|INDETERMINATE,PARTIAL,0.879
V0634,WI,bbef66a1ee9558ac,RELAY,inbox,o14,14,CHANCE,CHANCE_REL,11,0.4584854014598541,CHANCE_REL,CHANCE_REL,60,AMBIGUOUS,CHANCE_REL|INDETERMINATE,CHANCE_REL|INDETERMINATE,CHANCE_REL|INDETERMINATE,PARTIAL,0.879
V0635,WI,bbef66a1ee9558ac,RELAY,channel_all,o15,15,CHANCE,NO_EFFECT_REL,11,0.5415145985401462,NO_EFFECT_REL,NO_EFFECT_REL,99,AMBIGUOUS,INDETERMINATE|NO_EFFECT_REL,INDETERMINATE|NO_EFFECT_REL,INDETERMINATE|NO_EFFECT_REL,PARTIAL,0.879
V0636,WI,bbef66a1ee9558ac,RELAY,S,o15,15,CHANCE,CHANCE_REL,11,-0.07116788321167887,CHANCE_REL,CHANCE_REL,123,DETERMINED,CHANCE_REL,CHANCE_REL,CHANCE_REL,PARTIAL,0.879
V0637,WI,bbef66a1ee9558ac,RELAY,inbox,o15,15,CHANCE,INDETERMINATE,11,0.5296532846715329,INDETERMINATE,INDETERMINATE,89,DETERMINED,INDETERMINATE,INDETERMINATE,INDETERMINATE,PARTIAL,0.879
V0638,WI,bbef66a1ee9558ac,RELAY,channel_content,o15,15,CHANCE,NO_EFFECT_REL,11,0.5415145985401462,NO_EFFECT_REL,NO_EFFECT_REL,99,AMBIGUOUS,INDETERMINATE|NO_EFFECT_REL,INDETERMINATE|NO_EFFECT_REL,INDETERMINATE|NO_EFFECT_REL,PARTIAL,0.879
V0639,WI,bf82cb29e967a489,RELAY,channel_all,o0,0,CHANCE,CHANCE_REL,11,0.2171189979123169,CHANCE_REL,CHANCE_REL,123,DETERMINED,CHANCE_REL,CHANCE_REL,CHANCE_REL,PARTIAL,0.664
V0640,WI,bf82cb29e967a489,RELAY,joint,o0,0,CHANCE,CHANCE_REL,11,0.2171189979123169,CHANCE_REL,CHANCE_REL,123,DETERMINED,CHANCE_REL,CHANCE_REL,CHANCE_REL,PARTIAL,0.664
V0641,WI,bf82cb29e967a489,RELAY,channel_content,o0,0,CHANCE,CHANCE_REL,11,0.2171189979123169,CHANCE_REL,CHANCE_REL,123,DETERMINED,CHANCE_REL,CHANCE_REL,CHANCE_REL,PARTIAL,0.664
V0642,WI,bf82cb29e967a489,RELAY,site_all,o3,3,CHANCE,CHANCE_REL,11,0.35125260960334054,CHANCE_REL,CHANCE_REL,123,DETERMINED,CHANCE_REL,CHANCE_REL,CHANCE_REL,PARTIAL,0.664
V0643,WI,bf82cb29e967a489,RELAY,channel_all,o3,3,CHANCE,CHANCE_REL,11,-0.3512526096033402,CHANCE_REL,CHANCE_REL,123,DETERMINED,CHANCE_REL,CHANCE_REL,CHANCE_REL,PARTIAL,0.664
V0644,WI,bf82cb29e967a489,RELAY,inbox,o3,3,CHANCE,CHANCE_REL,11,0.35125260960334054,CHANCE_REL,CHANCE_REL,123,DETERMINED,CHANCE_REL,CHANCE_REL,CHANCE_REL,PARTIAL,0.664
V0645,WI,bf82cb29e967a489,RELAY,channel_content,o3,3,CHANCE,CHANCE_REL,11,-0.3512526096033402,CHANCE_REL,CHANCE_REL,123,DETERMINED,CHANCE_REL,CHANCE_REL,CHANCE_REL,PARTIAL,0.664
V0646,WI,bf82cb29e967a489,RELAY,site_all,o6,6,CHANCE,CHANCE_REL,11,0.43893528183716085,CHANCE_REL,CHANCE_REL,86,AMBIGUOUS,CHANCE_REL|INDETERMINATE,CHANCE_REL|INDETERMINATE,CHANCE_REL|INDETERMINATE,PARTIAL,0.664
V0647,WI,bf82cb29e967a489,RELAY,channel_all,o6,6,CHANCE,CHANCE_REL,11,-0.4389352818371605,CHANCE_REL,CHANCE_REL,86,AMBIGUOUS,CHANCE_REL|INDETERMINATE,CHANCE_REL|INDETERMINATE,CHANCE_REL|INDETERMINATE,PARTIAL,0.664
V0648,WI,bf82cb29e967a489,RELAY,inbox,o6,6,CHANCE,CHANCE_REL,11,0.43893528183716085,CHANCE_REL,CHANCE_REL,86,AMBIGUOUS,CHANCE_REL|INDETERMINATE,CHANCE_REL|INDETERMINATE,CHANCE_REL|INDETERMINATE,PARTIAL,0.664
V0649,WI,bf82cb29e967a489,RELAY,channel_content,o6,6,CHANCE,CHANCE_REL,11,-0.4389352818371605,CHANCE_REL,CHANCE_REL,86,AMBIGUOUS,CHANCE_REL|INDETERMINATE,CHANCE_REL|INDETERMINATE,CHANCE_REL|INDETERMINATE,PARTIAL,0.664
V0650,WI,bf82cb29e967a489,RELAY,channel_all,o7,7,NO-EFFECT,NO_EFFECT_REL,11,0.7453027139874733,NO_EFFECT_REL,NO_EFFECT_REL,123,DETERMINED,NO_EFFECT_REL,NO_EFFECT_REL,NO_EFFECT_REL,PARTIAL,0.664
V0651,WI,bf82cb29e967a489,RELAY,S,o7,7,CHANCE,CHANCE_REL,11,-0.21711899791231754,CHANCE_REL,CHANCE_REL,123,DETERMINED,CHANCE_REL,CHANCE_REL,CHANCE_REL,PARTIAL,0.664
V0652,WI,bf82cb29e967a489,RELAY,inbox,o7,7,CHANCE,INDETERMINATE,11,0.471816283924843,INDETERMINATE,INDETERMINATE,101,DETERMINED,INDETERMINATE,INDETERMINATE,INDETERMINATE,PARTIAL,0.664
V0653,WI,bf82cb29e967a489,RELAY,channel_content,o7,7,NO-EFFECT,NO_EFFECT_REL,11,0.7453027139874733,NO_EFFECT_REL,NO_EFFECT_REL,123,DETERMINED,NO_EFFECT_REL,NO_EFFECT_REL,NO_EFFECT_REL,PARTIAL,0.664
V0654,WI,c16d52319beb8bce,RELAY,channel_all,o0,0,CHANCE,CHANCE_REL,11,0.09747378455672087,CHANCE_REL,CHANCE_REL,123,DETERMINED,CHANCE_REL,CHANCE_REL,CHANCE_REL,PARTIAL,0.856
V0655,WI,c16d52319beb8bce,RELAY,joint,o0,0,CHANCE,CHANCE_REL,11,0.08698760724499512,CHANCE_REL,CHANCE_REL,123,DETERMINED,CHANCE_REL,CHANCE_REL,CHANCE_REL,PARTIAL,0.856
V0656,WI,c16d52319beb8bce,RELAY,channel_content,o0,0,CHANCE,CHANCE_REL,11,0.09699714013346046,CHANCE_REL,CHANCE_REL,123,DETERMINED,CHANCE_REL,CHANCE_REL,CHANCE_REL,PARTIAL,0.856
V0657,WI,c16d52319beb8bce,RELAY,site_all,o4,4,CHANCE,NO_EFFECT_REL,11,0.6644423260247857,NO_EFFECT_REL,NO_EFFECT_REL,123,DETERMINED,NO_EFFECT_REL,NO_EFFECT_REL,NO_EFFECT_REL,PARTIAL,0.856
V0658,WI,c16d52319beb8bce,RELAY,S,o4,4,CHANCE,NO_EFFECT_REL,11,0.6644423260247857,NO_EFFECT_REL,NO_EFFECT_REL,123,DETERMINED,NO_EFFECT_REL,NO_EFFECT_REL,NO_EFFECT_REL,PARTIAL,0.856
V0659,WI,c16d52319beb8bce,RELAY,site_all,o5,5,FLIP,CHANCE_REL,11,-0.3281696854146809,CHANCE_REL,CHANCE_REL,123,DETERMINED,CHANCE_REL,CHANCE_REL,CHANCE_REL,PARTIAL,0.856
V0660,WI,c16d52319beb8bce,RELAY,channel_all,o5,5,CHANCE,CHANCE_REL,11,0.3281696854146809,CHANCE_REL,CHANCE_REL,123,DETERMINED,CHANCE_REL,CHANCE_REL,CHANCE_REL,PARTIAL,0.856
V0661,WI,c16d52319beb8bce,RELAY,S,o5,5,CHANCE,CHANCE_REL,11,0.2502383222116303,CHANCE_REL,CHANCE_REL,123,DETERMINED,CHANCE_REL,CHANCE_REL,CHANCE_REL,PARTIAL,0.856
V0662,WI,c16d52319beb8bce,RELAY,inbox,o5,5,CHANCE,CHANCE_REL,11,0.42159199237368916,CHANCE_REL,CHANCE_REL,121,AMBIGUOUS,CHANCE_REL|INDETERMINATE,CHANCE_REL|INDETERMINATE,CHANCE_REL|INDETERMINATE,PARTIAL,0.856
V0663,WI,c16d52319beb8bce,RELAY,channel_content,o5,5,CHANCE,CHANCE_REL,11,0.32721639656816004,CHANCE_REL,CHANCE_REL,123,DETERMINED,CHANCE_REL,CHANCE_REL,CHANCE_REL,PARTIAL,0.856
V0664,WI,c16d52319beb8bce,RELAY,S,o6,6,FLIP,CHANCE_REL,11,-0.3281696854146809,CHANCE_REL,CHANCE_REL,123,DETERMINED,CHANCE_REL,CHANCE_REL,CHANCE_REL,PARTIAL,0.856
V0665,WI,c16d52319beb8bce,RELAY,inbox,o6,6,CHANCE,CHANCE_REL,11,0.32769304099142044,CHANCE_REL,CHANCE_REL,123,DETERMINED,CHANCE_REL,CHANCE_REL,CHANCE_REL,PARTIAL,0.856
V0666,WI,cd5b6fd649eb242d,RELAY,channel_all,o0,0,CHANCE,CHANCE_REL,11,0.09161190568225724,CHANCE_REL,CHANCE_REL,123,DETERMINED,CHANCE_REL,CHANCE_REL,CHANCE_REL,PARTIAL,0.725
V0667,WI,cd5b6fd649eb242d,RELAY,joint,o0,0,CHANCE,CHANCE_REL,11,0.09161190568225724,CHANCE_REL,CHANCE_REL,123,DETERMINED,CHANCE_REL,CHANCE_REL,CHANCE_REL,PARTIAL,0.725
V0668,WI,cd5b6fd649eb242d,RELAY,channel_content,o0,0,CHANCE,CHANCE_REL,11,0.09161190568225724,CHANCE_REL,CHANCE_REL,123,DETERMINED,CHANCE_REL,CHANCE_REL,CHANCE_REL,PARTIAL,0.725
V0669,WI,cd5b6fd649eb242d,RELAY,site_all,o3,3,CHANCE,INDETERMINATE,11,0.4607653652879778,INDETERMINATE,INDETERMINATE,54,DETERMINED,INDETERMINATE,INDETERMINATE,INDETERMINATE,PARTIAL,0.725
V0670,WI,cd5b6fd649eb242d,RELAY,channel_all,o3,3,CHANCE,INDETERMINATE,11,-0.4607653652879783,INDETERMINATE,INDETERMINATE,54,DETERMINED,INDETERMINATE,INDETERMINATE,INDETERMINATE,PARTIAL,0.725
V0671,WI,cd5b6fd649eb242d,RELAY,inbox,o3,3,CHANCE,CHANCE_REL,11,0.4626981059141859,CHANCE_REL,CHANCE_REL,69,AMBIGUOUS,CHANCE_REL|INDETERMINATE,CHANCE_REL|INDETERMINATE,CHANCE_REL|INDETERMINATE,PARTIAL,0.725
V0672,WI,cd5b6fd649eb242d,RELAY,channel_content,o3,3,CHANCE,INDETERMINATE,11,-0.4607653652879783,INDETERMINATE,INDETERMINATE,54,DETERMINED,INDETERMINATE,INDETERMINATE,INDETERMINATE,PARTIAL,0.725
V0673,WI,cd5b6fd649eb242d,RELAY,site_all,o4,4,CHANCE,CHANCE_REL,11,0.3455740239659836,CHANCE_REL,CHANCE_REL,123,DETERMINED,CHANCE_REL,CHANCE_REL,CHANCE_REL,PARTIAL,0.725
V0674,WI,cd5b6fd649eb242d,RELAY,channel_all,o4,4,CHANCE,CHANCE_REL,11,-0.3455740239659836,CHANCE_REL,CHANCE_REL,123,DETERMINED,CHANCE_REL,CHANCE_REL,CHANCE_REL,PARTIAL,0.725
V0675,WI,cd5b6fd649eb242d,RELAY,inbox,o4,4,CHANCE,CHANCE_REL,11,0.361422497100889,CHANCE_REL,CHANCE_REL,123,DETERMINED,CHANCE_REL,CHANCE_REL,CHANCE_REL,PARTIAL,0.725
V0676,WI,cd5b6fd649eb242d,RELAY,channel_content,o4,4,CHANCE,CHANCE_REL,11,-0.3455740239659836,CHANCE_REL,CHANCE_REL,123,DETERMINED,CHANCE_REL,CHANCE_REL,CHANCE_REL,PARTIAL,0.725
V0677,WI,cd5b6fd649eb242d,RELAY,site_all,o6,6,CHANCE,NO_EFFECT_REL,11,0.6509470429068419,NO_EFFECT_REL,NO_EFFECT_REL,123,DETERMINED,NO_EFFECT_REL,NO_EFFECT_REL,NO_EFFECT_REL,PARTIAL,0.725
V0678,WI,cd5b6fd649eb242d,RELAY,channel_all,o6,6,FLIP,FLIP_REL,11,-0.6509470429068416,FLIP_REL,FLIP_REL,123,DETERMINED,FLIP_REL,FLIP_REL,FLIP_REL,PARTIAL,0.725
V0679,WI,cd5b6fd649eb242d,RELAY,S,o6,6,CHANCE,NO_EFFECT_REL,11,0.7383069192114411,NO_EFFECT_REL,NO_EFFECT_REL,123,DETERMINED,NO_EFFECT_REL,NO_EFFECT_REL,NO_EFFECT_REL,PARTIAL,0.725
V0680,WI,cd5b6fd649eb242d,RELAY,channel_content,o6,6,FLIP,FLIP_REL,11,-0.6509470429068416,FLIP_REL,FLIP_REL,123,DETERMINED,FLIP_REL,FLIP_REL,FLIP_REL,PARTIAL,0.725
V0681,WI,cd5b6fd649eb242d,RELAY,site_all,o7,7,CHANCE,CHANCE_REL,11,-0.07460378817162741,CHANCE_REL,CHANCE_REL,123,DETERMINED,CHANCE_REL,CHANCE_REL,CHANCE_REL,PARTIAL,0.725
V0682,WI,cd5b6fd649eb242d,RELAY,channel_all,o7,7,CHANCE,CHANCE_REL,11,0.07460378817162718,CHANCE_REL,CHANCE_REL,123,DETERMINED,CHANCE_REL,CHANCE_REL,CHANCE_REL,PARTIAL,0.725
V0683,WI,cd5b6fd649eb242d,RELAY,S,o7,7,CHANCE,INDETERMINATE,11,0.45187475840742153,INDETERMINATE,INDETERMINATE,65,DETERMINED,INDETERMINATE,INDETERMINATE,INDETERMINATE,PARTIAL,0.725
V0684,WI,cd5b6fd649eb242d,RELAY,inbox,o7,7,CHANCE,INDETERMINATE,11,0.4758407421724002,INDETERMINATE,INDETERMINATE,105,DETERMINED,INDETERMINATE,INDETERMINATE,INDETERMINATE,PARTIAL,0.725
V0685,WI,cd5b6fd649eb242d,RELAY,channel_content,o7,7,CHANCE,CHANCE_REL,11,0.07460378817162718,CHANCE_REL,CHANCE_REL,123,DETERMINED,CHANCE_REL,CHANCE_REL,CHANCE_REL,PARTIAL,0.725
V0686,WI,cd5b6fd649eb242d,RELAY,S,o8,8,CHANCE,CHANCE_REL,11,-0.20989563200618475,CHANCE_REL,CHANCE_REL,123,DETERMINED,CHANCE_REL,CHANCE_REL,CHANCE_REL,PARTIAL,0.725
V0687,WI,cd5b6fd649eb242d,RELAY,inbox,o8,8,CHANCE,CHANCE_REL,11,0.3877077696173175,CHANCE_REL,CHANCE_REL,123,DETERMINED,CHANCE_REL,CHANCE_REL,CHANCE_REL,PARTIAL,0.725
V0688,WI,e06701a5e70bb7c2,RELAY,channel_all,o0,0,CHANCE,CHANCE_REL,11,0.23311546840958575,CHANCE_REL,CHANCE_REL,123,DETERMINED,CHANCE_REL,CHANCE_REL,CHANCE_REL,PARTIAL,0.652
V0689,WI,e06701a5e70bb7c2,RELAY,joint,o0,0,CHANCE,CHANCE_REL,11,0.21786492374727595,CHANCE_REL,CHANCE_REL,123,DETERMINED,CHANCE_REL,CHANCE_REL,CHANCE_REL,PARTIAL,0.652
V0690,WI,e06701a5e70bb7c2,RELAY,channel_count,o0,0,CHANCE,CHANCE_REL,11,0.23311546840958575,CHANCE_REL,CHANCE_REL,123,DETERMINED,CHANCE_REL,CHANCE_REL,CHANCE_REL,PARTIAL,0.652
V0691,WI,e06701a5e70bb7c2,RELAY,site_all,o5,5,CHANCE,CHANCE_REL,11,-0.39106753812636136,CHANCE_REL,CHANCE_REL,123,DETERMINED,CHANCE_REL,CHANCE_REL,CHANCE_REL,PARTIAL,0.652
V0692,WI,e06701a5e70bb7c2,RELAY,channel_all,o5,5,CHANCE,CHANCE_REL,11,0.39106753812636136,CHANCE_REL,CHANCE_REL,123,DETERMINED,CHANCE_REL,CHANCE_REL,CHANCE_REL,PARTIAL,0.652
V0693,WI,e06701a5e70bb7c2,RELAY,S,o5,5,CHANCE,CHANCE_REL,11,0.37581699346405223,CHANCE_REL,CHANCE_REL,123,DETERMINED,CHANCE_REL,CHANCE_REL,CHANCE_REL,PARTIAL,0.652
V0694,WI,e06701a5e70bb7c2,RELAY,inbox,o5,5,CHANCE,CHANCE_REL,11,0.23311546840958575,CHANCE_REL,CHANCE_REL,123,DETERMINED,CHANCE_REL,CHANCE_REL,CHANCE_REL,PARTIAL,0.652
V0695,WI,e06701a5e70bb7c2,RELAY,channel_count,o5,5,CHANCE,CHANCE_REL,11,0.39106753812636136,CHANCE_REL,CHANCE_REL,123,DETERMINED,CHANCE_REL,CHANCE_REL,CHANCE_REL,PARTIAL,0.652
V0696,WI,e06701a5e70bb7c2,RELAY,S,o6,6,CHANCE,CHANCE_REL,11,-0.39106753812636136,CHANCE_REL,CHANCE_REL,123,DETERMINED,CHANCE_REL,CHANCE_REL,CHANCE_REL,PARTIAL,0.652
V0697,WI,e06701a5e70bb7c2,RELAY,inbox,o6,6,CHANCE,CHANCE_REL,11,0.39106753812636136,CHANCE_REL,CHANCE_REL,123,DETERMINED,CHANCE_REL,CHANCE_REL,CHANCE_REL,PARTIAL,0.652
V0698,WI,e2afff1ce40123fc,RELAY,channel_all,o0,0,CHANCE,CHANCE_REL,11,0.0945213726670679,CHANCE_REL,CHANCE_REL,123,DETERMINED,CHANCE_REL,CHANCE_REL,CHANCE_REL,PARTIAL,0.781
V0699,WI,e2afff1ce40123fc,RELAY,joint,o0,0,CHANCE,CHANCE_REL,11,0.11589403973509933,CHANCE_REL,CHANCE_REL,123,DETERMINED,CHANCE_REL,CHANCE_REL,CHANCE_REL,PARTIAL,0.781
V0700,WI,e2afff1ce40123fc,RELAY,channel_content,o0,0,CHANCE,CHANCE_REL,11,0.08097531607465396,CHANCE_REL,CHANCE_REL,123,DETERMINED,CHANCE_REL,CHANCE_REL,CHANCE_REL,PARTIAL,0.781
V0701,WI,e2afff1ce40123fc,RELAY,channel_count,o2,2,NO-EFFECT,NO_EFFECT_REL,11,1.0237808549066825,NO_EFFECT_REL,NO_EFFECT_REL,123,DETERMINED,NO_EFFECT_REL,NO_EFFECT_REL,NO_EFFECT_REL,PARTIAL,0.781
V0702,WI,e2afff1ce40123fc,RELAY,site_all,o4,4,CHANCE,NO_EFFECT_REL,11,0.6402769416014453,NO_EFFECT_REL,NO_EFFECT_REL,123,DETERMINED,NO_EFFECT_REL,NO_EFFECT_REL,NO_EFFECT_REL,PARTIAL,0.781
V0703,WI,e2afff1ce40123fc,RELAY,S,o4,4,CHANCE,NO_EFFECT_REL,11,0.6408789885611076,NO_EFFECT_REL,NO_EFFECT_REL,123,DETERMINED,NO_EFFECT_REL,NO_EFFECT_REL,NO_EFFECT_REL,PARTIAL,0.781
V0704,WI,e2afff1ce40123fc,RELAY,site_all,o5,5,CHANCE,CHANCE_REL,11,-0.324202287778447,CHANCE_REL,CHANCE_REL,123,DETERMINED,CHANCE_REL,CHANCE_REL,CHANCE_REL,PARTIAL,0.781
V0705,WI,e2afff1ce40123fc,RELAY,channel_all,o5,5,CHANCE,CHANCE_REL,11,0.3242022877784466,CHANCE_REL,CHANCE_REL,123,DETERMINED,CHANCE_REL,CHANCE_REL,CHANCE_REL,PARTIAL,0.781
V0706,WI,e2afff1ce40123fc,RELAY,S,o5,5,CHANCE,CHANCE_REL,11,0.20138470800722436,CHANCE_REL,CHANCE_REL,123,DETERMINED,CHANCE_REL,CHANCE_REL,CHANCE_REL,PARTIAL,0.781
V0707,WI,e2afff1ce40123fc,RELAY,inbox,o5,5,CHANCE,INDETERMINATE,11,0.4708007224563518,INDETERMINATE,INDETERMINATE,122,DETERMINED,INDETERMINATE,INDETERMINATE,INDETERMINATE,PARTIAL,0.781
V0708,WI,e2afff1ce40123fc,RELAY,channel_content,o5,5,CHANCE,CHANCE_REL,11,0.32209512341962665,CHANCE_REL,CHANCE_REL,123,DETERMINED,CHANCE_REL,CHANCE_REL,CHANCE_REL,PARTIAL,0.781
V0709,WI,e2afff1ce40123fc,RELAY,S,o6,6,CHANCE,CHANCE_REL,11,-0.32480433473810966,CHANCE_REL,CHANCE_REL,123,DETERMINED,CHANCE_REL,CHANCE_REL,CHANCE_REL,PARTIAL,0.781
V0710,WI,e2afff1ce40123fc,RELAY,inbox,o6,6,CHANCE,CHANCE_REL,11,0.3299217338952438,CHANCE_REL,CHANCE_REL,123,DETERMINED,CHANCE_REL,CHANCE_REL,CHANCE_REL,PARTIAL,0.781
V0711,WI,e9196cae3d7537f1,RELAY,channel_all,o0,0,CHANCE,CHANCE_REL,11,-0.16455696202531664,CHANCE_REL,CHANCE_REL,123,DETERMINED,CHANCE_REL,CHANCE_REL,CHANCE_REL,PARTIAL,0.798
V0712,WI,e9196cae3d7537f1,RELAY,joint,o0,0,CHANCE,CHANCE_REL,11,-0.16455696202531664,CHANCE_REL,CHANCE_REL,123,DETERMINED,CHANCE_REL,CHANCE_REL,CHANCE_REL,PARTIAL,0.798
V0713,WI,e9196cae3d7537f1,RELAY,channel_content,o0,0,CHANCE,CHANCE_REL,11,-0.16455696202531664,CHANCE_REL,CHANCE_REL,123,DETERMINED,CHANCE_REL,CHANCE_REL,CHANCE_REL,PARTIAL,0.798
V0714,WI,e9196cae3d7537f1,RELAY,site_all,o3,3,CHANCE,NO_EFFECT_REL,11,0.807825086306099,NO_EFFECT_REL,NO_EFFECT_REL,123,DETERMINED,NO_EFFECT_REL,NO_EFFECT_REL,NO_EFFECT_REL,PARTIAL,0.798
V0715,WI,e9196cae3d7537f1,RELAY,inbox,o3,3,CHANCE,NO_EFFECT_REL,11,0.807825086306099,NO_EFFECT_REL,NO_EFFECT_REL,123,DETERMINED,NO_EFFECT_REL,NO_EFFECT_REL,NO_EFFECT_REL,PARTIAL,0.798
V0716,WI,e9196cae3d7537f1,RELAY,channel_all,o5,5,CHANCE,INDETERMINATE,11,0.5155350978135791,INDETERMINATE,INDETERMINATE,123,DETERMINED,INDETERMINATE,INDETERMINATE,INDETERMINATE,PARTIAL,0.798
V0717,WI,e9196cae3d7537f1,RELAY,S,o5,5,CHANCE,CHANCE_REL,11,0.16455696202531644,CHANCE_REL,CHANCE_REL,123,DETERMINED,CHANCE_REL,CHANCE_REL,CHANCE_REL,PARTIAL,0.798
V0718,WI,e9196cae3d7537f1,RELAY,inbox,o5,5,CHANCE,CHANCE_REL,11,0.31990794016110446,CHANCE_REL,CHANCE_REL,123,DETERMINED,CHANCE_REL,CHANCE_REL,CHANCE_REL,PARTIAL,0.798
V0719,WI,e9196cae3d7537f1,RELAY,channel_content,o5,5,CHANCE,INDETERMINATE,11,0.5155350978135791,INDETERMINATE,INDETERMINATE,123,DETERMINED,INDETERMINATE,INDETERMINATE,INDETERMINATE,PARTIAL,0.798
V0720,WI,ed16c5532e2398cd,RELAY,site_all,o0,0,CHANCE,CHANCE_REL,11,0.1286438529784536,CHANCE_REL,CHANCE_REL,123,DETERMINED,CHANCE_REL,CHANCE_REL,CHANCE_REL,PARTIAL,0.77
V0721,WI,ed16c5532e2398cd,RELAY,joint,o0,0,CHANCE,CHANCE_REL,11,0.1286438529784536,CHANCE_REL,CHANCE_REL,123,DETERMINED,CHANCE_REL,CHANCE_REL,CHANCE_REL,PARTIAL,0.77
V0722,WI,ed16c5532e2398cd,RELAY,S,o0,0,CHANCE,CHANCE_REL,11,0.1267427122940427,CHANCE_REL,CHANCE_REL,123,DETERMINED,CHANCE_REL,CHANCE_REL,CHANCE_REL,PARTIAL,0.77
V0723,WI,ed16c5532e2398cd,RELAY,site_all,o2,2,CHANCE,CHANCE_REL,11,-0.2702788339670469,CHANCE_REL,CHANCE_REL,123,DETERMINED,CHANCE_REL,CHANCE_REL,CHANCE_REL,PARTIAL,0.77
V0724,WI,ed16c5532e2398cd,RELAY,channel_all,o2,2,CHANCE,CHANCE_REL,11,0.27027883396704705,CHANCE_REL,CHANCE_REL,123,DETERMINED,CHANCE_REL,CHANCE_REL,CHANCE_REL,PARTIAL,0.77
V0725,WI,ed16c5532e2398cd,RELAY,S,o2,2,CHANCE,CHANCE_REL,11,-0.25538656527249687,CHANCE_REL,CHANCE_REL,123,DETERMINED,CHANCE_REL,CHANCE_REL,CHANCE_REL,PARTIAL,0.77
V0726,WI,ed16c5532e2398cd,RELAY,channel_content,o2,2,CHANCE,CHANCE_REL,11,0.27027883396704705,CHANCE_REL,CHANCE_REL,123,DETERMINED,CHANCE_REL,CHANCE_REL,CHANCE_REL,PARTIAL,0.77
V0727,WI,ed16c5532e2398cd,RELAY,S,o7,7,CHANCE,CHANCE_REL,11,-0.17332065906210395,CHANCE_REL,CHANCE_REL,123,DETERMINED,CHANCE_REL,CHANCE_REL,CHANCE_REL,PARTIAL,0.77
V0728,WI,ed16c5532e2398cd,RELAY,inbox,o7,7,CHANCE,CHANCE_REL,11,0.3054499366286437,CHANCE_REL,CHANCE_REL,123,DETERMINED,CHANCE_REL,CHANCE_REL,CHANCE_REL,PARTIAL,0.77
V0729,SCT,c16d5231,RELAY,sitestate,mid_sct,,CHANCE,NO_EFFECT_REL,12,0.6407894736842106,NO_EFFECT_REL,NO_EFFECT_REL,123,DETERMINED,NO_EFFECT_REL,NO_EFFECT_REL,NO_EFFECT_REL,PARTIAL,0.855
V0730,SCT,4781b0a1,MAJ,inflight,mid_sct,,CHANCE,CHANCE_REL,12,0.04718137254901933,CHANCE_REL,CHANCE_REL,123,DETERMINED,CHANCE_REL,CHANCE_REL,CHANCE_REL,PARTIAL,0.748
V0731,SCT,4781b0a1,MAJ,sitestate,mid_sct,,CHANCE,CHANCE_REL,12,-0.04718137254901954,CHANCE_REL,CHANCE_REL,123,DETERMINED,CHANCE_REL,CHANCE_REL,CHANCE_REL,PARTIAL,0.748
V0732,SCT,4781b0a1,MAJ,payload,mid_sct,,CHANCE,CHANCE_REL,12,0.04718137254901933,CHANCE_REL,CHANCE_REL,123,DETERMINED,CHANCE_REL,CHANCE_REL,CHANCE_REL,PARTIAL,0.748
