{
  "0": {
    "q_proj.lora_A": 1.2947484456781457,
    "q_proj.lora_B": 0.6317546800785613,
    "v_proj.lora_A": 1.3083139773043817,
    "v_proj.lora_B": 0.35686675221917974,
    "gate_proj.lora_A": 1.3185074590968648,
    "gate_proj.lora_B": 0.99945565187731
  },
  "1": {
    "q_proj.lora_A": 1.3031102549806737,
    "q_proj.lora_B": 0.6358300090637597,
    "v_proj.lora_A": 1.3145667478803313,
    "v_proj.lora_B": 0.36376485940548026,
    "gate_proj.lora_A": 1.3303340659782477,
    "gate_proj.lora_B": 1.0091148857015293
  },
  "2": {
    "q_proj.lora_A": 1.3105988304486853,
    "q_proj.lora_B": 0.6208357812363506,
    "v_proj.lora_A": 1.3307222110418597,
    "v_proj.lora_B": 0.3552787226266413,
    "gate_proj.lora_A": 1.3012591437874153,
    "gate_proj.lora_B": 1.0171461577433878
  },
  "3": {
    "q_proj.lora_A": 1.3150949485044026,
    "q_proj.lora_B": 0.6141387896189877,
    "v_proj.lora_A": 1.2966336454700094,
    "v_proj.lora_B": 0.35864423055420347,
    "gate_proj.lora_A": 1.287547110721683,
    "gate_proj.lora_B": 1.005563896790739
  },
  "4": {
    "q_proj.lora_A": 1.310177098325547,
    "q_proj.lora_B": 0.6136396773967544,
    "v_proj.lora_A": 1.3079567032221222,
    "v_proj.lora_B": 0.36440446563799667,
    "gate_proj.lora_A": 1.3199305709457902,
    "gate_proj.lora_B": 1.0133046681256683
  },
  "5": {
    "q_proj.lora_A": 1.3082759353758808,
    "q_proj.lora_B": 0.615834225165605,
    "v_proj.lora_A": 1.3057634684025836,
    "v_proj.lora_B": 0.3540918475320209,
    "gate_proj.lora_A": 1.3431472152309178,
    "gate_proj.lora_B": 0.9992978924174839
  },
  "6": {
    "q_proj.lora_A": 1.2951542783689098,
    "q_proj.lora_B": 0.6210420904994722,
    "v_proj.lora_A": 1.3016485537261884,
    "v_proj.lora_B": 0.3583535138442454,
    "gate_proj.lora_A": 1.3070139129785043,
    "gate_proj.lora_B": 1.0118263780837657
  },
  "7": {
    "q_proj.lora_A": 1.2893774949679533,
    "q_proj.lora_B": 0.6223389092874766,
    "v_proj.lora_A": 1.3267943673385674,
    "v_proj.lora_B": 0.35515168834817984,
    "gate_proj.lora_A": 1.3258571153585783,
    "gate_proj.lora_B": 1.0098767578392591
  },
  "8": {
    "q_proj.lora_A": 1.315463582585456,
    "q_proj.lora_B": 0.6170627963362332,
    "v_proj.lora_A": 1.3022530604713087,
    "v_proj.lora_B": 0.3563496536430025,
    "gate_proj.lora_A": 1.3103936663347577,
    "gate_proj.lora_B": 1.005351990627475
  },
  "9": {
    "q_proj.lora_A": 1.3198447417212567,
    "q_proj.lora_B": 0.6317339722454728,
    "v_proj.lora_A": 1.3236952150651473,
    "v_proj.lora_B": 0.358193246891706,
    "gate_proj.lora_A": 1.3149542911647,
    "gate_proj.lora_B": 1.0021711424445114
  },
  "10": {
    "q_proj.lora_A": 1.3086814930153008,
    "q_proj.lora_B": 0.6199751499391968,
    "v_proj.lora_A": 1.3184686689812448,
    "v_proj.lora_B": 0.3491302198448676,
    "gate_proj.lora_A": 1.2966500785472106,
    "gate_proj.lora_B": 1.0178290865963275
  },
  "11": {
    "q_proj.lora_A": 1.3140008946872845,
    "q_proj.lora_B": 0.6168775018087579,
    "v_proj.lora_A": 1.29481983691101,
    "v_proj.lora_B": 0.3579432168869725,
    "gate_proj.lora_A": 1.299354507142684,
    "gate_proj.lora_B": 1.0076858474776271
  },
  "12": {
    "q_proj.lora_A": 1.3347405080096495,
    "q_proj.lora_B": 0.6188795516532324,
    "v_proj.lora_A": 1.3174390741896238,
    "v_proj.lora_B": 0.3644158182831572,
    "gate_proj.lora_A": 1.3235207876927675,
    "gate_proj.lora_B": 1.0154752774375833
  },
  "13": {
    "q_proj.lora_A": 1.306348245521773,
    "q_proj.lora_B": 0.6314466580905366,
    "v_proj.lora_A": 1.3002811941512944,
    "v_proj.lora_B": 0.3538707111688741,
    "gate_proj.lora_A": 1.3020994192841746,
    "gate_proj.lora_B": 1.0137217006071786
  },
  "14": {
    "q_proj.lora_A": 1.3297845711828582,
    "q_proj.lora_B": 0.6274387484485694,
    "v_proj.lora_A": 1.2884619774539978,
    "v_proj.lora_B": 0.3583691365637219,
    "gate_proj.lora_A": 1.3159624462372446,
    "gate_proj.lora_B": 1.0133328525271985
  },
  "15": {
    "q_proj.lora_A": 1.2998014860115417,
    "q_proj.lora_B": 0.6334849337710745,
    "v_proj.lora_A": 1.3005346909833981,
    "v_proj.lora_B": 0.3546988586854971,
    "gate_proj.lora_A": 1.3027997893234335,
    "gate_proj.lora_B": 1.0253994456531452
  },
  "16": {
    "q_proj.lora_A": 1.29892135087309,
    "q_proj.lora_B": 0.6181416691975622,
    "v_proj.lora_A": 1.3071857520914314,
    "v_proj.lora_B": 0.3646805988780649,
    "gate_proj.lora_A": 1.3155696054456616,
    "gate_proj.lora_B": 1.0072218512009317
  },
  "17": {
    "q_proj.lora_A": 1.309057792082099,
    "q_proj.lora_B": 0.6115927574066626,
    "v_proj.lora_A": 1.2901531678990903,
    "v_proj.lora_B": 0.356742648192268,
    "gate_proj.lora_A": 1.3167679770782854,
    "gate_proj.lora_B": 1.01546946339032
  },
  "18": {
    "q_proj.lora_A": 1.3163405705902458,
    "q_proj.lora_B": 0.6247527714133748,
    "v_proj.lora_A": 1.284830024757118,
    "v_proj.lora_B": 0.3602600543484329,
    "gate_proj.lora_A": 1.3026646159632844,
    "gate_proj.lora_B": 1.0155728888401971
  },
  "19": {
    "q_proj.lora_A": 1.3401377007362847,
    "q_proj.lora_B": 0.6252599724692248,
    "v_proj.lora_A": 1.300011500914108,
    "v_proj.lora_B": 0.34865198717896073,
    "gate_proj.lora_A": 1.302065421907792,
    "gate_proj.lora_B": 1.0111330404180894
  },
  "20": {
    "q_proj.lora_A": 1.3140558499686115,
    "q_proj.lora_B": 0.6280459051253892,
    "v_proj.lora_A": 1.3166882641471094,
    "v_proj.lora_B": 0.35949524758109946,
    "gate_proj.lora_A": 1.3151682473218986,
    "gate_proj.lora_B": 1.015664130729946
  },
  "21": {
    "q_proj.lora_A": 1.3205671036086024,
    "q_proj.lora_B": 0.6148222571190385,
    "v_proj.lora_A": 1.3294425923335462,
    "v_proj.lora_B": 0.3487530073055488,
    "gate_proj.lora_A": 1.3086950590737454,
    "gate_proj.lora_B": 1.010743848582432
  },
  "22": {
    "q_proj.lora_A": 1.3073478830652712,
    "q_proj.lora_B": 0.6169567507795924,
    "v_proj.lora_A": 1.2950561243141587,
    "v_proj.lora_B": 0.3617677401616199,
    "gate_proj.lora_A": 1.3085778401363606,
    "gate_proj.lora_B": 1.0053687143239776
  },
  "23": {
    "q_proj.lora_A": 1.3108871009978311,
    "q_proj.lora_B": 0.6193324156940535,
    "v_proj.lora_A": 1.3007836390221776,
    "v_proj.lora_B": 0.37236006253437726,
    "gate_proj.lora_A": 1.3037575778820778,
    "gate_proj.lora_B": 1.0163969128303103
  },
  "24": {
    "q_proj.lora_A": 1.3213599934697238,
    "q_proj.lora_B": 0.619880960553321,
    "v_proj.lora_A": 1.3223006826563604,
    "v_proj.lora_B": 0.37288397267085527,
    "gate_proj.lora_A": 1.3156967800165742,
    "gate_proj.lora_B": 1.0014453521504834
  },
  "25": {
    "q_proj.lora_A": 1.3179343826731051,
    "q_proj.lora_B": 0.6133513621982758,
    "v_proj.lora_A": 1.3048427092413641,
    "v_proj.lora_B": 0.3527388409675774,
    "gate_proj.lora_A": 1.2990640738434995,
    "gate_proj.lora_B": 1.013235526775863
  },
  "26": {
    "q_proj.lora_A": 1.293603017842961,
    "q_proj.lora_B": 0.6232986668069251,
    "v_proj.lora_A": 1.346120737787578,
    "v_proj.lora_B": 0.3711473985249774,
    "gate_proj.lora_A": 1.3052465790386374,
    "gate_proj.lora_B": 1.0117873558907697
  },
  "27": {
    "q_proj.lora_A": 1.3071263876325654,
    "q_proj.lora_B": 0.6245413940274545,
    "v_proj.lora_A": 1.314784452193072,
    "v_proj.lora_B": 0.3624187290811214,
    "gate_proj.lora_A": 1.304935405954068,
    "gate_proj.lora_B": 0.9970475754612699
  },
  "28": {
    "q_proj.lora_A": 1.298631206626664,
    "q_proj.lora_B": 0.6211360398998437,
    "v_proj.lora_A": 1.3015228145147628,
    "v_proj.lora_B": 0.35670130807115796,
    "gate_proj.lora_A": 1.3330826652777577,
    "gate_proj.lora_B": 1.0216188242448332
  },
  "29": {
    "q_proj.lora_A": 1.3078913716729872,
    "q_proj.lora_B": 0.6108479868142147,
    "v_proj.lora_A": 1.3089989946746328,
    "v_proj.lora_B": 0.35873176792977596,
    "gate_proj.lora_A": 1.3121405600989382,
    "gate_proj.lora_B": 1.0102857616394272
  },
  "30": {
    "q_proj.lora_A": 1.3219418529606044,