{
  "id": "906624dd-ce60-45c0-91c7-4a725229d972",
  "generation": 1,
  "iteration": 3,
  "timestamp": 1775730863.0871615,
  "parent_id": "753885fe-025a-4f36-8f46-4d5c9d794270",
  "metrics": {
    "fitness": 0.551089,
    "battery_pass_rate": 0.2,
    "novel_kills": 4,
    "complexity": 476,
    "executes": 1.0,
    "mean_p_value": 6.001e-05
  },
  "language": "python",
  "saved_at": 1775731282.4263449
}