{
  "experiment": "Cross-family zero repulsion (density-controlled)",
  "same_N_pairs": 5240,
  "control_pairs": 5240,
  "same_mean": 0.0038700557452145596,
  "ctrl_mean": 0.004319758340671865,
  "ratio": 0.895896353454957,
  "ks_stat": 0.06545801526717557,
  "ks_p": 3.5007756581955143e-10
}