{
  "experiment": "Cross-family zero repulsion",
  "same_conductor_pairs": 26166,
  "diff_conductor_pairs": 26148,
  "same_mean_gap": 0.0,
  "diff_mean_gap": 0.0007681016066401789,
  "ratio": 0.0,
  "ks_stat": 0.15152210494110452,
  "ks_p": 1.3006111280177547e-262,
  "time_seconds": 17.380878686904907
}