{
  "experiment": "Cross-family zero repulsion (isogeny-controlled)",
  "conductors_with_multi_isogeny": 2405,
  "cross_isogeny_pairs": 83089,
  "zero_gap_leaks": 70496,
  "nonzero_gap_pairs": 12593,
  "same_N_mean_gap": 0.004234382035835658,
  "diff_N_mean_gap": 0.004898380070543284,
  "ratio": 0.8644453829337132,
  "ks_stat": 0.061935970917902705,
  "ks_p": 5.251245928697358e-16
}