{
  "signal_1_spectral_tail": {
    "within_bin_rho": -0.150609383347293,
    "null_mean": 1.679499351170531e-05,
    "null_std": 0.005648652530183614,
    "z_score": -26.665860138490142,
    "verdict": "SURVIVES"
  },
  "signal_2_congruence": {
    "z_score": 0.0,
    "verdict": "INSUFFICIENT DATA"
  }
}