{
  "cond_1e1": {
    "n": 317,
    "var": 0.25801696334547625,
    "dev_pct": 44.95335019408779
  },
  "cond_1e2": {
    "n": 336262,
    "var": 0.2176304779728604,
    "dev_pct": 22.264313467899104
  },
  "cond_1e3": {
    "n": 98506,
    "var": 0.172252760463912,
    "dev_pct": -3.228786256229211
  },
  "cond_1e4": {
    "n": 27855,
    "var": 0.14771851610647857,
    "dev_pct": -17.012069603101924
  },
  "rank_0": {
    "n": 409481,
    "var": 0.2098260716127889,
    "dev_pct": 17.879815512802764
  },
  "rank_1": {
    "n": 50264,
    "var": 0.15836238810165562,
    "dev_pct": -11.032366235024927
  },
  "rank_2": {
    "n": 3162,
    "var": 0.14589792868120138,
    "dev_pct": -18.03487152741495
  }
}