{
  "n_curves": 31073,
  "min_zeros_required": 6,
  "gaps": {
    "gap_1_2": {
      "raw_rho": 0.13350913652256094,
      "raw_p": 1.5201614538982718e-123,
      "within_bin_rho": 0.08016064765410545,
      "z_score": 14.433958085291668
    },
    "gap_2_3": {
      "raw_rho": 0.09345054333745322,
      "raw_p": 3.187103469789181e-61,
      "within_bin_rho": 0.0374072445663358,
      "z_score": 6.755069650346653,
      "residual_after_gap1_rho": 0.05426085607221662,
      "residual_after_gap1_p": 1.0534730956619002e-21
    },
    "gap_3_4": {
      "raw_rho": 0.07344851420396473,
      "raw_p": 1.953742238983225e-38,
      "within_bin_rho": 0.02640230217104361,
      "z_score": 4.757225285448935,
      "residual_after_gap1_rho": 0.022716995900862548,
      "residual_after_gap1_p": 6.206941326759607e-05
    },
    "gap_4_5": {
      "raw_rho": 0.025759588685736235,
      "raw_p": 5.589477084897242e-06,
      "within_bin_rho": -0.012153370877207225,
      "z_score": -2.1651967582199436,
      "residual_after_gap1_rho": -0.010419257184817732,
      "residual_after_gap1_p": 0.06626391524389458
    },
    "gap_5_6": {
      "raw_rho": 0.06363761867253784,
      "raw_p": 2.9486972626195586e-29,
      "within_bin_rho": 0.03600682291723785,
      "z_score": 6.10728116155487,
      "residual_after_gap1_rho": 0.04829175525260103,
      "residual_after_gap1_p": 1.6335424898455188e-17
    }
  },
  "interpretation": "GLOBAL \u2014 signal propagates across multiple gaps",
  "detail": "Not BSD-specific. The isogeny structure affects the entire zero spectrum."
}