{
  "n_curves": 31073,
  "r2_class_size": 0.39386851497511954,
  "r2_graph_features": 0.3946343036585661,
  "r2_combined": 0.39463985704537174,
  "class_size_residual_after_graph": {
    "rho": 0.002234071618797865,
    "p": 0.6937313539075373
  },
  "verdict": "CLASS_SIZE CAPTURES MOST GRAPH INFORMATION"
}