{
  "n_even": 15599,
  "n_odd": 14783,
  "corrected_scaled_g1_even_mean": 0.16930055698363844,
  "corrected_scaled_g1_odd_mean": 0.26165401909392644,
  "raw_g1_even_mean": 0.15352154280149483,
  "raw_g1_odd_mean": 0.21933356420197148,
  "even_mean_conductor": 2499.429707032502,
  "odd_mean_conductor": 2725.6778732327675,
  "parity_violations": {
    "rank0_rn_minus": 0,
    "rank1_rn_plus": 0
  },
  "verdict": "STILL REVERSED: investigating further"
}