{
  "distance": {
    "d_related": 1.3681622743606567,
    "mean_random": 2.17731330037117,
    "z_score": -0.8398195507392304,
    "percentile": 8.0,
    "verdict": "PASS"
  },
  "nearest_neighbor": {
    "matches": 10,
    "total": 20,
    "hit_rate": 0.5,
    "verdict": "PASS"
  },
  "addition": {
    "hits": 0,
    "total": 4,
    "hit_rate": 0.0,
    "verdict": "FAIL"
  },
  "projection": {
    "corr_ec": 0.06274332106113434,
    "corr_mf": -0.03460162505507469,
    "corr_knots": 0.1305120587348938,
    "mean_abs_corr": 0.07595233495036761,
    "verdict": "FAIL"
  },
  "analogy": {
    "hits": 2,
    "total": 3,
    "hit_rate": 0.6666666666666666,
    "verdict": "PASS"
  }
}