{
  "noise_0.0pct": {
    "noise_fraction": 0.0,
    "sigma": 0.0,
    "mean_rho": 0.08015981071087859,
    "std_rho": 1.0560331867682568e-06,
    "retention_pct": 99.99895591758381
  },
  "noise_0.1pct": {
    "noise_fraction": 0.001,
    "sigma": 0.00016091201354658422,
    "mean_rho": 0.08013732108804762,
    "std_rho": 4.466895234874673e-05,
    "retention_pct": 99.97090022755494
  },
  "noise_0.5pct": {
    "noise_fraction": 0.005,
    "sigma": 0.0008045600677329211,
    "mean_rho": 0.08007543333807568,
    "std_rho": 0.0001227784339691629,
    "retention_pct": 99.89369557442016
  },
  "noise_1.0pct": {
    "noise_fraction": 0.01,
    "sigma": 0.0016091201354658422,
    "mean_rho": 0.07997011102169654,
    "std_rho": 0.00027957946510118967,
    "retention_pct": 99.76230652073687
  },
  "noise_2.0pct": {
    "noise_fraction": 0.02,
    "sigma": 0.0032182402709316845,
    "mean_rho": 0.07958060475224535,
    "std_rho": 0.0005316035306651231,
    "retention_pct": 99.27639943184717
  },
  "noise_5.0pct": {
    "noise_fraction": 0.05,
    "sigma": 0.008045600677329212,
    "mean_rho": 0.07714372430746302,
    "std_rho": 0.0011147319868023966,
    "retention_pct": 96.236403478599
  },
  "noise_10.0pct": {
    "noise_fraction": 0.1,
    "sigma": 0.016091201354658424,
    "mean_rho": 0.07128297721783365,
    "std_rho": 0.0027129004491848923,
    "retention_pct": 88.92515131042965
  },
  "noise_20.0pct": {
    "noise_fraction": 0.2,
    "sigma": 0.03218240270931685,
    "mean_rho": 0.05493949004881748,
    "std_rho": 0.00383361346948266,
    "retention_pct": 68.53673424132289
  },
  "noise_50.0pct": {
    "noise_fraction": 0.5,
    "sigma": 0.08045600677329211,
    "mean_rho": 0.025835928900796293,
    "std_rho": 0.004964601299503194,
    "retention_pct": 32.230189821168565
  },
  "noise_100.0pct": {
    "noise_fraction": 1.0,
    "sigma": 0.16091201354658421,
    "mean_rho": 0.0003061547866247861,
    "std_rho": 0.005561326532507174,
    "retention_pct": 0.38192653825084993
  },
  "verdict": "ROBUST - signal degrades smoothly (>70% retained at 5% noise)",
  "clean_rho": 0.08016064765410545,
  "mean_spacing": 0.16091201354658421,
  "n_curves": 31073,
  "n_trials": 50
}