{
  "source": "LMFDB lfunc_lfunctions with analytic_conductor",
  "n_lfunctions": 10000,
  "n_spacings": 89082,
  "mean": 1.0,
  "variance": 0.21304000483723462,
  "gue_variance": 0.178,
  "variance_pct_off": 19.68539597597451,
  "nn_ratio": 0.5822980814634924,
  "gue_nn_ratio": 0.536
}