{
  "n_bins": 30,
  "models": {
    "logarithmic": {
      "r2": 0.9795582588122635,
      "a": 0.04452861585713341,
      "b": -0.11833265601706876
    },
    "power_law": {
      "r2": 0.9245721459863182
    },
    "logistic": {
      "r2": 0.995243219236979,
      "saturation": 0.13668151064894443,
      "midpoint_log10": 4.229441135593462
    }
  },
  "best_model": "LOGISTIC (saturation)",
  "rank0_slope": -0.0851929049863193
}