{
  "q1_asymptote_sensitivity": "See output - tested on 6 conductor ranges",
  "q2_sha_channel": {
    "sha_eq_1_pct": 93.44188730046797,
    "sha_gt_1_pct": 6.558112699532022,
    "r2_all": 0.05035404047946142,
    "r2_sha_gt1": -0.061215832357995256,
    "auc_binary": 0.6579290098468977
  },
  "q3_orthogonality": {
    "mi_rank_cs": 0.02164611274986101,
    "mi_rank_sha": 0.0,
    "mi_cs_sha": 0.0,
    "rho_rank_pred_cs_pred": -0.4476970525073715,
    "rho_rank_pred_sha_pred": 0.22106770855406027,
    "rho_cs_pred_sha_pred": -0.2693192241172128
  }
}