{
  "n_curves": 31073,
  "r2_baseline": 0.048144627210087984,
  "r2_spacing_only": 0.0612218044984413,
  "r2_full": 0.07094643221565308,
  "r2_gap1_only": 0.04975296874745803,
  "r2_meangap_only": 0.051745211094442925,
  "r2_poly": 0.060915148927952176,
  "delta_r2": 0.0228018050055651,
  "top_features": {
    "std_gap": -8.587938039765062,
    "max_gap": -5.835341396311794,
    "gap_2": 4.897312820395281,
    "gap_1": 3.9954045376266087,
    "mean_gap": 3.714105232884628,
    "gap_3": 3.5772738822036727,
    "mean_z3": 2.902558665209244,
    "gap_5": 1.8415208477444218,
    "gamma1": -1.3934819666750968,
    "gap_4": 1.348681600532537
  },
  "verdict": "MODEST \u2014 spacing adds 0.023 R2"
}