{
  "n_curves": 31073,
  "n_spectral_features": 25,
  "rank_prediction": {
    "majority_baseline": 0.5020113925272744,
    "conductor_only": 0.5143694059115986,
    "spectral_only_lr": 0.8824703670454772,
    "spectral_only_gb": 0.9213142979507255,
    "spectral_plus_conductor": 0.9998712739846521,
    "confusion_matrix": [
      [
        14467,
        1132,
        0
      ],
      [
        838,
        13835,
        110
      ],
      [
        0,
        365,
        326
      ]
    ]
  },
  "sha_prediction_rank0": {
    "n_rank0": 15599,
    "conductor_only": 0.0035316258259751486,
    "spectral_only_ridge": 0.013033530611804522,
    "spectral_only_gb": 0.06741968904722442,
    "spectral_plus_conductor": 0.012835145666498127
  },
  "class_size_prediction": {
    "conductor_only": 0.02583207764980877,
    "spectral_only_ridge": 0.06929344283182648,
    "spectral_only_gb": 0.24875417577208792,
    "spectral_plus_conductor": 0.07417337033700797
  },
  "top_joint_features": [
    "gamma1",
    "zero_var",
    "mean_gap",
    "zero_skew",
    "density_high",
    "gap_3",
    "gamma2",
    "gap_5",
    "ratio_4",
    "gamma3"
  ],
  "verdict": "SPECTRAL DATA ENCODES ARITHMETIC STRUCTURE"
}