{
  "root_number": {
    "same_mean": 0.0033722797663832574,
    "diff_mean": 0.0051907812536888,
    "ratio": 0.649667092788155,
    "ks_p": 2.9899882975095646e-96
  },
  "rank": {
    "same_mean": 0.003359849070398398,
    "diff_mean": 0.005154958057154948,
    "ratio": 0.6517703991276932,
    "ks_p": 1.3598756316121187e-94
  }
}