{
  "same_N_mean_corr": 0.9999718081598694,
  "diff_N_mean_corr": 0.9999608412029043,
  "n_same": 3253,
  "n_diff": 3253,
  "ks_stat": 0.1414079311404857,
  "ks_p": 9.134220359307405e-29
}