{
  "same_N": 12593,
  "ctrl": 765,
  "same_mean": 0.004234382035835659,
  "ctrl_mean": 0.005298387315594961,
  "ratio": 0.7991831822812252
}