{
  "omega_correlation": 0.023918656352573713,
  "Omega_correlation": 0.17689088854638343,
  "max_exp_correlation": 0.17402821007840738,
  "sqfree_mean": 0.0036623571913217716,
  "non_sqfree_mean": 0.004272367515771397
}