{
  "F33_rank_sort": {
    "real_mean": 0.004234382035835659,
    "sorted_mean": 1.7025861971351806e-05,
    "ratio": 248.702946315467,
    "ks_p": 0.0
  },
  "F38_raw_data": "PASS \u2014 raw LMFDB zero vectors"
}