{
  "scan_metadata": {
    "timestamp": "2026-04-16 22:35:01",
    "total_in_db": 22178569,
    "total_sampled": 705086,
    "cyclotomic_count": 37,
    "non_cyclotomic_count": 705049,
    "error_count": 2,
    "runtime_seconds": 53.3,
    "lehmer_constant": 1.17628081825991
  },
  "statistics": {
    "min": 1.1762808182599236,
    "max": 1.8623505653051417e+225,
    "mean": 2.6414484257609544e+219,
    "median": 5936.355700802653,
    "std": null
  },
  "lehmer_polynomial_matches": [],
  "below_lehmer_unverified": 0,
  "below_lehmer_verified": [],
  "minimum_non_cyclotomic": {
    "mahler_measure": 1.1762808182599236,
    "polynomial": {
      "label": "20.4.1860495326773308902342656.1",
      "coeffs": [
        1,
        0,
        1,
        0,
        0,
        0,
        -1,
        0,
        -1,
        0,
        -1,
        0,
        -1,
        0,
        -1,
        0,
        0,
        0,
        1,
        0,
        1
      ],
      "mahler_measure": 1.1762808182599236,
      "degree": 20
    }
  },
  "per_degree_min": {
    "1": {
      "min_mahler": null,
      "non_cyclotomic_count": 0,
      "cyclotomic_count": 1
    },
    "2": {
      "min_mahler": 17.0,
      "non_cyclotomic_count": 50000,
      "cyclotomic_count": 0
    },
    "3": {
      "min_mahler": 1.9999999999999993,
      "non_cyclotomic_count": 50000,
      "cyclotomic_count": 0
    },
    "4": {
      "min_mahler": 1.9999999999999936,
      "non_cyclotomic_count": 50000,
      "cyclotomic_count": 0
    },
    "5": {
      "min_mahler": 1.8186802576470877,
      "non_cyclotomic_count": 50000,
      "cyclotomic_count": 0
    },
    "6": {
      "min_mahler": 1.4739128415594067,
      "non_cyclotomic_count": 50000,
      "cyclotomic_count": 0
    },
    "7": {
      "min_mahler": 1.7321910642275289,
      "non_cyclotomic_count": 50000,
      "cyclotomic_count": 0
    },
    "8": {
      "min_mahler": 1.5968244630183146,
      "non_cyclotomic_count": 50000,
      "cyclotomic_count": 0
    },
    "9": {
      "min_mahler": 1.8665977251567214,
      "non_cyclotomic_count": 50000,
      "cyclotomic_count": 0
    },
    "10": {
      "min_mahler": 1.5968089417827538,
      "non_cyclotomic_count": 50000,
      "cyclotomic_count": 0
    },
    "11": {
      "min_mahler": 1.3869136516982818,
      "non_cyclotomic_count": 1599,
      "cyclotomic_count": 0
    },
    "12": {
      "min_mahler": 1.2407264236525466,
      "non_cyclotomic_count": 50000,
      "cyclotomic_count": 0
    },
    "13": {
      "min_mahler": 1.3804602756037518,
      "non_cyclotomic_count": 312,
      "cyclotomic_count": 0
    },
    "14": {
      "min_mahler": 1.3175755952749755,
      "non_cyclotomic_count": 2837,
      "cyclotomic_count": 0
    },
    "15": {
      "min_mahler": 1.3247179572447472,
      "non_cyclotomic_count": 2571,
      "cyclotomic_count": 0
    },
    "16": {
      "min_mahler": 1.3599997117115032,
      "non_cyclotomic_count": 49999,
      "cyclotomic_count": 1
    },
    "17": {
      "min_mahler": 1.3836349428172667,
      "non_cyclotomic_count": 223,
      "cyclotomic_count": 0
    },
    "18": {
      "min_mahler": 1.8080263389925897,
      "non_cyclotomic_count": 50000,
      "cyclotomic_count": 0
    },
    "19": {
      "min_mahler": 1.3808829126554096,
      "non_cyclotomic_count": 197,
      "cyclotomic_count": 0
    },
    "20": {
      "min_mahler": 1.1762808182599236,
      "non_cyclotomic_count": 45789,
      "cyclotomic_count": 3
    },
    "21": {
      "min_mahler": 1.3247179572447543,
      "non_cyclotomic_count": 1834,
      "cyclotomic_count": 0
    },
    "22": {
      "min_mahler": 1.3809917019411284,
      "non_cyclotomic_count": 1237,
      "cyclotomic_count": 1
    },
    "23": {
      "min_mahler": 1.382587092939827,
      "non_cyclotomic_count": 196,
      "cyclotomic_count": 0
    },
    "24": {
      "min_mahler": 1.3809173077242527,
      "non_cyclotomic_count": 18245,
      "cyclotomic_count": 7
    },
    "25": {
      "min_mahler": 1.3497161046697028,
      "non_cyclotomic_count": 3442,
      "cyclotomic_count": 0
    },
    "26": {
      "min_mahler": 1.3823156718247187,
      "non_cyclotomic_count": 249,
      "cyclotomic_count": 0
    },
    "27": {
      "min_mahler": 1.381016189274997,
      "non_cyclotomic_count": 7240,
      "cyclotomic_count": 0
    },
    "28": {
      "min_mahler": 1.3811218149622189,
      "non_cyclotomic_count": 1225,
      "cyclotomic_count": 1
    },
    "29": {
      "min_mahler": 1.3821249898092376,
      "non_cyclotomic_count": 81,
      "cyclotomic_count": 0
    },
    "30": {
      "min_mahler": 1.3810851999368394,
      "non_cyclotomic_count": 859,
      "cyclotomic_count": 1
    },
    "31": {
      "min_mahler": 1.3811623493322223,
      "non_cyclotomic_count": 49,
      "cyclotomic_count": 0
    },
    "32": {
      "min_mahler": 1.3819859517931907,
      "non_cyclotomic_count": 7277,
      "cyclotomic_count": 6
    },
    "33": {
      "min_mahler": 1.3811352289764705,
      "non_cyclotomic_count": 100,
      "cyclotomic_count": 0
    },
    "34": {
      "min_mahler": 1.381193275836523,
      "non_cyclotomic_count": 100,
      "cyclotomic_count": 0
    },
    "35": {
      "min_mahler": 1.3818814722911743,
      "non_cyclotomic_count": 57,
      "cyclotomic_count": 0
    },
    "36": {
      "min_mahler": 1.381172631785885,
      "non_cyclotomic_count": 4619,
      "cyclotomic_count": 5
    },
    "37": {
      "min_mahler": 1.3812173919250643,
      "non_cyclotomic_count": 43,
      "cyclotomic_count": 0
    },
    "38": {
      "min_mahler": 1.381800985349058,
      "non_cyclotomic_count": 64,
      "cyclotomic_count": 0
    },
    "39": {
      "min_mahler": 1.3812013159274068,
      "non_cyclotomic_count": 57,
      "cyclotomic_count": 0
    },
    "40": {
      "min_mahler": 1.3812365513579947,
      "non_cyclotomic_count": 3586,
      "cyclotomic_count": 6
    },
    "41": {
      "min_mahler": 1.3817376731565711,
      "non_cyclotomic_count": 39,
      "cyclotomic_count": 0
    },
    "42": {
      "min_mahler": 1.3812237892583472,
      "non_cyclotomic_count": 374,
      "cyclotomic_count": 2
    },
    "43": {
      "min_mahler": 1.3812520201143272,
      "non_cyclotomic_count": 31,
      "cyclotomic_count": 0
    },
    "44": {
      "min_mahler": 1.3816869772896205,
      "non_cyclotomic_count": 349,
      "cyclotomic_count": 2
    },
    "45": {
      "min_mahler": 1.3812417202412883,
      "non_cyclotomic_count": 64,
      "cyclotomic_count": 0
    },
    "46": {
      "min_mahler": 1.3812646857517972,
      "non_cyclotomic_count": 80,
      "cyclotomic_count": 1
    },
    "47": {
      "min_mahler": 1.3816457566066747,
      "non_cyclotomic_count": 25,
      "cyclotomic_count": 0
    }
  },
  "conjecture_status": "HOLDS",
  "analysis": {
    "lehmer_poly_in_db": false,
    "lehmer_poly_note": "The Lehmer polynomial (degree 10, coeffs [1,1,0,-1,-1,-1,-1,-1,0,1,1]) is NOT present in nf_fields.",
    "lehmer_composition_in_db": true,
    "lehmer_composition_note": "Two degree-20 polynomials achieve M = Lehmer constant: Lehmer(x^2) and conjugate_Lehmer(x^2). M(f(x^k)) = M(f) so these inherit the Lehmer measure.",
    "lehmer_compositions": [
      {
        "label": "20.4.1860495326773308902342656.1",
        "description": "Lehmer(x^2): x^20 + x^18 - x^14 - x^12 - x^10 - x^8 - x^6 + x^2 + 1",
        "mahler_measure": 1.1762808182599236
      },
      {
        "label": "20.0.1860495326773308902342656.2",
        "description": "conjugate_Lehmer(x^2): x^20 - x^18 + x^14 - x^12 + x^10 - x^8 + x^6 - x^2 + 1",
        "mahler_measure": 1.1762808182599236
      }
    ],
    "counterexamples_found": 0,