{
  "bklpr_predictions": {
    "2": {
      "prob_global": 0.7112119049133976,
      "prod_convergent": 0.2887880950866024,
      "average_sel_size": 3
    },
    "3": {
      "prob_global": 0.43987392207205156,
      "prod_convergent": 0.5601260779279484,
      "average_sel_size": 4
    },
    "5": {
      "prob_global": 0.23966720412876763,
      "prod_convergent": 0.7603327958712324,
      "average_sel_size": 6
    },
    "7": {
      "prob_global": 0.16320459291096223,
      "prod_convergent": 0.8367954070890378,
      "average_sel_size": 8
    },
    "11": {
      "prob_global": 0.09916729319028461,
      "prod_convergent": 0.9008327068097154,
      "average_sel_size": 12
    }
  },
  "empirical_global": {
    "2": {
      "n_sha": 240378,
      "prob_sha": 0.06285424116691576,
      "n_torsion": 1334726,
      "prob_torsion": 0.3490052745914885,
      "n_either": 1452001,
      "prob_either": 0.37967044000949696,
      "bklpr_prediction": 0.7112119049133976,
      "ratio_either_to_bklpr": 0.5338358896786584
    },
    "3": {
      "n_sha": 70327,
      "prob_sha": 0.01838916297891523,
      "n_torsion": 58313,
      "prob_torsion": 0.015247732176681556,
      "n_either": 127537,
      "prob_either": 0.033348481789951395,
      "bklpr_prediction": 0.43987392207205156,
      "ratio_either_to_bklpr": 0.07581372779013915
    },
    "5": {
      "n_sha": 11465,
      "prob_sha": 0.0029978778215089953,
      "n_torsion": 1545,
      "prob_torsion": 0.0004039878965749148,
      "n_either": 13009,
      "prob_either": 0.0034016042372447034,
      "bklpr_prediction": 0.23966720412876763,
      "ratio_either_to_bklpr": 0.014193031748378474
    },
    "7": {
      "n_sha": 2882,
      "prob_sha": 0.0007535877785947602,
      "n_torsion": 80,
      "prob_torsion": 2.0918467136565167e-05,
      "n_either": 2962,
      "prob_either": 0.0007745062457313253,
      "bklpr_prediction": 0.16320459291096223,
      "ratio_either_to_bklpr": 0.004745615499643838
    },
    "11": {
      "n_sha": 412,
      "prob_sha": 0.00010773010575331061,
      "n_torsion": 0,
      "prob_torsion": 0.0,
      "n_either": 412,
      "prob_either": 0.00010773010575331061,
      "bklpr_prediction": 0.09916729319028461,
      "ratio_either_to_bklpr": 0.0010863471441798403
    }
  },
  "by_rank": {
    "0": {
      "n_curves": 1404510,
      "2": {
        "prob_sha": 0.14831008679183488,
        "prob_torsion": 0.39830688282746296,
        "prob_either": 0.470732141458587,
        "n_sha": 208303,
        "n_torsion": 559426,
        "n_either": 661148
      },
      "3": {
        "prob_sha": 0.04800606617254416,
        "prob_torsion": 0.018178581854169783,
        "prob_either": 0.0654192565378673,
        "n_sha": 67425,
        "n_torsion": 25532,
        "n_either": 91882
      },
      "5": {
        "prob_sha": 0.00807541420139408,
        "prob_torsion": 0.0005062263707627571,
        "prob_either": 0.00858092858007419,
        "n_sha": 11342,
        "n_torsion": 711,
        "n_either": 12052
      },
      "7": {
        "prob_sha": 0.0020427052851172294,
        "prob_torsion": 2.919167538856968e-05,
        "prob_either": 0.002071896960505799,
        "n_sha": 2869,
        "n_torsion": 41,
        "n_either": 2910
      },
      "11": {
        "prob_sha": 0.0002933407380509929,
        "prob_torsion": 0.0,
        "prob_either": 0.0002933407380509929,
        "n_sha": 412,
        "n_torsion": 0,
        "n_either": 412
      }
    },
    "1": {
      "n_curves": 1887132,
      "2": {
        "prob_sha": 0.0166268178378619,
        "prob_torsion": 0.35263669949955806,
        "prob_either": 0.36053068889722606,
        "n_sha": 31377,
        "n_torsion": 665472,
        "n_either": 680369
      },
      "3": {
        "prob_sha": 0.0015298346909490168,
        "prob_torsion": 0.015341269185197431,
        "prob_either": 0.01685626654627233,
        "n_sha": 2887,
        "n_torsion": 28951,
        "n_either": 31810
      },
      "5": {
        "prob_sha": 6.51782705184375e-05,
        "prob_torsion": 0.00040272752515457317,
        "prob_either": 0.0004679057956730107,
        "n_sha": 123,
        "n_torsion": 760,
        "n_either": 883
      },
      "7": {
        "prob_sha": 6.888760298696646e-06,
        "prob_torsion": 2.066628089608994e-05,
        "prob_either": 2.7555041194786585e-05,
        "n_sha": 13,
        "n_torsion": 39,
        "n_either": 52
      },
      "11": {
        "prob_sha": 0.0,
        "prob_torsion": 0.0,
        "prob_either": 0.0,
        "n_sha": 0,
        "n_torsion": 0,
        "n_either": 0
      }
    },
    "2": {
      "n_curves": 493291,
      "2": {
        "prob_sha": 0.0014089046830369904,
        "prob_torsion": 0.22064460936850663,
        "prob_either": 0.22196837161026656,
        "n_sha": 695,
        "n_torsion": 108842,
        "n_either": 109495
      },
      "3": {
        "prob_sha": 3.0408014741805545e-05,
        "prob_torsion": 0.007731744548349757,
        "prob_either": 0.0077621525630915626,
        "n_sha": 15,
        "n_torsion": 3814,
        "n_either": 3829
      },
      "5": {
        "prob_sha": 0.0,
        "prob_torsion": 0.0001500128727262407,
        "prob_either": 0.0001500128727262407,
        "n_sha": 0,
        "n_torsion": 74,
        "n_either": 74
      },
      "7": {
        "prob_sha": 0.0,
        "prob_torsion": 0.0,
        "prob_either": 0.0,
        "n_sha": 0,
        "n_torsion": 0,
        "n_either": 0
      },
      "11": {
        "prob_sha": 0.0,
        "prob_torsion": 0.0,
        "prob_either": 0.0,
        "n_sha": 0,
        "n_torsion": 0,
        "n_either": 0
      }
    },
    "3": {
      "n_curves": 37334,
      "2": {
        "prob_sha": 8.03557079337869e-05,
        "prob_torsion": 0.02641024267423796,
        "prob_either": 0.026490598382171746,
        "n_sha": 3,
        "n_torsion": 986,
        "n_either": 989
      },
      "3": {
        "prob_sha": 0.0,
        "prob_torsion": 0.00042856377564686344,
        "prob_either": 0.00042856377564686344,
        "n_sha": 0,
        "n_torsion": 16,
        "n_either": 16
      },
      "5": {
        "prob_sha": 0.0,
        "prob_torsion": 0.0,
        "prob_either": 0.0,
        "n_sha": 0,
        "n_torsion": 0,
        "n_either": 0
      },
      "7": {
        "prob_sha": 0.0,
        "prob_torsion": 0.0,
        "prob_either": 0.0,
        "n_sha": 0,
        "n_torsion": 0,
        "n_either": 0
      },
      "11": {
        "prob_sha": 0.0,
        "prob_torsion": 0.0,
        "prob_either": 0.0,
        "n_sha": 0,
        "n_torsion": 0,
        "n_either": 0
      }
    }
  },
  "by_conductor_decade": {
    "1": {
      "n_curves": 302,
      "range": "[10^1, 10^2)",
      "2": {
        "prob_either": 0.7417218543046358,
        "n_either": 224
      },
      "3": {
        "prob_either": 0.17218543046357615,
        "n_either": 52
      },
      "5": {
        "prob_either": 0.033112582781456956,
        "n_either": 10
      },
      "7": {
        "prob_either": 0.0033112582781456954,
        "n_either": 1
      },
      "11": {
        "prob_either": 0.0,
        "n_either": 0
      }
    },
    "2": {
      "n_curves": 4811,
      "range": "[10^2, 10^3)",
      "2": {
        "prob_either": 0.5926002909997922,
        "n_either": 2851
      },
      "3": {
        "prob_either": 0.09104136354188319,
        "n_either": 438
      },
      "5": {
        "prob_either": 0.008314279775514447,
        "n_either": 40
      },
      "7": {
        "prob_either": 0.0022864269382664726,
        "n_either": 11
      },
      "11": {
        "prob_either": 0.0,
        "n_either": 0
      }
    },
    "3": {
      "n_curves": 59574,
      "range": "[10^3, 10^4)",
      "2": {
        "prob_either": 0.5379192265082082,
        "n_either": 32046
      },
      "3": {
        "prob_either": 0.05180112129452446,
        "n_either": 3086
      },