{
  "phase1_szpiro_per_rank": {
    "rank_0": {
      "count": 1404510,
      "mean": 3.431006603045398,
      "median": 3.387638508109479,
      "std": 1.2896330020162856,
      "p95": 5.665988362303381,
      "p99": 6.795582901299882,
      "max": 16.058687318281603,
      "min": 1.3465185942911706
    },
    "rank_1": {
      "count": 1887132,
      "mean": 3.2555539550291117,
      "median": 3.198187186104991,
      "std": 1.2407870370163454,
      "p95": 5.428491593023159,
      "p99": 6.522841120246131,
      "max": 10.423882089354873,
      "min": 1.3464526446586078
    },
    "rank_2": {
      "count": 493291,
      "mean": 2.69399452689106,
      "median": 2.630218030371723,
      "std": 1.0050919093593882,
      "p95": 4.486473311112231,
      "p99": 5.316879253826261,
      "max": 8.03921638383124,
      "min": 1.346738705851632
    },
    "rank_3": {
      "count": 37334,
      "mean": 1.8173107624928186,
      "median": 1.5904919704080416,
      "std": 0.5284764027384481,
      "p95": 2.9506286102621293,
      "p99": 3.5577440432430496,
      "max": 5.019045821240906,
      "min": 1.3468181250008555
    },
    "rank_4": {
      "count": 2086,
      "mean": 1.565285134177107,
      "median": 1.4931302350458795,
      "std": 0.20750189271425304,
      "p95": 1.9904976771442393,
      "p99": 2.3050868365165593,
      "max": 2.728104845193324,
      "min": 1.3496961622263532
    },
    "rank_5+": {
      "count": 19,
      "mean": 1.5315238977062497,
      "median": 1.5030145446538519,
      "std": 0.14310485648174243,
      "p95": 1.6945604439000066,
      "p99": 1.9486231079699303,
      "max": 2.012138773987411,
      "min": 1.3941046063503593
    },
    "monotone_check": {
      "max": {
        "values": [
          16.058687318281603,
          10.423882089354873,
          8.03921638383124,
          5.019045821240906,
          2.728104845193324,
          2.012138773987411
        ],
        "monotone_decreasing": true
      },
      "p99": {
        "values": [
          6.795582901299882,
          6.522841120246131,
          5.316879253826261,
          3.5577440432430496,
          2.3050868365165593,
          1.9486231079699303
        ],
        "monotone_decreasing": true
      },
      "p95": {
        "values": [
          5.665988362303381,
          5.428491593023159,
          4.486473311112231,
          2.9506286102621293,
          1.9904976771442393,
          1.6945604439000066
        ],
        "monotone_decreasing": true
      },
      "mean": {
        "values": [
          3.431006603045398,
          3.2555539550291117,
          2.69399452689106,
          1.8173107624928186,
          1.565285134177107,
          1.5315238977062497
        ],
        "monotone_decreasing": true
      },
      "median": {
        "values": [
          3.387638508109479,
          3.198187186104991,
          2.630218030371723,
          1.5904919704080416,
          1.4931302350458795,
          1.5030145446538519
        ],
        "monotone_decreasing": false
      }
    }
  },
  "phase1b_conductor_matched": {
    "decade_1": {
      "rank_0": {
        "count": 280,
        "mean": 6.012002674565086,
        "p99": 11.364168416832799,
        "max": 16.058687318281603
      },
      "rank_1": {
        "count": 22,
        "mean": 3.4428067872390216,
        "p99": 5.821641401046364,
        "max": 6.143560167114033
      }
    },
    "decade_2": {
      "rank_0": {
        "count": 2801,
        "mean": 4.847362703389756,
        "p99": 8.901854092813794,
        "max": 11.029343659140801
      },
      "rank_1": {
        "count": 1992,
        "mean": 4.161751347261919,
        "p99": 7.437137305991354,
        "max": 9.4211315349567
      },
      "rank_2": {
        "count": 18,
        "mean": 2.587884277298798,
        "p99": 3.1092840894714966,
        "max": 3.1175805995494508
      }
    },
    "decade_3": {
      "rank_0": {
        "count": 27346,
        "mean": 4.322084738952123,
        "p99": 7.946494412235537,
        "max": 10.66922521285964
      },
      "rank_1": {
        "count": 29857,
        "mean": 4.011439577985647,
        "p99": 7.372497332422715,
        "max": 10.423882089354873
      },
      "rank_2": {
        "count": 2370,
        "mean": 3.0572359378706313,
        "p99": 5.125046085691664,
        "max": 7.008018085410905
      }
    },
    "decade_4": {
      "rank_0": {
        "count": 237138,
        "mean": 3.9344181747926004,
        "p99": 7.205981546817727,
        "max": 10.520408073503958
      },
      "rank_1": {
        "count": 300443,
        "mean": 3.758292023368924,
        "p99": 6.917366322683527,
        "max": 9.866342964946186
      },
      "rank_2": {
        "count": 54587,
        "mean": 3.1681123799235356,
        "p99": 5.473365727886064,
        "max": 7.7234457799047895
      },
      "rank_3": {
        "count": 541,
        "mean": 2.3157565009225047,
        "p99": 3.334551433272452,
        "max": 3.8277001114661093
      }
    },
    "decade_5": {
      "rank_0": {
        "count": 908065,
        "mean": 3.7010052883489992,
        "p99": 6.718409417498772,
        "max": 10.113737264509982
      },
      "rank_1": {
        "count": 1209461,
        "mean": 3.563016493612945,
        "p99": 6.53187256750572,
        "max": 10.137311535609484
      },
      "rank_2": {
        "count": 293135,
        "mean": 3.1305731402833468,
        "p99": 5.46760106512295,
        "max": 8.03921638383124
      },
      "rank_3": {
        "count": 9073,
        "mean": 2.5041717110758905,
        "p99": 3.9973829600120734,
        "max": 5.019045821240906
      }
    },
    "decade_6": {
      "rank_0": {
        "count": 20539,
        "mean": 2.3970727972107584,
        "p99": 5.1728988896568096,
        "max": 6.901950698860098
      },
      "rank_1": {
        "count": 29147,
        "mean": 2.238170821923004,
        "p99": 4.965961798581596,
        "max": 7.195654319710629
      },
      "rank_2": {
        "count": 10382,
        "mean": 1.9299479933578192,
        "p99": 4.264259286999479,
        "max": 6.2517008650749695
      },
      "rank_3": {
        "count": 1648,
        "mean": 1.7006713197119312,
        "p99": 2.809222495786098,
        "max": 3.966603054259988
      },
      "rank_4": {
        "count": 75,
        "mean": 1.6748451441456587,
        "p99": 2.663489332443968,
        "max": 2.728104845193324
      }
    },
    "decade_7": {
      "rank_0": {
        "count": 80647,
        "mean": 1.7061849682916366,
        "p99": 3.550328139162877,
        "max": 6.22753421237924
      },
      "rank_1": {
        "count": 121975,
        "mean": 1.671611256464297,
        "p99": 3.420895069938359,
        "max": 5.348197050207908
      },
      "rank_2": {
        "count": 51501,
        "mean": 1.6266338869802852,
        "p99": 2.9136580510669496,
        "max": 5.143083584663625
      },
      "rank_3": {
        "count": 9976,
        "mean": 1.6045180458521968,
        "p99": 2.551366268277992,
        "max": 3.7243317342124183
      },
      "rank_4": {
        "count": 727,
        "mean": 1.5879039087497118,
        "p99": 2.30417957700904,
        "max": 2.7087955837145725
      }
    },
    "decade_8": {
      "rank_0": {
        "count": 127694,
        "mean": 1.6041860187049077,
        "p99": 2.9999999894110445,
        "max": 5.071952052603788
      },
      "rank_1": {
        "count": 194235,
        "mean": 1.5852538143823636,
        "p99": 2.697625321410797,
        "max": 5.515420154370828
      },
      "rank_2": {
        "count": 81298,
        "mean": 1.564647632593862,
        "p99": 2.527433679680715,
        "max": 5.349238325275355
      },
      "rank_3": {
        "count": 16095,
        "mean": 1.5571843529876268,
        "p99": 2.3922337983550017,
        "max": 3.60652583952169
      },
      "rank_4": {
        "count": 1295,
        "mean": 1.5444853210950065,
        "p99": 2.195919495335371,