{
  "corpus": {
    "n_total": 1000,
    "n_train": 700,
    "n_test": 300
  },
  "n_test_episodes": 100,
  "n_episodes_train": 5000,
  "n_seeds": 5,
  "feature_dim": 66,
  "feature_layout": {
    "a_p": [
      0,
      20
    ],
    "numerical": [
      20,
      29
    ],
    "tamagawa_onehot": [
      29,
      38
    ],
    "torsion_onehot": [
      38,
      50
    ],
    "torsion_structure_onehot": [
      50,
      56
    ],
    "cm_flag": [
      56,
      57
    ],
    "semistable_flag": [
      57,
      58
    ],
    "signD_onehot": [
      58,
      61
    ],
    "radical_onehot": [
      61,
      66
    ]
  },
  "random_test_means": [
    14.0,
    27.0,
    22.0,
    23.0,
    18.0
  ],
  "random_test_accs": [
    0.14,
    0.27,
    0.22,
    0.23,
    0.18
  ],
  "linear_test_means": [
    46.0,
    52.0,
    42.0,
    35.0,
    41.0
  ],
  "linear_test_accs": [
    0.46,
    0.52,
    0.42,
    0.35,
    0.41
  ],
  "linear_pred_counts": [
    [
      96,
      1,
      0,
      0,
      3
    ],
    [
      99,
      0,
      0,
      1,
      0
    ],
    [
      1,
      91,
      8,
      0,
      0
    ],
    [
      96,
      0,
      0,
      2,
      2
    ],
    [
      3,
      96,
      0,
      1,
      0
    ]
  ],
  "mlp_test_means": [
    50.0,
    49.0,
    44.0,
    53.0,
    37.0
  ],
  "mlp_test_accs": [
    0.5,
    0.49,
    0.44,
    0.53,
    0.37
  ],
  "mlp_pred_counts": [
    [
      88,
      12,
      0,
      0,
      0
    ],
    [
      100,
      0,
      0,
      0,
      0
    ],
    [
      100,
      0,
      0,
      0,
      0
    ],
    [
      100,
      0,
      0,
      0,
      0
    ],
    [
      0,
      100,
      0,
      0,
      0
    ]
  ],
  "raw_lin_means_reference": [
    43.78476655147456,
    47.3003276047703,
    40.03280370735113,
    51.229129142204435,
    48.65297299419958
  ],
  "raw_mlp_means_reference": [
    44.83956281367873,
    44.50655938820993,
    54.810048035451366,
    45.24761625342541,
    45.94621350923456
  ],
  "p_value_linear_rich_vs_random": 0.00015415831523468704,
  "p_value_mlp_rich_vs_random": 5.8793158315251226e-05,
  "p_value_mlp_rich_vs_linear_rich": 0.20861549197098672,
  "p_value_linear_rich_vs_linear_raw": 0.7949107001624007,
  "p_value_mlp_rich_vs_mlp_raw": 0.5528319688086809
}