{
  "corpus": {
    "n_total": 1000,
    "rank_counts": {
      "0": 500,
      "1": 400,
      "2": 100
    },
    "max_rank": 2
  },
  "train_size": 700,
  "test_size": 300,
  "n_episodes": 5000,
  "n_seeds": 5,
  "n_test_episodes": 300,
  "linear_summary": {
    "test_means": [
      44.0,
      53.333333333333336,
      44.666666666666664,
      42.0,
      47.0
    ],
    "test_accs": [
      0.44,
      0.5333333333333333,
      0.44666666666666666,
      0.42,
      0.47
    ],
    "mean_grand": 46.2,
    "std_grand": 4.369083300749587,
    "acc_mean": 0.4619999999999999,
    "acc_std": 0.04369083300749585
  },
  "linear_test_means": [
    44.0,
    53.333333333333336,
    44.666666666666664,
    42.0,
    47.0
  ],
  "random_summary": {
    "test_means": [
      21.0,
      18.666666666666668,
      22.0,
      23.0,
      18.0
    ],
    "test_accs": [
      0.21,
      0.18666666666666668,
      0.22,
      0.23,
      0.18
    ],
    "mean_grand": 20.533333333333335,
    "std_grand": 2.1421692017412837,
    "acc_mean": 0.2053333333333333,
    "acc_std": 0.02142169201741284
  },
  "random_test_means": [
    21.0,
    18.666666666666668,
    22.0,
    23.0,
    18.0
  ],
  "sweep": {
    "n_episodes": 5000,
    "n_seeds": 5,
    "n_test_episodes": 300,
    "hidden": [
      128,
      64
    ],
    "learning_rates": [
      0.001,
      0.0005,
      0.0001
    ],
    "entropy_coefs": [
      0.01,
      0.001
    ],
    "cells": [
      {
        "lr": 0.001,
        "entropy_coef": 0.01,
        "n_seeds": 5,
        "train_means": [
          39.28,
          51.24,
          51.3,
          51.64,
          51.76
        ],
        "test_means": [
          46.0,
          53.666666666666664,
          46.0,
          41.666666666666664,
          48.0
        ],
        "train_accs": [
          0.3928,
          0.5124,
          0.513,
          0.5164,
          0.5176
        ],
        "test_accs": [
          0.46,
          0.5366666666666666,
          0.46,
          0.4166666666666667,
          0.48
        ],
        "train_mean_grand": 49.044,
        "train_std_grand": 5.462680660628076,
        "test_mean_grand": 47.06666666666666,
        "test_std_grand": 4.355073669487885,
        "test_acc_mean": 0.4706666666666667,
        "test_acc_std": 0.04355073669487882
      },
      {
        "lr": 0.001,
        "entropy_coef": 0.001,
        "n_seeds": 5,
        "train_means": [
          51.0,
          51.24,
          51.3,
          51.64,
          51.84
        ],
        "test_means": [
          46.333333333333336,
          53.666666666666664,
          46.0,
          41.666666666666664,
          47.666666666666664
        ],
        "train_accs": [
          0.51,
          0.5124,
          0.513,
          0.5164,
          0.5184
        ],
        "test_accs": [
          0.4633333333333333,
          0.5366666666666666,
          0.46,
          0.4166666666666667,
          0.4766666666666667
        ],
        "train_mean_grand": 51.403999999999996,
        "train_std_grand": 0.334185577187288,
        "test_mean_grand": 47.06666666666666,
        "test_std_grand": 4.323064756499593,
        "test_acc_mean": 0.4706666666666667,
        "test_acc_std": 0.043230647564995915
      },
      {
        "lr": 0.0005,
        "entropy_coef": 0.01,
        "n_seeds": 5,
        "train_means": [
          51.02,
          51.2,
          51.24,
          51.5,
          51.8
        ],
        "test_means": [
          46.666666666666664,
          53.666666666666664,
          46.0,
          41.666666666666664,
          45.0
        ],
        "train_accs": [
          0.5102,
          0.512,
          0.5124,
          0.515,
          0.518
        ],
        "test_accs": [
          0.4666666666666667,
          0.5366666666666666,
          0.46,
          0.4166666666666667,
          0.45
        ],
        "train_mean_grand": 51.352,
        "train_std_grand": 0.30351276744150074,
        "test_mean_grand": 46.599999999999994,
        "test_std_grand": 4.39317652729776,
        "test_acc_mean": 0.466,
        "test_acc_std": 0.04393176527297757
      },
      {
        "lr": 0.0005,
        "entropy_coef": 0.001,
        "n_seeds": 5,
        "train_means": [
          51.0,
          51.22,
          51.22,
          51.52,
          51.8
        ],
        "test_means": [
          46.666666666666664,
          53.666666666666664,
          46.0,
          41.666666666666664,
          45.0
        ],
        "train_accs": [
          0.51,
          0.5122,
          0.5122,
          0.5152,
          0.518
        ],
        "test_accs": [
          0.4666666666666667,
          0.5366666666666666,
          0.46,
          0.4166666666666667,
          0.45
        ],
        "train_mean_grand": 51.352,
        "train_std_grand": 0.3113197712963309,
        "test_mean_grand": 46.599999999999994,
        "test_std_grand": 4.39317652729776,
        "test_acc_mean": 0.466,
        "test_acc_std": 0.04393176527297757
      },
      {
        "lr": 0.0001,
        "entropy_coef": 0.01,
        "n_seeds": 5,
        "train_means": [
          50.8,
          51.04,
          51.08,
          50.62,
          51.76
        ],
        "test_means": [
          47.333333333333336,
          53.666666666666664,
          44.666666666666664,
          41.333333333333336,
          45.0
        ],
        "train_accs": [
          0.508,
          0.5104,
          0.5108,
          0.5062,
          0.5176
        ],
        "test_accs": [
          0.47333333333333333,
          0.5366666666666666,
          0.44666666666666666,
          0.41333333333333333,
          0.45
        ],
        "train_mean_grand": 51.06,
        "train_std_grand": 0.43358966777357627,
        "test_mean_grand": 46.4,
        "test_std_grand": 4.591054103120302,
        "test_acc_mean": 0.46399999999999997,
        "test_acc_std": 0.04591054103120302
      },
      {
        "lr": 0.0001,
        "entropy_coef": 0.001,
        "n_seeds": 5,
        "train_means": [
          50.82,
          51.04,
          51.08,
          50.58,
          51.78
        ],
        "test_means": [
          47.333333333333336,
          53.666666666666664,
          44.666666666666664,
          41.333333333333336,
          45.0
        ],
        "train_accs": [
          0.5082,
          0.5104,
          0.5108,
          0.5058,
          0.5178
        ],
        "test_accs": [
          0.47333333333333333,
          0.5366666666666666,
          0.44666666666666666,
          0.41333333333333333,
          0.45
        ],
        "train_mean_grand": 51.059999999999995,
        "train_std_grand": 0.4492215489043249,
        "test_mean_grand": 46.4,
        "test_std_grand": 4.591054103120302,
        "test_acc_mean": 0.46399999999999997,
        "test_acc_std": 0.04591054103120302
      }
    ],
    "best_cell": {
      "lr": 0.001,
      "entropy_coef": 0.01,
      "test_mean_grand": 47.06666666666666,
      "test_std_grand": 4.355073669487885,
      "test_acc_mean": 0.4706666666666667,
      "test_acc_std": 0.04355073669487882
    }
  },
  "best_cell_full": {
    "lr": 0.001,
    "entropy_coef": 0.01,
    "test_means": [
      46.0,
      53.666666666666664,
      46.0,
      41.666666666666664,
      48.0
    ],
    "test_accs": [
      0.46,
      0.5366666666666666,
      0.46,
      0.4166666666666667,
      0.48
    ],
    "test_mean_grand": 47.06666666666666,
    "test_std_grand": 4.355073669487885,
    "test_acc_mean": 0.4706666666666667,
    "test_acc_std": 0.04355073669487882
  },
  "comparison": {
    "rand_mean": 20.533333333333335,
    "linear_mean": 46.2,
    "mlp_mean": 47.06666666666666,
    "lift_mlp_vs_random": 1.292207792207792,
    "lift_mlp_vs_linear": 0.018759018759018614,
    "p_mlp_vs_random": 1.1256990398944566e-05,
    "p_mlp_vs_linear": 0.38072397173356043
  }
}