{
  "corpus": {
    "n_total": 2000,
    "rank_class_counts": {
      "0": 600,
      "1": 900,
      "2": 500
    },
    "cond_min": 295,
    "cond_max": 46844,
    "cond_mean": 12681.1345
  },
  "corpus_source": "cache:F:\\Prometheus\\prometheus_math\\databases\\genus2.json.gz",
  "train_size": 1400,
  "test_size": 600,
  "n_episodes": 5000,
  "n_seeds": 3,
  "random_means": [
    32.64,
    33.8,
    32.88
  ],
  "reinforce_means": [
    48.12,
    46.5,
    46.98
  ],
  "ppo_means": [
    36.04,
    34.22,
    32.96
  ],
  "random_mean": 33.10666666666666,
  "reinforce_mean": 47.199999999999996,
  "ppo_mean": 34.406666666666666,
  "p_value_reinforce_vs_random": 1.8888419759388597e-05,
  "p_value_ppo_vs_random": 0.14075037633496879,
  "test_random_means": [
    25.5,
    34.5,
    34.0
  ],
  "test_reinforce_means": [
    58.5,
    40.0,
    50.5
  ],
  "test_ppo_means": [
    46.5,
    42.0,
    43.0
  ],
  "test_random_mean": 31.333333333333332,
  "test_reinforce_mean": 49.666666666666664,
  "test_ppo_mean": 43.833333333333336,
  "p_value_test_reinforce_vs_random": 0.02763200967287438,
  "p_value_test_ppo_vs_random": 0.016806766313752663,
  "pred_count_history": {
    "random": [
      [
        1675,
        1706,
        1619
      ],
      [
        1620,
        1700,
        1680
      ],
      [
        1723,
        1687,
        1590
      ]
    ],
    "reinforce": [
      [
        1201,
        3595,
        204
      ],
      [
        714,
        4171,
        115
      ],
      [
        959,
        3840,
        201
      ]
    ],
    "ppo": [
      [
        1675,
        2058,
        1267
      ],
      [
        2146,
        1589,
        1265
      ],
      [
        1513,
        1716,
        1771
      ]
    ]
  }
}