{
  "corpus": {
    "n_total": 44,
    "by_order": {
      "2": 4,
      "3": 8,
      "4": 2,
      "5": 8,
      "6": 7,
      "7": 3,
      "8": 8,
      "10": 4
    },
    "by_shadow_class": {
      "0": 6,
      "1": 8,
      "2": 7,
      "3": 3,
      "4": 8,
      "5": 2,
      "6": 4,
      "7": 4,
      "8": 2
    },
    "level_min": 1,
    "level_max": 12,
    "coeff_len_min": 30,
    "coeff_len_max": 30
  },
  "corpus_source": "cache:F:\\Prometheus\\prometheus_math\\databases\\mock_theta.json.gz",
  "train_size": 31,
  "test_size": 13,
  "n_episodes": 5000,
  "n_seeds": 3,
  "random_means": [
    3.34,
    2.94,
    3.82
  ],
  "reinforce_means": [
    37.8,
    40.92,
    45.7
  ],
  "ppo_means": [
    4.6,
    4.6,
    9.84
  ],
  "random_mean": 3.3666666666666667,
  "reinforce_mean": 41.473333333333336,
  "ppo_mean": 6.346666666666667,
  "p_value_reinforce_vs_random": 0.0016464795747199723,
  "p_value_ppo_vs_random": 0.11416589231936658,
  "test_random_means": [
    3.0,
    5.0,
    0.5
  ],
  "test_reinforce_means": [
    35.0,
    41.5,
    36.0
  ],
  "test_ppo_means": [
    35.5,
    37.5,
    36.0
  ],
  "test_random_mean": 2.8333333333333335,
  "test_reinforce_mean": 37.5,
  "test_ppo_mean": 36.333333333333336,
  "p_value_test_reinforce_vs_random": 0.0001757528310412093,
  "p_value_test_ppo_vs_random": 0.00013046517521120293,
  "pred_count_history": {
    "random": [
      [
        138,
        173,
        159,
        158,
        157,
        162,
        160,
        163,
        174,
        177,
        192,
        152,
        174,
        158,
        147,
        194,
        161,
        166,
        161,
        162,
        153,
        181,
        153,
        130,
        158,
        153,
        156,
        159,
        157,
        140,
        172
      ],
      [
        151,
        156,
        145,
        137,
        161,
        162,
        158,
        151,
        162,
        186,
        162,
        171,
        163,
        173,
        157,
        152,
        170,
        171,
        154,
        163,
        157,
        149,
        167,
        172,
        181,
        165,
        187,
        153,
        146,
        166,
        152
      ],
      [
        153,
        190,
        177,
        165,
        162,
        143,
        174,
        166,
        187,
        158,
        153,
        175,
        190,
        151,
        163,
        158,
        181,
        149,
        163,
        147,
        148,
        145,
        147,
        174,
        159,
        131,
        150,
        148,
        152,
        157,
        184
      ]
    ],
    "reinforce": [
      [
        13,
        19,
        11,
        14,
        19,
        16,
        14,
        17,
        14,
        14,
        17,
        16,
        22,
        17,
        20,
        4510,
        19,
        40,
        16,
        15,
        16,
        12,
        9,
        16,
        13,
        12,
        19,
        11,
        11,
        17,
        21
      ],
      [
        7,
        3,
        12,
        8,
        3,
        7,
        10,
        8,
        3,
        8,
        9,
        6,
        7,
        6,
        6,
        4789,
        6,
        8,
        6,
        5,
        8,
        10,
        8,
        9,
        7,
        4,
        7,
        6,
        7,
        13,
        4
      ],
      [
        5,
        14,
        9,
        13,
        9,
        7,
        6,
        8,
        15,
        12,
        10,
        7,
        4,
        13,
        10,
        4270,
        15,
        12,
        12,
        9,
        4,
        13,
        11,
        10,
        10,
        11,
        10,
        12,
        10,
        11,
        438
      ]
    ],
    "ppo": [
      [
        80,
        192,
        90,
        147,
        341,
        119,
        208,
        125,
        100,
        106,
        188,
        243,
        110,
        115,
        171,
        391,
        138,
        188,
        214,
        94,
        77,
        119,
        227,
        138,
        98,
        128,
        61,
        223,
        260,
        170,
        139
      ],
      [
        108,
        99,
        134,
        132,
        102,
        204,
        136,
        242,
        277,
        236,
        122,
        152,
        159,
        254,
        133,
        328,
        157,
        178,
        151,
        107,
        199,
        182,
        152,
        93,
        139,
        178,
        157,
        157,
        87,
        136,
        109
      ],
      [
        119,
        176,
        57,
        72,
        218,
        72,
        46,
        281,
        81,
        99,
        183,
        107,
        212,
        171,
        64,
        1022,
        110,
        126,
        84,
        243,
        148,
        83,
        183,
        115,
        171,
        171,
        71,
        54,
        80,
        141,
        240
      ]
    ]
  }
}