{
  "n_episodes": 5000,
  "n_seeds": 3,
  "d": 20,
  "n_bins": 21,
  "variants": {
    "V1_balanced": {
      "random": {
        "acc_mean": 0.04753333333333334,
        "acc_std": 0.0010624918300339507,
        "res_mean": 0.14053333333333332,
        "res_std": 0.004943233309844427,
        "pred_counts_mean": [
          232.0,
          245.66666666666666,
          251.33333333333334,
          236.33333333333334,
          247.0,
          224.33333333333334,
          241.0,
          242.33333333333334,
          233.66666666666666,
          251.33333333333334,
          225.66666666666666,
          235.0,
          228.0,
          225.0,
          245.0,
          220.0,
          241.66666666666666,
          247.33333333333334,
          245.33333333333334,
          247.33333333333334,
          234.66666666666666
        ],
        "active_bins": 21
      },
      "reinforce": {
        "acc_mean": 0.06999999999999999,
        "acc_std": 0.026418680259745503,
        "res_mean": 0.20926666666666663,
        "res_std": 0.07390738949673586,
        "pred_counts_mean": [
          2.0,
          1.3333333333333333,
          1.0,
          2.0,
          1651.3333333333333,
          0.6666666666666666,
          1.6666666666666667,
          1.3333333333333333,
          1666.0,
          1.3333333333333333,
          1.6666666666666667,
          1650.3333333333333,
          2.6666666666666665,
          2.6666666666666665,
          2.6666666666666665,
          1.3333333333333333,
          0.6666666666666666,
          2.0,
          2.6666666666666665,
          2.6666666666666665,
          2.0
        ],
        "active_bins": 3
      },
      "ppo": {
        "acc_mean": 0.0438,
        "acc_std": 0.003024345659257,
        "res_mean": 0.13493333333333332,
        "res_std": 0.006593599590174971,
        "pred_counts_mean": [
          227.66666666666666,
          246.0,
          265.6666666666667,
          225.66666666666666,
          246.66666666666666,
          230.33333333333334,
          238.0,
          244.66666666666666,
          235.66666666666666,
          231.66666666666666,
          234.33333333333334,
          247.33333333333334,
          253.66666666666666,
          236.33333333333334,
          237.66666666666666,
          217.33333333333334,
          238.0,
          236.33333333333334,
          238.0,
          246.33333333333334,
          222.66666666666666
        ],
        "active_bins": 21
      }
    },
    "V2_skewed": {
      "random": {
        "acc_mean": 0.046400000000000004,
        "acc_std": 0.0011775681155103811,
        "res_mean": 0.1198,
        "res_std": 0.0016573070526208088,
        "pred_counts_mean": [
          232.0,
          245.66666666666666,
          251.33333333333334,
          236.33333333333334,
          247.0,
          224.33333333333334,
          241.0,
          242.33333333333334,
          233.66666666666666,
          251.33333333333334,
          225.66666666666666,
          235.0,
          228.0,
          225.0,
          245.0,
          220.0,
          241.66666666666666,
          247.33333333333334,
          245.33333333333334,
          247.33333333333334,
          234.66666666666666
        ],
        "active_bins": 21
      },
      "reinforce": {
        "acc_mean": 0.26940000000000003,
        "acc_std": 0.006301322612489104,
        "res_mean": 0.2902,
        "res_std": 0.007021870595978441,
        "pred_counts_mean": [
          1656.3333333333333,
          1.3333333333333333,
          7.666666666666667,
          2.0,
          1.3333333333333333,
          1.3333333333333333,
          2.3333333333333335,
          1.0,
          3.0,
          2.3333333333333335,
          1.3333333333333333,
          1.6666666666666667,
          2.3333333333333335,
          1.0,
          2.6666666666666665,
          1.3333333333333333,
          1.6666666666666667,
          1.6666666666666667,
          2.3333333333333335,
          2.3333333333333335,
          3303.0
        ],
        "active_bins": 2
      },
      "ppo": {
        "acc_mean": 0.04573333333333333,
        "acc_std": 0.003781827894315423,
        "res_mean": 0.1178,
        "res_std": 0.0020461345670963705,
        "pred_counts_mean": [
          236.66666666666666,
          243.33333333333334,
          263.6666666666667,
          226.33333333333334,
          241.0,
          230.66666666666666,
          246.33333333333334,
          247.33333333333334,
          230.0,
          232.0,
          228.33333333333334,
          242.0,
          252.0,
          241.0,
          240.66666666666666,
          214.66666666666666,
          232.66666666666666,
          240.0,
          233.66666666666666,
          247.66666666666666,
          230.0
        ],
        "active_bins": 21
      }
    },
    "V3_low_noise": {
      "random": {
        "acc_mean": 0.0484,
        "acc_std": 0.0014696938456699065,
        "res_mean": 0.14233333333333334,
        "res_std": 0.0037321426672742436,
        "pred_counts_mean": [
          232.0,
          245.66666666666666,
          251.33333333333334,
          236.33333333333334,
          247.0,
          224.33333333333334,
          241.0,
          242.33333333333334,
          233.66666666666666,
          251.33333333333334,
          225.66666666666666,
          235.0,
          228.0,
          225.0,
          245.0,
          220.0,
          241.66666666666666,
          247.33333333333334,
          245.33333333333334,
          247.33333333333334,
          234.66666666666666
        ],
        "active_bins": 21
      },
      "reinforce": {
        "acc_mean": 0.04906666666666667,
        "acc_std": 0.03349520695396416,
        "res_mean": 0.15059999999999998,
        "res_std": 0.09777375244239461,
        "pred_counts_mean": [
          2.0,
          1.3333333333333333,
          1654.3333333333333,
          2.0,
          1651.3333333333333,
          0.6666666666666666,
          1.6666666666666667,
          1.0,
          13.0,
          1.3333333333333333,
          1.6666666666666667,
          1650.0,
          3.0,
          2.3333333333333335,
          2.6666666666666665,
          1.3333333333333333,
          1.0,
          2.0,
          2.6666666666666665,
          2.3333333333333335,
          2.3333333333333335
        ],
        "active_bins": 3
      },
      "ppo": {
        "acc_mean": 0.046066666666666665,
        "acc_std": 0.0031169785940162553,
        "res_mean": 0.1354,
        "res_std": 0.005354126134736342,
        "pred_counts_mean": [
          227.0,
          246.0,
          266.0,
          225.0,
          246.66666666666666,
          232.0,
          239.66666666666666,
          243.0,
          234.0,
          232.33333333333334,
          234.33333333333334,
          245.66666666666666,
          255.0,
          236.33333333333334,
          239.0,
          216.33333333333334,
          237.66666666666666,
          237.0,
          237.33333333333334,
          246.66666666666666,
          223.0
        ],
        "active_bins": 21
      }
    },
    "V4_skewed_high": {
      "random": {
        "acc_mean": 0.046000000000000006,
        "acc_std": 0.0018832595855767362,
        "res_mean": 0.11566666666666665,
        "res_std": 0.0020677416559027784,
        "pred_counts_mean": [
          232.0,
          245.66666666666666,
          251.33333333333334,
          236.33333333333334,
          247.0,
          224.33333333333334,
          241.0,
          242.33333333333334,
          233.66666666666666,
          251.33333333333334,
          225.66666666666666,
          235.0,
          228.0,
          225.0,
          245.0,
          220.0,
          241.66666666666666,
          247.33333333333334,
          245.33333333333334,
          247.33333333333334,
          234.66666666666666
        ],
        "active_bins": 21
      },