{
  "corpus": {
    "n_total": 1000,
    "by_stratum": {
      "large": 200,
      "medium": 400,
      "small": 400
    },
    "by_weight": {
      "2": 251,
      "3": 25,
      "4": 189,
      "5": 21,
      "6": 149,
      "7": 19,
      "8": 83,
      "9": 18,
      "10": 48,
      "11": 9,
      "12": 39,
      "13": 9,
      "14": 26,
      "15": 10,
      "16": 34,
      "17": 6,
      "18": 19,
      "19": 5,
      "20": 13,
      "21": 4,
      "22": 10,
      "23": 6,
      "24": 7
    },
    "level_min": 2,
    "level_max": 994,
    "weight_min": 2,
    "weight_max": 24
  },
  "corpus_source": "cache:F:\\Prometheus\\prometheus_math\\databases\\modular_forms.json.gz",
  "train_size": 700,
  "test_size": 300,
  "n_episodes": 5000,
  "n_seeds": 3,
  "random_means": [
    5.4,
    4.9,
    4.7
  ],
  "reinforce_means": [
    4.68,
    13.88,
    14.48
  ],
  "ppo_means": [
    4.92,
    4.84,
    4.38
  ],
  "random_mean": 5.0,
  "reinforce_mean": 11.013333333333335,
  "ppo_mean": 4.713333333333334,
  "p_value_reinforce_vs_random": 0.09896828114322342,
  "p_value_ppo_vs_random": 0.8265268805551604,
  "test_random_means": [
    3.7,
    5.0,
    5.4
  ],
  "test_reinforce_means": [
    4.4,
    12.8,
    12.2
  ],
  "test_ppo_means": [
    12.5,
    12.4,
    11.5
  ],
  "test_random_mean": 4.7,
  "test_reinforce_mean": 9.8,
  "test_ppo_mean": 12.133333333333333,
  "p_value_test_reinforce_vs_random": 0.0983302183593614,
  "p_value_test_ppo_vs_random": 0.0003372441554528871,
  "pred_count_history": {
    "random": [
      [
        226,
        235,
        236,
        241,
        231,
        247,
        259,
        259,
        251,
        231,
        270,
        224,
        240,
        231,
        258,
        218,
        224,
        228,
        230,
        227,
        234
      ],
      [
        219,
        227,
        215,
        227,
        248,
        229,
        255,
        254,
        235,
        234,
        247,
        249,
        231,
        250,
        214,
        251,
        263,
        260,
        233,
        223,
        236
      ],
      [
        235,
        272,
        239,
        225,
        254,
        266,
        232,
        240,
        281,
        214,
        253,
        237,
        232,
        230,
        211,
        242,
        226,
        211,
        215,
        228,
        257
      ]
    ],
    "reinforce": [
      [
        0,
        0,
        0,
        1,
        1,
        0,
        0,
        0,
        1,
        0,
        0,
        1,
        1,
        0,
        0,
        4995,
        0,
        0,
        0,
        0,
        0
      ],
      [
        3,
        5,
        2,
        4,
        2,
        1,
        1,
        1,
        4,
        1,
        4955,
        3,
        2,
        1,
        2,
        2,
        3,
        0,
        3,
        2,
        3
      ],
      [
        0,
        0,
        0,
        0,
        0,
        0,
        0,
        0,
        0,
        0,
        4997,
        0,
        0,
        0,
        2,
        0,
        0,
        1,
        0,
        0,
        0
      ]
    ],
    "ppo": [
      [
        209,
        231,
        243,
        251,
        220,
        240,
        300,
        226,
        222,
        244,
        320,
        212,
        213,
        227,
        271,
        227,
        194,
        274,
        221,
        216,
        239
      ],
      [
        234,
        220,
        256,
        238,
        251,
        225,
        253,
        242,
        223,
        242,
        214,
        235,
        205,
        236,
        238,
        244,
        263,
        249,
        265,
        224,
        243
      ],
      [
        217,
        250,
        210,
        219,
        228,
        249,
        256,
        214,
        258,
        262,
        225,
        211,
        251,
        425,
        196,
        217,
        214,
        196,
        256,
        212,
        234
      ]
    ]
  }
}