{
  "corpus": {
    "n_total": 205,
    "n_anchors": 5,
    "n_body": 200,
    "by_growth": {
      "linear": 49,
      "polynomial": 64,
      "exponential": 34,
      "factorial": 1,
      "other": 57
    },
    "term_count_min": 23,
    "term_count_max": 58
  },
  "corpus_source": "cache",
  "train_size": 145,
  "test_size": 50,
  "n_episodes": 5000,
  "n_seeds": 3,
  "random_means": [
    2.86,
    2.9,
    2.755
  ],
  "growth_means": [
    72.59,
    72.985,
    73.735
  ],
  "reinforce_means": [
    2.69,
    11.47,
    6.84
  ],
  "ppo_means": [
    3.3,
    3.17,
    3.215
  ],
  "random_mean": 2.8383333333333334,
  "growth_mean": 73.10333333333334,
  "reinforce_mean": 7.0,
  "ppo_mean": 3.228333333333333,
  "p_value_growth_vs_random": 8.515993264901489e-06,
  "p_value_reinforce_vs_random": 0.121217974061825,
  "p_value_ppo_vs_random": 0.0013162966033687384,
  "p_value_growth_vs_reinforce": 0.0006229800789063766,
  "test_random_means": [
    2.925,
    4.725,
    3.375
  ],
  "test_growth_means": [
    69.55,
    69.15,
    71.825
  ],
  "test_reinforce_means": [
    4.2,
    11.325,
    3.7
  ],
  "test_ppo_means": [
    10.9,
    11.4,
    11.025
  ],
  "test_random_mean": 3.6749999999999994,
  "test_growth_mean": 70.175,
  "test_reinforce_mean": 6.408333333333332,
  "test_ppo_mean": 11.108333333333334,
  "p_value_test_growth_vs_random": 9.012913291250868e-07,
  "p_value_test_reinforce_vs_random": 0.19150882476421416,
  "p_value_test_ppo_vs_random": 0.0015814440613866054,
  "pred_count_history": {
    "random": [
      [
        82,
        97,
        113,
        90,
        97,
        113,
        91,
        98,
        109,
        86,
        99,
        109,
        94,
        114,
        96,
        119,
        109,
        120,
        95,
        103,
        105,
        102,
        96,
        94,
        108,
        128,
        88,
        99,
        109,
        90,
        103,
        107,
        92,
        98,
        119,
        100,
        97,
        77,
        81,
        96,
        104,
        96,
        99,
        101,
        92,
        98,
        97,
        95,
        92,
        103
      ],
      [
        92,
        93,
        99,
        96,
        85,
        96,
        81,
        103,
        99,
        114,
        85,
        98,
        88,
        112,
        100,
        119,
        96,
        104,
        106,
        97,
        105,
        101,
        111,
        90,
        99,
        100,
        107,
        108,
        101,
        89,
        102,
        103,
        100,
        93,
        90,
        106,
        100,
        108,
        113,
        103,
        113,
        99,
        114,
        108,
        88,
        89,
        106,
        97,
        95,
        99
      ],
      [
        84,
        105,
        130,
        113,
        103,
        108,
        92,
        105,
        89,
        93,
        115,
        99,
        104,
        123,
        103,
        99,
        88,
        106,
        100,
        133,
        104,
        98,
        92,
        101,
        99,
        100,
        112,
        96,
        100,
        105,
        82,
        102,
        98,
        83,
        85,
        96,
        94,
        111,
        90,
        107,
        81,
        87,
        96,
        95,
        85,
        78,
        113,
        94,
        116,
        108
      ]
    ],
    "growth": [
      [
        2,
        23,
        105,
        163,
        373,
        531,
        561,
        420,
        406,
        410,
        408,
        221,
        135,
        176,
        210,
        177,
        116,
        82,
        77,
        85,
        49,
        25,
        29,
        26,
        25,
        26,
        19,
        13,
        11,
        9,
        10,
        8,
        8,
        9,
        5,
        3,
        2,
        5,
        3,
        3,
        7,
        3,
        1,
        8,
        0,
        1,
        0,
        2,
        0,
        9
      ],
      [
        2,
        18,
        104,
        176,
        338,
        528,
        535,
        441,
        450,
        411,
        352,
        252,
        155,
        151,
        207,
        174,
        113,
        87,
        87,
        91,
        53,
        38,
        29,
        21,
        22,
        13,
        27,
        14,
        13,
        10,
        15,
        6,
        10,
        9,
        3,
        5,
        5,
        2,
        7,
        3,
        2,
        1,
        2,
        1,
        0,
        2,
        0,
        4,
        0,
        11
      ],
      [
        2,
        20,
        127,
        161,
        395,
        490,
        543,
        454,
        414,
        406,
        355,
        242,
        159,
        177,
        199,
        147,
        111,
        92,
        97,
        101,
        40,
        28,
        31,
        23,
        27,
        22,
        14,
        22,
        10,
        11,
        10,
        9,
        13,
        3,
        3,
        6,
        4,
        1,
        7,
        1,
        3,
        3,
        1,
        2,
        0,
        1,
        0,
        1,
        0,
        12
      ]
    ],
    "reinforce": [
      [
        0,
        0,
        0,
        0,
        0,
        0,
        0,
        0,
        3,
        0,
        1,
        0,
        1,
        0,
        0,
        0,
        0,
        4981,
        0,
        1,
        1,
        0,
        1,
        0,
        0,
        0,
        0,
        1,
        2,
        0,
        3,
        0,
        0,
        0,
        0,
        0,
        1,
        0,
        0,
        0,
        1,
        1,
        0,
        0,
        0,
        0,
        0,
        1,
        0,
        1
      ],
      [
        0,
        0,
        0,
        0,
        0,
        0,
        0,
        0,
        0,
        4996,
        0,
        0,
        0,
        0,
        1,
        0,
        0,
        0,
        0,
        0,
        0,
        0,
        0,
        0,
        0,
        0,
        0,
        0,
        0,
        1,
        0,
        1,
        0,
        0,
        0,
        0,
        0,
        0,
        0,
        0,
        0,
        0,
        0,
        0,
        0,
        0,
        0,
        0,
        0,
        1
      ],
      [
        0,
        1,
        0,
        4982,
        0,
        0,
        1,
        0,
        1,
        0,
        0,
        0,
        0,
        0,
        0,
        0,
        0,
        0,
        0,
        0,
        0,
        0,
        0,
        1,
        1,
        1,
        0,
        1,
        0,
        0,
        1,
        1,
        0,
        3,
        1,
        0,
        0,
        0,
        1,
        1,
        1,
        0,
        1,
        0,
        0,
        0,
        0,
        0,
        1,
        0
      ]
    ],