{
  "random_mean": 63.3328,
  "random_std": 0.3032787002082436,
  "random_means": [
    63.6439,
    63.3165,
    63.038
  ],
  "learned_mean": 96.95550000000001,
  "learned_std": 0.1249124893675563,
  "learned_means": [
    97.0986,
    96.8683,
    96.8996
  ],
  "lift": 0.5308892074880633,
  "p_value": 8.533709579489261e-07,
  "n_steps": 10000,
  "n_seeds": 3,
  "learner": "reinforce"
}