vid,source,record,record_line,derived_record,derived_line,specimen,family,loader,arm,arrays,timing,offset,swap_mode,worlds,seed_ns,trial_set,n_trials_scored_design,normal_m,normal_lo,normal_hi,swap_m,swap_lo,swap_hi,readable_lo99_ge_60,derived_reading
V0000,WF,W-F/out/census_s0.jsonl,2,W-F/out/census_table.csv,70:late_site,cc18858fdfd34515,HOLD,c1_row,site_all,"S,E,r,Kp,Acc_sum,Acc_cnt,w",late,17,EVERY,64,0x5EA,all,,0.6589,0.6133,0.707,0.3607,0.3099,0.4128,True,class=SITE;class_late=ELSEWHERE;tags=TRIVIAL;HANDOFF
V0001,WF,W-F/out/census_s0.jsonl,4,W-F/out/census_table.csv,165:site_all,c939c3c7271e65d2,RELAY,c1_row,site_all,"S,E,r,Kp,Acc_sum,Acc_cnt,w",mid,9,EVERY,64,0x5EA,all,,0.5892,0.5697,0.6081,0.4147,0.3984,0.431,False,class=UNREADABLE;class_late=UNREADABLE;tags=
V0002,WF,W-F/out/census_s0.jsonl,4,W-F/out/census_table.csv,165:late_site,c939c3c7271e65d2,RELAY,c1_row,site_all,"S,E,r,Kp,Acc_sum,Acc_cnt,w",late,15,EVERY,64,0x5EA,all,,0.5892,0.5697,0.6081,0.4147,0.3984,0.431,False,class=UNREADABLE;class_late=UNREADABLE;tags=
V0003,WF,W-F/out/census_s0.jsonl,4,W-F/out/census_table.csv,165:joint,c939c3c7271e65d2,RELAY,c1_row,joint,"S,E,r,Kp,Acc_sum,Acc_cnt,w,Msum,Mcnt",mid,9,EVERY,64,0x5EA,all,,0.5892,0.5697,0.6081,0.4147,0.3984,0.431,False,class=UNREADABLE;class_late=UNREADABLE;tags=
V0004,WF,W-F/out/census_s0.jsonl,5,W-F/out/census_table.csv,95:site_all,c868a87bcd47d94b,HOLD,c1_row,site_all,"S,E,r,Kp,Acc_sum,Acc_cnt,w",mid,10,EVERY,64,0x5EA,all,,0.6198,0.5677,0.6641,0.362,0.3177,0.4063,False,class=UNREADABLE;class_late=UNREADABLE;tags=
V0005,WF,W-F/out/census_s0.jsonl,5,W-F/out/census_table.csv,95:late_site,c868a87bcd47d94b,HOLD,c1_row,site_all,"S,E,r,Kp,Acc_sum,Acc_cnt,w",late,17,EVERY,64,0x5EA,all,,0.6198,0.5677,0.6641,0.4115,0.3477,0.4701,False,class=UNREADABLE;class_late=UNREADABLE;tags=
V0006,WF,W-F/out/census_s0.jsonl,5,W-F/out/census_table.csv,95:joint,c868a87bcd47d94b,HOLD,c1_row,joint,"S,E,r,Kp,Acc_sum,Acc_cnt,w,Msum,Mcnt",mid,10,EVERY,64,0x5EA,all,,0.6198,0.5677,0.6641,0.362,0.3177,0.4063,False,class=UNREADABLE;class_late=UNREADABLE;tags=
V0007,WF,W-F/out/census_s0.jsonl,8,W-F/out/census_table.csv,3:site_all,0187372b391d9d4e,HOLD,c1_row,site_all,"S,E,r,Kp,Acc_sum,Acc_cnt,w",mid,4,EVERY,64,0x5EA,all,,0.7168,0.6165,0.834,0.306,0.1836,0.4186,True,class=ELSEWHERE;class_late=SITE;tags=HANDOFF
V0008,WF,W-F/out/census_s0.jsonl,8,W-F/out/census_table.csv,3:joint,0187372b391d9d4e,HOLD,c1_row,joint,"S,E,r,Kp,Acc_sum,Acc_cnt,w,Msum,Mcnt",mid,4,EVERY,64,0x5EA,all,,0.7168,0.6165,0.834,0.3112,0.1855,0.4212,True,class=ELSEWHERE;class_late=SITE;tags=HANDOFF
V0009,WF,W-F/out/census_s0.jsonl,14,W-F/out/census_table.csv,71:late_site,cdf603803282cd29,HOLD,c1_row,site_all,"S,E,r,Kp,Acc_sum,Acc_cnt,w",late,5,EVERY,64,0x5EA,all,,0.6406,0.6022,0.6842,0.3665,0.3275,0.4076,True,class=SITE;class_late=ELSEWHERE;tags=TRIVIAL;HANDOFF
V0010,WF,W-F/out/census_s0.jsonl,15,W-F/out/census_table.csv,97:site_all,ed884172de6b4ec0,HOLD,c1_row,site_all,"S,E,r,Kp,Acc_sum,Acc_cnt,w",mid,6,EVERY,64,0x5EA,all,,0.6322,0.5807,0.6875,0.3568,0.3047,0.4036,False,class=UNREADABLE;class_late=UNREADABLE;tags=
V0011,WF,W-F/out/census_s0.jsonl,15,W-F/out/census_table.csv,97:late_site,ed884172de6b4ec0,HOLD,c1_row,site_all,"S,E,r,Kp,Acc_sum,Acc_cnt,w",late,9,EVERY,64,0x5EA,all,,0.6322,0.5807,0.6875,0.3574,0.3047,0.4102,False,class=UNREADABLE;class_late=UNREADABLE;tags=
V0012,WF,W-F/out/census_s0.jsonl,15,W-F/out/census_table.csv,97:joint,ed884172de6b4ec0,HOLD,c1_row,joint,"S,E,r,Kp,Acc_sum,Acc_cnt,w,Msum,Mcnt",mid,6,EVERY,64,0x5EA,all,,0.6322,0.5807,0.6875,0.3568,0.3047,0.4036,False,class=UNREADABLE;class_late=UNREADABLE;tags=
V0013,WF,W-F/out/census_s0.jsonl,16,W-F/out/census_table.csv,91:late_site,83d0ff565cd49433,HOLD,c1_row,site_all,"S,E,r,Kp,Acc_sum,Acc_cnt,w",late,9,EVERY,64,0x5EA,all,,0.6699,0.5924,0.75,0.3229,0.2357,0.405,False,class=UNREADABLE;class_late=UNREADABLE;tags=
V0014,WF,W-F/out/census_s0.jsonl,18,W-F/out/census_table.csv,93:late_site,b472c4f8457e15e9,HOLD,c1_row,site_all,"S,E,r,Kp,Acc_sum,Acc_cnt,w",late,5,EVERY,64,0x5EA,all,,0.6367,0.5977,0.6706,0.3646,0.3164,0.4154,False,class=UNREADABLE;class_late=UNREADABLE;tags=
V0015,WF,W-F/out/census_s0.jsonl,19,W-F/out/census_table.csv,42:pre_site,6a9c62c71c6a74c5,HOLD,c1_row,site_all,"S,E,r,Kp,Acc_sum,Acc_cnt,w",pre,-1,EVERY,64,0x5EA,all,,0.722,0.6712,0.7734,0.6725,0.6185,0.7253,True,class=SITE;class_late=SITE;tags=
V0016,WF,W-F/out/census_s0.jsonl,22,W-F/out/census_table.csv,129:site_all,53e569f4cfa04270,RELAY,c1_row,site_all,"S,E,r,Kp,Acc_sum,Acc_cnt,w",mid,9,EVERY,64,0x5EA,all,,0.7227,0.707,0.7344,0.5827,0.569,0.5996,True,class=JOINT;class_late=ELSEWHERE;tags=JOINT-SPLIT;HANDOFF
V0017,WF,W-F/out/census_s0.jsonl,22,W-F/out/census_table.csv,129:channel_all,53e569f4cfa04270,RELAY,c1_row,channel_all,"Msum,Mcnt",mid,9,EVERY,64,0x5EA,all,,0.7227,0.707,0.7344,0.4167,0.4004,0.431,True,class=JOINT;class_late=ELSEWHERE;tags=JOINT-SPLIT;HANDOFF
V0018,WF,W-F/out/census_s0.jsonl,22,W-F/out/census_table.csv,129:channel_content,53e569f4cfa04270,RELAY,c1_row,channel_content,Msum,mid,9,EVERY,64,0x5EA,all,,0.7227,0.707,0.7344,0.4167,0.4004,0.431,True,class=JOINT;class_late=ELSEWHERE;tags=JOINT-SPLIT;HANDOFF
V0019,WF,W-F/out/census_s0.jsonl,22,W-F/out/census_table.csv,129:pay0,53e569f4cfa04270,RELAY,c1_row,pay0,Msum[0],mid,9,EVERY,64,0x5EA,all,,0.7227,0.707,0.7344,0.4167,0.4004,0.431,True,class=JOINT;class_late=ELSEWHERE;tags=JOINT-SPLIT;HANDOFF
V0020,WF,W-F/out/census_s0.jsonl,22,W-F/out/census_table.csv,129:late_site,53e569f4cfa04270,RELAY,c1_row,site_all,"S,E,r,Kp,Acc_sum,Acc_cnt,w",late,15,EVERY,64,0x5EA,all,,0.7227,0.707,0.7344,0.612,0.5918,0.6309,True,class=JOINT;class_late=ELSEWHERE;tags=JOINT-SPLIT;HANDOFF
V0021,WF,W-F/out/census_s0.jsonl,22,W-F/out/census_table.csv,129:late_chan,53e569f4cfa04270,RELAY,c1_row,channel_all,"Msum,Mcnt",late,15,EVERY,64,0x5EA,all,,0.7227,0.707,0.7344,0.388,0.3691,0.4082,True,class=JOINT;class_late=ELSEWHERE;tags=JOINT-SPLIT;HANDOFF
V0022,WF,W-F/out/census_s0.jsonl,23,W-F/out/census_table.csv,134:site_all,9bbe86373465aaf9,RELAY,c1_row,site_all,"S,E,r,Kp,Acc_sum,Acc_cnt,w",mid,3,EVERY,64,0x5EA,all,,0.6341,0.6094,0.6615,0.5781,0.5469,0.6094,True,class=JOINT;class_late=ELSEWHERE;tags=JOINT-SPLIT;HANDOFF
V0023,WF,W-F/out/census_s0.jsonl,23,W-F/out/census_table.csv,134:channel_all,9bbe86373465aaf9,RELAY,c1_row,channel_all,"Msum,Mcnt",mid,3,EVERY,64,0x5EA,all,,0.6341,0.6094,0.6615,0.4219,0.3906,0.4531,True,class=JOINT;class_late=ELSEWHERE;tags=JOINT-SPLIT;HANDOFF
V0024,WF,W-F/out/census_s0.jsonl,23,W-F/out/census_table.csv,134:channel_content,9bbe86373465aaf9,RELAY,c1_row,channel_content,Msum,mid,3,EVERY,64,0x5EA,all,,0.6341,0.6094,0.6615,0.4219,0.3906,0.4531,True,class=JOINT;class_late=ELSEWHERE;tags=JOINT-SPLIT;HANDOFF
V0025,WF,W-F/out/census_s0.jsonl,23,W-F/out/census_table.csv,134:pay0,9bbe86373465aaf9,RELAY,c1_row,pay0,Msum[0],mid,3,EVERY,64,0x5EA,all,,0.6341,0.6094,0.6615,0.4219,0.3906,0.4531,True,class=JOINT;class_late=ELSEWHERE;tags=JOINT-SPLIT;HANDOFF
V0026,WF,W-F/out/census_s0.jsonl,23,W-F/out/census_table.csv,134:late_site,9bbe86373465aaf9,RELAY,c1_row,site_all,"S,E,r,Kp,Acc_sum,Acc_cnt,w",late,3,EVERY,64,0x5EA,all,,0.6341,0.6094,0.6615,0.5781,0.5469,0.6094,True,class=JOINT;class_late=ELSEWHERE;tags=JOINT-SPLIT;HANDOFF
V0027,WF,W-F/out/census_s0.jsonl,23,W-F/out/census_table.csv,134:late_chan,9bbe86373465aaf9,RELAY,c1_row,channel_all,"Msum,Mcnt",late,3,EVERY,64,0x5EA,all,,0.6341,0.6094,0.6615,0.4219,0.3906,0.4531,True,class=JOINT;class_late=ELSEWHERE;tags=JOINT-SPLIT;HANDOFF
V0028,WF,W-F/out/census_s0.jsonl,24,W-F/out/census_table.csv,164:site_all,c7d7d2a488a86d6f,RELAY,c1_row,site_all,"S,E,r,Kp,Acc_sum,Acc_cnt,w",mid,9,EVERY,64,0x5EA,all,,0.5703,0.5397,0.6009,0.4987,0.474,0.5228,False,class=UNREADABLE;class_late=UNREADABLE;tags=
V0029,WF,W-F/out/census_s0.jsonl,24,W-F/out/census_table.csv,164:channel_all,c7d7d2a488a86d6f,RELAY,c1_row,channel_all,"Msum,Mcnt",mid,9,EVERY,64,0x5EA,all,,0.5703,0.5397,0.6009,0.5091,0.4863,0.5365,False,class=UNREADABLE;class_late=UNREADABLE;tags=
V0030,WF,W-F/out/census_s0.jsonl,24,W-F/out/census_table.csv,164:late_site,c7d7d2a488a86d6f,RELAY,c1_row,site_all,"S,E,r,Kp,Acc_sum,Acc_cnt,w",late,15,EVERY,64,0x5EA,all,,0.5703,0.5397,0.6009,0.4616,0.4349,0.4889,False,class=UNREADABLE;class_late=UNREADABLE;tags=
V0031,WF,W-F/out/census_s0.jsonl,24,W-F/out/census_table.csv,164:late_chan,c7d7d2a488a86d6f,RELAY,c1_row,channel_all,"Msum,Mcnt",late,15,EVERY,64,0x5EA,all,,0.5703,0.5397,0.6009,0.5156,0.4889,0.5378,False,class=UNREADABLE;class_late=UNREADABLE;tags=
V0032,WF,W-F/out/census_s0.jsonl,24,W-F/out/census_table.csv,164:joint,c7d7d2a488a86d6f,RELAY,c1_row,joint,"S,E,r,Kp,Acc_sum,Acc_cnt,w,Msum,Mcnt",mid,9,EVERY,64,0x5EA,all,,0.5703,0.5397,0.6009,0.4043,0.3633,0.446,False,class=UNREADABLE;class_late=UNREADABLE;tags=
V0033,WF,W-F/out/census_s0.jsonl,25,W-F/out/census_table.csv,151:channel_all,13b6ae2c0e08b007,RELAY,c1_row,channel_all,"Msum,Mcnt",mid,9,EVERY,64,0x5EA,all,,0.5638,0.5469,0.5846,0.4883,0.4792,0.4961,False,class=UNREADABLE;class_late=UNREADABLE;tags=
V0034,WF,W-F/out/census_s0.jsonl,25,W-F/out/census_table.csv,151:channel_content,13b6ae2c0e08b007,RELAY,c1_row,channel_content,Msum,mid,9,EVERY,64,0x5EA,all,,0.5638,0.5469,0.5846,0.4883,0.4792,0.4961,False,class=UNREADABLE;class_late=UNREADABLE;tags=
V0035,WF,W-F/out/census_s0.jsonl,25,W-F/out/census_table.csv,151:pay1,13b6ae2c0e08b007,RELAY,c1_row,pay1,Msum[1],mid,9,EVERY,64,0x5EA,all,,0.5638,0.5469,0.5846,0.4883,0.4792,0.4961,False,class=UNREADABLE;class_late=UNREADABLE;tags=
V0036,WF,W-F/out/census_s0.jsonl,25,W-F/out/census_table.csv,151:late_site,13b6ae2c0e08b007,RELAY,c1_row,site_all,"S,E,r,Kp,Acc_sum,Acc_cnt,w",late,15,EVERY,64,0x5EA,all,,0.5638,0.5469,0.5846,0.4987,0.4909,0.5052,False,class=UNREADABLE;class_late=UNREADABLE;tags=
V0037,WF,W-F/out/census_s0.jsonl,25,W-F/out/census_table.csv,151:late_chan,13b6ae2c0e08b007,RELAY,c1_row,channel_all,"Msum,Mcnt",late,15,EVERY,64,0x5EA,all,,0.5638,0.5469,0.5846,0.5013,0.4948,0.5091,False,class=UNREADABLE;class_late=UNREADABLE;tags=
V0038,WF,W-F/out/census_s0.jsonl,25,W-F/out/census_table.csv,151:joint,13b6ae2c0e08b007,RELAY,c1_row,joint,"S,E,r,Kp,Acc_sum,Acc_cnt,w,Msum,Mcnt",mid,9,EVERY,64,0x5EA,all,,0.5638,0.5469,0.5846,0.3997,0.3711,0.4284,False,class=UNREADABLE;class_late=UNREADABLE;tags=
V0039,WF,W-F/out/census_s0.jsonl,26,W-F/out/census_table.csv,158:channel_all,882525a9d4a3d073,RELAY,c1_row,channel_all,"Msum,Mcnt",mid,9,EVERY,64,0x5EA,all,,0.5645,0.5475,0.5846,0.4948,0.4883,0.5,False,class=UNREADABLE;class_late=UNREADABLE;tags=
V0040,WF,W-F/out/census_s0.jsonl,26,W-F/out/census_table.csv,158:channel_count,882525a9d4a3d073,RELAY,c1_row,channel_count,Mcnt,mid,9,EVERY,64,0x5EA,all,,0.5645,0.5475,0.5846,0.4948,0.4883,0.5,False,class=UNREADABLE;class_late=UNREADABLE;tags=
V0041,WF,W-F/out/census_s0.jsonl,26,W-F/out/census_table.csv,158:late_site,882525a9d4a3d073,RELAY,c1_row,site_all,"S,E,r,Kp,Acc_sum,Acc_cnt,w",late,15,EVERY,64,0x5EA,all,,0.5645,0.5475,0.5846,0.4967,0.4889,0.5046,False,class=UNREADABLE;class_late=UNREADABLE;tags=
V0042,WF,W-F/out/census_s0.jsonl,26,W-F/out/census_table.csv,158:late_chan,882525a9d4a3d073,RELAY,c1_row,channel_all,"Msum,Mcnt",late,15,EVERY,64,0x5EA,all,,0.5645,0.5475,0.5846,0.5033,0.4954,0.5111,False,class=UNREADABLE;class_late=UNREADABLE;tags=
V0043,WF,W-F/out/census_s0.jsonl,26,W-F/out/census_table.csv,158:joint,882525a9d4a3d073,RELAY,c1_row,joint,"S,E,r,Kp,Acc_sum,Acc_cnt,w,Msum,Mcnt",mid,9,EVERY,64,0x5EA,all,,0.5645,0.5475,0.5846,0.3952,0.3652,0.4232,False,class=UNREADABLE;class_late=UNREADABLE;tags=
V0044,WF,W-F/out/census_s0.jsonl,27,W-F/out/census_table.csv,136:site_all,dcc7afb706a846d6,RELAY,c1_row,site_all,"S,E,r,Kp,Acc_sum,Acc_cnt,w",mid,9,EVERY,64,0x5EA,all,,0.6589,0.6445,0.6732,0.5586,0.5371,0.5827,True,class=JOINT;class_late=ELSEWHERE;tags=JOINT-SPLIT;HANDOFF
V0045,WF,W-F/out/census_s0.jsonl,27,W-F/out/census_table.csv,136:channel_all,dcc7afb706a846d6,RELAY,c1_row,channel_all,"Msum,Mcnt",mid,9,EVERY,64,0x5EA,all,,0.6589,0.6445,0.6732,0.4512,0.4316,0.4694,True,class=JOINT;class_late=ELSEWHERE;tags=JOINT-SPLIT;HANDOFF
V0046,WF,W-F/out/census_s0.jsonl,27,W-F/out/census_table.csv,136:channel_content,dcc7afb706a846d6,RELAY,c1_row,channel_content,Msum,mid,9,EVERY,64,0x5EA,all,,0.6589,0.6445,0.6732,0.444,0.4258,0.4603,True,class=JOINT;class_late=ELSEWHERE;tags=JOINT-SPLIT;HANDOFF
V0047,WF,W-F/out/census_s0.jsonl,27,W-F/out/census_table.csv,136:pay0,dcc7afb706a846d6,RELAY,c1_row,pay0,Msum[0],mid,9,EVERY,64,0x5EA,all,,0.6589,0.6445,0.6732,0.444,0.4258,0.4603,True,class=JOINT;class_late=ELSEWHERE;tags=JOINT-SPLIT;HANDOFF
V0048,WF,W-F/out/census_s0.jsonl,27,W-F/out/census_table.csv,136:late_site,dcc7afb706a846d6,RELAY,c1_row,site_all,"S,E,r,Kp,Acc_sum,Acc_cnt,w",late,15,EVERY,64,0x5EA,all,,0.6589,0.6445,0.6732,0.4701,0.4466,0.4915,True,class=JOINT;class_late=ELSEWHERE;tags=JOINT-SPLIT;HANDOFF
V0049,WF,W-F/out/census_s0.jsonl,27,W-F/out/census_table.csv,136:late_chan,dcc7afb706a846d6,RELAY,c1_row,channel_all,"Msum,Mcnt",late,15,EVERY,64,0x5EA,all,,0.6589,0.6445,0.6732,0.5339,0.5098,0.5547,True,class=JOINT;class_late=ELSEWHERE;tags=JOINT-SPLIT;HANDOFF
V0050,WF,W-F/out/census_s0.jsonl,27,W-F/out/census_table.csv,136:pre_site,dcc7afb706a846d6,RELAY,c1_row,site_all,"S,E,r,Kp,Acc_sum,Acc_cnt,w",pre,-1,EVERY,64,0x5EA,all,,0.6589,0.6445,0.6732,0.5918,0.5716,0.6146,True,class=JOINT;class_late=ELSEWHERE;tags=JOINT-SPLIT;HANDOFF
V0051,WF,W-F/out/census_s0.jsonl,27,W-F/out/census_table.csv,136:pre_chan,dcc7afb706a846d6,RELAY,c1_row,channel_all,"Msum,Mcnt",pre,-1,EVERY,64,0x5EA,all,,0.6589,0.6445,0.6732,0.6022,0.5801,0.623,True,class=JOINT;class_late=ELSEWHERE;tags=JOINT-SPLIT;HANDOFF
V0052,WF,W-F/out/census_s0.jsonl,28,W-F/out/census_table.csv,154:channel_all,62062b100b757168,RELAY,c1_row,channel_all,"Msum,Mcnt",mid,3,EVERY,64,0x5EA,all,,0.5723,0.5573,0.5866,0.4277,0.4134,0.4427,False,class=UNREADABLE;class_late=UNREADABLE;tags=
V0053,WF,W-F/out/census_s0.jsonl,28,W-F/out/census_table.csv,154:channel_count,62062b100b757168,RELAY,c1_row,channel_count,Mcnt,mid,3,EVERY,64,0x5EA,all,,0.5723,0.5573,0.5866,0.4277,0.4134,0.4427,False,class=UNREADABLE;class_late=UNREADABLE;tags=
V0054,WF,W-F/out/census_s0.jsonl,28,W-F/out/census_table.csv,154:late_chan,62062b100b757168,RELAY,c1_row,channel_all,"Msum,Mcnt",late,3,EVERY,64,0x5EA,all,,0.5723,0.5573,0.5866,0.4277,0.4134,0.4427,False,class=UNREADABLE;class_late=UNREADABLE;tags=
V0055,WF,W-F/out/census_s0.jsonl,28,W-F/out/census_table.csv,154:joint,62062b100b757168,RELAY,c1_row,joint,"S,E,r,Kp,Acc_sum,Acc_cnt,w,Msum,Mcnt",mid,3,EVERY,64,0x5EA,all,,0.5723,0.5573,0.5866,0.4277,0.4134,0.4408,False,class=UNREADABLE;class_late=UNREADABLE;tags=
V0056,WF,W-F/out/census_s0.jsonl,29,W-F/out/census_table.csv,139:channel_all,62a7fff921ca3bd8,RELAY,c1_row,channel_all,"Msum,Mcnt",mid,5,EVERY,64,0x5EA,all,,0.8372,0.7865,0.8815,0.6354,0.6081,0.6641,True,class=SITE;class_late=SITE;tags=
V0057,WF,W-F/out/census_s0.jsonl,29,W-F/out/census_table.csv,139:channel_content,62a7fff921ca3bd8,RELAY,c1_row,channel_content,Msum,mid,5,EVERY,64,0x5EA,all,,0.8372,0.7865,0.8815,0.6354,0.6081,0.6641,True,class=SITE;class_late=SITE;tags=
V0058,WF,W-F/out/census_s0.jsonl,29,W-F/out/census_table.csv,139:pay1,62a7fff921ca3bd8,RELAY,c1_row,pay1,Msum[1],mid,5,EVERY,64,0x5EA,all,,0.8372,0.7865,0.8815,0.6354,0.6081,0.6641,True,class=SITE;class_late=SITE;tags=
V0059,WF,W-F/out/census_s0.jsonl,30,W-F/out/census_table.csv,121:late_site,bf82cb29e967a489,RELAY,c1_row,site_all,"S,E,r,Kp,Acc_sum,Acc_cnt,w",late,7,EVERY,64,0x5EA,all,,0.6673,0.6484,0.6862,0.3867,0.3652,0.4062,True,class=CHANNEL;class_late=ELSEWHERE;tags=HANDOFF;pay=pay1
V0060,WF,W-F/out/census_s0.jsonl,30,W-F/out/census_table.csv,121:late_chan,bf82cb29e967a489,RELAY,c1_row,channel_all,"Msum,Mcnt",late,7,EVERY,64,0x5EA,all,,0.6673,0.6484,0.6862,0.6133,0.5938,0.6348,True,class=CHANNEL;class_late=ELSEWHERE;tags=HANDOFF;pay=pay1
V0061,WF,W-F/out/census_s0.jsonl,31,W-F/out/census_table.csv,144:channel_all,bbef66a1ee9558ac,RELAY,c1_row,channel_all,"Msum,Mcnt",mid,9,EVERY,64,0x5EA,all,,0.8919,0.8724,0.9115,0.7057,0.6602,0.7487,True,class=SITE;class_late=SITE;tags=
V0062,WF,W-F/out/census_s0.jsonl,31,W-F/out/census_table.csv,144:channel_content,bbef66a1ee9558ac,RELAY,c1_row,channel_content,Msum,mid,9,EVERY,64,0x5EA,all,,0.8919,0.8724,0.9115,0.7057,0.6602,0.7487,True,class=SITE;class_late=SITE;tags=
V0063,WF,W-F/out/census_s0.jsonl,31,W-F/out/census_table.csv,144:pay0,bbef66a1ee9558ac,RELAY,c1_row,pay0,Msum[0],mid,9,EVERY,64,0x5EA,all,,0.8919,0.8724,0.9115,0.7057,0.6602,0.7487,True,class=SITE;class_late=SITE;tags=
V0064,WF,W-F/out/census_s0.jsonl,31,W-F/out/census_table.csv,144:late_chan,bbef66a1ee9558ac,RELAY,c1_row,channel_all,"Msum,Mcnt",late,15,EVERY,64,0x5EA,all,,0.8919,0.8724,0.9115,0.6927,0.6589,0.724,True,class=SITE;class_late=SITE;tags=
V0065,WF,W-F/out/census_s0.jsonl,32,W-F/out/census_table.csv,148:channel_all,046d7c303740e9da,RELAY,c1_row,channel_all,"Msum,Mcnt",mid,9,EVERY,64,0x5EA,all,,0.5651,0.5482,0.5846,0.4974,0.4922,0.5,False,class=UNREADABLE;class_late=UNREADABLE;tags=
V0066,WF,W-F/out/census_s0.jsonl,32,W-F/out/census_table.csv,148:channel_count,046d7c303740e9da,RELAY,c1_row,channel_count,Mcnt,mid,9,EVERY,64,0x5EA,all,,0.5651,0.5482,0.5846,0.4974,0.4922,0.5,False,class=UNREADABLE;class_late=UNREADABLE;tags=
V0067,WF,W-F/out/census_s0.jsonl,32,W-F/out/census_table.csv,148:late_site,046d7c303740e9da,RELAY,c1_row,site_all,"S,E,r,Kp,Acc_sum,Acc_cnt,w",late,15,EVERY,64,0x5EA,all,,0.5651,0.5482,0.5846,0.502,0.498,0.5078,False,class=UNREADABLE;class_late=UNREADABLE;tags=
V0068,WF,W-F/out/census_s0.jsonl,32,W-F/out/census_table.csv,148:late_chan,046d7c303740e9da,RELAY,c1_row,channel_all,"Msum,Mcnt",late,15,EVERY,64,0x5EA,all,,0.5651,0.5482,0.5846,0.498,0.4922,0.502,False,class=UNREADABLE;class_late=UNREADABLE;tags=
V0069,WF,W-F/out/census_s0.jsonl,32,W-F/out/census_table.csv,148:joint,046d7c303740e9da,RELAY,c1_row,joint,"S,E,r,Kp,Acc_sum,Acc_cnt,w,Msum,Mcnt",mid,9,EVERY,64,0x5EA,all,,0.5651,0.5482,0.5846,0.3958,0.3646,0.4245,False,class=UNREADABLE;class_late=UNREADABLE;tags=
V0070,WF,W-F/out/census_s0.jsonl,33,W-F/out/census_table.csv,114:channel_all,8ccf6c723ec57b3d,MAJ,c1_row,channel_all,"Msum,Mcnt",mid,3,EVERY,64,0x5EA,all,,0.5814,0.5605,0.6009,0.4186,0.3991,0.4395,False,class=UNREADABLE;class_late=UNREADABLE;tags=
V0071,WF,W-F/out/census_s0.jsonl,33,W-F/out/census_table.csv,114:channel_content,8ccf6c723ec57b3d,MAJ,c1_row,channel_content,Msum,mid,3,EVERY,64,0x5EA,all,,0.5814,0.5605,0.6009,0.4186,0.3991,0.4395,False,class=UNREADABLE;class_late=UNREADABLE;tags=
V0072,WF,W-F/out/census_s0.jsonl,33,W-F/out/census_table.csv,114:pay0,8ccf6c723ec57b3d,MAJ,c1_row,pay0,Msum[0],mid,3,EVERY,64,0x5EA,all,,0.5814,0.5605,0.6009,0.4186,0.3991,0.4395,False,class=UNREADABLE;class_late=UNREADABLE;tags=
V0073,WF,W-F/out/census_s0.jsonl,33,W-F/out/census_table.csv,114:late_chan,8ccf6c723ec57b3d,MAJ,c1_row,channel_all,"Msum,Mcnt",late,3,EVERY,64,0x5EA,all,,0.5814,0.5605,0.6009,0.4186,0.3991,0.4395,False,class=UNREADABLE;class_late=UNREADABLE;tags=
V0074,WF,W-F/out/census_s0.jsonl,33,W-F/out/census_table.csv,114:joint,8ccf6c723ec57b3d,MAJ,c1_row,joint,"S,E,r,Kp,Acc_sum,Acc_cnt,w,Msum,Mcnt",mid,3,EVERY,64,0x5EA,all,,0.5814,0.5605,0.6009,0.4186,0.3991,0.4395,False,class=UNREADABLE;class_late=UNREADABLE;tags=
V0075,WF,W-F/out/census_s0.jsonl,34,W-F/out/census_table.csv,113:channel_all,88f94654d171e95e,MAJ,c1_row,channel_all,"Msum,Mcnt",mid,3,EVERY,64,0x5EA,all,,0.6107,0.5651,0.6562,0.3802,0.332,0.4284,False,class=UNREADABLE;class_late=UNREADABLE;tags=
V0076,WF,W-F/out/census_s0.jsonl,34,W-F/out/census_table.csv,113:channel_content,88f94654d171e95e,MAJ,c1_row,channel_content,Msum,mid,3,EVERY,64,0x5EA,all,,0.6107,0.5651,0.6562,0.3802,0.332,0.4284,False,class=UNREADABLE;class_late=UNREADABLE;tags=
V0077,WF,W-F/out/census_s0.jsonl,34,W-F/out/census_table.csv,113:pay1,88f94654d171e95e,MAJ,c1_row,pay1,Msum[1],mid,3,EVERY,64,0x5EA,all,,0.6107,0.5651,0.6562,0.388,0.3424,0.4336,False,class=UNREADABLE;class_late=UNREADABLE;tags=
V0078,WF,W-F/out/census_s0.jsonl,34,W-F/out/census_table.csv,113:late_chan,88f94654d171e95e,MAJ,c1_row,channel_all,"Msum,Mcnt",late,3,EVERY,64,0x5EA,all,,0.6107,0.5651,0.6562,0.3802,0.332,0.4284,False,class=UNREADABLE;class_late=UNREADABLE;tags=
V0079,WF,W-F/out/census_s0.jsonl,34,W-F/out/census_table.csv,113:joint,88f94654d171e95e,MAJ,c1_row,joint,"S,E,r,Kp,Acc_sum,Acc_cnt,w,Msum,Mcnt",mid,3,EVERY,64,0x5EA,all,,0.6107,0.5651,0.6562,0.3776,0.3294,0.4258,False,class=UNREADABLE;class_late=UNREADABLE;tags=
V0080,WF,W-F/out/census_s0.jsonl,37,W-F/out/census_table.csv,109:channel_all,3c3d996aa4ea15c7,MAJ,c1_row,channel_all,"Msum,Mcnt",mid,5,EVERY,64,0x5EA,all,,0.5762,0.5605,0.5918,0.4238,0.4069,0.4395,False,class=UNREADABLE;class_late=UNREADABLE;tags=
V0081,WF,W-F/out/census_s0.jsonl,37,W-F/out/census_table.csv,109:channel_count,3c3d996aa4ea15c7,MAJ,c1_row,channel_count,Mcnt,mid,5,EVERY,64,0x5EA,all,,0.5762,0.5605,0.5918,0.4622,0.4492,0.4759,False,class=UNREADABLE;class_late=UNREADABLE;tags=
V0082,WF,W-F/out/census_s0.jsonl,37,W-F/out/census_table.csv,109:late_site,3c3d996aa4ea15c7,MAJ,c1_row,site_all,"S,E,r,Kp,Acc_sum,Acc_cnt,w",late,7,EVERY,64,0x5EA,all,,0.5762,0.5605,0.5918,0.4232,0.4036,0.4401,False,class=UNREADABLE;class_late=UNREADABLE;tags=
V0083,WF,W-F/out/census_s0.jsonl,37,W-F/out/census_table.csv,109:joint,3c3d996aa4ea15c7,MAJ,c1_row,joint,"S,E,r,Kp,Acc_sum,Acc_cnt,w,Msum,Mcnt",mid,5,EVERY,64,0x5EA,all,,0.5762,0.5605,0.5918,0.4238,0.4049,0.4401,False,class=UNREADABLE;class_late=UNREADABLE;tags=
V0084,WF,W-F/out/census_s0.jsonl,38,W-F/out/census_table.csv,116:channel_all,e341694d05b42dbb,MAJ,c1_row,channel_all,"Msum,Mcnt",mid,5,EVERY,64,0x5EA,all,,0.5703,0.5508,0.5879,0.429,0.4115,0.4486,False,class=UNREADABLE;class_late=UNREADABLE;tags=
V0085,WF,W-F/out/census_s0.jsonl,38,W-F/out/census_table.csv,116:channel_count,e341694d05b42dbb,MAJ,c1_row,channel_count,Mcnt,mid,5,EVERY,64,0x5EA,all,,0.5703,0.5508,0.5879,0.429,0.4115,0.4486,False,class=UNREADABLE;class_late=UNREADABLE;tags=
V0086,WF,W-F/out/census_s0.jsonl,38,W-F/out/census_table.csv,116:late_site,e341694d05b42dbb,MAJ,c1_row,site_all,"S,E,r,Kp,Acc_sum,Acc_cnt,w",late,7,EVERY,64,0x5EA,all,,0.5703,0.5508,0.5879,0.4277,0.4102,0.4473,False,class=UNREADABLE;class_late=UNREADABLE;tags=
V0087,WF,W-F/out/census_s0.jsonl,38,W-F/out/census_table.csv,116:joint,e341694d05b42dbb,MAJ,c1_row,joint,"S,E,r,Kp,Acc_sum,Acc_cnt,w,Msum,Mcnt",mid,5,EVERY,64,0x5EA,all,,0.5703,0.5508,0.5879,0.4284,0.4102,0.4479,False,class=UNREADABLE;class_late=UNREADABLE;tags=
V0088,WF,W-F/out/census_s0.jsonl,55,W-F/out/census_table.csv,5:site_all,83d9d7b50cb7e409,HOLD,c1_row,site_all,"S,E,r,Kp,Acc_sum,Acc_cnt,w",mid,6,EVERY,64,0x5EA,all,,0.6484,0.6029,0.6953,0.3685,0.3138,0.4193,True,class=ELSEWHERE;class_late=ELSEWHERE;tags=
V0089,WF,W-F/out/census_s0.jsonl,55,W-F/out/census_table.csv,5:late_site,83d9d7b50cb7e409,HOLD,c1_row,site_all,"S,E,r,Kp,Acc_sum,Acc_cnt,w",late,9,EVERY,64,0x5EA,all,,0.6484,0.6029,0.6953,0.362,0.3047,0.418,True,class=ELSEWHERE;class_late=ELSEWHERE;tags=
V0090,WF,W-F/out/census_s0.jsonl,55,W-F/out/census_table.csv,5:joint,83d9d7b50cb7e409,HOLD,c1_row,joint,"S,E,r,Kp,Acc_sum,Acc_cnt,w,Msum,Mcnt",mid,6,EVERY,64,0x5EA,all,,0.6484,0.6029,0.6953,0.3711,0.3177,0.4219,True,class=ELSEWHERE;class_late=ELSEWHERE;tags=
V0091,WF,W-F/out/census_s0.jsonl,60,W-F/out/census_table.csv,126:site_all,1d88af703d4dab91,RELAY,c1_row,site_all,"S,E,r,Kp,Acc_sum,Acc_cnt,w",mid,3,EVERY,64,0x5EA,all,,0.694,0.6667,0.7214,0.5417,0.5026,0.5794,True,class=JOINT;class_late=ELSEWHERE;tags=JOINT-SPLIT;HANDOFF
V0092,WF,W-F/out/census_s0.jsonl,60,W-F/out/census_table.csv,126:channel_all,1d88af703d4dab91,RELAY,c1_row,channel_all,"Msum,Mcnt",mid,3,EVERY,64,0x5EA,all,,0.694,0.6667,0.7214,0.4531,0.4154,0.4922,True,class=JOINT;class_late=ELSEWHERE;tags=JOINT-SPLIT;HANDOFF
V0093,WF,W-F/out/census_s0.jsonl,60,W-F/out/census_table.csv,126:channel_count,1d88af703d4dab91,RELAY,c1_row,channel_count,Mcnt,mid,3,EVERY,64,0x5EA,all,,0.694,0.6667,0.7214,0.4531,0.4154,0.4922,True,class=JOINT;class_late=ELSEWHERE;tags=JOINT-SPLIT;HANDOFF
V0094,WF,W-F/out/census_s0.jsonl,60,W-F/out/census_table.csv,126:late_site,1d88af703d4dab91,RELAY,c1_row,site_all,"S,E,r,Kp,Acc_sum,Acc_cnt,w",late,3,EVERY,64,0x5EA,all,,0.694,0.6667,0.7214,0.5417,0.5026,0.5794,True,class=JOINT;class_late=ELSEWHERE;tags=JOINT-SPLIT;HANDOFF
V0095,WF,W-F/out/census_s0.jsonl,60,W-F/out/census_table.csv,126:late_chan,1d88af703d4dab91,RELAY,c1_row,channel_all,"Msum,Mcnt",late,3,EVERY,64,0x5EA,all,,0.694,0.6667,0.7214,0.4531,0.4154,0.4922,True,class=JOINT;class_late=ELSEWHERE;tags=JOINT-SPLIT;HANDOFF
V0096,WF,W-F/out/census_s0.jsonl,61,W-F/out/census_table.csv,163:channel_all,a8544b2d21f40659,RELAY,c1_row,channel_all,"Msum,Mcnt",mid,3,EVERY,64,0x5EA,all,,0.5768,0.5651,0.5885,0.4538,0.4382,0.4701,False,class=UNREADABLE;class_late=UNREADABLE;tags=
V0097,WF,W-F/out/census_s0.jsonl,61,W-F/out/census_table.csv,163:channel_count,a8544b2d21f40659,RELAY,c1_row,channel_count,Mcnt,mid,3,EVERY,64,0x5EA,all,,0.5768,0.5651,0.5885,0.4538,0.4382,0.4701,False,class=UNREADABLE;class_late=UNREADABLE;tags=
V0098,WF,W-F/out/census_s0.jsonl,61,W-F/out/census_table.csv,163:late_chan,a8544b2d21f40659,RELAY,c1_row,channel_all,"Msum,Mcnt",late,3,EVERY,64,0x5EA,all,,0.5768,0.5651,0.5885,0.4538,0.4382,0.4701,False,class=UNREADABLE;class_late=UNREADABLE;tags=
V0099,WF,W-F/out/census_s0.jsonl,61,W-F/out/census_table.csv,163:joint,a8544b2d21f40659,RELAY,c1_row,joint,"S,E,r,Kp,Acc_sum,Acc_cnt,w,Msum,Mcnt",mid,3,EVERY,64,0x5EA,all,,0.5768,0.5651,0.5885,0.4232,0.4115,0.4349,False,class=UNREADABLE;class_late=UNREADABLE;tags=
V0100,WF,W-F/out/census_s0.jsonl,63,W-F/out/census_table.csv,160:channel_all,8a8e65ad57ccf99b,RELAY,c1_row,channel_all,"Msum,Mcnt",mid,3,EVERY,64,0x5EA,all,,0.6068,0.5885,0.6263,0.3932,0.3737,0.4115,False,class=UNREADABLE;class_late=UNREADABLE;tags=
V0101,WF,W-F/out/census_s0.jsonl,63,W-F/out/census_table.csv,160:channel_content,8a8e65ad57ccf99b,RELAY,c1_row,channel_content,Msum,mid,3,EVERY,64,0x5EA,all,,0.6068,0.5885,0.6263,0.3932,0.3737,0.4115,False,class=UNREADABLE;class_late=UNREADABLE;tags=
V0102,WF,W-F/out/census_s0.jsonl,63,W-F/out/census_table.csv,160:pay1,8a8e65ad57ccf99b,RELAY,c1_row,pay1,Msum[1],mid,3,EVERY,64,0x5EA,all,,0.6068,0.5885,0.6263,0.3932,0.3737,0.4115,False,class=UNREADABLE;class_late=UNREADABLE;tags=
V0103,WF,W-F/out/census_s0.jsonl,63,W-F/out/census_table.csv,160:late_chan,8a8e65ad57ccf99b,RELAY,c1_row,channel_all,"Msum,Mcnt",late,3,EVERY,64,0x5EA,all,,0.6068,0.5885,0.6263,0.3932,0.3737,0.4115,False,class=UNREADABLE;class_late=UNREADABLE;tags=
V0104,WF,W-F/out/census_s0.jsonl,63,W-F/out/census_table.csv,160:joint,8a8e65ad57ccf99b,RELAY,c1_row,joint,"S,E,r,Kp,Acc_sum,Acc_cnt,w,Msum,Mcnt",mid,3,EVERY,64,0x5EA,all,,0.6068,0.5885,0.6263,0.3932,0.3737,0.4115,False,class=UNREADABLE;class_late=UNREADABLE;tags=
V0105,WF,W-F/out/census_s0.jsonl,73,W-F/out/census_table.csv,105:site_all,4781b0a172b6dc3c,MAJ,c1_row,site_all,"S,E,r,Kp,Acc_sum,Acc_cnt,w",mid,9,EVERY,64,0x5EA,all,,0.7487,0.6992,0.7969,0.5378,0.4974,0.5781,True,class=JOINT;class_late=ELSEWHERE;tags=JOINT-SPLIT;HANDOFF
V0106,WF,W-F/out/census_s0.jsonl,73,W-F/out/census_table.csv,105:channel_all,4781b0a172b6dc3c,MAJ,c1_row,channel_all,"Msum,Mcnt",mid,9,EVERY,64,0x5EA,all,,0.7487,0.6992,0.7969,0.4531,0.4089,0.4961,True,class=JOINT;class_late=ELSEWHERE;tags=JOINT-SPLIT;HANDOFF
V0107,WF,W-F/out/census_s0.jsonl,73,W-F/out/census_table.csv,105:channel_content,4781b0a172b6dc3c,MAJ,c1_row,channel_content,Msum,mid,9,EVERY,64,0x5EA,all,,0.7487,0.6992,0.7969,0.4531,0.4089,0.4961,True,class=JOINT;class_late=ELSEWHERE;tags=JOINT-SPLIT;HANDOFF
V0108,WF,W-F/out/census_s0.jsonl,73,W-F/out/census_table.csv,105:pay1,4781b0a172b6dc3c,MAJ,c1_row,pay1,Msum[1],mid,9,EVERY,64,0x5EA,all,,0.7487,0.6992,0.7969,0.4531,0.4089,0.4961,True,class=JOINT;class_late=ELSEWHERE;tags=JOINT-SPLIT;HANDOFF
V0109,WF,W-F/out/census_s0.jsonl,73,W-F/out/census_table.csv,105:late_site,4781b0a172b6dc3c,MAJ,c1_row,site_all,"S,E,r,Kp,Acc_sum,Acc_cnt,w",late,15,EVERY,64,0x5EA,all,,0.7487,0.6992,0.7969,0.3945,0.3529,0.4349,True,class=JOINT;class_late=ELSEWHERE;tags=JOINT-SPLIT;HANDOFF
V0110,WF,W-F/out/census_s0.jsonl,73,W-F/out/census_table.csv,105:late_chan,4781b0a172b6dc3c,MAJ,c1_row,channel_all,"Msum,Mcnt",late,15,EVERY,64,0x5EA,all,,0.7487,0.6992,0.7969,0.6068,0.5703,0.6419,True,class=JOINT;class_late=ELSEWHERE;tags=JOINT-SPLIT;HANDOFF
V0111,WF,W-F/out/census_s0.jsonl,77,W-F/out/census_table.csv,137:site_all,e06701a5e70bb7c2,RELAY,c1_row,site_all,"S,E,r,Kp,Acc_sum,Acc_cnt,w",mid,5,EVERY,64,0x5EA,all,,0.6621,0.6348,0.6895,0.4355,0.4141,0.4577,True,class=JOINT;class_late=SITE;tags=JOINT-SPLIT;HANDOFF
V0112,WF,W-F/out/census_s0.jsonl,77,W-F/out/census_table.csv,137:channel_all,e06701a5e70bb7c2,RELAY,c1_row,channel_all,"Msum,Mcnt",mid,5,EVERY,64,0x5EA,all,,0.6621,0.6348,0.6895,0.5671,0.5462,0.5859,True,class=JOINT;class_late=SITE;tags=JOINT-SPLIT;HANDOFF
V0113,WF,W-F/out/census_s0.jsonl,77,W-F/out/census_table.csv,137:channel_count,e06701a5e70bb7c2,RELAY,c1_row,channel_count,Mcnt,mid,5,EVERY,64,0x5EA,all,,0.6621,0.6348,0.6895,0.5671,0.5462,0.5859,True,class=JOINT;class_late=SITE;tags=JOINT-SPLIT;HANDOFF
V0114,WF,W-F/out/census_s0.jsonl,78,W-F/out/census_table.csv,141:channel_all,72dd71d8028cf759,RELAY,c1_row,channel_all,"Msum,Mcnt",mid,5,EVERY,64,0x5EA,all,,0.8509,0.8229,0.8776,0.6602,0.6107,0.7044,True,class=SITE;class_late=SITE;tags=
V0115,WF,W-F/out/census_s0.jsonl,78,W-F/out/census_table.csv,141:channel_content,72dd71d8028cf759,RELAY,c1_row,channel_content,Msum,mid,5,EVERY,64,0x5EA,all,,0.8509,0.8229,0.8776,0.6576,0.6081,0.7005,True,class=SITE;class_late=SITE;tags=
V0116,WF,W-F/out/census_s0.jsonl,78,W-F/out/census_table.csv,141:pay0,72dd71d8028cf759,RELAY,c1_row,pay0,Msum[0],mid,5,EVERY,64,0x5EA,all,,0.8509,0.8229,0.8776,0.6595,0.6113,0.7025,True,class=SITE;class_late=SITE;tags=
V0117,WF,W-F/out/census_s0.jsonl,79,W-F/out/census_table.csv,147:channel_all,e9196cae3d7537f1,RELAY,c1_row,channel_all,"Msum,Mcnt",mid,5,EVERY,64,0x5EA,all,,0.8086,0.7812,0.8385,0.6471,0.6042,0.6914,True,class=SITE;class_late=SITE;tags=
V0118,WF,W-F/out/census_s0.jsonl,79,W-F/out/census_table.csv,147:channel_content,e9196cae3d7537f1,RELAY,c1_row,channel_content,Msum,mid,5,EVERY,64,0x5EA,all,,0.8086,0.7812,0.8385,0.6471,0.6042,0.6914,True,class=SITE;class_late=SITE;tags=
V0119,WF,W-F/out/census_s0.jsonl,79,W-F/out/census_table.csv,147:pay0,e9196cae3d7537f1,RELAY,c1_row,pay0,Msum[0],mid,5,EVERY,64,0x5EA,all,,0.8086,0.7812,0.8385,0.6471,0.6042,0.6914,True,class=SITE;class_late=SITE;tags=
V0120,WF,W-F/out/census_s0.jsonl,80,W-F/out/census_table.csv,106:channel_all,8743da7f1f62947d,MAJ,c1_row,channel_all,"Msum,Mcnt",mid,9,EVERY,64,0x5EA,all,,0.6257,0.6035,0.6491,0.3945,0.375,0.4147,True,class=JOINT;class_late=ELSEWHERE;tags=JOINT-ASYM;HANDOFF
V0121,WF,W-F/out/census_s0.jsonl,80,W-F/out/census_table.csv,106:channel_content,8743da7f1f62947d,MAJ,c1_row,channel_content,Msum,mid,9,EVERY,64,0x5EA,all,,0.6257,0.6035,0.6491,0.4186,0.3984,0.4382,True,class=JOINT;class_late=ELSEWHERE;tags=JOINT-ASYM;HANDOFF
V0122,WF,W-F/out/census_s0.jsonl,80,W-F/out/census_table.csv,106:pay0,8743da7f1f62947d,MAJ,c1_row,pay0,Msum[0],mid,9,EVERY,64,0x5EA,all,,0.6257,0.6035,0.6491,0.4186,0.3984,0.4382,True,class=JOINT;class_late=ELSEWHERE;tags=JOINT-ASYM;HANDOFF
V0123,WF,W-F/out/census_s0.jsonl,80,W-F/out/census_table.csv,106:late_site,8743da7f1f62947d,MAJ,c1_row,site_all,"S,E,r,Kp,Acc_sum,Acc_cnt,w",late,15,EVERY,64,0x5EA,all,,0.6257,0.6035,0.6491,0.4329,0.418,0.4479,True,class=JOINT;class_late=ELSEWHERE;tags=JOINT-ASYM;HANDOFF
V0124,WF,W-F/out/census_s1.jsonl,1,W-F/out/census_table.csv,96:site_all,e2fa053169f5f890,HOLD,c1_row,site_all,"S,E,r,Kp,Acc_sum,Acc_cnt,w",mid,10,EVERY,64,0x5EA,all,,0.6276,0.5938,0.6602,0.3659,0.3073,0.4219,False,class=UNREADABLE;class_late=UNREADABLE;tags=
V0125,WF,W-F/out/census_s1.jsonl,1,W-F/out/census_table.csv,96:late_site,e2fa053169f5f890,HOLD,c1_row,site_all,"S,E,r,Kp,Acc_sum,Acc_cnt,w",late,17,EVERY,64,0x5EA,all,,0.6276,0.5938,0.6602,0.3607,0.3086,0.4154,False,class=UNREADABLE;class_late=UNREADABLE;tags=
V0126,WF,W-F/out/census_s1.jsonl,1,W-F/out/census_table.csv,96:joint,e2fa053169f5f890,HOLD,c1_row,joint,"S,E,r,Kp,Acc_sum,Acc_cnt,w,Msum,Mcnt",mid,10,EVERY,64,0x5EA,all,,0.6276,0.5938,0.6602,0.3659,0.3073,0.4219,False,class=UNREADABLE;class_late=UNREADABLE;tags=
V0127,WF,W-F/out/census_s1.jsonl,2,W-F/out/census_table.csv,92:site_all,9dd25cb21750f3c5,HOLD,c1_row,site_all,"S,E,r,Kp,Acc_sum,Acc_cnt,w",mid,10,EVERY,64,0x5EA,all,,0.6224,0.5807,0.6693,0.3763,0.332,0.4258,False,class=UNREADABLE;class_late=UNREADABLE;tags=
V0128,WF,W-F/out/census_s1.jsonl,2,W-F/out/census_table.csv,92:late_site,9dd25cb21750f3c5,HOLD,c1_row,site_all,"S,E,r,Kp,Acc_sum,Acc_cnt,w",late,17,EVERY,64,0x5EA,all,,0.6224,0.5807,0.6693,0.3789,0.3333,0.431,False,class=UNREADABLE;class_late=UNREADABLE;tags=
V0129,WF,W-F/out/census_s1.jsonl,2,W-F/out/census_table.csv,92:joint,9dd25cb21750f3c5,HOLD,c1_row,joint,"S,E,r,Kp,Acc_sum,Acc_cnt,w,Msum,Mcnt",mid,10,EVERY,64,0x5EA,all,,0.6224,0.5807,0.6693,0.3789,0.3333,0.431,False,class=UNREADABLE;class_late=UNREADABLE;tags=
V0130,WF,W-F/out/census_s1.jsonl,3,W-F/out/census_table.csv,87:site_all,0017d8ccce60da90,HOLD,c1_row,site_all,"S,E,r,Kp,Acc_sum,Acc_cnt,w",mid,4,EVERY,64,0x5EA,all,,0.6029,0.5599,0.6445,0.3815,0.3437,0.4193,False,class=UNREADABLE;class_late=UNREADABLE;tags=
V0131,WF,W-F/out/census_s1.jsonl,3,W-F/out/census_table.csv,87:late_site,0017d8ccce60da90,HOLD,c1_row,site_all,"S,E,r,Kp,Acc_sum,Acc_cnt,w",late,5,EVERY,64,0x5EA,all,,0.6029,0.5599,0.6445,0.3906,0.3477,0.4362,False,class=UNREADABLE;class_late=UNREADABLE;tags=
V0132,WF,W-F/out/census_s1.jsonl,3,W-F/out/census_table.csv,87:joint,0017d8ccce60da90,HOLD,c1_row,joint,"S,E,r,Kp,Acc_sum,Acc_cnt,w,Msum,Mcnt",mid,4,EVERY,64,0x5EA,all,,0.6029,0.5599,0.6445,0.3815,0.3437,0.4193,False,class=UNREADABLE;class_late=UNREADABLE;tags=
V0133,WF,W-F/out/census_s1.jsonl,7,W-F/out/census_table.csv,159:site_all,884a64df866756b0,RELAY,c1_row,site_all,"S,E,r,Kp,Acc_sum,Acc_cnt,w",mid,9,EVERY,64,0x5EA,all,,0.5885,0.5697,0.6087,0.4434,0.4206,0.4681,False,class=UNREADABLE;class_late=UNREADABLE;tags=
V0134,WF,W-F/out/census_s1.jsonl,7,W-F/out/census_table.csv,159:late_site,884a64df866756b0,RELAY,c1_row,site_all,"S,E,r,Kp,Acc_sum,Acc_cnt,w",late,15,EVERY,64,0x5EA,all,,0.5885,0.5697,0.6087,0.3965,0.373,0.4199,False,class=UNREADABLE;class_late=UNREADABLE;tags=
V0135,WF,W-F/out/census_s1.jsonl,7,W-F/out/census_table.csv,159:joint,884a64df866756b0,RELAY,c1_row,joint,"S,E,r,Kp,Acc_sum,Acc_cnt,w,Msum,Mcnt",mid,9,EVERY,64,0x5EA,all,,0.5885,0.5697,0.6087,0.3991,0.3743,0.4232,False,class=UNREADABLE;class_late=UNREADABLE;tags=
V0136,WF,W-F/out/census_s1.jsonl,8,W-F/out/census_table.csv,98:site_all,faafa5b049e1d4b4,HOLD,c1_row,site_all,"S,E,r,Kp,Acc_sum,Acc_cnt,w",mid,10,EVERY,64,0x5EA,all,,0.5964,0.5671,0.6263,0.3945,0.362,0.4251,False,class=UNREADABLE;class_late=UNREADABLE;tags=
V0137,WF,W-F/out/census_s1.jsonl,8,W-F/out/census_table.csv,98:late_site,faafa5b049e1d4b4,HOLD,c1_row,site_all,"S,E,r,Kp,Acc_sum,Acc_cnt,w",late,17,EVERY,64,0x5EA,all,,0.5964,0.5671,0.6263,0.4128,0.3763,0.4453,False,class=UNREADABLE;class_late=UNREADABLE;tags=
V0138,WF,W-F/out/census_s1.jsonl,8,W-F/out/census_table.csv,98:joint,faafa5b049e1d4b4,HOLD,c1_row,joint,"S,E,r,Kp,Acc_sum,Acc_cnt,w,Msum,Mcnt",mid,10,EVERY,64,0x5EA,all,,0.5964,0.5671,0.6263,0.3945,0.362,0.4251,False,class=UNREADABLE;class_late=UNREADABLE;tags=
V0139,WF,W-F/out/census_s1.jsonl,9,W-F/out/census_table.csv,111:channel_all,57650798bada0219,MAJ,c1_row,channel_all,"Msum,Mcnt",mid,3,EVERY,64,0x5EA,all,,0.627,0.5885,0.666,0.373,0.334,0.4115,False,class=UNREADABLE;class_late=UNREADABLE;tags=
V0140,WF,W-F/out/census_s1.jsonl,9,W-F/out/census_table.csv,111:channel_content,57650798bada0219,MAJ,c1_row,channel_content,Msum,mid,3,EVERY,64,0x5EA,all,,0.627,0.5885,0.666,0.373,0.334,0.4115,False,class=UNREADABLE;class_late=UNREADABLE;tags=
V0141,WF,W-F/out/census_s1.jsonl,9,W-F/out/census_table.csv,111:pay0,57650798bada0219,MAJ,c1_row,pay0,Msum[0],mid,3,EVERY,64,0x5EA,all,,0.627,0.5885,0.666,0.373,0.334,0.4115,False,class=UNREADABLE;class_late=UNREADABLE;tags=
V0142,WF,W-F/out/census_s1.jsonl,9,W-F/out/census_table.csv,111:late_chan,57650798bada0219,MAJ,c1_row,channel_all,"Msum,Mcnt",late,3,EVERY,64,0x5EA,all,,0.627,0.5885,0.666,0.373,0.334,0.4115,False,class=UNREADABLE;class_late=UNREADABLE;tags=
V0143,WF,W-F/out/census_s1.jsonl,9,W-F/out/census_table.csv,111:joint,57650798bada0219,MAJ,c1_row,joint,"S,E,r,Kp,Acc_sum,Acc_cnt,w,Msum,Mcnt",mid,3,EVERY,64,0x5EA,all,,0.627,0.5885,0.666,0.373,0.334,0.4115,False,class=UNREADABLE;class_late=UNREADABLE;tags=
V0144,WF,W-F/out/census_s1.jsonl,10,W-F/out/census_table.csv,157:site_all,86fc01052c666646,RELAY,c1_row,site_all,"S,E,r,Kp,Acc_sum,Acc_cnt,w",mid,9,EVERY,64,0x5EA,all,,0.5977,0.5762,0.6198,0.5404,0.5215,0.5586,False,class=UNREADABLE;class_late=UNREADABLE;tags=
V0145,WF,W-F/out/census_s1.jsonl,10,W-F/out/census_table.csv,157:channel_all,86fc01052c666646,RELAY,c1_row,channel_all,"Msum,Mcnt",mid,9,EVERY,64,0x5EA,all,,0.5977,0.5762,0.6198,0.4538,0.4316,0.4798,False,class=UNREADABLE;class_late=UNREADABLE;tags=
V0146,WF,W-F/out/census_s1.jsonl,10,W-F/out/census_table.csv,157:channel_content,86fc01052c666646,RELAY,c1_row,channel_content,Msum,mid,9,EVERY,64,0x5EA,all,,0.5977,0.5762,0.6198,0.4427,0.4219,0.4635,False,class=UNREADABLE;class_late=UNREADABLE;tags=
V0147,WF,W-F/out/census_s1.jsonl,10,W-F/out/census_table.csv,157:pay0,86fc01052c666646,RELAY,c1_row,pay0,Msum[0],mid,9,EVERY,64,0x5EA,all,,0.5977,0.5762,0.6198,0.4688,0.4479,0.4922,False,class=UNREADABLE;class_late=UNREADABLE;tags=
V0148,WF,W-F/out/census_s1.jsonl,10,W-F/out/census_table.csv,157:late_site,86fc01052c666646,RELAY,c1_row,site_all,"S,E,r,Kp,Acc_sum,Acc_cnt,w",late,15,EVERY,64,0x5EA,all,,0.5977,0.5762,0.6198,0.4915,0.4694,0.5124,False,class=UNREADABLE;class_late=UNREADABLE;tags=
V0149,WF,W-F/out/census_s1.jsonl,10,W-F/out/census_table.csv,157:late_chan,86fc01052c666646,RELAY,c1_row,channel_all,"Msum,Mcnt",late,15,EVERY,64,0x5EA,all,,0.5977,0.5762,0.6198,0.5234,0.5046,0.541,False,class=UNREADABLE;class_late=UNREADABLE;tags=
V0150,WF,W-F/out/census_s1.jsonl,10,W-F/out/census_table.csv,157:joint,86fc01052c666646,RELAY,c1_row,joint,"S,E,r,Kp,Acc_sum,Acc_cnt,w,Msum,Mcnt",mid,9,EVERY,64,0x5EA,all,,0.5977,0.5762,0.6198,0.3991,0.3809,0.4193,False,class=UNREADABLE;class_late=UNREADABLE;tags=
V0151,WF,W-F/out/census_s1.jsonl,12,W-F/out/census_table.csv,90:site_all,7ca102eb518ac124,HOLD,c1_row,site_all,"S,E,r,Kp,Acc_sum,Acc_cnt,w",mid,10,EVERY,64,0x5EA,all,,0.6315,0.5501,0.7025,0.3594,0.278,0.4434,False,class=UNREADABLE;class_late=UNREADABLE;tags=
V0152,WF,W-F/out/census_s1.jsonl,12,W-F/out/census_table.csv,90:late_site,7ca102eb518ac124,HOLD,c1_row,site_all,"S,E,r,Kp,Acc_sum,Acc_cnt,w",late,17,EVERY,64,0x5EA,all,,0.6315,0.5501,0.7025,0.3698,0.2975,0.4453,False,class=UNREADABLE;class_late=UNREADABLE;tags=
V0153,WF,W-F/out/census_s1.jsonl,12,W-F/out/census_table.csv,90:joint,7ca102eb518ac124,HOLD,c1_row,joint,"S,E,r,Kp,Acc_sum,Acc_cnt,w,Msum,Mcnt",mid,10,EVERY,64,0x5EA,all,,0.6315,0.5501,0.7025,0.3594,0.278,0.4434,False,class=UNREADABLE;class_late=UNREADABLE;tags=
V0154,WF,W-F/out/census_s1.jsonl,14,W-F/out/census_table.csv,117:channel_all,fded16810c3b6236,MAJ,c1_row,channel_all,"Msum,Mcnt",mid,5,EVERY,64,0x5EA,all,,0.5599,0.5404,0.5781,0.4421,0.4219,0.4648,False,class=UNREADABLE;class_late=UNREADABLE;tags=
V0155,WF,W-F/out/census_s1.jsonl,14,W-F/out/census_table.csv,117:channel_count,fded16810c3b6236,MAJ,c1_row,channel_count,Mcnt,mid,5,EVERY,64,0x5EA,all,,0.5599,0.5404,0.5781,0.446,0.4264,0.4674,False,class=UNREADABLE;class_late=UNREADABLE;tags=
V0156,WF,W-F/out/census_s1.jsonl,14,W-F/out/census_table.csv,117:late_site,fded16810c3b6236,MAJ,c1_row,site_all,"S,E,r,Kp,Acc_sum,Acc_cnt,w",late,7,EVERY,64,0x5EA,all,,0.5599,0.5404,0.5781,0.431,0.4121,0.4499,False,class=UNREADABLE;class_late=UNREADABLE;tags=
V0157,WF,W-F/out/census_s1.jsonl,14,W-F/out/census_table.csv,117:joint,fded16810c3b6236,MAJ,c1_row,joint,"S,E,r,Kp,Acc_sum,Acc_cnt,w,Msum,Mcnt",mid,5,EVERY,64,0x5EA,all,,0.5599,0.5404,0.5781,0.4355,0.418,0.4531,False,class=UNREADABLE;class_late=UNREADABLE;tags=
V0158,WF,W-F/out/census_s1.jsonl,15,W-F/out/census_table.csv,161:channel_all,925caa3a48964717,RELAY,c1_row,channel_all,"Msum,Mcnt",mid,9,EVERY,64,0x5EA,all,,0.5651,0.5482,0.5846,0.3932,0.362,0.4206,False,class=UNREADABLE;class_late=UNREADABLE;tags=
V0159,WF,W-F/out/census_s1.jsonl,15,W-F/out/census_table.csv,161:channel_content,925caa3a48964717,RELAY,c1_row,channel_content,Msum,mid,9,EVERY,64,0x5EA,all,,0.5651,0.5482,0.5846,0.3932,0.362,0.4206,False,class=UNREADABLE;class_late=UNREADABLE;tags=
V0160,WF,W-F/out/census_s1.jsonl,15,W-F/out/census_table.csv,161:pay1,925caa3a48964717,RELAY,c1_row,pay1,Msum[1],mid,9,EVERY,64,0x5EA,all,,0.5651,0.5482,0.5846,0.3932,0.362,0.4206,False,class=UNREADABLE;class_late=UNREADABLE;tags=
V0161,WF,W-F/out/census_s1.jsonl,15,W-F/out/census_table.csv,161:late_chan,925caa3a48964717,RELAY,c1_row,channel_all,"Msum,Mcnt",late,15,EVERY,64,0x5EA,all,,0.5651,0.5482,0.5846,0.3932,0.362,0.4206,False,class=UNREADABLE;class_late=UNREADABLE;tags=
V0162,WF,W-F/out/census_s1.jsonl,15,W-F/out/census_table.csv,161:joint,925caa3a48964717,RELAY,c1_row,joint,"S,E,r,Kp,Acc_sum,Acc_cnt,w,Msum,Mcnt",mid,9,EVERY,64,0x5EA,all,,0.5651,0.5482,0.5846,0.3932,0.362,0.4206,False,class=UNREADABLE;class_late=UNREADABLE;tags=
V0163,WF,W-F/out/census_s1.jsonl,18,W-F/out/census_table.csv,94:site_all,b4e404f606bd2bb8,HOLD,c1_row,site_all,"S,E,r,Kp,Acc_sum,Acc_cnt,w",mid,6,EVERY,64,0x5EA,all,,0.6543,0.5859,0.722,0.3516,0.2891,0.4167,False,class=UNREADABLE;class_late=UNREADABLE;tags=
V0164,WF,W-F/out/census_s1.jsonl,18,W-F/out/census_table.csv,94:late_site,b4e404f606bd2bb8,HOLD,c1_row,site_all,"S,E,r,Kp,Acc_sum,Acc_cnt,w",late,9,EVERY,64,0x5EA,all,,0.6543,0.5859,0.722,0.3496,0.2845,0.4095,False,class=UNREADABLE;class_late=UNREADABLE;tags=
V0165,WF,W-F/out/census_s1.jsonl,18,W-F/out/census_table.csv,94:joint,b4e404f606bd2bb8,HOLD,c1_row,joint,"S,E,r,Kp,Acc_sum,Acc_cnt,w,Msum,Mcnt",mid,6,EVERY,64,0x5EA,all,,0.6543,0.5859,0.722,0.349,0.2884,0.4115,False,class=UNREADABLE;class_late=UNREADABLE;tags=
V0166,WF,W-F/out/census_s1.jsonl,20,W-F/out/census_table.csv,110:channel_all,4ecdfb3f4f9bad5a,MAJ,c1_row,channel_all,"Msum,Mcnt",mid,5,EVERY,64,0x5EA,all,,0.5651,0.5456,0.5827,0.4544,0.4329,0.4772,False,class=UNREADABLE;class_late=UNREADABLE;tags=
V0167,WF,W-F/out/census_s1.jsonl,20,W-F/out/census_table.csv,110:channel_content,4ecdfb3f4f9bad5a,MAJ,c1_row,channel_content,Msum,mid,5,EVERY,64,0x5EA,all,,0.5651,0.5456,0.5827,0.4948,0.4609,0.5306,False,class=UNREADABLE;class_late=UNREADABLE;tags=
V0168,WF,W-F/out/census_s1.jsonl,20,W-F/out/census_table.csv,110:pay0,4ecdfb3f4f9bad5a,MAJ,c1_row,pay0,Msum[0],mid,5,EVERY,64,0x5EA,all,,0.5651,0.5456,0.5827,0.4948,0.4609,0.5306,False,class=UNREADABLE;class_late=UNREADABLE;tags=
V0169,WF,W-F/out/census_s1.jsonl,20,W-F/out/census_table.csv,110:late_site,4ecdfb3f4f9bad5a,MAJ,c1_row,site_all,"S,E,r,Kp,Acc_sum,Acc_cnt,w",late,7,EVERY,64,0x5EA,all,,0.5651,0.5456,0.5827,0.446,0.429,0.4674,False,class=UNREADABLE;class_late=UNREADABLE;tags=
V0170,WF,W-F/out/census_s1.jsonl,20,W-F/out/census_table.csv,110:joint,4ecdfb3f4f9bad5a,MAJ,c1_row,joint,"S,E,r,Kp,Acc_sum,Acc_cnt,w,Msum,Mcnt",mid,5,EVERY,64,0x5EA,all,,0.5651,0.5456,0.5827,0.4349,0.4173,0.4544,False,class=UNREADABLE;class_late=UNREADABLE;tags=
V0171,WF,W-F/out/census_s1.jsonl,22,W-F/out/census_table.csv,133:site_all,95649e2c29e72d45,RELAY,c1_row,site_all,"S,E,r,Kp,Acc_sum,Acc_cnt,w",mid,9,EVERY,64,0x5EA,all,,0.6667,0.6497,0.6829,0.4375,0.4147,0.4596,True,class=JOINT;class_late=ELSEWHERE;tags=JOINT-SPLIT;HANDOFF
V0172,WF,W-F/out/census_s1.jsonl,22,W-F/out/census_table.csv,133:channel_all,95649e2c29e72d45,RELAY,c1_row,channel_all,"Msum,Mcnt",mid,9,EVERY,64,0x5EA,all,,0.6667,0.6497,0.6829,0.5632,0.543,0.5853,True,class=JOINT;class_late=ELSEWHERE;tags=JOINT-SPLIT;HANDOFF
V0173,WF,W-F/out/census_s1.jsonl,22,W-F/out/census_table.csv,133:channel_content,95649e2c29e72d45,RELAY,c1_row,channel_content,Msum,mid,9,EVERY,64,0x5EA,all,,0.6667,0.6497,0.6829,0.5918,0.5697,0.6133,True,class=JOINT;class_late=ELSEWHERE;tags=JOINT-SPLIT;HANDOFF
V0174,WF,W-F/out/census_s1.jsonl,22,W-F/out/census_table.csv,133:pay0,95649e2c29e72d45,RELAY,c1_row,pay0,Msum[0],mid,9,EVERY,64,0x5EA,all,,0.6667,0.6497,0.6829,0.5918,0.5697,0.6133,True,class=JOINT;class_late=ELSEWHERE;tags=JOINT-SPLIT;HANDOFF
V0175,WF,W-F/out/census_s1.jsonl,22,W-F/out/census_table.csv,133:late_site,95649e2c29e72d45,RELAY,c1_row,site_all,"S,E,r,Kp,Acc_sum,Acc_cnt,w",late,15,EVERY,64,0x5EA,all,,0.6667,0.6497,0.6829,0.513,0.487,0.5371,True,class=JOINT;class_late=ELSEWHERE;tags=JOINT-SPLIT;HANDOFF
V0176,WF,W-F/out/census_s1.jsonl,22,W-F/out/census_table.csv,133:late_chan,95649e2c29e72d45,RELAY,c1_row,channel_all,"Msum,Mcnt",late,15,EVERY,64,0x5EA,all,,0.6667,0.6497,0.6829,0.4857,0.4583,0.5163,True,class=JOINT;class_late=ELSEWHERE;tags=JOINT-SPLIT;HANDOFF
V0177,WF,W-F/out/census_s1.jsonl,23,W-F/out/census_table.csv,167:site_all,e2334ea74d8ec661,RELAY,c1_row,site_all,"S,E,r,Kp,Acc_sum,Acc_cnt,w",mid,3,EVERY,64,0x5EA,all,,0.597,0.5833,0.6107,0.5208,0.5013,0.5397,False,class=UNREADABLE;class_late=UNREADABLE;tags=
V0178,WF,W-F/out/census_s1.jsonl,23,W-F/out/census_table.csv,167:channel_all,e2334ea74d8ec661,RELAY,c1_row,channel_all,"Msum,Mcnt",mid,3,EVERY,64,0x5EA,all,,0.597,0.5833,0.6107,0.4766,0.4577,0.4961,False,class=UNREADABLE;class_late=UNREADABLE;tags=
V0179,WF,W-F/out/census_s1.jsonl,23,W-F/out/census_table.csv,167:channel_content,e2334ea74d8ec661,RELAY,c1_row,channel_content,Msum,mid,3,EVERY,64,0x5EA,all,,0.597,0.5833,0.6107,0.4779,0.4596,0.4974,False,class=UNREADABLE;class_late=UNREADABLE;tags=
V0180,WF,W-F/out/census_s1.jsonl,23,W-F/out/census_table.csv,167:pay0,e2334ea74d8ec661,RELAY,c1_row,pay0,Msum[0],mid,3,EVERY,64,0x5EA,all,,0.597,0.5833,0.6107,0.4779,0.4596,0.4974,False,class=UNREADABLE;class_late=UNREADABLE;tags=
V0181,WF,W-F/out/census_s1.jsonl,23,W-F/out/census_table.csv,167:late_site,e2334ea74d8ec661,RELAY,c1_row,site_all,"S,E,r,Kp,Acc_sum,Acc_cnt,w",late,3,EVERY,64,0x5EA,all,,0.597,0.5833,0.6107,0.5208,0.5013,0.5397,False,class=UNREADABLE;class_late=UNREADABLE;tags=
V0182,WF,W-F/out/census_s1.jsonl,23,W-F/out/census_table.csv,167:late_chan,e2334ea74d8ec661,RELAY,c1_row,channel_all,"Msum,Mcnt",late,3,EVERY,64,0x5EA,all,,0.597,0.5833,0.6107,0.4766,0.4577,0.4961,False,class=UNREADABLE;class_late=UNREADABLE;tags=
V0183,WF,W-F/out/census_s1.jsonl,23,W-F/out/census_table.csv,167:joint,e2334ea74d8ec661,RELAY,c1_row,joint,"S,E,r,Kp,Acc_sum,Acc_cnt,w,Msum,Mcnt",mid,3,EVERY,64,0x5EA,all,,0.597,0.5833,0.6107,0.4056,0.3919,0.4199,False,class=UNREADABLE;class_late=UNREADABLE;tags=
V0184,WF,W-F/out/census_s1.jsonl,24,W-F/out/census_table.csv,128:site_all,369f5a5b745eb592,RELAY,c1_row,site_all,"S,E,r,Kp,Acc_sum,Acc_cnt,w",mid,9,EVERY,64,0x5EA,all,,0.6992,0.6608,0.735,0.4173,0.3815,0.4538,True,class=JOINT;class_late=SITE;tags=JOINT-SPLIT;HANDOFF
V0185,WF,W-F/out/census_s1.jsonl,24,W-F/out/census_table.csv,128:channel_all,369f5a5b745eb592,RELAY,c1_row,channel_all,"Msum,Mcnt",mid,9,EVERY,64,0x5EA,all,,0.6992,0.6608,0.735,0.5742,0.5365,0.6087,True,class=JOINT;class_late=SITE;tags=JOINT-SPLIT;HANDOFF
V0186,WF,W-F/out/census_s1.jsonl,24,W-F/out/census_table.csv,128:channel_content,369f5a5b745eb592,RELAY,c1_row,channel_content,Msum,mid,9,EVERY,64,0x5EA,all,,0.6992,0.6608,0.735,0.5794,0.5482,0.6146,True,class=JOINT;class_late=SITE;tags=JOINT-SPLIT;HANDOFF
V0187,WF,W-F/out/census_s1.jsonl,24,W-F/out/census_table.csv,128:pay0,369f5a5b745eb592,RELAY,c1_row,pay0,Msum[0],mid,9,EVERY,64,0x5EA,all,,0.6992,0.6608,0.735,0.5794,0.5482,0.6146,True,class=JOINT;class_late=SITE;tags=JOINT-SPLIT;HANDOFF
V0188,WF,W-F/out/census_s1.jsonl,25,W-F/out/census_table.csv,153:channel_all,606ce18c96c8f0de,RELAY,c1_row,channel_all,"Msum,Mcnt",mid,9,EVERY,64,0x5EA,all,,0.5651,0.5482,0.5846,0.4987,0.4922,0.5039,False,class=UNREADABLE;class_late=UNREADABLE;tags=
V0189,WF,W-F/out/census_s1.jsonl,25,W-F/out/census_table.csv,153:channel_content,606ce18c96c8f0de,RELAY,c1_row,channel_content,Msum,mid,9,EVERY,64,0x5EA,all,,0.5651,0.5482,0.5846,0.4974,0.4922,0.5,False,class=UNREADABLE;class_late=UNREADABLE;tags=
V0190,WF,W-F/out/census_s1.jsonl,25,W-F/out/census_table.csv,153:pay0,606ce18c96c8f0de,RELAY,c1_row,pay0,Msum[0],mid,9,EVERY,64,0x5EA,all,,0.5651,0.5482,0.5846,0.4974,0.4922,0.5,False,class=UNREADABLE;class_late=UNREADABLE;tags=
V0191,WF,W-F/out/census_s1.jsonl,25,W-F/out/census_table.csv,153:late_chan,606ce18c96c8f0de,RELAY,c1_row,channel_all,"Msum,Mcnt",late,15,EVERY,64,0x5EA,all,,0.5651,0.5482,0.5846,0.4974,0.4896,0.5,False,class=UNREADABLE;class_late=UNREADABLE;tags=
V0192,WF,W-F/out/census_s1.jsonl,25,W-F/out/census_table.csv,153:joint,606ce18c96c8f0de,RELAY,c1_row,joint,"S,E,r,Kp,Acc_sum,Acc_cnt,w,Msum,Mcnt",mid,9,EVERY,64,0x5EA,all,,0.5651,0.5482,0.5846,0.3945,0.3646,0.4232,False,class=UNREADABLE;class_late=UNREADABLE;tags=
V0193,WF,W-F/out/census_s1.jsonl,26,W-F/out/census_table.csv,150:site_all,0f5451c3b3cdf250,RELAY,c1_row,site_all,"S,E,r,Kp,Acc_sum,Acc_cnt,w",mid,9,EVERY,64,0x5EA,all,,0.5625,0.5443,0.5833,0.4922,0.4844,0.4987,False,class=UNREADABLE;class_late=UNREADABLE;tags=
V0194,WF,W-F/out/census_s1.jsonl,26,W-F/out/census_table.csv,150:late_site,0f5451c3b3cdf250,RELAY,c1_row,site_all,"S,E,r,Kp,Acc_sum,Acc_cnt,w",late,15,EVERY,64,0x5EA,all,,0.5625,0.5443,0.5833,0.4583,0.4583,0.4583,False,class=UNREADABLE;class_late=UNREADABLE;tags=
V0195,WF,W-F/out/census_s1.jsonl,26,W-F/out/census_table.csv,150:joint,0f5451c3b3cdf250,RELAY,c1_row,joint,"S,E,r,Kp,Acc_sum,Acc_cnt,w,Msum,Mcnt",mid,9,EVERY,64,0x5EA,all,,0.5625,0.5443,0.5833,0.3971,0.3659,0.4271,False,class=UNREADABLE;class_late=UNREADABLE;tags=
V0196,WF,W-F/out/census_s1.jsonl,27,W-F/out/census_table.csv,166:channel_all,d839fabb34a9b3d9,RELAY,c1_row,channel_all,"Msum,Mcnt",mid,3,EVERY,64,0x5EA,all,,0.5534,0.5443,0.5632,0.4466,0.4368,0.4557,False,class=UNREADABLE;class_late=UNREADABLE;tags=
V0197,WF,W-F/out/census_s1.jsonl,27,W-F/out/census_table.csv,166:channel_count,d839fabb34a9b3d9,RELAY,c1_row,channel_count,Mcnt,mid,3,EVERY,64,0x5EA,all,,0.5534,0.5443,0.5632,0.4466,0.4368,0.4557,False,class=UNREADABLE;class_late=UNREADABLE;tags=
V0198,WF,W-F/out/census_s1.jsonl,27,W-F/out/census_table.csv,166:late_chan,d839fabb34a9b3d9,RELAY,c1_row,channel_all,"Msum,Mcnt",late,3,EVERY,64,0x5EA,all,,0.5534,0.5443,0.5632,0.4466,0.4368,0.4557,False,class=UNREADABLE;class_late=UNREADABLE;tags=
V0199,WF,W-F/out/census_s1.jsonl,27,W-F/out/census_table.csv,166:joint,d839fabb34a9b3d9,RELAY,c1_row,joint,"S,E,r,Kp,Acc_sum,Acc_cnt,w,Msum,Mcnt",mid,3,EVERY,64,0x5EA,all,,0.5534,0.5443,0.5632,0.4466,0.4368,0.4557,False,class=UNREADABLE;class_late=UNREADABLE;tags=
V0200,WF,W-F/out/census_s1.jsonl,28,W-F/out/census_table.csv,152:channel_all,4ba2a869707a5108,RELAY,c1_row,channel_all,"Msum,Mcnt",mid,3,EVERY,64,0x5EA,all,,0.6315,0.5846,0.6823,0.3685,0.3177,0.4154,False,class=UNREADABLE;class_late=UNREADABLE;tags=
V0201,WF,W-F/out/census_s1.jsonl,28,W-F/out/census_table.csv,152:channel_content,4ba2a869707a5108,RELAY,c1_row,channel_content,Msum,mid,3,EVERY,64,0x5EA,all,,0.6315,0.5846,0.6823,0.3685,0.3177,0.4154,False,class=UNREADABLE;class_late=UNREADABLE;tags=
V0202,WF,W-F/out/census_s1.jsonl,28,W-F/out/census_table.csv,152:pay1,4ba2a869707a5108,RELAY,c1_row,pay1,Msum[1],mid,3,EVERY,64,0x5EA,all,,0.6315,0.5846,0.6823,0.3685,0.3177,0.4154,False,class=UNREADABLE;class_late=UNREADABLE;tags=
V0203,WF,W-F/out/census_s1.jsonl,28,W-F/out/census_table.csv,152:late_chan,4ba2a869707a5108,RELAY,c1_row,channel_all,"Msum,Mcnt",late,3,EVERY,64,0x5EA,all,,0.6315,0.5846,0.6823,0.3685,0.3177,0.4154,False,class=UNREADABLE;class_late=UNREADABLE;tags=
V0204,WF,W-F/out/census_s1.jsonl,28,W-F/out/census_table.csv,152:joint,4ba2a869707a5108,RELAY,c1_row,joint,"S,E,r,Kp,Acc_sum,Acc_cnt,w,Msum,Mcnt",mid,3,EVERY,64,0x5EA,all,,0.6315,0.5846,0.6823,0.3685,0.3177,0.4154,False,class=UNREADABLE;class_late=UNREADABLE;tags=
V0205,WF,W-F/out/census_s1.jsonl,29,W-F/out/census_table.csv,127:site_all,2dccdaa5eb8ffa0e,RELAY,c1_row,site_all,"S,E,r,Kp,Acc_sum,Acc_cnt,w",mid,5,EVERY,64,0x5EA,all,,0.8021,0.7734,0.8346,0.3711,0.3203,0.418,True,class=JOINT;class_late=SITE;tags=JOINT-SPLIT;HANDOFF
V0206,WF,W-F/out/census_s1.jsonl,29,W-F/out/census_table.csv,127:channel_all,2dccdaa5eb8ffa0e,RELAY,c1_row,channel_all,"Msum,Mcnt",mid,5,EVERY,64,0x5EA,all,,0.8021,0.7734,0.8346,0.6289,0.582,0.6797,True,class=JOINT;class_late=SITE;tags=JOINT-SPLIT;HANDOFF
V0207,WF,W-F/out/census_s1.jsonl,29,W-F/out/census_table.csv,127:channel_content,2dccdaa5eb8ffa0e,RELAY,c1_row,channel_content,Msum,mid,5,EVERY,64,0x5EA,all,,0.8021,0.7734,0.8346,0.6289,0.582,0.6797,True,class=JOINT;class_late=SITE;tags=JOINT-SPLIT;HANDOFF
V0208,WF,W-F/out/census_s1.jsonl,29,W-F/out/census_table.csv,127:pay0,2dccdaa5eb8ffa0e,RELAY,c1_row,pay0,Msum[0],mid,5,EVERY,64,0x5EA,all,,0.8021,0.7734,0.8346,0.6289,0.582,0.6797,True,class=JOINT;class_late=SITE;tags=JOINT-SPLIT;HANDOFF
V0209,WF,W-F/out/census_s1.jsonl,30,W-F/out/census_table.csv,156:channel_all,6783020342ca5991,RELAY,c1_row,channel_all,"Msum,Mcnt",mid,9,EVERY,64,0x5EA,all,,0.5677,0.554,0.5853,0.4779,0.4753,0.4792,False,class=UNREADABLE;class_late=UNREADABLE;tags=
V0210,WF,W-F/out/census_s1.jsonl,30,W-F/out/census_table.csv,156:late_site,6783020342ca5991,RELAY,c1_row,site_all,"S,E,r,Kp,Acc_sum,Acc_cnt,w",late,15,EVERY,64,0x5EA,all,,0.5677,0.554,0.5853,0.4583,0.4583,0.4583,False,class=UNREADABLE;class_late=UNREADABLE;tags=
V0211,WF,W-F/out/census_s1.jsonl,30,W-F/out/census_table.csv,156:joint,6783020342ca5991,RELAY,c1_row,joint,"S,E,r,Kp,Acc_sum,Acc_cnt,w,Msum,Mcnt",mid,9,EVERY,64,0x5EA,all,,0.5677,0.554,0.5853,0.4036,0.3835,0.4212,False,class=UNREADABLE;class_late=UNREADABLE;tags=
V0212,WF,W-F/out/census_s1.jsonl,31,W-F/out/census_table.csv,162:site_all,a395784b37d01a6e,RELAY,c1_row,site_all,"S,E,r,Kp,Acc_sum,Acc_cnt,w",mid,9,EVERY,64,0x5EA,all,,0.6133,0.5977,0.6289,0.4466,0.4258,0.4648,False,class=UNREADABLE;class_late=UNREADABLE;tags=
V0213,WF,W-F/out/census_s1.jsonl,31,W-F/out/census_table.csv,162:channel_all,a395784b37d01a6e,RELAY,c1_row,channel_all,"Msum,Mcnt",mid,9,EVERY,64,0x5EA,all,,0.6133,0.5977,0.6289,0.5534,0.5352,0.5742,False,class=UNREADABLE;class_late=UNREADABLE;tags=
V0214,WF,W-F/out/census_s1.jsonl,31,W-F/out/census_table.csv,162:channel_count,a395784b37d01a6e,RELAY,c1_row,channel_count,Mcnt,mid,9,EVERY,64,0x5EA,all,,0.6133,0.5977,0.6289,0.5534,0.5352,0.5742,False,class=UNREADABLE;class_late=UNREADABLE;tags=
V0215,WF,W-F/out/census_s1.jsonl,31,W-F/out/census_table.csv,162:late_site,a395784b37d01a6e,RELAY,c1_row,site_all,"S,E,r,Kp,Acc_sum,Acc_cnt,w",late,15,EVERY,64,0x5EA,all,,0.6133,0.5977,0.6289,0.4421,0.4251,0.459,False,class=UNREADABLE;class_late=UNREADABLE;tags=
V0216,WF,W-F/out/census_s1.jsonl,31,W-F/out/census_table.csv,162:late_chan,a395784b37d01a6e,RELAY,c1_row,channel_all,"Msum,Mcnt",late,15,EVERY,64,0x5EA,all,,0.6133,0.5977,0.6289,0.5579,0.541,0.5749,False,class=UNREADABLE;class_late=UNREADABLE;tags=
V0217,WF,W-F/out/census_s1.jsonl,31,W-F/out/census_table.csv,162:joint,a395784b37d01a6e,RELAY,c1_row,joint,"S,E,r,Kp,Acc_sum,Acc_cnt,w,Msum,Mcnt",mid,9,EVERY,64,0x5EA,all,,0.6133,0.5977,0.6289,0.3867,0.3711,0.4023,False,class=UNREADABLE;class_late=UNREADABLE;tags=
V0218,WF,W-F/out/census_s1.jsonl,34,W-F/out/census_table.csv,108:channel_all,26f9428bd464d37f,MAJ,c1_row,channel_all,"Msum,Mcnt",mid,3,EVERY,64,0x5EA,all,,0.5879,0.5677,0.6061,0.4121,0.3939,0.4323,False,class=UNREADABLE;class_late=UNREADABLE;tags=
V0219,WF,W-F/out/census_s1.jsonl,34,W-F/out/census_table.csv,108:channel_count,26f9428bd464d37f,MAJ,c1_row,channel_count,Mcnt,mid,3,EVERY,64,0x5EA,all,,0.5879,0.5677,0.6061,0.4121,0.3939,0.4323,False,class=UNREADABLE;class_late=UNREADABLE;tags=
V0220,WF,W-F/out/census_s1.jsonl,34,W-F/out/census_table.csv,108:late_chan,26f9428bd464d37f,MAJ,c1_row,channel_all,"Msum,Mcnt",late,3,EVERY,64,0x5EA,all,,0.5879,0.5677,0.6061,0.4121,0.3939,0.4323,False,class=UNREADABLE;class_late=UNREADABLE;tags=
V0221,WF,W-F/out/census_s1.jsonl,34,W-F/out/census_table.csv,108:joint,26f9428bd464d37f,MAJ,c1_row,joint,"S,E,r,Kp,Acc_sum,Acc_cnt,w,Msum,Mcnt",mid,3,EVERY,64,0x5EA,all,,0.5879,0.5677,0.6061,0.4121,0.3939,0.4323,False,class=UNREADABLE;class_late=UNREADABLE;tags=
V0222,WF,W-F/out/census_s1.jsonl,35,W-F/out/census_table.csv,115:channel_all,8e1caf6bcc7897fb,MAJ,c1_row,channel_all,"Msum,Mcnt",mid,3,EVERY,64,0x5EA,all,,0.584,0.543,0.6296,0.4199,0.3835,0.4564,False,class=UNREADABLE;class_late=UNREADABLE;tags=
V0223,WF,W-F/out/census_s1.jsonl,35,W-F/out/census_table.csv,115:channel_content,8e1caf6bcc7897fb,MAJ,c1_row,channel_content,Msum,mid,3,EVERY,64,0x5EA,all,,0.584,0.543,0.6296,0.4661,0.429,0.4994,False,class=UNREADABLE;class_late=UNREADABLE;tags=
V0224,WF,W-F/out/census_s1.jsonl,35,W-F/out/census_table.csv,115:pay3,8e1caf6bcc7897fb,MAJ,c1_row,pay3,Msum[3],mid,3,EVERY,64,0x5EA,all,,0.584,0.543,0.6296,0.4661,0.429,0.4994,False,class=UNREADABLE;class_late=UNREADABLE;tags=
V0225,WF,W-F/out/census_s1.jsonl,35,W-F/out/census_table.csv,115:late_chan,8e1caf6bcc7897fb,MAJ,c1_row,channel_all,"Msum,Mcnt",late,3,EVERY,64,0x5EA,all,,0.584,0.543,0.6296,0.4199,0.3835,0.4564,False,class=UNREADABLE;class_late=UNREADABLE;tags=
V0226,WF,W-F/out/census_s1.jsonl,35,W-F/out/census_table.csv,115:joint,8e1caf6bcc7897fb,MAJ,c1_row,joint,"S,E,r,Kp,Acc_sum,Acc_cnt,w,Msum,Mcnt",mid,3,EVERY,64,0x5EA,all,,0.584,0.543,0.6296,0.4108,0.3828,0.4382,False,class=UNREADABLE;class_late=UNREADABLE;tags=
V0227,WF,W-F/out/census_s1.jsonl,37,W-F/out/census_table.csv,112:channel_all,626aa72f8ad384ff,MAJ,c1_row,channel_all,"Msum,Mcnt",mid,5,EVERY,64,0x5EA,all,,0.5807,0.5534,0.6055,0.4199,0.3958,0.4466,False,class=UNREADABLE;class_late=UNREADABLE;tags=
V0228,WF,W-F/out/census_s1.jsonl,37,W-F/out/census_table.csv,112:channel_content,626aa72f8ad384ff,MAJ,c1_row,channel_content,Msum,mid,5,EVERY,64,0x5EA,all,,0.5807,0.5534,0.6055,0.4199,0.3958,0.4466,False,class=UNREADABLE;class_late=UNREADABLE;tags=
V0229,WF,W-F/out/census_s1.jsonl,37,W-F/out/census_table.csv,112:pay0,626aa72f8ad384ff,MAJ,c1_row,pay0,Msum[0],mid,5,EVERY,64,0x5EA,all,,0.5807,0.5534,0.6055,0.4199,0.3958,0.4466,False,class=UNREADABLE;class_late=UNREADABLE;tags=
V0230,WF,W-F/out/census_s1.jsonl,37,W-F/out/census_table.csv,112:late_site,626aa72f8ad384ff,MAJ,c1_row,site_all,"S,E,r,Kp,Acc_sum,Acc_cnt,w",late,7,EVERY,64,0x5EA,all,,0.5807,0.5534,0.6055,0.4193,0.3952,0.446,False,class=UNREADABLE;class_late=UNREADABLE;tags=
V0231,WF,W-F/out/census_s1.jsonl,37,W-F/out/census_table.csv,112:joint,626aa72f8ad384ff,MAJ,c1_row,joint,"S,E,r,Kp,Acc_sum,Acc_cnt,w,Msum,Mcnt",mid,5,EVERY,64,0x5EA,all,,0.5807,0.5534,0.6055,0.4199,0.3952,0.4473,False,class=UNREADABLE;class_late=UNREADABLE;tags=
V0232,WF,W-F/out/census_s1.jsonl,44,W-F/out/census_table.csv,89:site_all,688b9f6f5ccfb225,HOLD,c1_row,site_all,"S,E,r,Kp,Acc_sum,Acc_cnt,w",mid,4,EVERY,64,0x5EA,all,,0.5951,0.5697,0.6211,0.3939,0.3659,0.4193,False,class=UNREADABLE;class_late=UNREADABLE;tags=
V0233,WF,W-F/out/census_s1.jsonl,44,W-F/out/census_table.csv,89:late_site,688b9f6f5ccfb225,HOLD,c1_row,site_all,"S,E,r,Kp,Acc_sum,Acc_cnt,w",late,5,EVERY,64,0x5EA,all,,0.5951,0.5697,0.6211,0.3991,0.3685,0.4245,False,class=UNREADABLE;class_late=UNREADABLE;tags=
V0234,WF,W-F/out/census_s1.jsonl,44,W-F/out/census_table.csv,89:joint,688b9f6f5ccfb225,HOLD,c1_row,joint,"S,E,r,Kp,Acc_sum,Acc_cnt,w,Msum,Mcnt",mid,4,EVERY,64,0x5EA,all,,0.5951,0.5697,0.6211,0.3958,0.3704,0.4212,False,class=UNREADABLE;class_late=UNREADABLE;tags=
V0235,WF,W-F/out/census_s1.jsonl,49,W-F/out/census_table.csv,4:site_all,11f3ac8548d931fd,HOLD,c1_row,site_all,"S,E,r,Kp,Acc_sum,Acc_cnt,w",mid,6,EVERY,64,0x5EA,all,,0.6556,0.6146,0.6908,0.3646,0.3249,0.4134,True,class=ELSEWHERE;class_late=SITE;tags=HANDOFF
V0236,WF,W-F/out/census_s1.jsonl,49,W-F/out/census_table.csv,4:joint,11f3ac8548d931fd,HOLD,c1_row,joint,"S,E,r,Kp,Acc_sum,Acc_cnt,w,Msum,Mcnt",mid,6,EVERY,64,0x5EA,all,,0.6556,0.6146,0.6908,0.3646,0.3249,0.4134,True,class=ELSEWHERE;class_late=SITE;tags=HANDOFF
V0237,WF,W-F/out/census_s1.jsonl,55,W-F/out/census_table.csv,88:site_all,62c6fa31078b1a9c,HOLD,c1_row,site_all,"S,E,r,Kp,Acc_sum,Acc_cnt,w",mid,6,EVERY,64,0x5EA,all,,0.6087,0.5742,0.6452,0.39,0.3555,0.4271,False,class=UNREADABLE;class_late=UNREADABLE;tags=
V0238,WF,W-F/out/census_s1.jsonl,55,W-F/out/census_table.csv,88:late_site,62c6fa31078b1a9c,HOLD,c1_row,site_all,"S,E,r,Kp,Acc_sum,Acc_cnt,w",late,9,EVERY,64,0x5EA,all,,0.6087,0.5742,0.6452,0.3906,0.3529,0.4251,False,class=UNREADABLE;class_late=UNREADABLE;tags=
V0239,WF,W-F/out/census_s1.jsonl,55,W-F/out/census_table.csv,88:joint,62c6fa31078b1a9c,HOLD,c1_row,joint,"S,E,r,Kp,Acc_sum,Acc_cnt,w,Msum,Mcnt",mid,6,EVERY,64,0x5EA,all,,0.6087,0.5742,0.6452,0.3887,0.3555,0.4245,False,class=UNREADABLE;class_late=UNREADABLE;tags=
V0240,WF,W-F/out/census_s1.jsonl,59,W-F/out/census_table.csv,149:channel_all,0b3c855a80022a98,RELAY,c1_row,channel_all,"Msum,Mcnt",mid,9,EVERY,64,0x5EA,all,,0.5846,0.5677,0.6022,0.4362,0.4199,0.4518,False,class=UNREADABLE;class_late=UNREADABLE;tags=
V0241,WF,W-F/out/census_s1.jsonl,59,W-F/out/census_table.csv,149:channel_count,0b3c855a80022a98,RELAY,c1_row,channel_count,Mcnt,mid,9,EVERY,64,0x5EA,all,,0.5846,0.5677,0.6022,0.4362,0.4199,0.4518,False,class=UNREADABLE;class_late=UNREADABLE;tags=
V0242,WF,W-F/out/census_s1.jsonl,59,W-F/out/census_table.csv,149:late_site,0b3c855a80022a98,RELAY,c1_row,site_all,"S,E,r,Kp,Acc_sum,Acc_cnt,w",late,15,EVERY,64,0x5EA,all,,0.5846,0.5677,0.6022,0.5221,0.5072,0.5365,False,class=UNREADABLE;class_late=UNREADABLE;tags=
V0243,WF,W-F/out/census_s1.jsonl,59,W-F/out/census_table.csv,149:late_chan,0b3c855a80022a98,RELAY,c1_row,channel_all,"Msum,Mcnt",late,15,EVERY,64,0x5EA,all,,0.5846,0.5677,0.6022,0.4766,0.4616,0.4915,False,class=UNREADABLE;class_late=UNREADABLE;tags=
V0244,WF,W-F/out/census_s1.jsonl,59,W-F/out/census_table.csv,149:joint,0b3c855a80022a98,RELAY,c1_row,joint,"S,E,r,Kp,Acc_sum,Acc_cnt,w,Msum,Mcnt",mid,9,EVERY,64,0x5EA,all,,0.5846,0.5677,0.6022,0.4199,0.4043,0.4342,False,class=UNREADABLE;class_late=UNREADABLE;tags=
V0245,WF,W-F/out/census_s1.jsonl,60,W-F/out/census_table.csv,131:site_all,7bd03b203ddda7b5,RELAY,c1_row,site_all,"S,E,r,Kp,Acc_sum,Acc_cnt,w",mid,3,EVERY,64,0x5EA,all,,0.6667,0.6406,0.6901,0.5638,0.5306,0.5957,True,class=JOINT;class_late=ELSEWHERE;tags=JOINT-SPLIT;HANDOFF
V0246,WF,W-F/out/census_s1.jsonl,60,W-F/out/census_table.csv,131:channel_all,7bd03b203ddda7b5,RELAY,c1_row,channel_all,"Msum,Mcnt",mid,3,EVERY,64,0x5EA,all,,0.6667,0.6406,0.6901,0.4336,0.4023,0.4668,True,class=JOINT;class_late=ELSEWHERE;tags=JOINT-SPLIT;HANDOFF
V0247,WF,W-F/out/census_s1.jsonl,60,W-F/out/census_table.csv,131:channel_content,7bd03b203ddda7b5,RELAY,c1_row,channel_content,Msum,mid,3,EVERY,64,0x5EA,all,,0.6667,0.6406,0.6901,0.4336,0.4023,0.4668,True,class=JOINT;class_late=ELSEWHERE;tags=JOINT-SPLIT;HANDOFF
V0248,WF,W-F/out/census_s1.jsonl,60,W-F/out/census_table.csv,131:pay0,7bd03b203ddda7b5,RELAY,c1_row,pay0,Msum[0],mid,3,EVERY,64,0x5EA,all,,0.6667,0.6406,0.6901,0.4336,0.4023,0.4668,True,class=JOINT;class_late=ELSEWHERE;tags=JOINT-SPLIT;HANDOFF
V0249,WF,W-F/out/census_s1.jsonl,60,W-F/out/census_table.csv,131:late_site,7bd03b203ddda7b5,RELAY,c1_row,site_all,"S,E,r,Kp,Acc_sum,Acc_cnt,w",late,3,EVERY,64,0x5EA,all,,0.6667,0.6406,0.6901,0.5638,0.5306,0.5957,True,class=JOINT;class_late=ELSEWHERE;tags=JOINT-SPLIT;HANDOFF
V0250,WF,W-F/out/census_s1.jsonl,60,W-F/out/census_table.csv,131:late_chan,7bd03b203ddda7b5,RELAY,c1_row,channel_all,"Msum,Mcnt",late,3,EVERY,64,0x5EA,all,,0.6667,0.6406,0.6901,0.4336,0.4023,0.4668,True,class=JOINT;class_late=ELSEWHERE;tags=JOINT-SPLIT;HANDOFF
V0251,WF,W-F/out/census_s1.jsonl,63,W-F/out/census_table.csv,118:late_chan,31cd2a8a9b572a50,RELAY,c1_row,channel_all,"Msum,Mcnt",late,7,EVERY,64,0x5EA,all,,0.8958,0.8724,0.9193,0.6927,0.6406,0.7435,True,class=CHANNEL;class_late=SITE;tags=HANDOFF;pay=pay1
V0252,WF,W-F/out/census_s1.jsonl,64,W-F/out/census_table.csv,135:site_all,c16d52319beb8bce,RELAY,c1_row,site_all,"S,E,r,Kp,Acc_sum,Acc_cnt,w",mid,5,EVERY,64,0x5EA,all,,0.8503,0.8099,0.8926,0.3613,0.3086,0.4095,True,class=JOINT;class_late=SITE;tags=JOINT-SPLIT;HANDOFF
V0253,WF,W-F/out/census_s1.jsonl,64,W-F/out/census_table.csv,135:channel_all,c16d52319beb8bce,RELAY,c1_row,channel_all,"Msum,Mcnt",mid,5,EVERY,64,0x5EA,all,,0.8503,0.8099,0.8926,0.6172,0.5664,0.6667,True,class=JOINT;class_late=SITE;tags=JOINT-SPLIT;HANDOFF
V0254,WF,W-F/out/census_s1.jsonl,64,W-F/out/census_table.csv,135:channel_content,c16d52319beb8bce,RELAY,c1_row,channel_content,Msum,mid,5,EVERY,64,0x5EA,all,,0.8503,0.8099,0.8926,0.6172,0.5671,0.666,True,class=JOINT;class_late=SITE;tags=JOINT-SPLIT;HANDOFF
V0255,WF,W-F/out/census_s1.jsonl,64,W-F/out/census_table.csv,135:pay0,c16d52319beb8bce,RELAY,c1_row,pay0,Msum[0],mid,5,EVERY,64,0x5EA,all,,0.8503,0.8099,0.8926,0.6172,0.5671,0.666,True,class=JOINT;class_late=SITE;tags=JOINT-SPLIT;HANDOFF
V0256,WF,W-F/out/census_s1.jsonl,65,W-F/out/census_table.csv,130:site_all,78f3b0eccd44b1ed,RELAY,c1_row,site_all,"S,E,r,Kp,Acc_sum,Acc_cnt,w",mid,9,EVERY,64,0x5EA,all,,0.6745,0.6589,0.6888,0.4089,0.3874,0.4277,True,class=JOINT;class_late=ELSEWHERE;tags=JOINT-SPLIT;HANDOFF
V0257,WF,W-F/out/census_s1.jsonl,65,W-F/out/census_table.csv,130:channel_all,78f3b0eccd44b1ed,RELAY,c1_row,channel_all,"Msum,Mcnt",mid,9,EVERY,64,0x5EA,all,,0.6745,0.6589,0.6888,0.5911,0.5723,0.6126,True,class=JOINT;class_late=ELSEWHERE;tags=JOINT-SPLIT;HANDOFF
V0258,WF,W-F/out/census_s1.jsonl,65,W-F/out/census_table.csv,130:channel_count,78f3b0eccd44b1ed,RELAY,c1_row,channel_count,Mcnt,mid,9,EVERY,64,0x5EA,all,,0.6745,0.6589,0.6888,0.5911,0.5723,0.6126,True,class=JOINT;class_late=ELSEWHERE;tags=JOINT-SPLIT;HANDOFF
V0259,WF,W-F/out/census_s1.jsonl,65,W-F/out/census_table.csv,130:late_site,78f3b0eccd44b1ed,RELAY,c1_row,site_all,"S,E,r,Kp,Acc_sum,Acc_cnt,w",late,15,EVERY,64,0x5EA,all,,0.6745,0.6589,0.6888,0.4245,0.4069,0.4414,True,class=JOINT;class_late=ELSEWHERE;tags=JOINT-SPLIT;HANDOFF
V0260,WF,W-F/out/census_s1.jsonl,65,W-F/out/census_table.csv,130:late_chan,78f3b0eccd44b1ed,RELAY,c1_row,channel_all,"Msum,Mcnt",late,15,EVERY,64,0x5EA,all,,0.6745,0.6589,0.6888,0.5755,0.5586,0.5931,True,class=JOINT;class_late=ELSEWHERE;tags=JOINT-SPLIT;HANDOFF
V0261,WF,W-F/out/census_s1.jsonl,71,W-F/out/census_table.csv,155:late_chan,63abaede82660280,RELAY,c1_row,channel_all,"Msum,Mcnt",late,15,EVERY,64,0x5EA,all,,0.5638,0.5456,0.5846,0.4818,0.4701,0.4948,False,class=UNREADABLE;class_late=UNREADABLE;tags=
V0262,WF,W-F/out/census_s1.jsonl,71,W-F/out/census_table.csv,155:joint,63abaede82660280,RELAY,c1_row,joint,"S,E,r,Kp,Acc_sum,Acc_cnt,w,Msum,Mcnt",mid,9,EVERY,64,0x5EA,all,,0.5638,0.5456,0.5846,0.3958,0.3659,0.4232,False,class=UNREADABLE;class_late=UNREADABLE;tags=
V0263,WF,W-F/out/census_s1.jsonl,72,W-F/out/census_table.csv,124:site_all,4271681452d29aee,RELAY,c1_row,site_all,"S,E,r,Kp,Acc_sum,Acc_cnt,w",mid,9,EVERY,64,0x5EA,all,,0.6419,0.6042,0.6823,0.4648,0.4349,0.4961,True,class=ELSEWHERE;class_late=ELSEWHERE;tags=
V0264,WF,W-F/out/census_s1.jsonl,72,W-F/out/census_table.csv,124:channel_all,4271681452d29aee,RELAY,c1_row,channel_all,"Msum,Mcnt",mid,9,EVERY,64,0x5EA,all,,0.6419,0.6042,0.6823,0.526,0.4974,0.5625,True,class=ELSEWHERE;class_late=ELSEWHERE;tags=
V0265,WF,W-F/out/census_s1.jsonl,72,W-F/out/census_table.csv,124:channel_count,4271681452d29aee,RELAY,c1_row,channel_count,Mcnt,mid,9,EVERY,64,0x5EA,all,,0.6419,0.6042,0.6823,0.526,0.4974,0.5625,True,class=ELSEWHERE;class_late=ELSEWHERE;tags=
V0266,WF,W-F/out/census_s1.jsonl,72,W-F/out/census_table.csv,124:late_site,4271681452d29aee,RELAY,c1_row,site_all,"S,E,r,Kp,Acc_sum,Acc_cnt,w",late,15,EVERY,64,0x5EA,all,,0.6419,0.6042,0.6823,0.4258,0.3854,0.4714,True,class=ELSEWHERE;class_late=ELSEWHERE;tags=
V0267,WF,W-F/out/census_s1.jsonl,72,W-F/out/census_table.csv,124:pre_site,4271681452d29aee,RELAY,c1_row,site_all,"S,E,r,Kp,Acc_sum,Acc_cnt,w",pre,-1,EVERY,64,0x5EA,all,,0.6419,0.6042,0.6823,0.569,0.5365,0.6016,True,class=ELSEWHERE;class_late=ELSEWHERE;tags=
V0268,WF,W-F/out/census_s1.jsonl,72,W-F/out/census_table.csv,124:pre_chan,4271681452d29aee,RELAY,c1_row,channel_all,"Msum,Mcnt",pre,-1,EVERY,64,0x5EA,all,,0.6419,0.6042,0.6823,0.5794,0.5417,0.6172,True,class=ELSEWHERE;class_late=ELSEWHERE;tags=
V0269,WF,W-F/out/census_s1.jsonl,72,W-F/out/census_table.csv,124:joint,4271681452d29aee,RELAY,c1_row,joint,"S,E,r,Kp,Acc_sum,Acc_cnt,w,Msum,Mcnt",mid,9,EVERY,64,0x5EA,all,,0.6419,0.6042,0.6823,0.3698,0.332,0.4036,True,class=ELSEWHERE;class_late=ELSEWHERE;tags=
V0270,WF,W-F/out/census_s1.jsonl,73,W-F/out/census_table.csv,2:late_chan,4ab2ba014aac967e,HOLD,c1_row,channel_all,"Msum,Mcnt",late,9,EVERY,64,0x5EA,all,,0.8724,0.8385,0.9076,0.722,0.6816,0.7604,True,class=CHANNEL;class_late=SITE;tags=HANDOFF;pay=pay1
V0271,WF,W-F/out/census_s1.jsonl,79,W-F/out/census_table.csv,132:site_all,8c37f32e68843070,RELAY,c1_row,site_all,"S,E,r,Kp,Acc_sum,Acc_cnt,w",mid,5,EVERY,64,0x5EA,all,,0.832,0.7995,0.862,0.3828,0.3385,0.4219,True,class=JOINT;class_late=SITE;tags=JOINT-SPLIT;HANDOFF
V0272,WF,W-F/out/census_s1.jsonl,79,W-F/out/census_table.csv,132:channel_all,8c37f32e68843070,RELAY,c1_row,channel_all,"Msum,Mcnt",mid,5,EVERY,64,0x5EA,all,,0.832,0.7995,0.862,0.6276,0.5924,0.6615,True,class=JOINT;class_late=SITE;tags=JOINT-SPLIT;HANDOFF
V0273,WF,W-F/out/census_s1.jsonl,79,W-F/out/census_table.csv,132:channel_content,8c37f32e68843070,RELAY,c1_row,channel_content,Msum,mid,5,EVERY,64,0x5EA,all,,0.832,0.7995,0.862,0.612,0.5729,0.6523,True,class=JOINT;class_late=SITE;tags=JOINT-SPLIT;HANDOFF
V0274,WF,W-F/out/census_s1.jsonl,79,W-F/out/census_table.csv,132:pay1,8c37f32e68843070,RELAY,c1_row,pay1,Msum[1],mid,5,EVERY,64,0x5EA,all,,0.832,0.7995,0.862,0.612,0.5729,0.6523,True,class=JOINT;class_late=SITE;tags=JOINT-SPLIT;HANDOFF
V0275,WF,W-F/out/census_s1.jsonl,83,W-F/out/census_table.csv,125:site_all,d3c0d182d3dbb735,RELAY,c1_row,site_all,"S,E,r,Kp,Acc_sum,Acc_cnt,w",mid,9,EVERY,64,0x5EA,all,,0.623,0.6042,0.6419,0.4388,0.4193,0.4596,True,class=ELSEWHERE;class_late=ELSEWHERE;tags=
V0276,WF,W-F/out/census_s1.jsonl,83,W-F/out/census_table.csv,125:channel_all,d3c0d182d3dbb735,RELAY,c1_row,channel_all,"Msum,Mcnt",mid,9,EVERY,64,0x5EA,all,,0.623,0.6042,0.6419,0.5612,0.543,0.5801,True,class=ELSEWHERE;class_late=ELSEWHERE;tags=
V0277,WF,W-F/out/census_s1.jsonl,83,W-F/out/census_table.csv,125:channel_count,d3c0d182d3dbb735,RELAY,c1_row,channel_count,Mcnt,mid,9,EVERY,64,0x5EA,all,,0.623,0.6042,0.6419,0.5612,0.543,0.5801,True,class=ELSEWHERE;class_late=ELSEWHERE;tags=
V0278,WF,W-F/out/census_s1.jsonl,83,W-F/out/census_table.csv,125:late_site,d3c0d182d3dbb735,RELAY,c1_row,site_all,"S,E,r,Kp,Acc_sum,Acc_cnt,w",late,15,EVERY,64,0x5EA,all,,0.623,0.6042,0.6419,0.4486,0.429,0.4681,True,class=ELSEWHERE;class_late=ELSEWHERE;tags=
V0279,WF,W-F/out/census_s1.jsonl,83,W-F/out/census_table.csv,125:late_chan,d3c0d182d3dbb735,RELAY,c1_row,channel_all,"Msum,Mcnt",late,15,EVERY,64,0x5EA,all,,0.623,0.6042,0.6419,0.5599,0.5436,0.5749,True,class=ELSEWHERE;class_late=ELSEWHERE;tags=
V0280,WF,W-F/out/census_s1.jsonl,83,W-F/out/census_table.csv,125:joint,d3c0d182d3dbb735,RELAY,c1_row,joint,"S,E,r,Kp,Acc_sum,Acc_cnt,w,Msum,Mcnt",mid,9,EVERY,64,0x5EA,all,,0.623,0.6042,0.6419,0.3893,0.373,0.4069,True,class=ELSEWHERE;class_late=ELSEWHERE;tags=
V0281,WI,W-I/out/traj_00c5d3b6.json,offsets[0].site_all,W-I/out/table_00c5d3b6.csv,3:reader,00c5d3b61fe3cac7,HOLD,c1_row,site_all,"S,E,r,Kp,Acc_sum,Acc_cnt,w",o0,0,EVERY,64,0x5EE,1..,,0.826,0.7884,0.8587,0.581,0.5305,0.6321,True,reader=X;phase=cue
V0282,WI,W-I/out/traj_00c5d3b6.json,offsets[0].joint,W-I/out/table_00c5d3b6.csv,3:reader,00c5d3b61fe3cac7,HOLD,c1_row,joint,"S,E,r,Kp,Acc_sum,Acc_cnt,w,Msum,Mcnt",o0,0,EVERY,64,0x5EE,1..,,0.826,0.7884,0.8587,0.581,0.5305,0.6321,True,reader=X;phase=cue
V0283,WI,W-I/out/traj_00c5d3b6.json,offsets[0].S,W-I/out/table_00c5d3b6.csv,3:sub_chance,00c5d3b61fe3cac7,HOLD,c1_row,S,S,o0,0,EVERY,64,0x5EE,1..,,0.826,0.7884,0.8587,0.5781,0.5263,0.6307,True,reader=X;phase=cue
V0284,WI,W-I/out/traj_0187372b.json,offsets[0].site_all,W-I/out/table_0187372b.csv,3:reader,0187372b391d9d4e,HOLD,c1_row,site_all,"S,E,r,Kp,Acc_sum,Acc_cnt,w",o0,0,EVERY,64,0x5EE,1..,,0.7642,0.642,0.8651,0.5462,0.5078,0.5874,True,reader=X;phase=cue
V0285,WI,W-I/out/traj_0187372b.json,offsets[0].joint,W-I/out/table_0187372b.csv,3:reader,0187372b391d9d4e,HOLD,c1_row,joint,"S,E,r,Kp,Acc_sum,Acc_cnt,w,Msum,Mcnt",o0,0,EVERY,64,0x5EE,1..,,0.7642,0.642,0.8651,0.5376,0.4986,0.5795,True,reader=X;phase=cue
V0286,WI,W-I/out/traj_0187372b.json,offsets[0].S,W-I/out/table_0187372b.csv,3:sub_chance,0187372b391d9d4e,HOLD,c1_row,S,S,o0,0,EVERY,64,0x5EE,1..,,0.7642,0.642,0.8651,0.5462,0.5078,0.5874,True,reader=X;phase=cue
V0287,WI,W-I/out/traj_13127335.json,offsets[0].site_all,W-I/out/table_13127335.csv,3:reader,13127335562d8595,HOLD,c1_row,site_all,"S,E,r,Kp,Acc_sum,Acc_cnt,w",o0,0,EVERY,64,0x5EE,1..,,0.9205,0.8864,0.9517,0.6058,0.5504,0.6605,True,reader=X;phase=cue
V0288,WI,W-I/out/traj_13127335.json,offsets[0].joint,W-I/out/table_13127335.csv,3:reader,13127335562d8595,HOLD,c1_row,joint,"S,E,r,Kp,Acc_sum,Acc_cnt,w,Msum,Mcnt",o0,0,EVERY,64,0x5EE,1..,,0.9205,0.8864,0.9517,0.6058,0.5504,0.6605,True,reader=X;phase=cue
V0289,WI,W-I/out/traj_13127335.json,offsets[0].S,W-I/out/table_13127335.csv,3:sub_chance,13127335562d8595,HOLD,c1_row,S,S,o0,0,EVERY,64,0x5EE,1..,,0.9205,0.8864,0.9517,0.6058,0.5504,0.6605,True,reader=X;phase=cue
V0290,WI,W-I/out/traj_1c0a1bc7.json,offsets[0].site_all,W-I/out/table_1c0a1bc7.csv,3:reader,1c0a1bc76d7a69dc,HOLD,c1_row,site_all,"S,E,r,Kp,Acc_sum,Acc_cnt,w",o0,0,EVERY,64,0x5EE,1..,,0.8835,0.8572,0.9077,0.657,0.6307,0.6818,True,reader=X;phase=cue
V0291,WI,W-I/out/traj_1c0a1bc7.json,offsets[0].joint,W-I/out/table_1c0a1bc7.csv,3:reader,1c0a1bc76d7a69dc,HOLD,c1_row,joint,"S,E,r,Kp,Acc_sum,Acc_cnt,w,Msum,Mcnt",o0,0,EVERY,64,0x5EE,1..,,0.8835,0.8572,0.9077,0.6591,0.6321,0.6832,True,reader=X;phase=cue
V0292,WI,W-I/out/traj_1c0a1bc7.json,offsets[0].S,W-I/out/table_1c0a1bc7.csv,3:sub_chance,1c0a1bc76d7a69dc,HOLD,c1_row,S,S,o0,0,EVERY,64,0x5EE,1..,,0.8835,0.8572,0.9077,0.6562,0.6293,0.6804,True,reader=X;phase=cue
V0293,WI,W-I/out/traj_2dccdaa5.json,offsets[0].channel_all,W-I/out/table_2dccdaa5.csv,3:reader,2dccdaa5eb8ffa0e,RELAY,c1_row,channel_all,"Msum,Mcnt",o0,0,EVERY,64,0x5EE,1..,,0.7997,0.767,0.831,0.6065,0.5696,0.6406,True,reader=X;phase=cue
V0294,WI,W-I/out/traj_2dccdaa5.json,offsets[0].joint,W-I/out/table_2dccdaa5.csv,3:reader,2dccdaa5eb8ffa0e,RELAY,c1_row,joint,"S,E,r,Kp,Acc_sum,Acc_cnt,w,Msum,Mcnt",o0,0,EVERY,64,0x5EE,1..,,0.7997,0.767,0.831,0.6065,0.5696,0.6406,True,reader=X;phase=cue
V0295,WI,W-I/out/traj_2dccdaa5.json,offsets[0].channel_content,W-I/out/table_2dccdaa5.csv,3:sub_chance,2dccdaa5eb8ffa0e,RELAY,c1_row,channel_content,Msum,o0,0,EVERY,64,0x5EE,1..,,0.7997,0.767,0.831,0.6065,0.5696,0.6406,True,reader=X;phase=cue
V0296,WI,W-I/out/traj_2dccdaa5.json,offsets[5].site_all,W-I/out/table_2dccdaa5.csv,8:reader,2dccdaa5eb8ffa0e,RELAY,c1_row,site_all,"S,E,r,Kp,Acc_sum,Acc_cnt,w",o5,5,EVERY,64,0x5EE,1..,,0.7997,0.767,0.831,0.4219,0.3736,0.4744,True,reader=M;phase=int
V0297,WI,W-I/out/traj_2dccdaa5.json,offsets[5].channel_all,W-I/out/table_2dccdaa5.csv,8:reader,2dccdaa5eb8ffa0e,RELAY,c1_row,channel_all,"Msum,Mcnt",o5,5,EVERY,64,0x5EE,1..,,0.7997,0.767,0.831,0.5781,0.5256,0.6264,True,reader=M;phase=int
V0298,WI,W-I/out/traj_2dccdaa5.json,offsets[5].S,W-I/out/table_2dccdaa5.csv,8:sub_chance,2dccdaa5eb8ffa0e,RELAY,c1_row,S,S,o5,5,EVERY,64,0x5EE,1..,,0.7997,0.767,0.831,0.6151,0.5682,0.6605,True,reader=M;phase=int
V0299,WI,W-I/out/traj_2dccdaa5.json,offsets[5].inbox,W-I/out/table_2dccdaa5.csv,8:sub_chance,2dccdaa5eb8ffa0e,RELAY,c1_row,inbox,"Acc_sum,Acc_cnt",o5,5,EVERY,64,0x5EE,1..,,0.7997,0.767,0.831,0.6065,0.5696,0.6406,True,reader=M;phase=int
V0300,WI,W-I/out/traj_2dccdaa5.json,offsets[5].channel_content,W-I/out/table_2dccdaa5.csv,8:sub_chance,2dccdaa5eb8ffa0e,RELAY,c1_row,channel_content,Msum,o5,5,EVERY,64,0x5EE,1..,,0.7997,0.767,0.831,0.5781,0.5256,0.6264,True,reader=M;phase=int
V0301,WI,W-I/out/traj_2dccdaa5.json,offsets[6].S,W-I/out/table_2dccdaa5.csv,9:sub_chance,2dccdaa5eb8ffa0e,RELAY,c1_row,S,S,o6,6,EVERY,64,0x5EE,1..,,0.7997,0.767,0.831,0.4219,0.3736,0.4744,True,reader=S;phase=int
V0302,WI,W-I/out/traj_2dccdaa5.json,offsets[6].inbox,W-I/out/table_2dccdaa5.csv,9:sub_chance,2dccdaa5eb8ffa0e,RELAY,c1_row,inbox,"Acc_sum,Acc_cnt",o6,6,EVERY,64,0x5EE,1..,,0.7997,0.767,0.831,0.5781,0.5256,0.6264,True,reader=S;phase=int
V0303,WI,W-I/out/traj_31cd2a8a.json,offsets[0].site_all,W-I/out/table_31cd2a8a.csv,3:reader,31cd2a8a9b572a50,RELAY,c1_row,site_all,"S,E,r,Kp,Acc_sum,Acc_cnt,w",o0,0,EVERY,64,0x5EE,1..,,0.9034,0.8778,0.9247,0.5284,0.5043,0.5568,True,reader=X;phase=cue
V0304,WI,W-I/out/traj_31cd2a8a.json,offsets[0].joint,W-I/out/table_31cd2a8a.csv,3:reader,31cd2a8a9b572a50,RELAY,c1_row,joint,"S,E,r,Kp,Acc_sum,Acc_cnt,w,Msum,Mcnt",o0,0,EVERY,64,0x5EE,1..,,0.9034,0.8778,0.9247,0.5284,0.5043,0.5568,True,reader=X;phase=cue
V0305,WI,W-I/out/traj_31cd2a8a.json,offsets[0].S,W-I/out/table_31cd2a8a.csv,3:sub_chance,31cd2a8a9b572a50,RELAY,c1_row,S,S,o0,0,EVERY,64,0x5EE,1..,,0.9034,0.8778,0.9247,0.5284,0.5043,0.5568,True,reader=X;phase=cue
V0306,WI,W-I/out/traj_31cd2a8a.json,offsets[1].channel_all,W-I/out/table_31cd2a8a.csv,4:reader,31cd2a8a9b572a50,RELAY,c1_row,channel_all,"Msum,Mcnt",o1,1,EVERY,64,0x5EE,1..,,0.9034,0.8778,0.9247,0.7003,0.6577,0.7429,True,reader=S;phase=int
V0307,WI,W-I/out/traj_31cd2a8a.json,offsets[1].channel_content,W-I/out/table_31cd2a8a.csv,4:sub_chance,31cd2a8a9b572a50,RELAY,c1_row,channel_content,Msum,o1,1,EVERY,64,0x5EE,1..,,0.9034,0.8778,0.9247,0.7003,0.6577,0.7429,True,reader=S;phase=int
V0308,WI,W-I/out/traj_31cd2a8a.json,offsets[2].site_all,W-I/out/table_31cd2a8a.csv,5:reader,31cd2a8a9b572a50,RELAY,c1_row,site_all,"S,E,r,Kp,Acc_sum,Acc_cnt,w",o2,2,EVERY,64,0x5EE,1..,,0.9034,0.8778,0.9247,0.4815,0.4418,0.5256,True,reader=J;phase=int
V0309,WI,W-I/out/traj_31cd2a8a.json,offsets[2].channel_all,W-I/out/table_31cd2a8a.csv,5:reader,31cd2a8a9b572a50,RELAY,c1_row,channel_all,"Msum,Mcnt",o2,2,EVERY,64,0x5EE,1..,,0.9034,0.8778,0.9247,0.5185,0.4744,0.5582,True,reader=J;phase=int
V0310,WI,W-I/out/traj_31cd2a8a.json,offsets[2].S,W-I/out/table_31cd2a8a.csv,5:sub_chance,31cd2a8a9b572a50,RELAY,c1_row,S,S,o2,2,EVERY,64,0x5EE,1..,,0.9034,0.8778,0.9247,0.4815,0.4418,0.5256,True,reader=J;phase=int
V0311,WI,W-I/out/traj_31cd2a8a.json,offsets[2].channel_content,W-I/out/table_31cd2a8a.csv,5:sub_chance,31cd2a8a9b572a50,RELAY,c1_row,channel_content,Msum,o2,2,EVERY,64,0x5EE,1..,,0.9034,0.8778,0.9247,0.5185,0.4744,0.5582,True,reader=J;phase=int
V0312,WI,W-I/out/traj_31cd2a8a.json,offsets[3].site_all,W-I/out/table_31cd2a8a.csv,6:reader,31cd2a8a9b572a50,RELAY,c1_row,site_all,"S,E,r,Kp,Acc_sum,Acc_cnt,w",o3,3,EVERY,64,0x5EE,1..,,0.9034,0.8778,0.9247,0.7102,0.6747,0.7486,True,reader=C;phase=int
V0313,WI,W-I/out/traj_31cd2a8a.json,offsets[3].S,W-I/out/table_31cd2a8a.csv,6:sub_chance,31cd2a8a9b572a50,RELAY,c1_row,S,S,o3,3,EVERY,64,0x5EE,1..,,0.9034,0.8778,0.9247,0.7102,0.6747,0.7486,True,reader=C;phase=int
V0314,WI,W-I/out/traj_31cd2a8a.json,offsets[6].site_all,W-I/out/table_31cd2a8a.csv,9:reader,31cd2a8a9b572a50,RELAY,c1_row,site_all,"S,E,r,Kp,Acc_sum,Acc_cnt,w",o6,6,EVERY,64,0x5EE,1..,,0.9034,0.8778,0.9247,0.7003,0.6577,0.7429,True,reader=C;phase=int
V0315,WI,W-I/out/traj_31cd2a8a.json,offsets[6].inbox,W-I/out/table_31cd2a8a.csv,9:sub_chance,31cd2a8a9b572a50,RELAY,c1_row,inbox,"Acc_sum,Acc_cnt",o6,6,EVERY,64,0x5EE,1..,,0.9034,0.8778,0.9247,0.7003,0.6577,0.7429,True,reader=C;phase=int
V0316,WI,W-I/out/traj_31cd2a8a.json,offsets[7].channel_all,W-I/out/table_31cd2a8a.csv,10:reader,31cd2a8a9b572a50,RELAY,c1_row,channel_all,"Msum,Mcnt",o7,7,EVERY,64,0x5EE,1..,,0.9034,0.8778,0.9247,0.7102,0.6747,0.7486,True,reader=S;phase=int
V0317,WI,W-I/out/traj_31cd2a8a.json,offsets[7].S,W-I/out/table_31cd2a8a.csv,10:sub_chance,31cd2a8a9b572a50,RELAY,c1_row,S,S,o7,7,EVERY,64,0x5EE,1..,,0.9034,0.8778,0.9247,0.4716,0.4432,0.4957,True,reader=S;phase=int
V0318,WI,W-I/out/traj_31cd2a8a.json,offsets[7].inbox,W-I/out/table_31cd2a8a.csv,10:sub_chance,31cd2a8a9b572a50,RELAY,c1_row,inbox,"Acc_sum,Acc_cnt",o7,7,EVERY,64,0x5EE,1..,,0.9034,0.8778,0.9247,0.7216,0.6889,0.7528,True,reader=S;phase=int
V0319,WI,W-I/out/traj_31cd2a8a.json,offsets[7].channel_content,W-I/out/table_31cd2a8a.csv,10:sub_chance,31cd2a8a9b572a50,RELAY,c1_row,channel_content,Msum,o7,7,EVERY,64,0x5EE,1..,,0.9034,0.8778,0.9247,0.7102,0.6747,0.7486,True,reader=S;phase=int
V0320,WI,W-I/out/traj_35c721fd.json,offsets[0].channel_all,W-I/out/table_35c721fd.csv,3:reader,35c721fddb88f2d2,RELAY,c1_row,channel_all,"Msum,Mcnt",o0,0,EVERY,64,0x5EE,1..,,0.8267,0.7301,0.9091,0.5341,0.5114,0.554,True,reader=X;phase=cue
V0321,WI,W-I/out/traj_35c721fd.json,offsets[0].joint,W-I/out/table_35c721fd.csv,3:reader,35c721fddb88f2d2,RELAY,c1_row,joint,"S,E,r,Kp,Acc_sum,Acc_cnt,w,Msum,Mcnt",o0,0,EVERY,64,0x5EE,1..,,0.8267,0.7301,0.9091,0.5341,0.5114,0.554,True,reader=X;phase=cue
V0322,WI,W-I/out/traj_35c721fd.json,offsets[0].channel_content,W-I/out/table_35c721fd.csv,3:sub_chance,35c721fddb88f2d2,RELAY,c1_row,channel_content,Msum,o0,0,EVERY,64,0x5EE,1..,,0.8267,0.7301,0.9091,0.5341,0.5114,0.554,True,reader=X;phase=cue
V0323,WI,W-I/out/traj_35c721fd.json,offsets[5].S,W-I/out/table_35c721fd.csv,8:sub_chance,35c721fddb88f2d2,RELAY,c1_row,S,S,o5,5,EVERY,64,0x5EE,1..,,0.8267,0.7301,0.9091,0.4659,0.446,0.4886,True,reader=S;phase=int
V0324,WI,W-I/out/traj_35c721fd.json,offsets[5].inbox,W-I/out/table_35c721fd.csv,8:sub_chance,35c721fddb88f2d2,RELAY,c1_row,inbox,"Acc_sum,Acc_cnt",o5,5,EVERY,64,0x5EE,1..,,0.8267,0.7301,0.9091,0.5341,0.5114,0.554,True,reader=S;phase=int
V0325,WI,W-I/out/traj_369f5a5b.json,offsets[0].site_all,W-I/out/table_369f5a5b.csv,3:reader,369f5a5b745eb592,RELAY,c1_row,site_all,"S,E,r,Kp,Acc_sum,Acc_cnt,w",o0,0,EVERY,64,0x5EE,1..,,0.6768,0.6413,0.7088,0.5874,0.5398,0.6371,True,reader=X;phase=cue
V0326,WI,W-I/out/traj_369f5a5b.json,offsets[0].joint,W-I/out/table_369f5a5b.csv,3:reader,369f5a5b745eb592,RELAY,c1_row,joint,"S,E,r,Kp,Acc_sum,Acc_cnt,w,Msum,Mcnt",o0,0,EVERY,64,0x5EE,1..,,0.6768,0.6413,0.7088,0.5824,0.5334,0.625,True,reader=X;phase=cue
V0327,WI,W-I/out/traj_369f5a5b.json,offsets[0].S,W-I/out/table_369f5a5b.csv,3:sub_chance,369f5a5b745eb592,RELAY,c1_row,S,S,o0,0,EVERY,64,0x5EE,1..,,0.6768,0.6413,0.7088,0.5653,0.5163,0.6179,True,reader=X;phase=cue
V0328,WI,W-I/out/traj_369f5a5b.json,offsets[1].S,W-I/out/table_369f5a5b.csv,4:sub_chance,369f5a5b745eb592,RELAY,c1_row,S,S,o1,1,EVERY,64,0x5EE,1..,,0.6768,0.6413,0.7088,0.4062,0.3672,0.4446,True,reader=S;phase=int
V0329,WI,W-I/out/traj_369f5a5b.json,offsets[2].site_all,W-I/out/table_369f5a5b.csv,5:reader,369f5a5b745eb592,RELAY,c1_row,site_all,"S,E,r,Kp,Acc_sum,Acc_cnt,w",o2,2,EVERY,64,0x5EE,1..,,0.6768,0.6413,0.7088,0.3892,0.348,0.4261,True,reader=J;phase=int
V0330,WI,W-I/out/traj_369f5a5b.json,offsets[2].S,W-I/out/table_369f5a5b.csv,5:sub_chance,369f5a5b745eb592,RELAY,c1_row,S,S,o2,2,EVERY,64,0x5EE,1..,,0.6768,0.6413,0.7088,0.4254,0.3871,0.4638,True,reader=J;phase=int
V0331,WI,W-I/out/traj_369f5a5b.json,offsets[2].channel_content,W-I/out/table_369f5a5b.csv,5:sub_chance,369f5a5b745eb592,RELAY,c1_row,channel_content,Msum,o2,2,EVERY,64,0x5EE,1..,,0.6768,0.6413,0.7088,0.62,0.5732,0.6626,True,reader=J;phase=int
V0332,WI,W-I/out/traj_369f5a5b.json,offsets[3].site_all,W-I/out/table_369f5a5b.csv,6:reader,369f5a5b745eb592,RELAY,c1_row,site_all,"S,E,r,Kp,Acc_sum,Acc_cnt,w",o3,3,EVERY,64,0x5EE,1..,,0.6768,0.6413,0.7088,0.4013,0.3558,0.4467,True,reader=J;phase=int
V0333,WI,W-I/out/traj_369f5a5b.json,offsets[3].channel_all,W-I/out/table_369f5a5b.csv,6:reader,369f5a5b745eb592,RELAY,c1_row,channel_all,"Msum,Mcnt",o3,3,EVERY,64,0x5EE,1..,,0.6768,0.6413,0.7088,0.5753,0.5312,0.6136,True,reader=J;phase=int
V0334,WI,W-I/out/traj_369f5a5b.json,offsets[3].S,W-I/out/table_369f5a5b.csv,6:sub_chance,369f5a5b745eb592,RELAY,c1_row,S,S,o3,3,EVERY,64,0x5EE,1..,,0.6768,0.6413,0.7088,0.4389,0.3977,0.483,True,reader=J;phase=int
V0335,WI,W-I/out/traj_369f5a5b.json,offsets[3].channel_content,W-I/out/table_369f5a5b.csv,6:sub_chance,369f5a5b745eb592,RELAY,c1_row,channel_content,Msum,o3,3,EVERY,64,0x5EE,1..,,0.6768,0.6413,0.7088,0.6271,0.5838,0.6726,True,reader=J;phase=int
V0336,WI,W-I/out/traj_369f5a5b.json,offsets[4].site_all,W-I/out/table_369f5a5b.csv,7:reader,369f5a5b745eb592,RELAY,c1_row,site_all,"S,E,r,Kp,Acc_sum,Acc_cnt,w",o4,4,EVERY,64,0x5EE,1..,,0.6768,0.6413,0.7088,0.4531,0.4098,0.4972,True,reader=J;phase=int
V0337,WI,W-I/out/traj_369f5a5b.json,offsets[4].channel_all,W-I/out/table_369f5a5b.csv,7:reader,369f5a5b745eb592,RELAY,c1_row,channel_all,"Msum,Mcnt",o4,4,EVERY,64,0x5EE,1..,,0.6768,0.6413,0.7088,0.5682,0.5419,0.5952,True,reader=J;phase=int
V0338,WI,W-I/out/traj_369f5a5b.json,offsets[4].S,W-I/out/table_369f5a5b.csv,7:sub_chance,369f5a5b745eb592,RELAY,c1_row,S,S,o4,4,EVERY,64,0x5EE,1..,,0.6768,0.6413,0.7088,0.4645,0.4339,0.4964,True,reader=J;phase=int
V0339,WI,W-I/out/traj_369f5a5b.json,offsets[4].channel_content,W-I/out/table_369f5a5b.csv,7:sub_chance,369f5a5b745eb592,RELAY,c1_row,channel_content,Msum,o4,4,EVERY,64,0x5EE,1..,,0.6768,0.6413,0.7088,0.6115,0.5774,0.6456,True,reader=J;phase=int
V0340,WI,W-I/out/traj_369f5a5b.json,offsets[5].site_all,W-I/out/table_369f5a5b.csv,8:reader,369f5a5b745eb592,RELAY,c1_row,site_all,"S,E,r,Kp,Acc_sum,Acc_cnt,w",o5,5,EVERY,64,0x5EE,1..,,0.6768,0.6413,0.7088,0.4375,0.4048,0.4716,True,reader=J;phase=int
V0341,WI,W-I/out/traj_369f5a5b.json,offsets[5].channel_all,W-I/out/table_369f5a5b.csv,8:reader,369f5a5b745eb592,RELAY,c1_row,channel_all,"Msum,Mcnt",o5,5,EVERY,64,0x5EE,1..,,0.6768,0.6413,0.7088,0.5618,0.5234,0.6001,True,reader=J;phase=int
V0342,WI,W-I/out/traj_369f5a5b.json,offsets[5].S,W-I/out/table_369f5a5b.csv,8:sub_chance,369f5a5b745eb592,RELAY,c1_row,S,S,o5,5,EVERY,64,0x5EE,1..,,0.6768,0.6413,0.7088,0.4389,0.4027,0.4737,True,reader=J;phase=int
V0343,WI,W-I/out/traj_369f5a5b.json,offsets[5].channel_content,W-I/out/table_369f5a5b.csv,8:sub_chance,369f5a5b745eb592,RELAY,c1_row,channel_content,Msum,o5,5,EVERY,64,0x5EE,1..,,0.6768,0.6413,0.7088,0.6016,0.5625,0.6392,True,reader=J;phase=int
V0344,WI,W-I/out/traj_369f5a5b.json,offsets[6].site_all,W-I/out/table_369f5a5b.csv,9:reader,369f5a5b745eb592,RELAY,c1_row,site_all,"S,E,r,Kp,Acc_sum,Acc_cnt,w",o6,6,EVERY,64,0x5EE,1..,,0.6768,0.6413,0.7088,0.4389,0.4105,0.4695,True,reader=J;phase=int
V0345,WI,W-I/out/traj_369f5a5b.json,offsets[6].channel_all,W-I/out/table_369f5a5b.csv,9:reader,369f5a5b745eb592,RELAY,c1_row,channel_all,"Msum,Mcnt",o6,6,EVERY,64,0x5EE,1..,,0.6768,0.6413,0.7088,0.5675,0.527,0.6158,True,reader=J;phase=int
V0346,WI,W-I/out/traj_369f5a5b.json,offsets[6].S,W-I/out/table_369f5a5b.csv,9:sub_chance,369f5a5b745eb592,RELAY,c1_row,S,S,o6,6,EVERY,64,0x5EE,1..,,0.6768,0.6413,0.7088,0.4652,0.4318,0.4922,True,reader=J;phase=int
V0347,WI,W-I/out/traj_369f5a5b.json,offsets[6].channel_content,W-I/out/table_369f5a5b.csv,9:sub_chance,369f5a5b745eb592,RELAY,c1_row,channel_content,Msum,o6,6,EVERY,64,0x5EE,1..,,0.6768,0.6413,0.7088,0.5881,0.554,0.6214,True,reader=J;phase=int
V0348,WI,W-I/out/traj_369f5a5b.json,offsets[7].site_all,W-I/out/table_369f5a5b.csv,10:reader,369f5a5b745eb592,RELAY,c1_row,site_all,"S,E,r,Kp,Acc_sum,Acc_cnt,w",o7,7,EVERY,64,0x5EE,1..,,0.6768,0.6413,0.7088,0.4432,0.4141,0.473,True,reader=J;phase=int
V0349,WI,W-I/out/traj_369f5a5b.json,offsets[7].channel_all,W-I/out/table_369f5a5b.csv,10:reader,369f5a5b745eb592,RELAY,c1_row,channel_all,"Msum,Mcnt",o7,7,EVERY,64,0x5EE,1..,,0.6768,0.6413,0.7088,0.5533,0.5114,0.5959,True,reader=J;phase=int
V0350,WI,W-I/out/traj_369f5a5b.json,offsets[7].S,W-I/out/table_369f5a5b.csv,10:sub_chance,369f5a5b745eb592,RELAY,c1_row,S,S,o7,7,EVERY,64,0x5EE,1..,,0.6768,0.6413,0.7088,0.4638,0.4318,0.4965,True,reader=J;phase=int
V0351,WI,W-I/out/traj_369f5a5b.json,offsets[7].channel_content,W-I/out/table_369f5a5b.csv,10:sub_chance,369f5a5b745eb592,RELAY,c1_row,channel_content,Msum,o7,7,EVERY,64,0x5EE,1..,,0.6768,0.6413,0.7088,0.5902,0.5455,0.6371,True,reader=J;phase=int
V0352,WI,W-I/out/traj_369f5a5b.json,offsets[8].site_all,W-I/out/table_369f5a5b.csv,11:reader,369f5a5b745eb592,RELAY,c1_row,site_all,"S,E,r,Kp,Acc_sum,Acc_cnt,w",o8,8,EVERY,64,0x5EE,1..,,0.6768,0.6413,0.7088,0.4304,0.3913,0.4666,True,reader=J;phase=int
V0353,WI,W-I/out/traj_369f5a5b.json,offsets[8].channel_all,W-I/out/table_369f5a5b.csv,11:reader,369f5a5b745eb592,RELAY,c1_row,channel_all,"Msum,Mcnt",o8,8,EVERY,64,0x5EE,1..,,0.6768,0.6413,0.7088,0.5568,0.517,0.6009,True,reader=J;phase=int
V0354,WI,W-I/out/traj_369f5a5b.json,offsets[8].S,W-I/out/table_369f5a5b.csv,11:sub_chance,369f5a5b745eb592,RELAY,c1_row,S,S,o8,8,EVERY,64,0x5EE,1..,,0.6768,0.6413,0.7088,0.4702,0.4325,0.5028,True,reader=J;phase=int
V0355,WI,W-I/out/traj_369f5a5b.json,offsets[8].channel_content,W-I/out/table_369f5a5b.csv,11:sub_chance,369f5a5b745eb592,RELAY,c1_row,channel_content,Msum,o8,8,EVERY,64,0x5EE,1..,,0.6768,0.6413,0.7088,0.5923,0.5547,0.6271,True,reader=J;phase=int
V0356,WI,W-I/out/traj_369f5a5b.json,offsets[9].site_all,W-I/out/table_369f5a5b.csv,12:reader,369f5a5b745eb592,RELAY,c1_row,site_all,"S,E,r,Kp,Acc_sum,Acc_cnt,w",o9,9,EVERY,64,0x5EE,1..,,0.6768,0.6413,0.7088,0.4347,0.3913,0.4716,True,reader=J;phase=int
V0357,WI,W-I/out/traj_369f5a5b.json,offsets[9].channel_all,W-I/out/table_369f5a5b.csv,12:reader,369f5a5b745eb592,RELAY,c1_row,channel_all,"Msum,Mcnt",o9,9,EVERY,64,0x5EE,1..,,0.6768,0.6413,0.7088,0.5597,0.5213,0.5959,True,reader=J;phase=int
V0358,WI,W-I/out/traj_369f5a5b.json,offsets[9].S,W-I/out/table_369f5a5b.csv,12:sub_chance,369f5a5b745eb592,RELAY,c1_row,S,S,o9,9,EVERY,64,0x5EE,1..,,0.6768,0.6413,0.7088,0.4624,0.4162,0.5028,True,reader=J;phase=int
V0359,WI,W-I/out/traj_369f5a5b.json,offsets[9].channel_content,W-I/out/table_369f5a5b.csv,12:sub_chance,369f5a5b745eb592,RELAY,c1_row,channel_content,Msum,o9,9,EVERY,64,0x5EE,1..,,0.6768,0.6413,0.7088,0.5732,0.5334,0.6179,True,reader=J;phase=int
V0360,WI,W-I/out/traj_369f5a5b.json,offsets[10].site_all,W-I/out/table_369f5a5b.csv,13:reader,369f5a5b745eb592,RELAY,c1_row,site_all,"S,E,r,Kp,Acc_sum,Acc_cnt,w",o10,10,EVERY,64,0x5EE,1..,,0.6768,0.6413,0.7088,0.4425,0.3999,0.4893,True,reader=J;phase=int
V0361,WI,W-I/out/traj_369f5a5b.json,offsets[10].channel_all,W-I/out/table_369f5a5b.csv,13:reader,369f5a5b745eb592,RELAY,c1_row,channel_all,"Msum,Mcnt",o10,10,EVERY,64,0x5EE,1..,,0.6768,0.6413,0.7088,0.5618,0.5241,0.6023,True,reader=J;phase=int
V0362,WI,W-I/out/traj_369f5a5b.json,offsets[10].S,W-I/out/table_369f5a5b.csv,13:sub_chance,369f5a5b745eb592,RELAY,c1_row,S,S,o10,10,EVERY,64,0x5EE,1..,,0.6768,0.6413,0.7088,0.4553,0.4169,0.495,True,reader=J;phase=int
V0363,WI,W-I/out/traj_369f5a5b.json,offsets[10].channel_content,W-I/out/table_369f5a5b.csv,13:sub_chance,369f5a5b745eb592,RELAY,c1_row,channel_content,Msum,o10,10,EVERY,64,0x5EE,1..,,0.6768,0.6413,0.7088,0.5746,0.5298,0.6179,True,reader=J;phase=int
V0364,WI,W-I/out/traj_369f5a5b.json,offsets[11].site_all,W-I/out/table_369f5a5b.csv,14:reader,369f5a5b745eb592,RELAY,c1_row,site_all,"S,E,r,Kp,Acc_sum,Acc_cnt,w",o11,11,EVERY,64,0x5EE,1..,,0.6768,0.6413,0.7088,0.4062,0.3636,0.4474,True,reader=J;phase=int
V0365,WI,W-I/out/traj_369f5a5b.json,offsets[11].channel_all,W-I/out/table_369f5a5b.csv,14:reader,369f5a5b745eb592,RELAY,c1_row,channel_all,"Msum,Mcnt",o11,11,EVERY,64,0x5EE,1..,,0.6768,0.6413,0.7088,0.5689,0.5305,0.6101,True,reader=J;phase=int
V0366,WI,W-I/out/traj_369f5a5b.json,offsets[11].S,W-I/out/table_369f5a5b.csv,14:sub_chance,369f5a5b745eb592,RELAY,c1_row,S,S,o11,11,EVERY,64,0x5EE,1..,,0.6768,0.6413,0.7088,0.4503,0.407,0.4915,True,reader=J;phase=int
V0367,WI,W-I/out/traj_369f5a5b.json,offsets[11].channel_content,W-I/out/table_369f5a5b.csv,14:sub_chance,369f5a5b745eb592,RELAY,c1_row,channel_content,Msum,o11,11,EVERY,64,0x5EE,1..,,0.6768,0.6413,0.7088,0.5639,0.5206,0.6051,True,reader=J;phase=int
V0368,WI,W-I/out/traj_369f5a5b.json,offsets[12].site_all,W-I/out/table_369f5a5b.csv,15:reader,369f5a5b745eb592,RELAY,c1_row,site_all,"S,E,r,Kp,Acc_sum,Acc_cnt,w",o12,12,EVERY,64,0x5EE,1..,,0.6768,0.6413,0.7088,0.3999,0.3565,0.4467,True,reader=J;phase=int
V0369,WI,W-I/out/traj_369f5a5b.json,offsets[12].channel_all,W-I/out/table_369f5a5b.csv,15:reader,369f5a5b745eb592,RELAY,c1_row,channel_all,"Msum,Mcnt",o12,12,EVERY,64,0x5EE,1..,,0.6768,0.6413,0.7088,0.581,0.5405,0.6172,True,reader=J;phase=int
V0370,WI,W-I/out/traj_369f5a5b.json,offsets[12].S,W-I/out/table_369f5a5b.csv,15:sub_chance,369f5a5b745eb592,RELAY,c1_row,S,S,o12,12,EVERY,64,0x5EE,1..,,0.6768,0.6413,0.7088,0.424,0.3849,0.4624,True,reader=J;phase=int
V0371,WI,W-I/out/traj_369f5a5b.json,offsets[12].channel_content,W-I/out/table_369f5a5b.csv,15:sub_chance,369f5a5b745eb592,RELAY,c1_row,channel_content,Msum,o12,12,EVERY,64,0x5EE,1..,,0.6768,0.6413,0.7088,0.5881,0.5518,0.625,True,reader=J;phase=int
V0372,WI,W-I/out/traj_369f5a5b.json,offsets[13].site_all,W-I/out/table_369f5a5b.csv,16:reader,369f5a5b745eb592,RELAY,c1_row,site_all,"S,E,r,Kp,Acc_sum,Acc_cnt,w",o13,13,EVERY,64,0x5EE,1..,,0.6768,0.6413,0.7088,0.38,0.3409,0.419,True,reader=J;phase=int
V0373,WI,W-I/out/traj_369f5a5b.json,offsets[13].channel_all,W-I/out/table_369f5a5b.csv,16:reader,369f5a5b745eb592,RELAY,c1_row,channel_all,"Msum,Mcnt",o13,13,EVERY,64,0x5EE,1..,,0.6768,0.6413,0.7088,0.5803,0.5447,0.6129,True,reader=J;phase=int
V0374,WI,W-I/out/traj_369f5a5b.json,offsets[13].S,W-I/out/table_369f5a5b.csv,16:sub_chance,369f5a5b745eb592,RELAY,c1_row,S,S,o13,13,EVERY,64,0x5EE,1..,,0.6768,0.6413,0.7088,0.4283,0.3928,0.4638,True,reader=J;phase=int
V0375,WI,W-I/out/traj_369f5a5b.json,offsets[13].channel_content,W-I/out/table_369f5a5b.csv,16:sub_chance,369f5a5b745eb592,RELAY,c1_row,channel_content,Msum,o13,13,EVERY,64,0x5EE,1..,,0.6768,0.6413,0.7088,0.62,0.5866,0.6506,True,reader=J;phase=int
V0376,WI,W-I/out/traj_369f5a5b.json,offsets[14].site_all,W-I/out/table_369f5a5b.csv,17:reader,369f5a5b745eb592,RELAY,c1_row,site_all,"S,E,r,Kp,Acc_sum,Acc_cnt,w",o14,14,EVERY,64,0x5EE,1..,,0.6768,0.6413,0.7088,0.4034,0.3643,0.4389,True,reader=J;phase=int
V0377,WI,W-I/out/traj_369f5a5b.json,offsets[14].channel_all,W-I/out/table_369f5a5b.csv,17:reader,369f5a5b745eb592,RELAY,c1_row,channel_all,"Msum,Mcnt",o14,14,EVERY,64,0x5EE,1..,,0.6768,0.6413,0.7088,0.6094,0.5689,0.647,True,reader=J;phase=int
V0378,WI,W-I/out/traj_369f5a5b.json,offsets[14].S,W-I/out/table_369f5a5b.csv,17:sub_chance,369f5a5b745eb592,RELAY,c1_row,S,S,o14,14,EVERY,64,0x5EE,1..,,0.6768,0.6413,0.7088,0.3913,0.3509,0.4318,True,reader=J;phase=int
V0379,WI,W-I/out/traj_369f5a5b.json,offsets[14].channel_content,W-I/out/table_369f5a5b.csv,17:sub_chance,369f5a5b745eb592,RELAY,c1_row,channel_content,Msum,o14,14,EVERY,64,0x5EE,1..,,0.6768,0.6413,0.7088,0.6186,0.5795,0.6534,True,reader=J;phase=int
V0380,WI,W-I/out/traj_369f5a5b.json,offsets[15].site_all,W-I/out/table_369f5a5b.csv,18:reader,369f5a5b745eb592,RELAY,c1_row,site_all,"S,E,r,Kp,Acc_sum,Acc_cnt,w",o15,15,EVERY,64,0x5EE,1..,,0.6768,0.6413,0.7088,0.3672,0.3331,0.4006,True,reader=J;phase=int
V0381,WI,W-I/out/traj_369f5a5b.json,offsets[15].channel_all,W-I/out/table_369f5a5b.csv,18:reader,369f5a5b745eb592,RELAY,c1_row,channel_all,"Msum,Mcnt",o15,15,EVERY,64,0x5EE,1..,,0.6768,0.6413,0.7088,0.6179,0.5852,0.6477,True,reader=J;phase=int
V0382,WI,W-I/out/traj_369f5a5b.json,offsets[15].S,W-I/out/table_369f5a5b.csv,18:sub_chance,369f5a5b745eb592,RELAY,c1_row,S,S,o15,15,EVERY,64,0x5EE,1..,,0.6768,0.6413,0.7088,0.4055,0.3693,0.4382,True,reader=J;phase=int
V0383,WI,W-I/out/traj_42716814.json,offsets[0].channel_all,W-I/out/table_42716814.csv,3:reader,4271681452d29aee,RELAY,c1_row,channel_all,"Msum,Mcnt",o0,0,EVERY,64,0x5EE,1..,,0.63,0.5767,0.6861,0.4858,0.4432,0.5298,False,reader=?;phase=cue
V0384,WI,W-I/out/traj_42716814.json,offsets[0].joint,W-I/out/table_42716814.csv,3:reader,4271681452d29aee,RELAY,c1_row,joint,"S,E,r,Kp,Acc_sum,Acc_cnt,w,Msum,Mcnt",o0,0,EVERY,64,0x5EE,1..,,0.63,0.5767,0.6861,0.5085,0.4759,0.5412,False,reader=?;phase=cue
V0385,WI,W-I/out/traj_42716814.json,offsets[0].channel_count,W-I/out/table_42716814.csv,3:sub_chance,4271681452d29aee,RELAY,c1_row,channel_count,Mcnt,o0,0,EVERY,64,0x5EE,1..,,0.63,0.5767,0.6861,0.4858,0.4432,0.5298,False,reader=?;phase=cue
V0386,WI,W-I/out/traj_42716814.json,offsets[1].site_all,W-I/out/table_42716814.csv,4:reader,4271681452d29aee,RELAY,c1_row,site_all,"S,E,r,Kp,Acc_sum,Acc_cnt,w",o1,1,EVERY,64,0x5EE,1..,,0.63,0.5767,0.6861,0.5469,0.5028,0.598,False,reader=?;phase=int
V0387,WI,W-I/out/traj_42716814.json,offsets[1].channel_all,W-I/out/table_42716814.csv,4:reader,4271681452d29aee,RELAY,c1_row,channel_all,"Msum,Mcnt",o1,1,EVERY,64,0x5EE,1..,,0.63,0.5767,0.6861,0.4744,0.4332,0.517,False,reader=?;phase=int
V0388,WI,W-I/out/traj_42716814.json,offsets[1].channel_count,W-I/out/table_42716814.csv,4:sub_chance,4271681452d29aee,RELAY,c1_row,channel_count,Mcnt,o1,1,EVERY,64,0x5EE,1..,,0.63,0.5767,0.6861,0.4744,0.4332,0.517,False,reader=?;phase=int
V0389,WI,W-I/out/traj_42716814.json,offsets[1].r,W-I/out/table_42716814.csv,4:sub_chance,4271681452d29aee,RELAY,c1_row,r,r,o1,1,EVERY,64,0x5EE,1..,,0.63,0.5767,0.6861,0.5589,0.5213,0.5945,False,reader=?;phase=int
V0390,WI,W-I/out/traj_42716814.json,offsets[2].site_all,W-I/out/table_42716814.csv,5:reader,4271681452d29aee,RELAY,c1_row,site_all,"S,E,r,Kp,Acc_sum,Acc_cnt,w",o2,2,EVERY,64,0x5EE,1..,,0.63,0.5767,0.6861,0.5227,0.4844,0.5625,False,reader=?;phase=int
V0391,WI,W-I/out/traj_42716814.json,offsets[2].channel_all,W-I/out/table_42716814.csv,5:reader,4271681452d29aee,RELAY,c1_row,channel_all,"Msum,Mcnt",o2,2,EVERY,64,0x5EE,1..,,0.63,0.5767,0.6861,0.4702,0.429,0.517,False,reader=?;phase=int
V0392,WI,W-I/out/traj_42716814.json,offsets[2].S,W-I/out/table_42716814.csv,5:sub_chance,4271681452d29aee,RELAY,c1_row,S,S,o2,2,EVERY,64,0x5EE,1..,,0.63,0.5767,0.6861,0.5597,0.5199,0.598,False,reader=?;phase=int
V0393,WI,W-I/out/traj_42716814.json,offsets[2].channel_count,W-I/out/table_42716814.csv,5:sub_chance,4271681452d29aee,RELAY,c1_row,channel_count,Mcnt,o2,2,EVERY,64,0x5EE,1..,,0.63,0.5767,0.6861,0.4702,0.429,0.517,False,reader=?;phase=int
V0394,WI,W-I/out/traj_42716814.json,offsets[2].r,W-I/out/table_42716814.csv,5:sub_chance,4271681452d29aee,RELAY,c1_row,r,r,o2,2,EVERY,64,0x5EE,1..,,0.63,0.5767,0.6861,0.5199,0.4758,0.5611,False,reader=?;phase=int
V0395,WI,W-I/out/traj_42716814.json,offsets[3].site_all,W-I/out/table_42716814.csv,6:reader,4271681452d29aee,RELAY,c1_row,site_all,"S,E,r,Kp,Acc_sum,Acc_cnt,w",o3,3,EVERY,64,0x5EE,1..,,0.63,0.5767,0.6861,0.5341,0.4943,0.5724,False,reader=?;phase=int
V0396,WI,W-I/out/traj_42716814.json,offsets[3].channel_all,W-I/out/table_42716814.csv,6:reader,4271681452d29aee,RELAY,c1_row,channel_all,"Msum,Mcnt",o3,3,EVERY,64,0x5EE,1..,,0.63,0.5767,0.6861,0.4631,0.4176,0.51,False,reader=?;phase=int
V0397,WI,W-I/out/traj_42716814.json,offsets[3].channel_count,W-I/out/table_42716814.csv,6:sub_chance,4271681452d29aee,RELAY,c1_row,channel_count,Mcnt,o3,3,EVERY,64,0x5EE,1..,,0.63,0.5767,0.6861,0.4631,0.4176,0.51,False,reader=?;phase=int
V0398,WI,W-I/out/traj_42716814.json,offsets[3].r,W-I/out/table_42716814.csv,6:sub_chance,4271681452d29aee,RELAY,c1_row,r,r,o3,3,EVERY,64,0x5EE,1..,,0.63,0.5767,0.6861,0.5632,0.5263,0.6001,False,reader=?;phase=int
V0399,WI,W-I/out/traj_42716814.json,offsets[4].site_all,W-I/out/table_42716814.csv,7:reader,4271681452d29aee,RELAY,c1_row,site_all,"S,E,r,Kp,Acc_sum,Acc_cnt,w",o4,4,EVERY,64,0x5EE,1..,,0.63,0.5767,0.6861,0.5199,0.4815,0.5582,False,reader=?;phase=int
V0400,WI,W-I/out/traj_42716814.json,offsets[4].channel_all,W-I/out/table_42716814.csv,7:reader,4271681452d29aee,RELAY,c1_row,channel_all,"Msum,Mcnt",o4,4,EVERY,64,0x5EE,1..,,0.63,0.5767,0.6861,0.4886,0.4531,0.5241,False,reader=?;phase=int
V0401,WI,W-I/out/traj_42716814.json,offsets[4].S,W-I/out/table_42716814.csv,7:sub_chance,4271681452d29aee,RELAY,c1_row,S,S,o4,4,EVERY,64,0x5EE,1..,,0.63,0.5767,0.6861,0.5426,0.5043,0.581,False,reader=?;phase=int
V0402,WI,W-I/out/traj_42716814.json,offsets[4].channel_count,W-I/out/table_42716814.csv,7:sub_chance,4271681452d29aee,RELAY,c1_row,channel_count,Mcnt,o4,4,EVERY,64,0x5EE,1..,,0.63,0.5767,0.6861,0.4886,0.4531,0.5241,False,reader=?;phase=int
V0403,WI,W-I/out/traj_42716814.json,offsets[4].r,W-I/out/table_42716814.csv,7:sub_chance,4271681452d29aee,RELAY,c1_row,r,r,o4,4,EVERY,64,0x5EE,1..,,0.63,0.5767,0.6861,0.5213,0.4673,0.5725,False,reader=?;phase=int
V0404,WI,W-I/out/traj_42716814.json,offsets[5].site_all,W-I/out/table_42716814.csv,8:reader,4271681452d29aee,RELAY,c1_row,site_all,"S,E,r,Kp,Acc_sum,Acc_cnt,w",o5,5,EVERY,64,0x5EE,1..,,0.63,0.5767,0.6861,0.5199,0.4773,0.5611,False,reader=?;phase=int
V0405,WI,W-I/out/traj_42716814.json,offsets[5].channel_all,W-I/out/table_42716814.csv,8:reader,4271681452d29aee,RELAY,c1_row,channel_all,"Msum,Mcnt",o5,5,EVERY,64,0x5EE,1..,,0.63,0.5767,0.6861,0.5114,0.4759,0.5526,False,reader=?;phase=int
V0406,WI,W-I/out/traj_42716814.json,offsets[5].S,W-I/out/table_42716814.csv,8:sub_chance,4271681452d29aee,RELAY,c1_row,S,S,o5,5,EVERY,64,0x5EE,1..,,0.63,0.5767,0.6861,0.5227,0.4915,0.5526,False,reader=?;phase=int
V0407,WI,W-I/out/traj_42716814.json,offsets[5].channel_count,W-I/out/table_42716814.csv,8:sub_chance,4271681452d29aee,RELAY,c1_row,channel_count,Mcnt,o5,5,EVERY,64,0x5EE,1..,,0.63,0.5767,0.6861,0.5114,0.4759,0.5526,False,reader=?;phase=int
V0408,WI,W-I/out/traj_42716814.json,offsets[5].r,W-I/out/table_42716814.csv,8:sub_chance,4271681452d29aee,RELAY,c1_row,r,r,o5,5,EVERY,64,0x5EE,1..,,0.63,0.5767,0.6861,0.554,0.5128,0.5938,False,reader=?;phase=int
V0409,WI,W-I/out/traj_42716814.json,offsets[6].site_all,W-I/out/table_42716814.csv,9:reader,4271681452d29aee,RELAY,c1_row,site_all,"S,E,r,Kp,Acc_sum,Acc_cnt,w",o6,6,EVERY,64,0x5EE,1..,,0.63,0.5767,0.6861,0.483,0.4474,0.5142,False,reader=?;phase=int
V0410,WI,W-I/out/traj_42716814.json,offsets[6].channel_all,W-I/out/table_42716814.csv,9:reader,4271681452d29aee,RELAY,c1_row,channel_all,"Msum,Mcnt",o6,6,EVERY,64,0x5EE,1..,,0.63,0.5767,0.6861,0.4929,0.4602,0.5256,False,reader=?;phase=int
V0411,WI,W-I/out/traj_42716814.json,offsets[6].S,W-I/out/table_42716814.csv,9:sub_chance,4271681452d29aee,RELAY,c1_row,S,S,o6,6,EVERY,64,0x5EE,1..,,0.63,0.5767,0.6861,0.5241,0.4801,0.5682,False,reader=?;phase=int
V0412,WI,W-I/out/traj_42716814.json,offsets[6].channel_count,W-I/out/table_42716814.csv,9:sub_chance,4271681452d29aee,RELAY,c1_row,channel_count,Mcnt,o6,6,EVERY,64,0x5EE,1..,,0.63,0.5767,0.6861,0.4929,0.4602,0.5256,False,reader=?;phase=int
V0413,WI,W-I/out/traj_42716814.json,offsets[6].r,W-I/out/table_42716814.csv,9:sub_chance,4271681452d29aee,RELAY,c1_row,r,r,o6,6,EVERY,64,0x5EE,1..,,0.63,0.5767,0.6861,0.5412,0.4943,0.5866,False,reader=?;phase=int
V0414,WI,W-I/out/traj_42716814.json,offsets[7].site_all,W-I/out/table_42716814.csv,10:reader,4271681452d29aee,RELAY,c1_row,site_all,"S,E,r,Kp,Acc_sum,Acc_cnt,w",o7,7,EVERY,64,0x5EE,1..,,0.63,0.5767,0.6861,0.4901,0.4517,0.5312,False,reader=?;phase=int
V0415,WI,W-I/out/traj_42716814.json,offsets[7].channel_all,W-I/out/table_42716814.csv,10:reader,4271681452d29aee,RELAY,c1_row,channel_all,"Msum,Mcnt",o7,7,EVERY,64,0x5EE,1..,,0.63,0.5767,0.6861,0.4943,0.4616,0.527,False,reader=?;phase=int
V0416,WI,W-I/out/traj_42716814.json,offsets[7].S,W-I/out/table_42716814.csv,10:sub_chance,4271681452d29aee,RELAY,c1_row,S,S,o7,7,EVERY,64,0x5EE,1..,,0.63,0.5767,0.6861,0.5156,0.4744,0.554,False,reader=?;phase=int
V0417,WI,W-I/out/traj_42716814.json,offsets[7].channel_count,W-I/out/table_42716814.csv,10:sub_chance,4271681452d29aee,RELAY,c1_row,channel_count,Mcnt,o7,7,EVERY,64,0x5EE,1..,,0.63,0.5767,0.6861,0.4943,0.4616,0.527,False,reader=?;phase=int
V0418,WI,W-I/out/traj_42716814.json,offsets[7].r,W-I/out/table_42716814.csv,10:sub_chance,4271681452d29aee,RELAY,c1_row,r,r,o7,7,EVERY,64,0x5EE,1..,,0.63,0.5767,0.6861,0.5668,0.5256,0.6108,False,reader=?;phase=int
V0419,WI,W-I/out/traj_42716814.json,offsets[8].site_all,W-I/out/table_42716814.csv,11:reader,4271681452d29aee,RELAY,c1_row,site_all,"S,E,r,Kp,Acc_sum,Acc_cnt,w",o8,8,EVERY,64,0x5EE,1..,,0.63,0.5767,0.6861,0.4886,0.446,0.5313,False,reader=?;phase=int
V0420,WI,W-I/out/traj_42716814.json,offsets[8].channel_all,W-I/out/table_42716814.csv,11:reader,4271681452d29aee,RELAY,c1_row,channel_all,"Msum,Mcnt",o8,8,EVERY,64,0x5EE,1..,,0.63,0.5767,0.6861,0.5043,0.4659,0.5412,False,reader=?;phase=int
V0421,WI,W-I/out/traj_42716814.json,offsets[8].S,W-I/out/table_42716814.csv,11:sub_chance,4271681452d29aee,RELAY,c1_row,S,S,o8,8,EVERY,64,0x5EE,1..,,0.63,0.5767,0.6861,0.4893,0.4574,0.5206,False,reader=?;phase=int
V0422,WI,W-I/out/traj_42716814.json,offsets[8].channel_count,W-I/out/table_42716814.csv,11:sub_chance,4271681452d29aee,RELAY,c1_row,channel_count,Mcnt,o8,8,EVERY,64,0x5EE,1..,,0.63,0.5767,0.6861,0.5043,0.4659,0.5412,False,reader=?;phase=int
V0423,WI,W-I/out/traj_42716814.json,offsets[8].r,W-I/out/table_42716814.csv,11:sub_chance,4271681452d29aee,RELAY,c1_row,r,r,o8,8,EVERY,64,0x5EE,1..,,0.63,0.5767,0.6861,0.5384,0.5014,0.5753,False,reader=?;phase=int
V0424,WI,W-I/out/traj_42716814.json,offsets[9].site_all,W-I/out/table_42716814.csv,12:reader,4271681452d29aee,RELAY,c1_row,site_all,"S,E,r,Kp,Acc_sum,Acc_cnt,w",o9,9,EVERY,64,0x5EE,1..,,0.63,0.5767,0.6861,0.4588,0.4133,0.5057,False,reader=?;phase=int
V0425,WI,W-I/out/traj_42716814.json,offsets[9].channel_all,W-I/out/table_42716814.csv,12:reader,4271681452d29aee,RELAY,c1_row,channel_all,"Msum,Mcnt",o9,9,EVERY,64,0x5EE,1..,,0.63,0.5767,0.6861,0.5511,0.5142,0.5923,False,reader=?;phase=int
V0426,WI,W-I/out/traj_42716814.json,offsets[9].S,W-I/out/table_42716814.csv,12:sub_chance,4271681452d29aee,RELAY,c1_row,S,S,o9,9,EVERY,64,0x5EE,1..,,0.63,0.5767,0.6861,0.4915,0.446,0.5398,False,reader=?;phase=int
V0427,WI,W-I/out/traj_42716814.json,offsets[9].channel_count,W-I/out/table_42716814.csv,12:sub_chance,4271681452d29aee,RELAY,c1_row,channel_count,Mcnt,o9,9,EVERY,64,0x5EE,1..,,0.63,0.5767,0.6861,0.5511,0.5142,0.5923,False,reader=?;phase=int
V0428,WI,W-I/out/traj_42716814.json,offsets[9].r,W-I/out/table_42716814.csv,12:sub_chance,4271681452d29aee,RELAY,c1_row,r,r,o9,9,EVERY,64,0x5EE,1..,,0.63,0.5767,0.6861,0.5526,0.5071,0.5923,False,reader=?;phase=int
V0429,WI,W-I/out/traj_42716814.json,offsets[10].site_all,W-I/out/table_42716814.csv,13:reader,4271681452d29aee,RELAY,c1_row,site_all,"S,E,r,Kp,Acc_sum,Acc_cnt,w",o10,10,EVERY,64,0x5EE,1..,,0.63,0.5767,0.6861,0.4545,0.4162,0.4915,False,reader=?;phase=int
V0430,WI,W-I/out/traj_42716814.json,offsets[10].channel_all,W-I/out/table_42716814.csv,13:reader,4271681452d29aee,RELAY,c1_row,channel_all,"Msum,Mcnt",o10,10,EVERY,64,0x5EE,1..,,0.63,0.5767,0.6861,0.5156,0.4744,0.5597,False,reader=?;phase=int
V0431,WI,W-I/out/traj_42716814.json,offsets[10].S,W-I/out/table_42716814.csv,13:sub_chance,4271681452d29aee,RELAY,c1_row,S,S,o10,10,EVERY,64,0x5EE,1..,,0.63,0.5767,0.6861,0.4872,0.4389,0.5313,False,reader=?;phase=int
V0432,WI,W-I/out/traj_42716814.json,offsets[10].channel_count,W-I/out/table_42716814.csv,13:sub_chance,4271681452d29aee,RELAY,c1_row,channel_count,Mcnt,o10,10,EVERY,64,0x5EE,1..,,0.63,0.5767,0.6861,0.5156,0.4744,0.5597,False,reader=?;phase=int
V0433,WI,W-I/out/traj_42716814.json,offsets[10].r,W-I/out/table_42716814.csv,13:sub_chance,4271681452d29aee,RELAY,c1_row,r,r,o10,10,EVERY,64,0x5EE,1..,,0.63,0.5767,0.6861,0.5483,0.5128,0.5838,False,reader=?;phase=int
V0434,WI,W-I/out/traj_42716814.json,offsets[11].site_all,W-I/out/table_42716814.csv,14:reader,4271681452d29aee,RELAY,c1_row,site_all,"S,E,r,Kp,Acc_sum,Acc_cnt,w",o11,11,EVERY,64,0x5EE,1..,,0.63,0.5767,0.6861,0.4474,0.4105,0.483,False,reader=?;phase=int
V0435,WI,W-I/out/traj_42716814.json,offsets[11].channel_all,W-I/out/table_42716814.csv,14:reader,4271681452d29aee,RELAY,c1_row,channel_all,"Msum,Mcnt",o11,11,EVERY,64,0x5EE,1..,,0.63,0.5767,0.6861,0.5526,0.5156,0.5909,False,reader=?;phase=int
V0436,WI,W-I/out/traj_42716814.json,offsets[11].S,W-I/out/table_42716814.csv,14:sub_chance,4271681452d29aee,RELAY,c1_row,S,S,o11,11,EVERY,64,0x5EE,1..,,0.63,0.5767,0.6861,0.4609,0.4219,0.4957,False,reader=?;phase=int
V0437,WI,W-I/out/traj_42716814.json,offsets[11].channel_count,W-I/out/table_42716814.csv,14:sub_chance,4271681452d29aee,RELAY,c1_row,channel_count,Mcnt,o11,11,EVERY,64,0x5EE,1..,,0.63,0.5767,0.6861,0.5526,0.5156,0.5909,False,reader=?;phase=int
V0438,WI,W-I/out/traj_42716814.json,offsets[11].r,W-I/out/table_42716814.csv,14:sub_chance,4271681452d29aee,RELAY,c1_row,r,r,o11,11,EVERY,64,0x5EE,1..,,0.63,0.5767,0.6861,0.5554,0.5156,0.598,False,reader=?;phase=int
V0439,WI,W-I/out/traj_42716814.json,offsets[12].site_all,W-I/out/table_42716814.csv,15:reader,4271681452d29aee,RELAY,c1_row,site_all,"S,E,r,Kp,Acc_sum,Acc_cnt,w",o12,12,EVERY,64,0x5EE,1..,,0.63,0.5767,0.6861,0.4077,0.3636,0.4474,False,reader=?;phase=int
V0440,WI,W-I/out/traj_42716814.json,offsets[12].S,W-I/out/table_42716814.csv,15:sub_chance,4271681452d29aee,RELAY,c1_row,S,S,o12,12,EVERY,64,0x5EE,1..,,0.63,0.5767,0.6861,0.4545,0.4133,0.4943,False,reader=?;phase=int
V0441,WI,W-I/out/traj_42716814.json,offsets[13].site_all,W-I/out/table_42716814.csv,16:reader,4271681452d29aee,RELAY,c1_row,site_all,"S,E,r,Kp,Acc_sum,Acc_cnt,w",o13,13,EVERY,64,0x5EE,1..,,0.63,0.5767,0.6861,0.4126,0.3679,0.4645,False,reader=?;phase=int
V0442,WI,W-I/out/traj_42716814.json,offsets[13].S,W-I/out/table_42716814.csv,16:sub_chance,4271681452d29aee,RELAY,c1_row,S,S,o13,13,EVERY,64,0x5EE,1..,,0.63,0.5767,0.6861,0.4048,0.3665,0.4403,False,reader=?;phase=int
V0443,WI,W-I/out/traj_42716814.json,offsets[14].site_all,W-I/out/table_42716814.csv,17:reader,4271681452d29aee,RELAY,c1_row,site_all,"S,E,r,Kp,Acc_sum,Acc_cnt,w",o14,14,EVERY,64,0x5EE,1..,,0.63,0.5767,0.6861,0.3977,0.3608,0.4375,False,reader=?;phase=int
V0444,WI,W-I/out/traj_42716814.json,offsets[14].channel_all,W-I/out/table_42716814.csv,17:reader,4271681452d29aee,RELAY,c1_row,channel_all,"Msum,Mcnt",o14,14,EVERY,64,0x5EE,1..,,0.63,0.5767,0.6861,0.5554,0.5142,0.5938,False,reader=?;phase=int
V0445,WI,W-I/out/traj_42716814.json,offsets[14].S,W-I/out/table_42716814.csv,17:sub_chance,4271681452d29aee,RELAY,c1_row,S,S,o14,14,EVERY,64,0x5EE,1..,,0.63,0.5767,0.6861,0.4261,0.3892,0.4588,False,reader=?;phase=int
V0446,WI,W-I/out/traj_42716814.json,offsets[14].channel_count,W-I/out/table_42716814.csv,17:sub_chance,4271681452d29aee,RELAY,c1_row,channel_count,Mcnt,o14,14,EVERY,64,0x5EE,1..,,0.63,0.5767,0.6861,0.5554,0.5142,0.5938,False,reader=?;phase=int
V0447,WI,W-I/out/traj_42716814.json,offsets[15].site_all,W-I/out/table_42716814.csv,18:reader,4271681452d29aee,RELAY,c1_row,site_all,"S,E,r,Kp,Acc_sum,Acc_cnt,w",o15,15,EVERY,64,0x5EE,1..,,0.63,0.5767,0.6861,0.4162,0.375,0.4545,False,reader=?;phase=int
V0448,WI,W-I/out/traj_42716814.json,offsets[15].channel_all,W-I/out/table_42716814.csv,18:reader,4271681452d29aee,RELAY,c1_row,channel_all,"Msum,Mcnt",o15,15,EVERY,64,0x5EE,1..,,0.63,0.5767,0.6861,0.5582,0.5213,0.598,False,reader=?;phase=int
V0449,WI,W-I/out/traj_42716814.json,offsets[15].S,W-I/out/table_42716814.csv,18:sub_chance,4271681452d29aee,RELAY,c1_row,S,S,o15,15,EVERY,64,0x5EE,1..,,0.63,0.5767,0.6861,0.4205,0.3736,0.4645,False,reader=?;phase=int
V0450,WI,W-I/out/traj_42716814.json,offsets[15].channel_count,W-I/out/table_42716814.csv,18:sub_chance,4271681452d29aee,RELAY,c1_row,channel_count,Mcnt,o15,15,EVERY,64,0x5EE,1..,,0.63,0.5767,0.6861,0.5582,0.5213,0.598,False,reader=?;phase=int
V0451,WI,W-I/out/traj_4316f167.json,offsets[0].site_all,W-I/out/table_4316f167.csv,3:reader,4316f167de9424be,RELAY,c1_row,site_all,"S,E,r,Kp,Acc_sum,Acc_cnt,w",o0,0,EVERY,64,0x5EE,1..,,0.821,0.7869,0.8565,0.5852,0.5568,0.6136,True,reader=X;phase=cue
V0452,WI,W-I/out/traj_4316f167.json,offsets[0].joint,W-I/out/table_4316f167.csv,3:reader,4316f167de9424be,RELAY,c1_row,joint,"S,E,r,Kp,Acc_sum,Acc_cnt,w,Msum,Mcnt",o0,0,EVERY,64,0x5EE,1..,,0.821,0.7869,0.8565,0.5852,0.5568,0.6136,True,reader=X;phase=cue
V0453,WI,W-I/out/traj_4316f167.json,offsets[0].S,W-I/out/table_4316f167.csv,3:sub_chance,4316f167de9424be,RELAY,c1_row,S,S,o0,0,EVERY,64,0x5EE,1..,,0.821,0.7869,0.8565,0.5852,0.5568,0.6136,True,reader=X;phase=cue
V0454,WI,W-I/out/traj_4316f167.json,offsets[1].site_all,W-I/out/table_4316f167.csv,4:reader,4316f167de9424be,RELAY,c1_row,site_all,"S,E,r,Kp,Acc_sum,Acc_cnt,w",o1,1,EVERY,64,0x5EE,1..,,0.821,0.7869,0.8565,0.3878,0.348,0.4247,True,reader=M;phase=int
V0455,WI,W-I/out/traj_4316f167.json,offsets[1].channel_all,W-I/out/table_4316f167.csv,4:reader,4316f167de9424be,RELAY,c1_row,channel_all,"Msum,Mcnt",o1,1,EVERY,64,0x5EE,1..,,0.821,0.7869,0.8565,0.6122,0.5753,0.652,True,reader=M;phase=int
V0456,WI,W-I/out/traj_4316f167.json,offsets[1].S,W-I/out/table_4316f167.csv,4:sub_chance,4316f167de9424be,RELAY,c1_row,S,S,o1,1,EVERY,64,0x5EE,1..,,0.821,0.7869,0.8565,0.3878,0.348,0.4247,True,reader=M;phase=int
V0457,WI,W-I/out/traj_4316f167.json,offsets[1].channel_content,W-I/out/table_4316f167.csv,4:sub_chance,4316f167de9424be,RELAY,c1_row,channel_content,Msum,o1,1,EVERY,64,0x5EE,1..,,0.821,0.7869,0.8565,0.6122,0.5753,0.652,True,reader=M;phase=int
V0458,WI,W-I/out/traj_4316f167.json,offsets[2].site_all,W-I/out/table_4316f167.csv,5:reader,4316f167de9424be,RELAY,c1_row,site_all,"S,E,r,Kp,Acc_sum,Acc_cnt,w",o2,2,EVERY,64,0x5EE,1..,,0.821,0.7869,0.8565,0.6236,0.5682,0.6776,True,reader=M;phase=int
V0459,WI,W-I/out/traj_4316f167.json,offsets[2].channel_all,W-I/out/table_4316f167.csv,5:reader,4316f167de9424be,RELAY,c1_row,channel_all,"Msum,Mcnt",o2,2,EVERY,64,0x5EE,1..,,0.821,0.7869,0.8565,0.3764,0.3224,0.4318,True,reader=M;phase=int
V0460,WI,W-I/out/traj_4316f167.json,offsets[2].S,W-I/out/table_4316f167.csv,5:sub_chance,4316f167de9424be,RELAY,c1_row,S,S,o2,2,EVERY,64,0x5EE,1..,,0.821,0.7869,0.8565,0.6236,0.5682,0.6776,True,reader=M;phase=int
V0461,WI,W-I/out/traj_4316f167.json,offsets[2].channel_content,W-I/out/table_4316f167.csv,5:sub_chance,4316f167de9424be,RELAY,c1_row,channel_content,Msum,o2,2,EVERY,64,0x5EE,1..,,0.821,0.7869,0.8565,0.3764,0.3224,0.4318,True,reader=M;phase=int
V0462,WI,W-I/out/traj_4316f167.json,offsets[6].site_all,W-I/out/table_4316f167.csv,9:reader,4316f167de9424be,RELAY,c1_row,site_all,"S,E,r,Kp,Acc_sum,Acc_cnt,w",o6,6,EVERY,64,0x5EE,1..,,0.821,0.7869,0.8565,0.6122,0.5753,0.652,True,reader=M;phase=int
V0463,WI,W-I/out/traj_4316f167.json,offsets[6].channel_all,W-I/out/table_4316f167.csv,9:reader,4316f167de9424be,RELAY,c1_row,channel_all,"Msum,Mcnt",o6,6,EVERY,64,0x5EE,1..,,0.821,0.7869,0.8565,0.3878,0.348,0.4247,True,reader=M;phase=int
V0464,WI,W-I/out/traj_4316f167.json,offsets[6].inbox,W-I/out/table_4316f167.csv,9:sub_chance,4316f167de9424be,RELAY,c1_row,inbox,"Acc_sum,Acc_cnt",o6,6,EVERY,64,0x5EE,1..,,0.821,0.7869,0.8565,0.6122,0.5753,0.652,True,reader=M;phase=int
V0465,WI,W-I/out/traj_4316f167.json,offsets[6].channel_content,W-I/out/table_4316f167.csv,9:sub_chance,4316f167de9424be,RELAY,c1_row,channel_content,Msum,o6,6,EVERY,64,0x5EE,1..,,0.821,0.7869,0.8565,0.3878,0.348,0.4247,True,reader=M;phase=int
V0466,WI,W-I/out/traj_4316f167.json,offsets[7].S,W-I/out/table_4316f167.csv,10:sub_chance,4316f167de9424be,RELAY,c1_row,S,S,o7,7,EVERY,64,0x5EE,1..,,0.821,0.7869,0.8565,0.4148,0.3864,0.4432,True,reader=S;phase=int
V0467,WI,W-I/out/traj_4316f167.json,offsets[7].inbox,W-I/out/table_4316f167.csv,10:sub_chance,4316f167de9424be,RELAY,c1_row,inbox,"Acc_sum,Acc_cnt",o7,7,EVERY,64,0x5EE,1..,,0.821,0.7869,0.8565,0.5852,0.5568,0.6136,True,reader=S;phase=int
V0468,WI,W-I/out/traj_4781b0a1.json,offsets[0].site_all,W-I/out/table_4781b0a1.csv,3:reader,4781b0a172b6dc3c,MAJ,c1_row,site_all,"S,E,r,Kp,Acc_sum,Acc_cnt,w",o0,0,EVERY,64,0x5EE,1..,,0.7699,0.723,0.821,0.5384,0.5014,0.5753,True,reader=X;phase=cue
V0469,WI,W-I/out/traj_4781b0a1.json,offsets[0].channel_all,W-I/out/table_4781b0a1.csv,3:reader,4781b0a172b6dc3c,MAJ,c1_row,channel_all,"Msum,Mcnt",o0,0,EVERY,64,0x5EE,1..,,0.7699,0.723,0.821,0.7259,0.6719,0.7812,True,reader=X;phase=cue
V0470,WI,W-I/out/traj_4781b0a1.json,offsets[0].joint,W-I/out/table_4781b0a1.csv,3:reader,4781b0a172b6dc3c,MAJ,c1_row,joint,"S,E,r,Kp,Acc_sum,Acc_cnt,w,Msum,Mcnt",o0,0,EVERY,64,0x5EE,1..,,0.7699,0.723,0.821,0.4915,0.446,0.5327,True,reader=X;phase=cue
V0471,WI,W-I/out/traj_4781b0a1.json,offsets[0].S,W-I/out/table_4781b0a1.csv,3:sub_chance,4781b0a172b6dc3c,MAJ,c1_row,S,S,o0,0,EVERY,64,0x5EE,1..,,0.7699,0.723,0.821,0.5384,0.5014,0.5753,True,reader=X;phase=cue
V0472,WI,W-I/out/traj_4781b0a1.json,offsets[0].channel_content,W-I/out/table_4781b0a1.csv,3:sub_chance,4781b0a172b6dc3c,MAJ,c1_row,channel_content,Msum,o0,0,EVERY,64,0x5EE,1..,,0.7699,0.723,0.821,0.7259,0.6719,0.7812,True,reader=X;phase=cue
V0473,WI,W-I/out/traj_4781b0a1.json,offsets[1].channel_all,W-I/out/table_4781b0a1.csv,4:reader,4781b0a172b6dc3c,MAJ,c1_row,channel_all,"Msum,Mcnt",o1,1,EVERY,64,0x5EE,1..,,0.7699,0.723,0.821,0.7031,0.6491,0.7614,True,reader=S;phase=int
V0474,WI,W-I/out/traj_4781b0a1.json,offsets[1].channel_content,W-I/out/table_4781b0a1.csv,4:sub_chance,4781b0a172b6dc3c,MAJ,c1_row,channel_content,Msum,o1,1,EVERY,64,0x5EE,1..,,0.7699,0.723,0.821,0.7031,0.6491,0.7614,True,reader=S;phase=int
V0475,WI,W-I/out/traj_4781b0a1.json,offsets[2].channel_all,W-I/out/table_4781b0a1.csv,5:reader,4781b0a172b6dc3c,MAJ,c1_row,channel_all,"Msum,Mcnt",o2,2,EVERY,64,0x5EE,1..,,0.7699,0.723,0.821,0.6648,0.615,0.7202,True,reader=S;phase=int
V0476,WI,W-I/out/traj_4781b0a1.json,offsets[2].channel_content,W-I/out/table_4781b0a1.csv,5:sub_chance,4781b0a172b6dc3c,MAJ,c1_row,channel_content,Msum,o2,2,EVERY,64,0x5EE,1..,,0.7699,0.723,0.821,0.6648,0.615,0.7202,True,reader=S;phase=int
V0477,WI,W-I/out/traj_4781b0a1.json,offsets[3].channel_all,W-I/out/table_4781b0a1.csv,6:reader,4781b0a172b6dc3c,MAJ,c1_row,channel_all,"Msum,Mcnt",o3,3,EVERY,64,0x5EE,1..,,0.7699,0.723,0.821,0.7031,0.6534,0.7543,True,reader=S;phase=int
V0478,WI,W-I/out/traj_4781b0a1.json,offsets[3].channel_content,W-I/out/table_4781b0a1.csv,6:sub_chance,4781b0a172b6dc3c,MAJ,c1_row,channel_content,Msum,o3,3,EVERY,64,0x5EE,1..,,0.7699,0.723,0.821,0.7031,0.6534,0.7543,True,reader=S;phase=int
V0479,WI,W-I/out/traj_4781b0a1.json,offsets[4].channel_all,W-I/out/table_4781b0a1.csv,7:reader,4781b0a172b6dc3c,MAJ,c1_row,channel_all,"Msum,Mcnt",o4,4,EVERY,64,0x5EE,1..,,0.7699,0.723,0.821,0.6477,0.6108,0.6861,True,reader=S;phase=int
V0480,WI,W-I/out/traj_4781b0a1.json,offsets[4].S,W-I/out/table_4781b0a1.csv,7:sub_chance,4781b0a172b6dc3c,MAJ,c1_row,S,S,o4,4,EVERY,64,0x5EE,1..,,0.7699,0.723,0.821,0.4176,0.3736,0.456,True,reader=S;phase=int
V0481,WI,W-I/out/traj_4781b0a1.json,offsets[4].channel_content,W-I/out/table_4781b0a1.csv,7:sub_chance,4781b0a172b6dc3c,MAJ,c1_row,channel_content,Msum,o4,4,EVERY,64,0x5EE,1..,,0.7699,0.723,0.821,0.6477,0.6108,0.6861,True,reader=S;phase=int
V0482,WI,W-I/out/traj_4781b0a1.json,offsets[5].site_all,W-I/out/table_4781b0a1.csv,8:reader,4781b0a172b6dc3c,MAJ,c1_row,site_all,"S,E,r,Kp,Acc_sum,Acc_cnt,w",o5,5,EVERY,64,0x5EE,1..,,0.7699,0.723,0.821,0.3835,0.3466,0.4148,True,reader=J;phase=int
V0483,WI,W-I/out/traj_4781b0a1.json,offsets[5].channel_all,W-I/out/table_4781b0a1.csv,8:reader,4781b0a172b6dc3c,MAJ,c1_row,channel_all,"Msum,Mcnt",o5,5,EVERY,64,0x5EE,1..,,0.7699,0.723,0.821,0.6278,0.5923,0.6705,True,reader=J;phase=int
V0484,WI,W-I/out/traj_4781b0a1.json,offsets[5].S,W-I/out/table_4781b0a1.csv,8:sub_chance,4781b0a172b6dc3c,MAJ,c1_row,S,S,o5,5,EVERY,64,0x5EE,1..,,0.7699,0.723,0.821,0.4901,0.4588,0.5213,True,reader=J;phase=int
V0485,WI,W-I/out/traj_4781b0a1.json,offsets[5].channel_content,W-I/out/table_4781b0a1.csv,8:sub_chance,4781b0a172b6dc3c,MAJ,c1_row,channel_content,Msum,o5,5,EVERY,64,0x5EE,1..,,0.7699,0.723,0.821,0.6278,0.5923,0.6705,True,reader=J;phase=int
V0486,WI,W-I/out/traj_4781b0a1.json,offsets[6].site_all,W-I/out/table_4781b0a1.csv,9:reader,4781b0a172b6dc3c,MAJ,c1_row,site_all,"S,E,r,Kp,Acc_sum,Acc_cnt,w",o6,6,EVERY,64,0x5EE,1..,,0.7699,0.723,0.821,0.4233,0.3764,0.4673,True,reader=J;phase=int
V0487,WI,W-I/out/traj_4781b0a1.json,offsets[6].channel_all,W-I/out/table_4781b0a1.csv,9:reader,4781b0a172b6dc3c,MAJ,c1_row,channel_all,"Msum,Mcnt",o6,6,EVERY,64,0x5EE,1..,,0.7699,0.723,0.821,0.5866,0.5398,0.6321,True,reader=J;phase=int
V0488,WI,W-I/out/traj_4781b0a1.json,offsets[6].S,W-I/out/table_4781b0a1.csv,9:sub_chance,4781b0a172b6dc3c,MAJ,c1_row,S,S,o6,6,EVERY,64,0x5EE,1..,,0.7699,0.723,0.821,0.5256,0.4886,0.5597,True,reader=J;phase=int
V0489,WI,W-I/out/traj_4781b0a1.json,offsets[6].channel_content,W-I/out/table_4781b0a1.csv,9:sub_chance,4781b0a172b6dc3c,MAJ,c1_row,channel_content,Msum,o6,6,EVERY,64,0x5EE,1..,,0.7699,0.723,0.821,0.5866,0.5398,0.6321,True,reader=J;phase=int
V0490,WI,W-I/out/traj_4781b0a1.json,offsets[7].site_all,W-I/out/table_4781b0a1.csv,10:reader,4781b0a172b6dc3c,MAJ,c1_row,site_all,"S,E,r,Kp,Acc_sum,Acc_cnt,w",o7,7,EVERY,64,0x5EE,1..,,0.7699,0.723,0.821,0.4261,0.3892,0.4659,True,reader=J;phase=int
V0491,WI,W-I/out/traj_4781b0a1.json,offsets[7].channel_all,W-I/out/table_4781b0a1.csv,10:reader,4781b0a172b6dc3c,MAJ,c1_row,channel_all,"Msum,Mcnt",o7,7,EVERY,64,0x5EE,1..,,0.7699,0.723,0.821,0.5852,0.5398,0.6278,True,reader=J;phase=int
V0492,WI,W-I/out/traj_4781b0a1.json,offsets[7].S,W-I/out/table_4781b0a1.csv,10:sub_chance,4781b0a172b6dc3c,MAJ,c1_row,S,S,o7,7,EVERY,64,0x5EE,1..,,0.7699,0.723,0.821,0.5398,0.5028,0.5767,True,reader=J;phase=int
V0493,WI,W-I/out/traj_4781b0a1.json,offsets[7].channel_content,W-I/out/table_4781b0a1.csv,10:sub_chance,4781b0a172b6dc3c,MAJ,c1_row,channel_content,Msum,o7,7,EVERY,64,0x5EE,1..,,0.7699,0.723,0.821,0.5852,0.5398,0.6278,True,reader=J;phase=int
V0494,WI,W-I/out/traj_4781b0a1.json,offsets[8].site_all,W-I/out/table_4781b0a1.csv,11:reader,4781b0a172b6dc3c,MAJ,c1_row,site_all,"S,E,r,Kp,Acc_sum,Acc_cnt,w",o8,8,EVERY,64,0x5EE,1..,,0.7699,0.723,0.821,0.4844,0.4361,0.5284,True,reader=J;phase=int
V0495,WI,W-I/out/traj_4781b0a1.json,offsets[8].channel_all,W-I/out/table_4781b0a1.csv,11:reader,4781b0a172b6dc3c,MAJ,c1_row,channel_all,"Msum,Mcnt",o8,8,EVERY,64,0x5EE,1..,,0.7699,0.723,0.821,0.517,0.473,0.5653,True,reader=J;phase=int
V0496,WI,W-I/out/traj_4781b0a1.json,offsets[8].S,W-I/out/table_4781b0a1.csv,11:sub_chance,4781b0a172b6dc3c,MAJ,c1_row,S,S,o8,8,EVERY,64,0x5EE,1..,,0.7699,0.723,0.821,0.571,0.5312,0.6094,True,reader=J;phase=int
V0497,WI,W-I/out/traj_4781b0a1.json,offsets[8].channel_content,W-I/out/table_4781b0a1.csv,11:sub_chance,4781b0a172b6dc3c,MAJ,c1_row,channel_content,Msum,o8,8,EVERY,64,0x5EE,1..,,0.7699,0.723,0.821,0.517,0.473,0.5653,True,reader=J;phase=int
V0498,WI,W-I/out/traj_4781b0a1.json,offsets[9].site_all,W-I/out/table_4781b0a1.csv,12:reader,4781b0a172b6dc3c,MAJ,c1_row,site_all,"S,E,r,Kp,Acc_sum,Acc_cnt,w",o9,9,EVERY,64,0x5EE,1..,,0.7699,0.723,0.821,0.5241,0.483,0.5696,True,reader=J;phase=int
V0499,WI,W-I/out/traj_4781b0a1.json,offsets[9].channel_all,W-I/out/table_4781b0a1.csv,12:reader,4781b0a172b6dc3c,MAJ,c1_row,channel_all,"Msum,Mcnt",o9,9,EVERY,64,0x5EE,1..,,0.7699,0.723,0.821,0.4759,0.4318,0.517,True,reader=J;phase=int
V0500,WI,W-I/out/traj_4781b0a1.json,offsets[9].S,W-I/out/table_4781b0a1.csv,12:sub_chance,4781b0a172b6dc3c,MAJ,c1_row,S,S,o9,9,EVERY,64,0x5EE,1..,,0.7699,0.723,0.821,0.6264,0.5852,0.6648,True,reader=J;phase=int
V0501,WI,W-I/out/traj_4781b0a1.json,offsets[9].channel_content,W-I/out/table_4781b0a1.csv,12:sub_chance,4781b0a172b6dc3c,MAJ,c1_row,channel_content,Msum,o9,9,EVERY,64,0x5EE,1..,,0.7699,0.723,0.821,0.4759,0.4318,0.517,True,reader=J;phase=int
V0502,WI,W-I/out/traj_4781b0a1.json,offsets[10].site_all,W-I/out/table_4781b0a1.csv,13:reader,4781b0a172b6dc3c,MAJ,c1_row,site_all,"S,E,r,Kp,Acc_sum,Acc_cnt,w",o10,10,EVERY,64,0x5EE,1..,,0.7699,0.723,0.821,0.5582,0.5156,0.5952,True,reader=J;phase=int
V0503,WI,W-I/out/traj_4781b0a1.json,offsets[10].channel_all,W-I/out/table_4781b0a1.csv,13:reader,4781b0a172b6dc3c,MAJ,c1_row,channel_all,"Msum,Mcnt",o10,10,EVERY,64,0x5EE,1..,,0.7699,0.723,0.821,0.4403,0.4034,0.4773,True,reader=J;phase=int
V0504,WI,W-I/out/traj_4781b0a1.json,offsets[10].S,W-I/out/table_4781b0a1.csv,13:sub_chance,4781b0a172b6dc3c,MAJ,c1_row,S,S,o10,10,EVERY,64,0x5EE,1..,,0.7699,0.723,0.821,0.6648,0.6193,0.7145,True,reader=J;phase=int
V0505,WI,W-I/out/traj_4781b0a1.json,offsets[10].channel_content,W-I/out/table_4781b0a1.csv,13:sub_chance,4781b0a172b6dc3c,MAJ,c1_row,channel_content,Msum,o10,10,EVERY,64,0x5EE,1..,,0.7699,0.723,0.821,0.4403,0.4034,0.4773,True,reader=J;phase=int
V0506,WI,W-I/out/traj_4781b0a1.json,offsets[11].site_all,W-I/out/table_4781b0a1.csv,14:reader,4781b0a172b6dc3c,MAJ,c1_row,site_all,"S,E,r,Kp,Acc_sum,Acc_cnt,w",o11,11,EVERY,64,0x5EE,1..,,0.7699,0.723,0.821,0.6151,0.5696,0.6648,True,reader=M;phase=int
V0507,WI,W-I/out/traj_4781b0a1.json,offsets[11].channel_all,W-I/out/table_4781b0a1.csv,14:reader,4781b0a172b6dc3c,MAJ,c1_row,channel_all,"Msum,Mcnt",o11,11,EVERY,64,0x5EE,1..,,0.7699,0.723,0.821,0.3864,0.3352,0.4332,True,reader=M;phase=int
V0508,WI,W-I/out/traj_4781b0a1.json,offsets[11].channel_content,W-I/out/table_4781b0a1.csv,14:sub_chance,4781b0a172b6dc3c,MAJ,c1_row,channel_content,Msum,o11,11,EVERY,64,0x5EE,1..,,0.7699,0.723,0.821,0.3864,0.3352,0.4332,True,reader=M;phase=int
V0509,WI,W-I/out/traj_4781b0a1.json,offsets[14].site_all,W-I/out/table_4781b0a1.csv,17:reader,4781b0a172b6dc3c,MAJ,c1_row,site_all,"S,E,r,Kp,Acc_sum,Acc_cnt,w",o14,14,EVERY,64,0x5EE,1..,,0.7699,0.723,0.821,0.6307,0.5909,0.6705,True,reader=J;phase=int
V0510,WI,W-I/out/traj_4781b0a1.json,offsets[14].channel_all,W-I/out/table_4781b0a1.csv,17:reader,4781b0a172b6dc3c,MAJ,c1_row,channel_all,"Msum,Mcnt",o14,14,EVERY,64,0x5EE,1..,,0.7699,0.723,0.821,0.3722,0.3324,0.4119,True,reader=J;phase=int
V0511,WI,W-I/out/traj_4781b0a1.json,offsets[14].inbox,W-I/out/table_4781b0a1.csv,17:sub_chance,4781b0a172b6dc3c,MAJ,c1_row,inbox,"Acc_sum,Acc_cnt",o14,14,EVERY,64,0x5EE,1..,,0.7699,0.723,0.821,0.6264,0.5852,0.6648,True,reader=J;phase=int
V0512,WI,W-I/out/traj_4781b0a1.json,offsets[14].channel_content,W-I/out/table_4781b0a1.csv,17:sub_chance,4781b0a172b6dc3c,MAJ,c1_row,channel_content,Msum,o14,14,EVERY,64,0x5EE,1..,,0.7699,0.723,0.821,0.3722,0.3324,0.4119,True,reader=J;phase=int
V0513,WI,W-I/out/traj_4781b0a1.json,offsets[15].site_all,W-I/out/table_4781b0a1.csv,18:reader,4781b0a172b6dc3c,MAJ,c1_row,site_all,"S,E,r,Kp,Acc_sum,Acc_cnt,w",o15,15,EVERY,64,0x5EE,1..,,0.7699,0.723,0.821,0.3622,0.3182,0.4077,True,reader=J;phase=int
V0514,WI,W-I/out/traj_4781b0a1.json,offsets[15].channel_all,W-I/out/table_4781b0a1.csv,18:reader,4781b0a172b6dc3c,MAJ,c1_row,channel_all,"Msum,Mcnt",o15,15,EVERY,64,0x5EE,1..,,0.7699,0.723,0.821,0.6378,0.5966,0.679,True,reader=J;phase=int
V0515,WI,W-I/out/traj_4781b0a1.json,offsets[15].S,W-I/out/table_4781b0a1.csv,18:sub_chance,4781b0a172b6dc3c,MAJ,c1_row,S,S,o15,15,EVERY,64,0x5EE,1..,,0.7699,0.723,0.821,0.5071,0.4631,0.5511,True,reader=J;phase=int
V0516,WI,W-I/out/traj_4781b0a1.json,offsets[15].inbox,W-I/out/table_4781b0a1.csv,18:sub_chance,4781b0a172b6dc3c,MAJ,c1_row,inbox,"Acc_sum,Acc_cnt",o15,15,EVERY,64,0x5EE,1..,,0.7699,0.723,0.821,0.6293,0.5824,0.6761,True,reader=J;phase=int
V0517,WI,W-I/out/traj_4781b0a1.json,offsets[15].channel_content,W-I/out/table_4781b0a1.csv,18:sub_chance,4781b0a172b6dc3c,MAJ,c1_row,channel_content,Msum,o15,15,EVERY,64,0x5EE,1..,,0.7699,0.723,0.821,0.6378,0.5966,0.679,True,reader=J;phase=int
V0518,WI,W-I/out/traj_4ab2ba01.json,offsets[0].channel_all,W-I/out/table_4ab2ba01.csv,3:reader,4ab2ba014aac967e,HOLD,c1_row,channel_all,"Msum,Mcnt",o0,0,EVERY,64,0x5EE,1..,,0.892,0.8622,0.919,0.6108,0.5753,0.6463,True,reader=X;phase=cue
V0519,WI,W-I/out/traj_4ab2ba01.json,offsets[0].joint,W-I/out/table_4ab2ba01.csv,3:reader,4ab2ba014aac967e,HOLD,c1_row,joint,"S,E,r,Kp,Acc_sum,Acc_cnt,w,Msum,Mcnt",o0,0,EVERY,64,0x5EE,1..,,0.892,0.8622,0.919,0.6108,0.5753,0.6463,True,reader=X;phase=cue
V0520,WI,W-I/out/traj_4ab2ba01.json,offsets[0].channel_content,W-I/out/table_4ab2ba01.csv,3:sub_chance,4ab2ba014aac967e,HOLD,c1_row,channel_content,Msum,o0,0,EVERY,64,0x5EE,1..,,0.892,0.8622,0.919,0.6108,0.5753,0.6463,True,reader=X;phase=cue
V0521,WI,W-I/out/traj_4ab2ba01.json,offsets[4].site_all,W-I/out/table_4ab2ba01.csv,7:reader,4ab2ba014aac967e,HOLD,c1_row,site_all,"S,E,r,Kp,Acc_sum,Acc_cnt,w",o4,4,EVERY,64,0x5EE,1..,,0.892,0.8622,0.919,0.7393,0.6889,0.7848,True,reader=C;phase=int
V0522,WI,W-I/out/traj_4ab2ba01.json,offsets[4].inbox,W-I/out/table_4ab2ba01.csv,7:sub_chance,4ab2ba014aac967e,HOLD,c1_row,inbox,"Acc_sum,Acc_cnt",o4,4,EVERY,64,0x5EE,1..,,0.892,0.8622,0.919,0.7393,0.6889,0.7848,True,reader=C;phase=int
V0523,WI,W-I/out/traj_4ab2ba01.json,offsets[5].site_all,W-I/out/table_4ab2ba01.csv,8:reader,4ab2ba014aac967e,HOLD,c1_row,site_all,"S,E,r,Kp,Acc_sum,Acc_cnt,w",o5,5,EVERY,64,0x5EE,1..,,0.892,0.8622,0.919,0.7741,0.7259,0.8196,True,reader=C;phase=int
V0524,WI,W-I/out/traj_4ab2ba01.json,offsets[5].inbox,W-I/out/table_4ab2ba01.csv,8:sub_chance,4ab2ba014aac967e,HOLD,c1_row,inbox,"Acc_sum,Acc_cnt",o5,5,EVERY,64,0x5EE,1..,,0.892,0.8622,0.919,0.7741,0.7259,0.8196,True,reader=C;phase=int
V0525,WI,W-I/out/traj_4ab2ba01.json,offsets[8].site_all,W-I/out/table_4ab2ba01.csv,11:reader,4ab2ba014aac967e,HOLD,c1_row,site_all,"S,E,r,Kp,Acc_sum,Acc_cnt,w",o8,8,EVERY,64,0x5EE,1..,,0.892,0.8622,0.919,0.7166,0.6776,0.7578,True,reader=C;phase=int
V0526,WI,W-I/out/traj_4ab2ba01.json,offsets[8].inbox,W-I/out/table_4ab2ba01.csv,11:sub_chance,4ab2ba014aac967e,HOLD,c1_row,inbox,"Acc_sum,Acc_cnt",o8,8,EVERY,64,0x5EE,1..,,0.892,0.8622,0.919,0.7166,0.6776,0.7578,True,reader=C;phase=int
V0527,WI,W-I/out/traj_4ab2ba01.json,offsets[9].channel_all,W-I/out/table_4ab2ba01.csv,12:reader,4ab2ba014aac967e,HOLD,c1_row,channel_all,"Msum,Mcnt",o9,9,EVERY,64,0x5EE,1..,,0.892,0.8622,0.919,0.7685,0.7145,0.8182,True,reader=S;phase=int
V0528,WI,W-I/out/traj_4ab2ba01.json,offsets[9].S,W-I/out/table_4ab2ba01.csv,12:sub_chance,4ab2ba014aac967e,HOLD,c1_row,S,S,o9,9,EVERY,64,0x5EE,1..,,0.892,0.8622,0.919,0.392,0.3565,0.4304,True,reader=S;phase=int
V0529,WI,W-I/out/traj_4ab2ba01.json,offsets[9].inbox,W-I/out/table_4ab2ba01.csv,12:sub_chance,4ab2ba014aac967e,HOLD,c1_row,inbox,"Acc_sum,Acc_cnt",o9,9,EVERY,64,0x5EE,1..,,0.892,0.8622,0.919,0.7315,0.679,0.7869,True,reader=S;phase=int
V0530,WI,W-I/out/traj_4ab2ba01.json,offsets[9].channel_content,W-I/out/table_4ab2ba01.csv,12:sub_chance,4ab2ba014aac967e,HOLD,c1_row,channel_content,Msum,o9,9,EVERY,64,0x5EE,1..,,0.892,0.8622,0.919,0.7685,0.7145,0.8182,True,reader=S;phase=int
V0531,WI,W-I/out/traj_613162a3.json,offsets[0].site_all,W-I/out/table_613162a3.csv,3:reader,613162a306938de7,MAJ,c1_row,site_all,"S,E,r,Kp,Acc_sum,Acc_cnt,w",o0,0,EVERY,64,0x5EE,1..,,0.7244,0.6733,0.7756,0.5341,0.4872,0.5852,True,reader=X;phase=cue
V0532,WI,W-I/out/traj_613162a3.json,offsets[0].joint,W-I/out/table_613162a3.csv,3:reader,613162a306938de7,MAJ,c1_row,joint,"S,E,r,Kp,Acc_sum,Acc_cnt,w,Msum,Mcnt",o0,0,EVERY,64,0x5EE,1..,,0.7244,0.6733,0.7756,0.5341,0.4886,0.5852,True,reader=X;phase=cue
V0533,WI,W-I/out/traj_613162a3.json,offsets[0].S,W-I/out/table_613162a3.csv,3:sub_chance,613162a306938de7,MAJ,c1_row,S,S,o0,0,EVERY,64,0x5EE,1..,,0.7244,0.6733,0.7756,0.5348,0.4879,0.5859,True,reader=X;phase=cue
V0534,WI,W-I/out/traj_613162a3.json,offsets[8].S,W-I/out/table_613162a3.csv,11:sub_chance,613162a306938de7,MAJ,c1_row,S,S,o8,8,EVERY,64,0x5EE,1..,,0.7244,0.6733,0.7756,0.3558,0.3004,0.4126,True,reader=S;phase=int
V0535,WI,W-I/out/traj_613162a3.json,offsets[9].site_all,W-I/out/table_613162a3.csv,12:reader,613162a306938de7,MAJ,c1_row,site_all,"S,E,r,Kp,Acc_sum,Acc_cnt,w",o9,9,EVERY,64,0x5EE,1..,,0.7244,0.6733,0.7756,0.3452,0.277,0.4055,True,reader=M;phase=int
V0536,WI,W-I/out/traj_613162a3.json,offsets[9].channel_all,W-I/out/table_613162a3.csv,12:reader,613162a306938de7,MAJ,c1_row,channel_all,"Msum,Mcnt",o9,9,EVERY,64,0x5EE,1..,,0.7244,0.6733,0.7756,0.6747,0.6222,0.7259,True,reader=M;phase=int
V0537,WI,W-I/out/traj_613162a3.json,offsets[9].S,W-I/out/table_613162a3.csv,12:sub_chance,613162a306938de7,MAJ,c1_row,S,S,o9,9,EVERY,64,0x5EE,1..,,0.7244,0.6733,0.7756,0.3523,0.2834,0.4141,True,reader=M;phase=int
V0538,WI,W-I/out/traj_613162a3.json,offsets[9].channel_content,W-I/out/table_613162a3.csv,12:sub_chance,613162a306938de7,MAJ,c1_row,channel_content,Msum,o9,9,EVERY,64,0x5EE,1..,,0.7244,0.6733,0.7756,0.6747,0.6222,0.7259,True,reader=M;phase=int
V0539,WI,W-I/out/traj_62a7fff9.json,offsets[0].channel_all,W-I/out/table_62a7fff9.csv,3:reader,62a7fff921ca3bd8,RELAY,c1_row,channel_all,"Msum,Mcnt",o0,0,EVERY,64,0x5EE,1..,,0.8707,0.8125,0.919,0.5838,0.5611,0.6065,True,reader=X;phase=cue
V0540,WI,W-I/out/traj_62a7fff9.json,offsets[0].joint,W-I/out/table_62a7fff9.csv,3:reader,62a7fff921ca3bd8,RELAY,c1_row,joint,"S,E,r,Kp,Acc_sum,Acc_cnt,w,Msum,Mcnt",o0,0,EVERY,64,0x5EE,1..,,0.8707,0.8125,0.919,0.5838,0.5611,0.6065,True,reader=X;phase=cue
V0541,WI,W-I/out/traj_62a7fff9.json,offsets[0].channel_content,W-I/out/table_62a7fff9.csv,3:sub_chance,62a7fff921ca3bd8,RELAY,c1_row,channel_content,Msum,o0,0,EVERY,64,0x5EE,1..,,0.8707,0.8125,0.919,0.5838,0.5611,0.6065,True,reader=X;phase=cue
V0542,WI,W-I/out/traj_62a7fff9.json,offsets[5].channel_all,W-I/out/table_62a7fff9.csv,8:reader,62a7fff921ca3bd8,RELAY,c1_row,channel_all,"Msum,Mcnt",o5,5,EVERY,64,0x5EE,1..,,0.8707,0.8125,0.919,0.6491,0.6009,0.6946,True,reader=S;phase=int
V0543,WI,W-I/out/traj_62a7fff9.json,offsets[5].inbox,W-I/out/table_62a7fff9.csv,8:sub_chance,62a7fff921ca3bd8,RELAY,c1_row,inbox,"Acc_sum,Acc_cnt",o5,5,EVERY,64,0x5EE,1..,,0.8707,0.8125,0.919,0.5838,0.5611,0.6065,True,reader=S;phase=int
V0544,WI,W-I/out/traj_62a7fff9.json,offsets[5].channel_content,W-I/out/table_62a7fff9.csv,8:sub_chance,62a7fff921ca3bd8,RELAY,c1_row,channel_content,Msum,o5,5,EVERY,64,0x5EE,1..,,0.8707,0.8125,0.919,0.6491,0.6009,0.6946,True,reader=S;phase=int
V0545,WI,W-I/out/traj_62a7fff9.json,offsets[5].Kp,W-I/out/table_62a7fff9.csv,8:sub_chance,62a7fff921ca3bd8,RELAY,c1_row,Kp,Kp,o5,5,EVERY,64,0x5EE,1..,,0.8707,0.8125,0.919,0.6378,0.5909,0.6804,True,reader=S;phase=int
V0546,WI,W-I/out/traj_62a7fff9.json,offsets[6].inbox,W-I/out/table_62a7fff9.csv,9:sub_chance,62a7fff921ca3bd8,RELAY,c1_row,inbox,"Acc_sum,Acc_cnt",o6,6,EVERY,64,0x5EE,1..,,0.8707,0.8125,0.919,0.6491,0.6009,0.6946,True,reader=S;phase=int
V0547,WI,W-I/out/traj_62a7fff9.json,offsets[7].S,W-I/out/table_62a7fff9.csv,10:sub_chance,62a7fff921ca3bd8,RELAY,c1_row,S,S,o7,7,EVERY,64,0x5EE,1..,,0.8707,0.8125,0.919,0.4162,0.3935,0.4389,True,reader=S;phase=int
V0548,WI,W-I/out/traj_62a7fff9.json,offsets[7].Kp,W-I/out/table_62a7fff9.csv,10:sub_chance,62a7fff921ca3bd8,RELAY,c1_row,Kp,Kp,o7,7,EVERY,64,0x5EE,1..,,0.8707,0.8125,0.919,0.5838,0.5611,0.6065,True,reader=S;phase=int
V0549,WI,W-I/out/traj_63d17a90.json,offsets[0].channel_all,W-I/out/table_63d17a90.csv,3:reader,63d17a90e365e424,RELAY,c1_row,channel_all,"Msum,Mcnt",o0,0,EVERY,64,0x5EE,1..,,0.7926,0.7571,0.8296,0.5156,0.473,0.5526,True,reader=X;phase=cue
V0550,WI,W-I/out/traj_63d17a90.json,offsets[0].joint,W-I/out/table_63d17a90.csv,3:reader,63d17a90e365e424,RELAY,c1_row,joint,"S,E,r,Kp,Acc_sum,Acc_cnt,w,Msum,Mcnt",o0,0,EVERY,64,0x5EE,1..,,0.7926,0.7571,0.8296,0.5156,0.473,0.5526,True,reader=X;phase=cue
V0551,WI,W-I/out/traj_63d17a90.json,offsets[0].channel_count,W-I/out/table_63d17a90.csv,3:sub_chance,63d17a90e365e424,RELAY,c1_row,channel_count,Mcnt,o0,0,EVERY,64,0x5EE,1..,,0.7926,0.7571,0.8296,0.5156,0.473,0.5526,True,reader=X;phase=cue
V0552,WI,W-I/out/traj_63d17a90.json,offsets[3].site_all,W-I/out/table_63d17a90.csv,6:reader,63d17a90e365e424,RELAY,c1_row,site_all,"S,E,r,Kp,Acc_sum,Acc_cnt,w",o3,3,EVERY,64,0x5EE,1..,,0.7926,0.7571,0.8296,0.6477,0.5994,0.6918,True,reader=C;phase=int
V0553,WI,W-I/out/traj_63d17a90.json,offsets[3].r,W-I/out/table_63d17a90.csv,6:sub_chance,63d17a90e365e424,RELAY,c1_row,r,r,o3,3,EVERY,64,0x5EE,1..,,0.7926,0.7571,0.8296,0.6719,0.6264,0.7188,True,reader=C;phase=int
V0554,WI,W-I/out/traj_63d17a90.json,offsets[4].site_all,W-I/out/table_63d17a90.csv,7:reader,63d17a90e365e424,RELAY,c1_row,site_all,"S,E,r,Kp,Acc_sum,Acc_cnt,w",o4,4,EVERY,64,0x5EE,1..,,0.7926,0.7571,0.8296,0.3963,0.3523,0.4375,True,reader=J;phase=int
V0555,WI,W-I/out/traj_63d17a90.json,offsets[4].channel_all,W-I/out/table_63d17a90.csv,7:reader,63d17a90e365e424,RELAY,c1_row,channel_all,"Msum,Mcnt",o4,4,EVERY,64,0x5EE,1..,,0.7926,0.7571,0.8296,0.6065,0.5639,0.6506,True,reader=J;phase=int
V0556,WI,W-I/out/traj_63d17a90.json,offsets[4].S,W-I/out/table_63d17a90.csv,7:sub_chance,63d17a90e365e424,RELAY,c1_row,S,S,o4,4,EVERY,64,0x5EE,1..,,0.7926,0.7571,0.8296,0.679,0.6293,0.7244,True,reader=J;phase=int
V0557,WI,W-I/out/traj_63d17a90.json,offsets[4].inbox,W-I/out/table_63d17a90.csv,7:sub_chance,63d17a90e365e424,RELAY,c1_row,inbox,"Acc_sum,Acc_cnt",o4,4,EVERY,64,0x5EE,1..,,0.7926,0.7571,0.8296,0.7202,0.679,0.7628,True,reader=J;phase=int
V0558,WI,W-I/out/traj_63d17a90.json,offsets[4].channel_count,W-I/out/table_63d17a90.csv,7:sub_chance,63d17a90e365e424,RELAY,c1_row,channel_count,Mcnt,o4,4,EVERY,64,0x5EE,1..,,0.7926,0.7571,0.8296,0.6065,0.5639,0.6506,True,reader=J;phase=int
V0559,WI,W-I/out/traj_63d17a90.json,offsets[4].r,W-I/out/table_63d17a90.csv,7:sub_chance,63d17a90e365e424,RELAY,c1_row,r,r,o4,4,EVERY,64,0x5EE,1..,,0.7926,0.7571,0.8296,0.5724,0.5341,0.6122,True,reader=J;phase=int
V0560,WI,W-I/out/traj_63d17a90.json,offsets[5].S,W-I/out/table_63d17a90.csv,8:sub_chance,63d17a90e365e424,RELAY,c1_row,S,S,o5,5,EVERY,64,0x5EE,1..,,0.7926,0.7571,0.8296,0.4943,0.4489,0.5384,True,reader=S;phase=int
V0561,WI,W-I/out/traj_63d17a90.json,offsets[5].inbox,W-I/out/table_63d17a90.csv,8:sub_chance,63d17a90e365e424,RELAY,c1_row,inbox,"Acc_sum,Acc_cnt",o5,5,EVERY,64,0x5EE,1..,,0.7926,0.7571,0.8296,0.7415,0.7045,0.777,True,reader=S;phase=int
V0562,WI,W-I/out/traj_63d17a90.json,offsets[5].r,W-I/out/table_63d17a90.csv,8:sub_chance,63d17a90e365e424,RELAY,c1_row,r,r,o5,5,EVERY,64,0x5EE,1..,,0.7926,0.7571,0.8296,0.581,0.5341,0.6264,True,reader=S;phase=int
V0563,WI,W-I/out/traj_63d17a90.json,offsets[6].r,W-I/out/table_63d17a90.csv,9:sub_chance,63d17a90e365e424,RELAY,c1_row,r,r,o6,6,EVERY,64,0x5EE,1..,,0.7926,0.7571,0.8296,0.706,0.6548,0.7514,True,reader=S;phase=int
V0564,WI,W-I/out/traj_65d840a8.json,offsets[0].site_all,W-I/out/table_65d840a8.csv,3:reader,65d840a8fe0b4bf9,HOLD,c1_row,site_all,"S,E,r,Kp,Acc_sum,Acc_cnt,w",o0,0,EVERY,64,0x5EE,1..,,0.7592,0.7017,0.8104,0.5334,0.483,0.5888,True,reader=X;phase=cue
V0565,WI,W-I/out/traj_65d840a8.json,offsets[0].joint,W-I/out/table_65d840a8.csv,3:reader,65d840a8fe0b4bf9,HOLD,c1_row,joint,"S,E,r,Kp,Acc_sum,Acc_cnt,w,Msum,Mcnt",o0,0,EVERY,64,0x5EE,1..,,0.7592,0.7017,0.8104,0.5334,0.483,0.5888,True,reader=X;phase=cue
V0566,WI,W-I/out/traj_65d840a8.json,offsets[0].S,W-I/out/table_65d840a8.csv,3:sub_chance,65d840a8fe0b4bf9,HOLD,c1_row,S,S,o0,0,EVERY,64,0x5EE,1..,,0.7592,0.7017,0.8104,0.5334,0.483,0.5888,True,reader=X;phase=cue
V0567,WI,W-I/out/traj_72dd71d8.json,offsets[0].channel_all,W-I/out/table_72dd71d8.csv,3:reader,72dd71d8028cf759,RELAY,c1_row,channel_all,"Msum,Mcnt",o0,0,EVERY,64,0x5EE,1..,,0.875,0.8409,0.9048,0.5348,0.5014,0.5689,True,reader=X;phase=cue
V0568,WI,W-I/out/traj_72dd71d8.json,offsets[0].joint,W-I/out/table_72dd71d8.csv,3:reader,72dd71d8028cf759,RELAY,c1_row,joint,"S,E,r,Kp,Acc_sum,Acc_cnt,w,Msum,Mcnt",o0,0,EVERY,64,0x5EE,1..,,0.875,0.8409,0.9048,0.5398,0.5071,0.5732,True,reader=X;phase=cue
V0569,WI,W-I/out/traj_72dd71d8.json,offsets[0].channel_content,W-I/out/table_72dd71d8.csv,3:sub_chance,72dd71d8028cf759,RELAY,c1_row,channel_content,Msum,o0,0,EVERY,64,0x5EE,1..,,0.875,0.8409,0.9048,0.5369,0.5,0.5717,True,reader=X;phase=cue
V0570,WI,W-I/out/traj_72dd71d8.json,offsets[4].site_all,W-I/out/table_72dd71d8.csv,7:reader,72dd71d8028cf759,RELAY,c1_row,site_all,"S,E,r,Kp,Acc_sum,Acc_cnt,w",o4,4,EVERY,64,0x5EE,1..,,0.875,0.8409,0.9048,0.7344,0.6932,0.7734,True,reader=C;phase=int
V0571,WI,W-I/out/traj_72dd71d8.json,offsets[4].S,W-I/out/table_72dd71d8.csv,7:sub_chance,72dd71d8028cf759,RELAY,c1_row,S,S,o4,4,EVERY,64,0x5EE,1..,,0.875,0.8409,0.9048,0.7351,0.696,0.7727,True,reader=C;phase=int
V0572,WI,W-I/out/traj_72dd71d8.json,offsets[5].channel_all,W-I/out/table_72dd71d8.csv,8:reader,72dd71d8028cf759,RELAY,c1_row,channel_all,"Msum,Mcnt",o5,5,EVERY,64,0x5EE,1..,,0.875,0.8409,0.9048,0.6804,0.6307,0.7273,True,reader=S;phase=int
V0573,WI,W-I/out/traj_72dd71d8.json,offsets[5].S,W-I/out/table_72dd71d8.csv,8:sub_chance,72dd71d8028cf759,RELAY,c1_row,S,S,o5,5,EVERY,64,0x5EE,1..,,0.875,0.8409,0.9048,0.5199,0.4766,0.5639,True,reader=S;phase=int
V0574,WI,W-I/out/traj_72dd71d8.json,offsets[5].inbox,W-I/out/table_72dd71d8.csv,8:sub_chance,72dd71d8028cf759,RELAY,c1_row,inbox,"Acc_sum,Acc_cnt",o5,5,EVERY,64,0x5EE,1..,,0.875,0.8409,0.9048,0.6761,0.642,0.7095,True,reader=S;phase=int
V0575,WI,W-I/out/traj_72dd71d8.json,offsets[5].channel_content,W-I/out/table_72dd71d8.csv,8:sub_chance,72dd71d8028cf759,RELAY,c1_row,channel_content,Msum,o5,5,EVERY,64,0x5EE,1..,,0.875,0.8409,0.9048,0.6768,0.6271,0.7223,True,reader=S;phase=int
V0576,WI,W-I/out/traj_72dd71d8.json,offsets[6].inbox,W-I/out/table_72dd71d8.csv,9:sub_chance,72dd71d8028cf759,RELAY,c1_row,inbox,"Acc_sum,Acc_cnt",o6,6,EVERY,64,0x5EE,1..,,0.875,0.8409,0.9048,0.6818,0.6307,0.7308,True,reader=S;phase=int
V0577,WI,W-I/out/traj_78f3b0ec.json,offsets[0].site_all,W-I/out/table_78f3b0ec.csv,3:reader,78f3b0eccd44b1ed,RELAY,c1_row,site_all,"S,E,r,Kp,Acc_sum,Acc_cnt,w",o0,0,EVERY,64,0x5EE,1..,,0.6683,0.6527,0.6839,0.5121,0.4943,0.5284,True,reader=X;phase=cue
V0578,WI,W-I/out/traj_78f3b0ec.json,offsets[0].joint,W-I/out/table_78f3b0ec.csv,3:reader,78f3b0eccd44b1ed,RELAY,c1_row,joint,"S,E,r,Kp,Acc_sum,Acc_cnt,w,Msum,Mcnt",o0,0,EVERY,64,0x5EE,1..,,0.6683,0.6527,0.6839,0.5121,0.4943,0.5284,True,reader=X;phase=cue
V0579,WI,W-I/out/traj_78f3b0ec.json,offsets[0].S,W-I/out/table_78f3b0ec.csv,3:sub_chance,78f3b0eccd44b1ed,RELAY,c1_row,S,S,o0,0,EVERY,64,0x5EE,1..,,0.6683,0.6527,0.6839,0.5121,0.4943,0.5284,True,reader=X;phase=cue
V0580,WI,W-I/out/traj_78f3b0ec.json,offsets[9].site_all,W-I/out/table_78f3b0ec.csv,12:reader,78f3b0eccd44b1ed,RELAY,c1_row,site_all,"S,E,r,Kp,Acc_sum,Acc_cnt,w",o9,9,EVERY,64,0x5EE,1..,,0.6683,0.6527,0.6839,0.4134,0.3935,0.4304,True,reader=M;phase=int
V0581,WI,W-I/out/traj_78f3b0ec.json,offsets[9].channel_all,W-I/out/table_78f3b0ec.csv,12:reader,78f3b0eccd44b1ed,RELAY,c1_row,channel_all,"Msum,Mcnt",o9,9,EVERY,64,0x5EE,1..,,0.6683,0.6527,0.6839,0.5866,0.5696,0.6065,True,reader=M;phase=int
V0582,WI,W-I/out/traj_78f3b0ec.json,offsets[9].S,W-I/out/table_78f3b0ec.csv,12:sub_chance,78f3b0eccd44b1ed,RELAY,c1_row,S,S,o9,9,EVERY,64,0x5EE,1..,,0.6683,0.6527,0.6839,0.4134,0.3935,0.4304,True,reader=M;phase=int
V0583,WI,W-I/out/traj_78f3b0ec.json,offsets[9].channel_count,W-I/out/table_78f3b0ec.csv,12:sub_chance,78f3b0eccd44b1ed,RELAY,c1_row,channel_count,Mcnt,o9,9,EVERY,64,0x5EE,1..,,0.6683,0.6527,0.6839,0.5866,0.5696,0.6065,True,reader=M;phase=int
V0584,WI,W-I/out/traj_78f3b0ec.json,offsets[10].site_all,W-I/out/table_78f3b0ec.csv,13:reader,78f3b0eccd44b1ed,RELAY,c1_row,site_all,"S,E,r,Kp,Acc_sum,Acc_cnt,w",o10,10,EVERY,64,0x5EE,1..,,0.6683,0.6527,0.6839,0.4943,0.4808,0.5092,True,reader=M;phase=int
V0585,WI,W-I/out/traj_78f3b0ec.json,offsets[10].channel_all,W-I/out/table_78f3b0ec.csv,13:reader,78f3b0eccd44b1ed,RELAY,c1_row,channel_all,"Msum,Mcnt",o10,10,EVERY,64,0x5EE,1..,,0.6683,0.6527,0.6839,0.5057,0.4908,0.5192,True,reader=M;phase=int
V0586,WI,W-I/out/traj_78f3b0ec.json,offsets[10].S,W-I/out/table_78f3b0ec.csv,13:sub_chance,78f3b0eccd44b1ed,RELAY,c1_row,S,S,o10,10,EVERY,64,0x5EE,1..,,0.6683,0.6527,0.6839,0.4943,0.4808,0.5092,True,reader=M;phase=int
V0587,WI,W-I/out/traj_78f3b0ec.json,offsets[10].channel_count,W-I/out/table_78f3b0ec.csv,13:sub_chance,78f3b0eccd44b1ed,RELAY,c1_row,channel_count,Mcnt,o10,10,EVERY,64,0x5EE,1..,,0.6683,0.6527,0.6839,0.5057,0.4908,0.5192,True,reader=M;phase=int
V0588,WI,W-I/out/traj_78f3b0ec.json,offsets[11].site_all,W-I/out/table_78f3b0ec.csv,14:reader,78f3b0eccd44b1ed,RELAY,c1_row,site_all,"S,E,r,Kp,Acc_sum,Acc_cnt,w",o11,11,EVERY,64,0x5EE,1..,,0.6683,0.6527,0.6839,0.593,0.5717,0.6122,True,reader=M;phase=int
V0589,WI,W-I/out/traj_78f3b0ec.json,offsets[11].channel_all,W-I/out/table_78f3b0ec.csv,14:reader,78f3b0eccd44b1ed,RELAY,c1_row,channel_all,"Msum,Mcnt",o11,11,EVERY,64,0x5EE,1..,,0.6683,0.6527,0.6839,0.407,0.3878,0.4283,True,reader=M;phase=int
V0590,WI,W-I/out/traj_78f3b0ec.json,offsets[11].S,W-I/out/table_78f3b0ec.csv,14:sub_chance,78f3b0eccd44b1ed,RELAY,c1_row,S,S,o11,11,EVERY,64,0x5EE,1..,,0.6683,0.6527,0.6839,0.593,0.5717,0.6122,True,reader=M;phase=int
V0591,WI,W-I/out/traj_78f3b0ec.json,offsets[11].channel_count,W-I/out/table_78f3b0ec.csv,14:sub_chance,78f3b0eccd44b1ed,RELAY,c1_row,channel_count,Mcnt,o11,11,EVERY,64,0x5EE,1..,,0.6683,0.6527,0.6839,0.407,0.3878,0.4283,True,reader=M;phase=int
V0592,WI,W-I/out/traj_78f3b0ec.json,offsets[14].site_all,W-I/out/table_78f3b0ec.csv,17:reader,78f3b0eccd44b1ed,RELAY,c1_row,site_all,"S,E,r,Kp,Acc_sum,Acc_cnt,w",o14,14,EVERY,64,0x5EE,1..,,0.6683,0.6527,0.6839,0.5866,0.5696,0.6065,True,reader=M;phase=int
V0593,WI,W-I/out/traj_78f3b0ec.json,offsets[14].channel_all,W-I/out/table_78f3b0ec.csv,17:reader,78f3b0eccd44b1ed,RELAY,c1_row,channel_all,"Msum,Mcnt",o14,14,EVERY,64,0x5EE,1..,,0.6683,0.6527,0.6839,0.4134,0.3935,0.4304,True,reader=M;phase=int
V0594,WI,W-I/out/traj_78f3b0ec.json,offsets[14].inbox,W-I/out/table_78f3b0ec.csv,17:sub_chance,78f3b0eccd44b1ed,RELAY,c1_row,inbox,"Acc_sum,Acc_cnt",o14,14,EVERY,64,0x5EE,1..,,0.6683,0.6527,0.6839,0.5866,0.5696,0.6065,True,reader=M;phase=int
V0595,WI,W-I/out/traj_78f3b0ec.json,offsets[14].channel_count,W-I/out/table_78f3b0ec.csv,17:sub_chance,78f3b0eccd44b1ed,RELAY,c1_row,channel_count,Mcnt,o14,14,EVERY,64,0x5EE,1..,,0.6683,0.6527,0.6839,0.4134,0.3935,0.4304,True,reader=M;phase=int
V0596,WI,W-I/out/traj_78f3b0ec.json,offsets[15].site_all,W-I/out/table_78f3b0ec.csv,18:reader,78f3b0eccd44b1ed,RELAY,c1_row,site_all,"S,E,r,Kp,Acc_sum,Acc_cnt,w",o15,15,EVERY,64,0x5EE,1..,,0.6683,0.6527,0.6839,0.407,0.3878,0.4283,True,reader=M;phase=int
V0597,WI,W-I/out/traj_78f3b0ec.json,offsets[15].channel_all,W-I/out/table_78f3b0ec.csv,18:reader,78f3b0eccd44b1ed,RELAY,c1_row,channel_all,"Msum,Mcnt",o15,15,EVERY,64,0x5EE,1..,,0.6683,0.6527,0.6839,0.593,0.5717,0.6122,True,reader=M;phase=int
V0598,WI,W-I/out/traj_78f3b0ec.json,offsets[15].S,W-I/out/table_78f3b0ec.csv,18:sub_chance,78f3b0eccd44b1ed,RELAY,c1_row,S,S,o15,15,EVERY,64,0x5EE,1..,,0.6683,0.6527,0.6839,0.4879,0.4716,0.5057,True,reader=M;phase=int
V0599,WI,W-I/out/traj_78f3b0ec.json,offsets[15].inbox,W-I/out/table_78f3b0ec.csv,18:sub_chance,78f3b0eccd44b1ed,RELAY,c1_row,inbox,"Acc_sum,Acc_cnt",o15,15,EVERY,64,0x5EE,1..,,0.6683,0.6527,0.6839,0.5874,0.5717,0.6044,True,reader=M;phase=int
V0600,WI,W-I/out/traj_78f3b0ec.json,offsets[15].channel_count,W-I/out/table_78f3b0ec.csv,18:sub_chance,78f3b0eccd44b1ed,RELAY,c1_row,channel_count,Mcnt,o15,15,EVERY,64,0x5EE,1..,,0.6683,0.6527,0.6839,0.593,0.5717,0.6122,True,reader=M;phase=int
V0601,WI,W-I/out/traj_7b7b025e.json,offsets[0].site_all,W-I/out/table_7b7b025e.csv,3:reader,7b7b025e7ee58f2b,HOLD,c1_row,site_all,"S,E,r,Kp,Acc_sum,Acc_cnt,w",o0,0,EVERY,64,0x5EE,1..,,1.0,1.0,1.0,0.5455,0.5455,0.5455,True,reader=X;phase=cue
V0602,WI,W-I/out/traj_7b7b025e.json,offsets[0].joint,W-I/out/table_7b7b025e.csv,3:reader,7b7b025e7ee58f2b,HOLD,c1_row,joint,"S,E,r,Kp,Acc_sum,Acc_cnt,w,Msum,Mcnt",o0,0,EVERY,64,0x5EE,1..,,1.0,1.0,1.0,0.5455,0.5455,0.5455,True,reader=X;phase=cue
V0603,WI,W-I/out/traj_7b7b025e.json,offsets[0].S,W-I/out/table_7b7b025e.csv,3:sub_chance,7b7b025e7ee58f2b,HOLD,c1_row,S,S,o0,0,EVERY,64,0x5EE,1..,,1.0,1.0,1.0,0.5455,0.5455,0.5455,True,reader=X;phase=cue
V0604,WI,W-I/out/traj_85ca202e.json,offsets[0].site_all,W-I/out/table_85ca202e.csv,3:reader,85ca202e89057873,HOLD,c1_row,site_all,"S,E,r,Kp,Acc_sum,Acc_cnt,w",o0,0,EVERY,64,0x5EE,1..,,1.0,1.0,1.0,0.5455,0.5455,0.5455,True,reader=X;phase=cue
V0605,WI,W-I/out/traj_85ca202e.json,offsets[0].joint,W-I/out/table_85ca202e.csv,3:reader,85ca202e89057873,HOLD,c1_row,joint,"S,E,r,Kp,Acc_sum,Acc_cnt,w,Msum,Mcnt",o0,0,EVERY,64,0x5EE,1..,,1.0,1.0,1.0,0.5455,0.5455,0.5455,True,reader=X;phase=cue
V0606,WI,W-I/out/traj_85ca202e.json,offsets[0].S,W-I/out/table_85ca202e.csv,3:sub_chance,85ca202e89057873,HOLD,c1_row,S,S,o0,0,EVERY,64,0x5EE,1..,,1.0,1.0,1.0,0.5455,0.5455,0.5455,True,reader=X;phase=cue
V0607,WI,W-I/out/traj_8c37f32e.json,offsets[0].channel_all,W-I/out/table_8c37f32e.csv,3:reader,8c37f32e68843070,RELAY,c1_row,channel_all,"Msum,Mcnt",o0,0,EVERY,64,0x5EE,1..,,0.8423,0.8054,0.8793,0.608,0.5753,0.6392,True,reader=X;phase=cue
V0608,WI,W-I/out/traj_8c37f32e.json,offsets[0].joint,W-I/out/table_8c37f32e.csv,3:reader,8c37f32e68843070,RELAY,c1_row,joint,"S,E,r,Kp,Acc_sum,Acc_cnt,w,Msum,Mcnt",o0,0,EVERY,64,0x5EE,1..,,0.8423,0.8054,0.8793,0.598,0.5724,0.625,True,reader=X;phase=cue
V0609,WI,W-I/out/traj_8c37f32e.json,offsets[0].channel_content,W-I/out/table_8c37f32e.csv,3:sub_chance,8c37f32e68843070,RELAY,c1_row,channel_content,Msum,o0,0,EVERY,64,0x5EE,1..,,0.8423,0.8054,0.8793,0.608,0.5753,0.6392,True,reader=X;phase=cue
V0610,WI,W-I/out/traj_8c37f32e.json,offsets[5].site_all,W-I/out/table_8c37f32e.csv,8:reader,8c37f32e68843070,RELAY,c1_row,site_all,"S,E,r,Kp,Acc_sum,Acc_cnt,w",o5,5,EVERY,64,0x5EE,1..,,0.8423,0.8054,0.8793,0.3835,0.343,0.4247,True,reader=J;phase=int
V0611,WI,W-I/out/traj_8c37f32e.json,offsets[5].channel_all,W-I/out/table_8c37f32e.csv,8:reader,8c37f32e68843070,RELAY,c1_row,channel_all,"Msum,Mcnt",o5,5,EVERY,64,0x5EE,1..,,0.8423,0.8054,0.8793,0.5909,0.5341,0.6406,True,reader=J;phase=int
V0612,WI,W-I/out/traj_8c37f32e.json,offsets[5].inbox,W-I/out/table_8c37f32e.csv,8:sub_chance,8c37f32e68843070,RELAY,c1_row,inbox,"Acc_sum,Acc_cnt",o5,5,EVERY,64,0x5EE,1..,,0.8423,0.8054,0.8793,0.5966,0.5682,0.625,True,reader=J;phase=int
V0613,WI,W-I/out/traj_8c37f32e.json,offsets[5].channel_content,W-I/out/table_8c37f32e.csv,8:sub_chance,8c37f32e68843070,RELAY,c1_row,channel_content,Msum,o5,5,EVERY,64,0x5EE,1..,,0.8423,0.8054,0.8793,0.5788,0.5234,0.6314,True,reader=J;phase=int
V0614,WI,W-I/out/traj_8c37f32e.json,offsets[5].Kp,W-I/out/table_8c37f32e.csv,8:sub_chance,8c37f32e68843070,RELAY,c1_row,Kp,Kp,o5,5,EVERY,64,0x5EE,1..,,0.8423,0.8054,0.8793,0.6484,0.603,0.6889,True,reader=J;phase=int
V0615,WI,W-I/out/traj_8c37f32e.json,offsets[6].inbox,W-I/out/table_8c37f32e.csv,9:sub_chance,8c37f32e68843070,RELAY,c1_row,inbox,"Acc_sum,Acc_cnt",o6,6,EVERY,64,0x5EE,1..,,0.8423,0.8054,0.8793,0.5987,0.5469,0.647,True,reader=S;phase=int
V0616,WI,W-I/out/traj_8c37f32e.json,offsets[6].Kp,W-I/out/table_8c37f32e.csv,9:sub_chance,8c37f32e68843070,RELAY,c1_row,Kp,Kp,o6,6,EVERY,64,0x5EE,1..,,0.8423,0.8054,0.8793,0.4041,0.3516,0.4602,True,reader=S;phase=int
V0617,WI,W-I/out/traj_8c37f32e.json,offsets[7].S,W-I/out/table_8c37f32e.csv,10:sub_chance,8c37f32e68843070,RELAY,c1_row,S,S,o7,7,EVERY,64,0x5EE,1..,,0.8423,0.8054,0.8793,0.3963,0.3622,0.4389,True,reader=S;phase=int
V0618,WI,W-I/out/traj_8c37f32e.json,offsets[7].Kp,W-I/out/table_8c37f32e.csv,10:sub_chance,8c37f32e68843070,RELAY,c1_row,Kp,Kp,o7,7,EVERY,64,0x5EE,1..,,0.8423,0.8054,0.8793,0.598,0.5724,0.625,True,reader=S;phase=int
V0619,WI,W-I/out/traj_ab089e45.json,offsets[0].site_all,W-I/out/table_ab089e45.csv,3:reader,ab089e45b85e990b,HOLD,c1_row,site_all,"S,E,r,Kp,Acc_sum,Acc_cnt,w",o0,0,EVERY,64,0x5EE,1..,,1.0,1.0,1.0,0.5455,0.5455,0.5455,True,reader=X;phase=cue
V0620,WI,W-I/out/traj_ab089e45.json,offsets[0].joint,W-I/out/table_ab089e45.csv,3:reader,ab089e45b85e990b,HOLD,c1_row,joint,"S,E,r,Kp,Acc_sum,Acc_cnt,w,Msum,Mcnt",o0,0,EVERY,64,0x5EE,1..,,1.0,1.0,1.0,0.5455,0.5455,0.5455,True,reader=X;phase=cue
V0621,WI,W-I/out/traj_ab089e45.json,offsets[0].S,W-I/out/table_ab089e45.csv,3:sub_chance,ab089e45b85e990b,HOLD,c1_row,S,S,o0,0,EVERY,64,0x5EE,1..,,1.0,1.0,1.0,0.5455,0.5455,0.5455,True,reader=X;phase=cue
V0622,WI,W-I/out/traj_bbef66a1.json,offsets[0].site_all,W-I/out/table_bbef66a1.csv,3:reader,bbef66a1ee9558ac,RELAY,c1_row,site_all,"S,E,r,Kp,Acc_sum,Acc_cnt,w",o0,0,EVERY,64,0x5EE,1..,,0.9034,0.8793,0.9247,0.5341,0.5085,0.5611,True,reader=X;phase=cue
V0623,WI,W-I/out/traj_bbef66a1.json,offsets[0].joint,W-I/out/table_bbef66a1.csv,3:reader,bbef66a1ee9558ac,RELAY,c1_row,joint,"S,E,r,Kp,Acc_sum,Acc_cnt,w,Msum,Mcnt",o0,0,EVERY,64,0x5EE,1..,,0.9034,0.8793,0.9247,0.5341,0.5085,0.5611,True,reader=X;phase=cue
V0624,WI,W-I/out/traj_bbef66a1.json,offsets[0].S,W-I/out/table_bbef66a1.csv,3:sub_chance,bbef66a1ee9558ac,RELAY,c1_row,S,S,o0,0,EVERY,64,0x5EE,1..,,0.9034,0.8793,0.9247,0.5341,0.5085,0.5611,True,reader=X;phase=cue
V0625,WI,W-I/out/traj_bbef66a1.json,offsets[9].channel_all,W-I/out/table_bbef66a1.csv,12:reader,bbef66a1ee9558ac,RELAY,c1_row,channel_all,"Msum,Mcnt",o9,9,EVERY,64,0x5EE,1..,,0.9034,0.8793,0.9247,0.6804,0.625,0.7316,True,reader=S;phase=int
V0626,WI,W-I/out/traj_bbef66a1.json,offsets[9].channel_content,W-I/out/table_bbef66a1.csv,12:sub_chance,bbef66a1ee9558ac,RELAY,c1_row,channel_content,Msum,o9,9,EVERY,64,0x5EE,1..,,0.9034,0.8793,0.9247,0.6804,0.625,0.7316,True,reader=S;phase=int
V0627,WI,W-I/out/traj_bbef66a1.json,offsets[10].site_all,W-I/out/table_bbef66a1.csv,13:reader,bbef66a1ee9558ac,RELAY,c1_row,site_all,"S,E,r,Kp,Acc_sum,Acc_cnt,w",o10,10,EVERY,64,0x5EE,1..,,0.9034,0.8793,0.9247,0.5043,0.4446,0.5696,True,reader=J;phase=int
V0628,WI,W-I/out/traj_bbef66a1.json,offsets[10].channel_all,W-I/out/table_bbef66a1.csv,13:reader,bbef66a1ee9558ac,RELAY,c1_row,channel_all,"Msum,Mcnt",o10,10,EVERY,64,0x5EE,1..,,0.9034,0.8793,0.9247,0.4957,0.4304,0.5554,True,reader=J;phase=int
V0629,WI,W-I/out/traj_bbef66a1.json,offsets[10].S,W-I/out/table_bbef66a1.csv,13:sub_chance,bbef66a1ee9558ac,RELAY,c1_row,S,S,o10,10,EVERY,64,0x5EE,1..,,0.9034,0.8793,0.9247,0.5043,0.4446,0.5696,True,reader=J;phase=int
V0630,WI,W-I/out/traj_bbef66a1.json,offsets[10].channel_content,W-I/out/table_bbef66a1.csv,13:sub_chance,bbef66a1ee9558ac,RELAY,c1_row,channel_content,Msum,o10,10,EVERY,64,0x5EE,1..,,0.9034,0.8793,0.9247,0.4957,0.4304,0.5554,True,reader=J;phase=int
V0631,WI,W-I/out/traj_bbef66a1.json,offsets[11].site_all,W-I/out/table_bbef66a1.csv,14:reader,bbef66a1ee9558ac,RELAY,c1_row,site_all,"S,E,r,Kp,Acc_sum,Acc_cnt,w",o11,11,EVERY,64,0x5EE,1..,,0.9034,0.8793,0.9247,0.7188,0.6903,0.7472,True,reader=C;phase=int
V0632,WI,W-I/out/traj_bbef66a1.json,offsets[11].S,W-I/out/table_bbef66a1.csv,14:sub_chance,bbef66a1ee9558ac,RELAY,c1_row,S,S,o11,11,EVERY,64,0x5EE,1..,,0.9034,0.8793,0.9247,0.7188,0.6903,0.7472,True,reader=C;phase=int
V0633,WI,W-I/out/traj_bbef66a1.json,offsets[14].site_all,W-I/out/table_bbef66a1.csv,17:reader,bbef66a1ee9558ac,RELAY,c1_row,site_all,"S,E,r,Kp,Acc_sum,Acc_cnt,w",o14,14,EVERY,64,0x5EE,1..,,0.9034,0.8793,0.9247,0.6804,0.625,0.7316,True,reader=C;phase=int
V0634,WI,W-I/out/traj_bbef66a1.json,offsets[14].inbox,W-I/out/table_bbef66a1.csv,17:sub_chance,bbef66a1ee9558ac,RELAY,c1_row,inbox,"Acc_sum,Acc_cnt",o14,14,EVERY,64,0x5EE,1..,,0.9034,0.8793,0.9247,0.6804,0.625,0.7316,True,reader=C;phase=int
V0635,WI,W-I/out/traj_bbef66a1.json,offsets[15].channel_all,W-I/out/table_bbef66a1.csv,18:reader,bbef66a1ee9558ac,RELAY,c1_row,channel_all,"Msum,Mcnt",o15,15,EVERY,64,0x5EE,1..,,0.9034,0.8793,0.9247,0.7188,0.6903,0.7472,True,reader=S;phase=int
V0636,WI,W-I/out/traj_bbef66a1.json,offsets[15].S,W-I/out/table_bbef66a1.csv,18:sub_chance,bbef66a1ee9558ac,RELAY,c1_row,S,S,o15,15,EVERY,64,0x5EE,1..,,0.9034,0.8793,0.9247,0.4659,0.4389,0.4915,True,reader=S;phase=int
V0637,WI,W-I/out/traj_bbef66a1.json,offsets[15].inbox,W-I/out/table_bbef66a1.csv,18:sub_chance,bbef66a1ee9558ac,RELAY,c1_row,inbox,"Acc_sum,Acc_cnt",o15,15,EVERY,64,0x5EE,1..,,0.9034,0.8793,0.9247,0.7188,0.679,0.7585,True,reader=S;phase=int
V0638,WI,W-I/out/traj_bbef66a1.json,offsets[15].channel_content,W-I/out/table_bbef66a1.csv,18:sub_chance,bbef66a1ee9558ac,RELAY,c1_row,channel_content,Msum,o15,15,EVERY,64,0x5EE,1..,,0.9034,0.8793,0.9247,0.7188,0.6903,0.7472,True,reader=S;phase=int
V0639,WI,W-I/out/traj_bf82cb29.json,offsets[0].channel_all,W-I/out/table_bf82cb29.csv,3:reader,bf82cb29e967a489,RELAY,c1_row,channel_all,"Msum,Mcnt",o0,0,EVERY,64,0x5EE,1..,,0.6705,0.6541,0.6882,0.5256,0.5099,0.5412,True,reader=X;phase=cue
V0640,WI,W-I/out/traj_bf82cb29.json,offsets[0].joint,W-I/out/table_bf82cb29.csv,3:reader,bf82cb29e967a489,RELAY,c1_row,joint,"S,E,r,Kp,Acc_sum,Acc_cnt,w,Msum,Mcnt",o0,0,EVERY,64,0x5EE,1..,,0.6705,0.6541,0.6882,0.5256,0.5099,0.5412,True,reader=X;phase=cue
V0641,WI,W-I/out/traj_bf82cb29.json,offsets[0].channel_content,W-I/out/table_bf82cb29.csv,3:sub_chance,bf82cb29e967a489,RELAY,c1_row,channel_content,Msum,o0,0,EVERY,64,0x5EE,1..,,0.6705,0.6541,0.6882,0.5256,0.5099,0.5412,True,reader=X;phase=cue
V0642,WI,W-I/out/traj_bf82cb29.json,offsets[3].site_all,W-I/out/table_bf82cb29.csv,6:reader,bf82cb29e967a489,RELAY,c1_row,site_all,"S,E,r,Kp,Acc_sum,Acc_cnt,w",o3,3,EVERY,64,0x5EE,1..,,0.6705,0.6541,0.6882,0.544,0.5277,0.5604,True,reader=M;phase=int
V0643,WI,W-I/out/traj_bf82cb29.json,offsets[3].channel_all,W-I/out/table_bf82cb29.csv,6:reader,bf82cb29e967a489,RELAY,c1_row,channel_all,"Msum,Mcnt",o3,3,EVERY,64,0x5EE,1..,,0.6705,0.6541,0.6882,0.456,0.4396,0.4723,True,reader=M;phase=int
V0644,WI,W-I/out/traj_bf82cb29.json,offsets[3].inbox,W-I/out/table_bf82cb29.csv,6:sub_chance,bf82cb29e967a489,RELAY,c1_row,inbox,"Acc_sum,Acc_cnt",o3,3,EVERY,64,0x5EE,1..,,0.6705,0.6541,0.6882,0.544,0.5277,0.5604,True,reader=M;phase=int
V0645,WI,W-I/out/traj_bf82cb29.json,offsets[3].channel_content,W-I/out/table_bf82cb29.csv,6:sub_chance,bf82cb29e967a489,RELAY,c1_row,channel_content,Msum,o3,3,EVERY,64,0x5EE,1..,,0.6705,0.6541,0.6882,0.456,0.4396,0.4723,True,reader=M;phase=int
V0646,WI,W-I/out/traj_bf82cb29.json,offsets[6].site_all,W-I/out/table_bf82cb29.csv,9:reader,bf82cb29e967a489,RELAY,c1_row,site_all,"S,E,r,Kp,Acc_sum,Acc_cnt,w",o6,6,EVERY,64,0x5EE,1..,,0.6705,0.6541,0.6882,0.5774,0.5575,0.5994,True,reader=M;phase=int
V0647,WI,W-I/out/traj_bf82cb29.json,offsets[6].channel_all,W-I/out/table_bf82cb29.csv,9:reader,bf82cb29e967a489,RELAY,c1_row,channel_all,"Msum,Mcnt",o6,6,EVERY,64,0x5EE,1..,,0.6705,0.6541,0.6882,0.4226,0.4006,0.4425,True,reader=M;phase=int
V0648,WI,W-I/out/traj_bf82cb29.json,offsets[6].inbox,W-I/out/table_bf82cb29.csv,9:sub_chance,bf82cb29e967a489,RELAY,c1_row,inbox,"Acc_sum,Acc_cnt",o6,6,EVERY,64,0x5EE,1..,,0.6705,0.6541,0.6882,0.5774,0.5575,0.5994,True,reader=M;phase=int
V0649,WI,W-I/out/traj_bf82cb29.json,offsets[6].channel_content,W-I/out/table_bf82cb29.csv,9:sub_chance,bf82cb29e967a489,RELAY,c1_row,channel_content,Msum,o6,6,EVERY,64,0x5EE,1..,,0.6705,0.6541,0.6882,0.4226,0.4006,0.4425,True,reader=M;phase=int
V0650,WI,W-I/out/traj_bf82cb29.json,offsets[7].channel_all,W-I/out/table_bf82cb29.csv,10:reader,bf82cb29e967a489,RELAY,c1_row,channel_all,"Msum,Mcnt",o7,7,EVERY,64,0x5EE,1..,,0.6705,0.6541,0.6882,0.6222,0.6016,0.642,True,reader=S;phase=int
V0651,WI,W-I/out/traj_bf82cb29.json,offsets[7].S,W-I/out/table_bf82cb29.csv,10:sub_chance,bf82cb29e967a489,RELAY,c1_row,S,S,o7,7,EVERY,64,0x5EE,1..,,0.6705,0.6541,0.6882,0.4744,0.4588,0.4901,True,reader=S;phase=int
V0652,WI,W-I/out/traj_bf82cb29.json,offsets[7].inbox,W-I/out/table_bf82cb29.csv,10:sub_chance,bf82cb29e967a489,RELAY,c1_row,inbox,"Acc_sum,Acc_cnt",o7,7,EVERY,64,0x5EE,1..,,0.6705,0.6541,0.6882,0.5739,0.5533,0.5945,True,reader=S;phase=int
V0653,WI,W-I/out/traj_bf82cb29.json,offsets[7].channel_content,W-I/out/table_bf82cb29.csv,10:sub_chance,bf82cb29e967a489,RELAY,c1_row,channel_content,Msum,o7,7,EVERY,64,0x5EE,1..,,0.6705,0.6541,0.6882,0.6222,0.6016,0.642,True,reader=S;phase=int
V0654,WI,W-I/out/traj_c16d5231.json,offsets[0].channel_all,W-I/out/table_c16d5231.csv,3:reader,c16d52319beb8bce,RELAY,c1_row,channel_all,"Msum,Mcnt",o0,0,EVERY,64,0x5EE,1..,,0.8501,0.8125,0.8821,0.5582,0.5163,0.6016,True,reader=X;phase=cue
V0655,WI,W-I/out/traj_c16d5231.json,offsets[0].joint,W-I/out/table_c16d5231.csv,3:reader,c16d52319beb8bce,RELAY,c1_row,joint,"S,E,r,Kp,Acc_sum,Acc_cnt,w,Msum,Mcnt",o0,0,EVERY,64,0x5EE,1..,,0.8501,0.8125,0.8821,0.5263,0.4744,0.5788,True,reader=X;phase=cue
V0656,WI,W-I/out/traj_c16d5231.json,offsets[0].channel_content,W-I/out/table_c16d5231.csv,3:sub_chance,c16d52319beb8bce,RELAY,c1_row,channel_content,Msum,o0,0,EVERY,64,0x5EE,1..,,0.8501,0.8125,0.8821,0.5582,0.5163,0.6016,True,reader=X;phase=cue
V0657,WI,W-I/out/traj_c16d5231.json,offsets[4].site_all,W-I/out/table_c16d5231.csv,7:reader,c16d52319beb8bce,RELAY,c1_row,site_all,"S,E,r,Kp,Acc_sum,Acc_cnt,w",o4,4,EVERY,64,0x5EE,1..,,0.8501,0.8125,0.8821,0.7294,0.6761,0.782,True,reader=C;phase=int
V0658,WI,W-I/out/traj_c16d5231.json,offsets[4].S,W-I/out/table_c16d5231.csv,7:sub_chance,c16d52319beb8bce,RELAY,c1_row,S,S,o4,4,EVERY,64,0x5EE,1..,,0.8501,0.8125,0.8821,0.7294,0.6761,0.782,True,reader=C;phase=int
V0659,WI,W-I/out/traj_c16d5231.json,offsets[5].site_all,W-I/out/table_c16d5231.csv,8:reader,c16d52319beb8bce,RELAY,c1_row,site_all,"S,E,r,Kp,Acc_sum,Acc_cnt,w",o5,5,EVERY,64,0x5EE,1..,,0.8501,0.8125,0.8821,0.3977,0.3423,0.4475,True,reader=M;phase=int
V0660,WI,W-I/out/traj_c16d5231.json,offsets[5].channel_all,W-I/out/table_c16d5231.csv,8:reader,c16d52319beb8bce,RELAY,c1_row,channel_all,"Msum,Mcnt",o5,5,EVERY,64,0x5EE,1..,,0.8501,0.8125,0.8821,0.5717,0.5163,0.6207,True,reader=M;phase=int
V0661,WI,W-I/out/traj_c16d5231.json,offsets[5].S,W-I/out/table_c16d5231.csv,8:sub_chance,c16d52319beb8bce,RELAY,c1_row,S,S,o5,5,EVERY,64,0x5EE,1..,,0.8501,0.8125,0.8821,0.6009,0.554,0.6534,True,reader=M;phase=int
V0662,WI,W-I/out/traj_c16d5231.json,offsets[5].inbox,W-I/out/table_c16d5231.csv,8:sub_chance,c16d52319beb8bce,RELAY,c1_row,inbox,"Acc_sum,Acc_cnt",o5,5,EVERY,64,0x5EE,1..,,0.8501,0.8125,0.8821,0.6584,0.6037,0.7102,True,reader=M;phase=int
V0663,WI,W-I/out/traj_c16d5231.json,offsets[5].channel_content,W-I/out/table_c16d5231.csv,8:sub_chance,c16d52319beb8bce,RELAY,c1_row,channel_content,Msum,o5,5,EVERY,64,0x5EE,1..,,0.8501,0.8125,0.8821,0.5732,0.5163,0.6236,True,reader=M;phase=int
V0664,WI,W-I/out/traj_c16d5231.json,offsets[6].S,W-I/out/table_c16d5231.csv,9:sub_chance,c16d52319beb8bce,RELAY,c1_row,S,S,o6,6,EVERY,64,0x5EE,1..,,0.8501,0.8125,0.8821,0.3977,0.3423,0.4475,True,reader=S;phase=int
V0665,WI,W-I/out/traj_c16d5231.json,offsets[6].inbox,W-I/out/table_c16d5231.csv,9:sub_chance,c16d52319beb8bce,RELAY,c1_row,inbox,"Acc_sum,Acc_cnt",o6,6,EVERY,64,0x5EE,1..,,0.8501,0.8125,0.8821,0.5717,0.5163,0.6207,True,reader=S;phase=int
V0666,WI,W-I/out/traj_cd5b6fd6.json,offsets[0].channel_all,W-I/out/table_cd5b6fd6.csv,3:reader,cd5b6fd649eb242d,RELAY,c1_row,channel_all,"Msum,Mcnt",o0,0,EVERY,64,0x5EE,1..,,0.723,0.7074,0.7365,0.5199,0.5071,0.5327,True,reader=X;phase=cue
V0667,WI,W-I/out/traj_cd5b6fd6.json,offsets[0].joint,W-I/out/table_cd5b6fd6.csv,3:reader,cd5b6fd649eb242d,RELAY,c1_row,joint,"S,E,r,Kp,Acc_sum,Acc_cnt,w,Msum,Mcnt",o0,0,EVERY,64,0x5EE,1..,,0.723,0.7074,0.7365,0.5128,0.4964,0.5277,True,reader=X;phase=cue
V0668,WI,W-I/out/traj_cd5b6fd6.json,offsets[0].channel_content,W-I/out/table_cd5b6fd6.csv,3:sub_chance,cd5b6fd649eb242d,RELAY,c1_row,channel_content,Msum,o0,0,EVERY,64,0x5EE,1..,,0.723,0.7074,0.7365,0.5199,0.5071,0.5327,True,reader=X;phase=cue
V0669,WI,W-I/out/traj_cd5b6fd6.json,offsets[3].site_all,W-I/out/table_cd5b6fd6.csv,6:reader,cd5b6fd649eb242d,RELAY,c1_row,site_all,"S,E,r,Kp,Acc_sum,Acc_cnt,w",o3,3,EVERY,64,0x5EE,1..,,0.723,0.7074,0.7365,0.603,0.5774,0.6264,True,reader=M;phase=int
V0670,WI,W-I/out/traj_cd5b6fd6.json,offsets[3].channel_all,W-I/out/table_cd5b6fd6.csv,6:reader,cd5b6fd649eb242d,RELAY,c1_row,channel_all,"Msum,Mcnt",o3,3,EVERY,64,0x5EE,1..,,0.723,0.7074,0.7365,0.3956,0.3764,0.4141,True,reader=M;phase=int
V0671,WI,W-I/out/traj_cd5b6fd6.json,offsets[3].inbox,W-I/out/table_cd5b6fd6.csv,6:sub_chance,cd5b6fd649eb242d,RELAY,c1_row,inbox,"Acc_sum,Acc_cnt",o3,3,EVERY,64,0x5EE,1..,,0.723,0.7074,0.7365,0.6044,0.5859,0.6236,True,reader=M;phase=int
V0672,WI,W-I/out/traj_cd5b6fd6.json,offsets[3].channel_content,W-I/out/table_cd5b6fd6.csv,6:sub_chance,cd5b6fd649eb242d,RELAY,c1_row,channel_content,Msum,o3,3,EVERY,64,0x5EE,1..,,0.723,0.7074,0.7365,0.3956,0.3764,0.4141,True,reader=M;phase=int
V0673,WI,W-I/out/traj_cd5b6fd6.json,offsets[4].site_all,W-I/out/table_cd5b6fd6.csv,7:reader,cd5b6fd649eb242d,RELAY,c1_row,site_all,"S,E,r,Kp,Acc_sum,Acc_cnt,w",o4,4,EVERY,64,0x5EE,1..,,0.723,0.7074,0.7365,0.593,0.5668,0.6207,True,reader=M;phase=int
V0674,WI,W-I/out/traj_cd5b6fd6.json,offsets[4].channel_all,W-I/out/table_cd5b6fd6.csv,7:reader,cd5b6fd649eb242d,RELAY,c1_row,channel_all,"Msum,Mcnt",o4,4,EVERY,64,0x5EE,1..,,0.723,0.7074,0.7365,0.4162,0.3913,0.4403,True,reader=M;phase=int
V0675,WI,W-I/out/traj_cd5b6fd6.json,offsets[4].inbox,W-I/out/table_cd5b6fd6.csv,7:sub_chance,cd5b6fd649eb242d,RELAY,c1_row,inbox,"Acc_sum,Acc_cnt",o4,4,EVERY,64,0x5EE,1..,,0.723,0.7074,0.7365,0.5845,0.5604,0.6101,True,reader=M;phase=int
V0676,WI,W-I/out/traj_cd5b6fd6.json,offsets[4].channel_content,W-I/out/table_cd5b6fd6.csv,7:sub_chance,cd5b6fd649eb242d,RELAY,c1_row,channel_content,Msum,o4,4,EVERY,64,0x5EE,1..,,0.723,0.7074,0.7365,0.4162,0.3913,0.4403,True,reader=M;phase=int
V0677,WI,W-I/out/traj_cd5b6fd6.json,offsets[6].site_all,W-I/out/table_cd5b6fd6.csv,9:reader,cd5b6fd649eb242d,RELAY,c1_row,site_all,"S,E,r,Kp,Acc_sum,Acc_cnt,w",o6,6,EVERY,64,0x5EE,1..,,0.723,0.7074,0.7365,0.6378,0.6051,0.6669,True,reader=M;phase=int
V0678,WI,W-I/out/traj_cd5b6fd6.json,offsets[6].channel_all,W-I/out/table_cd5b6fd6.csv,9:reader,cd5b6fd649eb242d,RELAY,c1_row,channel_all,"Msum,Mcnt",o6,6,EVERY,64,0x5EE,1..,,0.723,0.7074,0.7365,0.3736,0.3452,0.4034,True,reader=M;phase=int
V0679,WI,W-I/out/traj_cd5b6fd6.json,offsets[6].S,W-I/out/table_cd5b6fd6.csv,9:sub_chance,cd5b6fd649eb242d,RELAY,c1_row,S,S,o6,6,EVERY,64,0x5EE,1..,,0.723,0.7074,0.7365,0.6648,0.6378,0.6868,True,reader=M;phase=int
V0680,WI,W-I/out/traj_cd5b6fd6.json,offsets[6].channel_content,W-I/out/table_cd5b6fd6.csv,9:sub_chance,cd5b6fd649eb242d,RELAY,c1_row,channel_content,Msum,o6,6,EVERY,64,0x5EE,1..,,0.723,0.7074,0.7365,0.3736,0.3452,0.4034,True,reader=M;phase=int
V0681,WI,W-I/out/traj_cd5b6fd6.json,offsets[7].site_all,W-I/out/table_cd5b6fd6.csv,10:reader,cd5b6fd649eb242d,RELAY,c1_row,site_all,"S,E,r,Kp,Acc_sum,Acc_cnt,w",o7,7,EVERY,64,0x5EE,1..,,0.723,0.7074,0.7365,0.4638,0.4354,0.4922,True,reader=M;phase=int
V0682,WI,W-I/out/traj_cd5b6fd6.json,offsets[7].channel_all,W-I/out/table_cd5b6fd6.csv,10:reader,cd5b6fd649eb242d,RELAY,c1_row,channel_all,"Msum,Mcnt",o7,7,EVERY,64,0x5EE,1..,,0.723,0.7074,0.7365,0.5277,0.5057,0.5519,True,reader=M;phase=int
V0683,WI,W-I/out/traj_cd5b6fd6.json,offsets[7].S,W-I/out/table_cd5b6fd6.csv,10:sub_chance,cd5b6fd649eb242d,RELAY,c1_row,S,S,o7,7,EVERY,64,0x5EE,1..,,0.723,0.7074,0.7365,0.593,0.5568,0.6222,True,reader=M;phase=int
V0684,WI,W-I/out/traj_cd5b6fd6.json,offsets[7].inbox,W-I/out/table_cd5b6fd6.csv,10:sub_chance,cd5b6fd649eb242d,RELAY,c1_row,inbox,"Acc_sum,Acc_cnt",o7,7,EVERY,64,0x5EE,1..,,0.723,0.7074,0.7365,0.6108,0.5909,0.6342,True,reader=M;phase=int
V0685,WI,W-I/out/traj_cd5b6fd6.json,offsets[7].channel_content,W-I/out/table_cd5b6fd6.csv,10:sub_chance,cd5b6fd649eb242d,RELAY,c1_row,channel_content,Msum,o7,7,EVERY,64,0x5EE,1..,,0.723,0.7074,0.7365,0.5277,0.5057,0.5519,True,reader=M;phase=int
V0686,WI,W-I/out/traj_cd5b6fd6.json,offsets[8].S,W-I/out/table_cd5b6fd6.csv,11:sub_chance,cd5b6fd649eb242d,RELAY,c1_row,S,S,o8,8,EVERY,64,0x5EE,1..,,0.723,0.7074,0.7365,0.4347,0.4119,0.456,True,reader=S;phase=int
V0687,WI,W-I/out/traj_cd5b6fd6.json,offsets[8].inbox,W-I/out/table_cd5b6fd6.csv,11:sub_chance,cd5b6fd649eb242d,RELAY,c1_row,inbox,"Acc_sum,Acc_cnt",o8,8,EVERY,64,0x5EE,1..,,0.723,0.7074,0.7365,0.5803,0.5604,0.603,True,reader=S;phase=int
V0688,WI,W-I/out/traj_e06701a5.json,offsets[0].channel_all,W-I/out/table_e06701a5.csv,3:reader,e06701a5e70bb7c2,RELAY,c1_row,channel_all,"Msum,Mcnt",o0,0,EVERY,64,0x5EE,1..,,0.6825,0.6499,0.7102,0.5348,0.5185,0.5483,True,reader=X;phase=cue
V0689,WI,W-I/out/traj_e06701a5.json,offsets[0].joint,W-I/out/table_e06701a5.csv,3:reader,e06701a5e70bb7c2,RELAY,c1_row,joint,"S,E,r,Kp,Acc_sum,Acc_cnt,w,Msum,Mcnt",o0,0,EVERY,64,0x5EE,1..,,0.6825,0.6499,0.7102,0.5348,0.5185,0.5483,True,reader=X;phase=cue
V0690,WI,W-I/out/traj_e06701a5.json,offsets[0].channel_count,W-I/out/table_e06701a5.csv,3:sub_chance,e06701a5e70bb7c2,RELAY,c1_row,channel_count,Mcnt,o0,0,EVERY,64,0x5EE,1..,,0.6825,0.6499,0.7102,0.5348,0.5185,0.5483,True,reader=X;phase=cue
V0691,WI,W-I/out/traj_e06701a5.json,offsets[5].site_all,W-I/out/table_e06701a5.csv,8:reader,e06701a5e70bb7c2,RELAY,c1_row,site_all,"S,E,r,Kp,Acc_sum,Acc_cnt,w",o5,5,EVERY,64,0x5EE,1..,,0.6825,0.6499,0.7102,0.4197,0.4013,0.4403,True,reader=J;phase=int
V0692,WI,W-I/out/traj_e06701a5.json,offsets[5].channel_all,W-I/out/table_e06701a5.csv,8:reader,e06701a5e70bb7c2,RELAY,c1_row,channel_all,"Msum,Mcnt",o5,5,EVERY,64,0x5EE,1..,,0.6825,0.6499,0.7102,0.5689,0.5469,0.5888,True,reader=J;phase=int
V0693,WI,W-I/out/traj_e06701a5.json,offsets[5].S,W-I/out/table_e06701a5.csv,8:sub_chance,e06701a5e70bb7c2,RELAY,c1_row,S,S,o5,5,EVERY,64,0x5EE,1..,,0.6825,0.6499,0.7102,0.5788,0.5597,0.5973,True,reader=J;phase=int
V0694,WI,W-I/out/traj_e06701a5.json,offsets[5].inbox,W-I/out/table_e06701a5.csv,8:sub_chance,e06701a5e70bb7c2,RELAY,c1_row,inbox,"Acc_sum,Acc_cnt",o5,5,EVERY,64,0x5EE,1..,,0.6825,0.6499,0.7102,0.5348,0.5185,0.5483,True,reader=J;phase=int
V0695,WI,W-I/out/traj_e06701a5.json,offsets[5].channel_count,W-I/out/table_e06701a5.csv,8:sub_chance,e06701a5e70bb7c2,RELAY,c1_row,channel_count,Mcnt,o5,5,EVERY,64,0x5EE,1..,,0.6825,0.6499,0.7102,0.5689,0.5469,0.5888,True,reader=J;phase=int
V0696,WI,W-I/out/traj_e06701a5.json,offsets[6].S,W-I/out/table_e06701a5.csv,9:sub_chance,e06701a5e70bb7c2,RELAY,c1_row,S,S,o6,6,EVERY,64,0x5EE,1..,,0.6825,0.6499,0.7102,0.4311,0.4112,0.4531,True,reader=S;phase=int
V0697,WI,W-I/out/traj_e06701a5.json,offsets[6].inbox,W-I/out/table_e06701a5.csv,9:sub_chance,e06701a5e70bb7c2,RELAY,c1_row,inbox,"Acc_sum,Acc_cnt",o6,6,EVERY,64,0x5EE,1..,,0.6825,0.6499,0.7102,0.5689,0.5469,0.5888,True,reader=S;phase=int
V0698,WI,W-I/out/traj_e2afff1c.json,offsets[0].channel_all,W-I/out/table_e2afff1c.csv,3:reader,e2afff1ce40123fc,RELAY,c1_row,channel_all,"Msum,Mcnt",o0,0,EVERY,64,0x5EE,1..,,0.8011,0.7642,0.8395,0.5398,0.4858,0.5895,True,reader=X;phase=cue
V0699,WI,W-I/out/traj_e2afff1c.json,offsets[0].joint,W-I/out/table_e2afff1c.csv,3:reader,e2afff1ce40123fc,RELAY,c1_row,joint,"S,E,r,Kp,Acc_sum,Acc_cnt,w,Msum,Mcnt",o0,0,EVERY,64,0x5EE,1..,,0.8011,0.7642,0.8395,0.5085,0.4759,0.544,True,reader=X;phase=cue
V0700,WI,W-I/out/traj_e2afff1c.json,offsets[0].channel_content,W-I/out/table_e2afff1c.csv,3:sub_chance,e2afff1ce40123fc,RELAY,c1_row,channel_content,Msum,o0,0,EVERY,64,0x5EE,1..,,0.8011,0.7642,0.8395,0.5298,0.4872,0.5682,True,reader=X;phase=cue
V0701,WI,W-I/out/traj_e2afff1c.json,offsets[2].channel_count,W-I/out/table_e2afff1c.csv,5:sub_chance,e2afff1ce40123fc,RELAY,c1_row,channel_count,Mcnt,o2,2,EVERY,64,0x5EE,1..,,0.8011,0.7642,0.8395,0.7429,0.7003,0.7884,True,reader=C;phase=int
V0702,WI,W-I/out/traj_e2afff1c.json,offsets[4].site_all,W-I/out/table_e2afff1c.csv,7:reader,e2afff1ce40123fc,RELAY,c1_row,site_all,"S,E,r,Kp,Acc_sum,Acc_cnt,w",o4,4,EVERY,64,0x5EE,1..,,0.8011,0.7642,0.8395,0.7273,0.691,0.7649,True,reader=C;phase=int
V0703,WI,W-I/out/traj_e2afff1c.json,offsets[4].S,W-I/out/table_e2afff1c.csv,7:sub_chance,e2afff1ce40123fc,RELAY,c1_row,S,S,o4,4,EVERY,64,0x5EE,1..,,0.8011,0.7642,0.8395,0.7017,0.6676,0.7386,True,reader=C;phase=int
V0704,WI,W-I/out/traj_e2afff1c.json,offsets[5].site_all,W-I/out/table_e2afff1c.csv,8:reader,e2afff1ce40123fc,RELAY,c1_row,site_all,"S,E,r,Kp,Acc_sum,Acc_cnt,w",o5,5,EVERY,64,0x5EE,1..,,0.8011,0.7642,0.8395,0.3736,0.321,0.4219,True,reader=J;phase=int
V0705,WI,W-I/out/traj_e2afff1c.json,offsets[5].channel_all,W-I/out/table_e2afff1c.csv,8:reader,e2afff1ce40123fc,RELAY,c1_row,channel_all,"Msum,Mcnt",o5,5,EVERY,64,0x5EE,1..,,0.8011,0.7642,0.8395,0.6087,0.5675,0.6484,True,reader=J;phase=int
V0706,WI,W-I/out/traj_e2afff1c.json,offsets[5].S,W-I/out/table_e2afff1c.csv,8:sub_chance,e2afff1ce40123fc,RELAY,c1_row,S,S,o5,5,EVERY,64,0x5EE,1..,,0.8011,0.7642,0.8395,0.5689,0.5121,0.625,True,reader=J;phase=int
V0707,WI,W-I/out/traj_e2afff1c.json,offsets[5].inbox,W-I/out/table_e2afff1c.csv,8:sub_chance,e2afff1ce40123fc,RELAY,c1_row,inbox,"Acc_sum,Acc_cnt",o5,5,EVERY,64,0x5EE,1..,,0.8011,0.7642,0.8395,0.6634,0.6257,0.701,True,reader=J;phase=int
V0708,WI,W-I/out/traj_e2afff1c.json,offsets[5].channel_content,W-I/out/table_e2afff1c.csv,8:sub_chance,e2afff1ce40123fc,RELAY,c1_row,channel_content,Msum,o5,5,EVERY,64,0x5EE,1..,,0.8011,0.7642,0.8395,0.5703,0.5178,0.6215,True,reader=J;phase=int
V0709,WI,W-I/out/traj_e2afff1c.json,offsets[6].S,W-I/out/table_e2afff1c.csv,9:sub_chance,e2afff1ce40123fc,RELAY,c1_row,S,S,o6,6,EVERY,64,0x5EE,1..,,0.8011,0.7642,0.8395,0.3771,0.3317,0.4233,True,reader=S;phase=int
V0710,WI,W-I/out/traj_e2afff1c.json,offsets[6].inbox,W-I/out/table_e2afff1c.csv,9:sub_chance,e2afff1ce40123fc,RELAY,c1_row,inbox,"Acc_sum,Acc_cnt",o6,6,EVERY,64,0x5EE,1..,,0.8011,0.7642,0.8395,0.5824,0.5341,0.6264,True,reader=S;phase=int
V0711,WI,W-I/out/traj_e9196cae.json,offsets[0].channel_all,W-I/out/table_e9196cae.csv,3:reader,e9196cae3d7537f1,RELAY,c1_row,channel_all,"Msum,Mcnt",o0,0,EVERY,64,0x5EE,1..,,0.7926,0.7585,0.8224,0.4602,0.4261,0.4957,True,reader=X;phase=cue
V0712,WI,W-I/out/traj_e9196cae.json,offsets[0].joint,W-I/out/table_e9196cae.csv,3:reader,e9196cae3d7537f1,RELAY,c1_row,joint,"S,E,r,Kp,Acc_sum,Acc_cnt,w,Msum,Mcnt",o0,0,EVERY,64,0x5EE,1..,,0.7926,0.7585,0.8224,0.4602,0.4261,0.4957,True,reader=X;phase=cue
V0713,WI,W-I/out/traj_e9196cae.json,offsets[0].channel_content,W-I/out/table_e9196cae.csv,3:sub_chance,e9196cae3d7537f1,RELAY,c1_row,channel_content,Msum,o0,0,EVERY,64,0x5EE,1..,,0.7926,0.7585,0.8224,0.4602,0.4261,0.4957,True,reader=X;phase=cue
V0714,WI,W-I/out/traj_e9196cae.json,offsets[3].site_all,W-I/out/table_e9196cae.csv,6:reader,e9196cae3d7537f1,RELAY,c1_row,site_all,"S,E,r,Kp,Acc_sum,Acc_cnt,w",o3,3,EVERY,64,0x5EE,1..,,0.7926,0.7585,0.8224,0.7344,0.6946,0.7713,True,reader=C;phase=int
V0715,WI,W-I/out/traj_e9196cae.json,offsets[3].inbox,W-I/out/table_e9196cae.csv,6:sub_chance,e9196cae3d7537f1,RELAY,c1_row,inbox,"Acc_sum,Acc_cnt",o3,3,EVERY,64,0x5EE,1..,,0.7926,0.7585,0.8224,0.7344,0.6946,0.7713,True,reader=C;phase=int
V0716,WI,W-I/out/traj_e9196cae.json,offsets[5].channel_all,W-I/out/table_e9196cae.csv,8:reader,e9196cae3d7537f1,RELAY,c1_row,channel_all,"Msum,Mcnt",o5,5,EVERY,64,0x5EE,1..,,0.7926,0.7585,0.8224,0.6449,0.6094,0.6804,True,reader=S;phase=int
V0717,WI,W-I/out/traj_e9196cae.json,offsets[5].S,W-I/out/table_e9196cae.csv,8:sub_chance,e9196cae3d7537f1,RELAY,c1_row,S,S,o5,5,EVERY,64,0x5EE,1..,,0.7926,0.7585,0.8224,0.5398,0.5043,0.5739,True,reader=S;phase=int
V0718,WI,W-I/out/traj_e9196cae.json,offsets[5].inbox,W-I/out/table_e9196cae.csv,8:sub_chance,e9196cae3d7537f1,RELAY,c1_row,inbox,"Acc_sum,Acc_cnt",o5,5,EVERY,64,0x5EE,1..,,0.7926,0.7585,0.8224,0.608,0.5682,0.6477,True,reader=S;phase=int
V0719,WI,W-I/out/traj_e9196cae.json,offsets[5].channel_content,W-I/out/table_e9196cae.csv,8:sub_chance,e9196cae3d7537f1,RELAY,c1_row,channel_content,Msum,o5,5,EVERY,64,0x5EE,1..,,0.7926,0.7585,0.8224,0.6449,0.6094,0.6804,True,reader=S;phase=int
V0720,WI,W-I/out/traj_ed16c553.json,offsets[0].site_all,W-I/out/table_ed16c553.csv,3:reader,ed16c5532e2398cd,RELAY,c1_row,site_all,"S,E,r,Kp,Acc_sum,Acc_cnt,w",o0,0,EVERY,64,0x5EE,1..,,0.7642,0.7358,0.7947,0.5355,0.5107,0.5589,True,reader=X;phase=cue
V0721,WI,W-I/out/traj_ed16c553.json,offsets[0].joint,W-I/out/table_ed16c553.csv,3:reader,ed16c5532e2398cd,RELAY,c1_row,joint,"S,E,r,Kp,Acc_sum,Acc_cnt,w,Msum,Mcnt",o0,0,EVERY,64,0x5EE,1..,,0.7642,0.7358,0.7947,0.5355,0.5107,0.5589,True,reader=X;phase=cue
V0722,WI,W-I/out/traj_ed16c553.json,offsets[0].S,W-I/out/table_ed16c553.csv,3:sub_chance,ed16c5532e2398cd,RELAY,c1_row,S,S,o0,0,EVERY,64,0x5EE,1..,,0.7642,0.7358,0.7947,0.5234,0.4986,0.5469,True,reader=X;phase=cue
V0723,WI,W-I/out/traj_ed16c553.json,offsets[2].site_all,W-I/out/table_ed16c553.csv,5:reader,ed16c5532e2398cd,RELAY,c1_row,site_all,"S,E,r,Kp,Acc_sum,Acc_cnt,w",o2,2,EVERY,64,0x5EE,1..,,0.7642,0.7358,0.7947,0.4304,0.4013,0.4616,True,reader=M;phase=int
V0724,WI,W-I/out/traj_ed16c553.json,offsets[2].channel_all,W-I/out/table_ed16c553.csv,5:reader,ed16c5532e2398cd,RELAY,c1_row,channel_all,"Msum,Mcnt",o2,2,EVERY,64,0x5EE,1..,,0.7642,0.7358,0.7947,0.5739,0.5518,0.5966,True,reader=M;phase=int
V0725,WI,W-I/out/traj_ed16c553.json,offsets[2].S,W-I/out/table_ed16c553.csv,5:sub_chance,ed16c5532e2398cd,RELAY,c1_row,S,S,o2,2,EVERY,64,0x5EE,1..,,0.7642,0.7358,0.7947,0.429,0.4077,0.4517,True,reader=M;phase=int
V0726,WI,W-I/out/traj_ed16c553.json,offsets[2].channel_content,W-I/out/table_ed16c553.csv,5:sub_chance,ed16c5532e2398cd,RELAY,c1_row,channel_content,Msum,o2,2,EVERY,64,0x5EE,1..,,0.7642,0.7358,0.7947,0.5739,0.5518,0.5966,True,reader=M;phase=int
V0727,WI,W-I/out/traj_ed16c553.json,offsets[7].S,W-I/out/table_ed16c553.csv,10:sub_chance,ed16c5532e2398cd,RELAY,c1_row,S,S,o7,7,EVERY,64,0x5EE,1..,,0.7642,0.7358,0.7947,0.4311,0.4105,0.4524,True,reader=S;phase=int
V0728,WI,W-I/out/traj_ed16c553.json,offsets[7].inbox,W-I/out/table_ed16c553.csv,10:sub_chance,ed16c5532e2398cd,RELAY,c1_row,inbox,"Acc_sum,Acc_cnt",o7,7,EVERY,64,0x5EE,1..,,0.7642,0.7358,0.7947,0.5859,0.5554,0.6151,True,reader=S;phase=int
V0729,SCT,spikes/out/s_ct.json,401:c16d5231.sitestate,W-E/ret_census.py specimens() class; W-E/out/D_*.json,parent=c16d5231,c16d5231,RELAY,d_wave,sitestate,"S,E,r,Kp,Acc_sum,Acc_cnt,w",mid_sct,,EVERY,64,0x5E3,all,,0.8737,0.8333,0.9115,0.7363,0.6784,0.793,True,W-E class input
V0730,SCT,spikes/out/s_ct.json,458:4781b0a1.inflight,W-E/ret_census.py specimens() class; W-E/out/D_*.json,parent=4781b0a1,4781b0a1,MAJ,d_wave,inflight,"Msum,Mcnt",mid_sct,,EVERY,64,0x5E3,all,,0.7734,0.7292,0.8177,0.5208,0.4883,0.5534,True,W-E class input
V0731,SCT,spikes/out/s_ct.json,458:4781b0a1.sitestate,W-E/ret_census.py specimens() class; W-E/out/D_*.json,parent=4781b0a1,4781b0a1,MAJ,d_wave,sitestate,"S,E,r,Kp,Acc_sum,Acc_cnt,w",mid_sct,,EVERY,64,0x5E3,all,,0.7734,0.7292,0.8177,0.4831,0.4505,0.5169,True,W-E class input
V0732,SCT,spikes/out/s_ct.json,458:4781b0a1.payload,W-E/ret_census.py specimens() class; W-E/out/D_*.json,parent=4781b0a1,4781b0a1,MAJ,d_wave,payload,Msum,mid_sct,,EVERY,64,0x5E3,all,,0.7734,0.7292,0.8177,0.5208,0.4883,0.5534,True,W-E class input
