vid,source,specimen,family,arm,timing,offset,normal_m,normal_lo,swap_m,swap_lo,swap_hi,single,every,rel,rel_gated,p_min,K,z,n512,s512,every_swap,census,fS,fC,fN,ident,follow,record,record_line,derived_line,derived_reading
V0000,WF,cc18858fdfd34515,HOLD,site_all,late,17,0.6589,0.6133,0.3607,0.3099,0.4128,FLIP,,FLIP_REL,FLIP_REL,0.58,12,-1.0,"[0.68, 0.663, 0.696]","[0.32, 0.304, 0.337]",,SITE,1.0,0.0,0.0,1.0,SITE,W-F/out/census_s0.jsonl,2,70:late_site,class=SITE;class_late=ELSEWHERE;tags=TRIVIAL;HANDOFF
V0001,WF,c939c3c7271e65d2,RELAY,site_all,mid,9,0.5892,0.5697,0.4147,0.3984,0.431,CHANCE,,FLIP_REL,FLIP_REL,0.58,12,-0.9873987398739866,"[0.59, 0.584, 0.597]","[0.411, 0.405, 0.417]",,UNDEFINED,,,,,SITE,W-F/out/census_s0.jsonl,4,165:site_all,class=UNREADABLE;class_late=UNREADABLE;tags=
V0002,WF,c939c3c7271e65d2,RELAY,site_all,late,15,0.5892,0.5697,0.4147,0.3984,0.431,CHANCE,,FLIP_REL,FLIP_REL,0.58,12,-1.0,"[0.59, 0.584, 0.597]","[0.41, 0.403, 0.416]",,UNDEFINED,,,,,SITE,W-F/out/census_s0.jsonl,4,165:late_site,class=UNREADABLE;class_late=UNREADABLE;tags=
V0003,WF,c939c3c7271e65d2,RELAY,joint,mid,9,0.5892,0.5697,0.4147,0.3984,0.431,CHANCE,,FLIP_REL,FLIP_REL,0.58,12,-1.0,"[0.59, 0.584, 0.597]","[0.41, 0.403, 0.416]",,UNDEFINED,,,,,SITE,W-F/out/census_s0.jsonl,4,165:joint,class=UNREADABLE;class_late=UNREADABLE;tags=
V0004,WF,c868a87bcd47d94b,HOLD,site_all,mid,10,0.6198,0.5677,0.362,0.3177,0.4063,FLIP,,FLIP_REL,FLIP_REL,0.58,12,-0.9149453219927091,"[0.634, 0.613, 0.655]","[0.377, 0.359, 0.398]",,SITE,0.9044350580781415,0.0,0.0,0.9044350580781415,IDENTITY-BROKEN,W-F/out/census_s0.jsonl,5,95:site_all,class=UNREADABLE;class_late=UNREADABLE;tags=
V0005,WF,c868a87bcd47d94b,HOLD,site_all,late,17,0.6198,0.5677,0.4115,0.3477,0.4701,FLIP,,FLIP_REL,FLIP_REL,0.58,12,-0.9999999999999992,"[0.634, 0.613, 0.655]","[0.366, 0.345, 0.387]",,SITE,1.0,0.0,0.0,1.0,SITE,W-F/out/census_s0.jsonl,5,95:late_site,class=UNREADABLE;class_late=UNREADABLE;tags=
V0006,WF,c868a87bcd47d94b,HOLD,joint,mid,10,0.6198,0.5677,0.362,0.3177,0.4063,FLIP,,FLIP_REL,FLIP_REL,0.58,12,-0.9149453219927091,"[0.634, 0.613, 0.655]","[0.377, 0.359, 0.398]",,SITE,0.9044350580781415,0.0,0.0,0.9044350580781415,IDENTITY-BROKEN,W-F/out/census_s0.jsonl,5,95:joint,class=UNREADABLE;class_late=UNREADABLE;tags=
V0007,WF,0187372b391d9d4e,HOLD,site_all,mid,4,0.7168,0.6165,0.306,0.1836,0.4186,FLIP,,FLIP_REL,FLIP_REL,0.58,12,-1.0186150409530899,"[0.719, 0.679, 0.758]","[0.277, 0.239, 0.316]",,SITE,0.9577562326869806,0.0006925207756232687,0.0013850415512465374,0.9778393351800554,SITE,W-F/out/census_s0.jsonl,8,3:site_all,class=ELSEWHERE;class_late=SITE;tags=HANDOFF
V0008,WF,0187372b391d9d4e,HOLD,joint,mid,4,0.7168,0.6165,0.3112,0.1855,0.4212,FLIP,,FLIP_REL,FLIP_REL,0.58,12,-1.0052122114668651,"[0.719, 0.679, 0.758]","[0.28, 0.242, 0.319]",,SITE,0.9577562326869806,0.0006925207756232687,0.0013850415512465374,0.9778393351800554,SITE,W-F/out/census_s0.jsonl,8,3:joint,class=ELSEWHERE;class_late=SITE;tags=HANDOFF
V0009,WF,cdf603803282cd29,HOLD,site_all,late,5,0.6406,0.6022,0.3665,0.3275,0.4076,FLIP,FLIP,FLIP_REL,FLIP_REL,0.58,12,-1.0,"[0.635, 0.622, 0.648]","[0.365, 0.352, 0.378]","[0.368, 0.354, 0.382]",SITE,1.0,0.0,0.0,1.0,SITE,W-F/out/census_s0.jsonl,14,71:late_site,class=SITE;class_late=ELSEWHERE;tags=TRIVIAL;HANDOFF
V0010,WF,ed884172de6b4ec0,HOLD,site_all,mid,6,0.6322,0.5807,0.3568,0.3047,0.4036,FLIP,,FLIP_REL,FLIP_REL,0.58,12,-0.9621957534955986,"[0.657, 0.636, 0.679]","[0.349, 0.328, 0.369]",,SITE,0.9740985271711529,0.0,0.0,0.9740985271711529,SITE,W-F/out/census_s0.jsonl,15,97:site_all,class=UNREADABLE;class_late=UNREADABLE;tags=
V0011,WF,ed884172de6b4ec0,HOLD,site_all,late,9,0.6322,0.5807,0.3574,0.3047,0.4102,FLIP,,FLIP_REL,FLIP_REL,0.58,12,-1.0000000000000004,"[0.657, 0.636, 0.679]","[0.343, 0.321, 0.364]",,SITE,1.0,0.0,0.0,1.0,SITE,W-F/out/census_s0.jsonl,15,97:late_site,class=UNREADABLE;class_late=UNREADABLE;tags=
V0012,WF,ed884172de6b4ec0,HOLD,joint,mid,6,0.6322,0.5807,0.3568,0.3047,0.4036,FLIP,,FLIP_REL,FLIP_REL,0.58,12,-0.9621957534955986,"[0.657, 0.636, 0.679]","[0.349, 0.328, 0.369]",,SITE,0.9740985271711529,0.0,0.0,0.9740985271711529,SITE,W-F/out/census_s0.jsonl,15,97:joint,class=UNREADABLE;class_late=UNREADABLE;tags=
V0013,WF,83d0ff565cd49433,HOLD,site_all,late,9,0.6699,0.5924,0.3229,0.2357,0.405,FLIP,,FLIP_REL,FLIP_REL,0.58,12,-0.9999999999999998,"[0.7, 0.668, 0.734]","[0.3, 0.266, 0.332]",,SITE,1.0,0.0,0.0,1.0,SITE,W-F/out/census_s0.jsonl,16,91:late_site,class=UNREADABLE;class_late=UNREADABLE;tags=
V0014,WF,b472c4f8457e15e9,HOLD,site_all,late,5,0.6367,0.5977,0.3646,0.3164,0.4154,FLIP,,FLIP_REL,FLIP_REL,0.58,12,-0.9999999999999992,"[0.649, 0.631, 0.667]","[0.351, 0.333, 0.369]",,SITE,1.0,0.0,0.0,1.0,SITE,W-F/out/census_s0.jsonl,18,93:late_site,class=UNREADABLE;class_late=UNREADABLE;tags=
V0015,WF,6a9c62c71c6a74c5,HOLD,site_all,pre,-1,0.722,0.6712,0.6725,0.6185,0.7253,NO-EFFECT,,NO_EFFECT_REL,NO_EFFECT_REL,0.59,11,1.0606194690265478,"[0.701, 0.681, 0.72]","[0.713, 0.691, 0.736]",,IDENTITY-BROKEN,0.3078556263269639,0.0,0.0,0.3078556263269639,IDENTITY-BROKEN,W-F/out/census_s0.jsonl,19,42:pre_site,class=SITE;class_late=SITE;tags=
V0016,WF,53e569f4cfa04270,RELAY,site_all,mid,9,0.7227,0.707,0.5827,0.569,0.5996,CHANCE,,CHANCE_REL,CHANCE_REL,0.58,12,0.3699356304430143,"[0.715, 0.711, 0.719]","[0.58, 0.573, 0.586]",,UNDEFINED,,,,,NEITHER,W-F/out/census_s0.jsonl,22,129:site_all,class=JOINT;class_late=ELSEWHERE;tags=JOINT-SPLIT;HANDOFF
V0017,WF,53e569f4cfa04270,RELAY,channel_all,mid,9,0.7227,0.707,0.4167,0.4004,0.431,CHANCE,,CHANCE_REL,CHANCE_REL,0.58,12,-0.36993563044301375,"[0.715, 0.711, 0.719]","[0.42, 0.414, 0.427]",,UNDEFINED,,,,,NEITHER,W-F/out/census_s0.jsonl,22,129:channel_all,class=JOINT;class_late=ELSEWHERE;tags=JOINT-SPLIT;HANDOFF
V0018,WF,53e569f4cfa04270,RELAY,channel_content,mid,9,0.7227,0.707,0.4167,0.4004,0.431,CHANCE,,CHANCE_REL,CHANCE_REL,0.58,12,-0.36993563044301375,"[0.715, 0.711, 0.719]","[0.42, 0.414, 0.427]",,UNDEFINED,,,,,NEITHER,W-F/out/census_s0.jsonl,22,129:channel_content,class=JOINT;class_late=ELSEWHERE;tags=JOINT-SPLIT;HANDOFF
V0019,WF,53e569f4cfa04270,RELAY,pay0,mid,9,0.7227,0.707,0.4167,0.4004,0.431,CHANCE,,CHANCE_REL,CHANCE_REL,0.58,12,-0.36993563044301375,"[0.715, 0.711, 0.719]","[0.42, 0.414, 0.427]",,UNDEFINED,,,,,NEITHER,W-F/out/census_s0.jsonl,22,129:pay0,class=JOINT;class_late=ELSEWHERE;tags=JOINT-SPLIT;HANDOFF
V0020,WF,53e569f4cfa04270,RELAY,site_all,late,15,0.7227,0.707,0.612,0.5918,0.6309,CHANCE,,INDETERMINATE,INDETERMINATE,0.58,12,0.4922377887163954,"[0.715, 0.711, 0.719]","[0.606, 0.595, 0.616]",,UNDEFINED,,,,,MIXTURE,W-F/out/census_s0.jsonl,22,129:late_site,class=JOINT;class_late=ELSEWHERE;tags=JOINT-SPLIT;HANDOFF
V0021,WF,53e569f4cfa04270,RELAY,channel_all,late,15,0.7227,0.707,0.388,0.3691,0.4082,CHANCE,,INDETERMINATE,INDETERMINATE,0.58,12,-0.4922377887163954,"[0.715, 0.711, 0.719]","[0.394, 0.384, 0.405]",,UNDEFINED,,,,,MIXTURE,W-F/out/census_s0.jsonl,22,129:late_chan,class=JOINT;class_late=ELSEWHERE;tags=JOINT-SPLIT;HANDOFF
V0022,WF,9bbe86373465aaf9,RELAY,site_all,mid,3,0.6341,0.6094,0.5781,0.5469,0.6094,NO-EFFECT,,NO_EFFECT_REL,NO_EFFECT_REL,0.58,12,0.6816568047337281,"[0.638, 0.628, 0.647]","[0.594, 0.583, 0.605]",,CHANNEL,0.14911242603550295,0.8307692307692308,0.020118343195266272,1.0,CHANNEL,W-F/out/census_s0.jsonl,23,134:site_all,class=JOINT;class_late=ELSEWHERE;tags=JOINT-SPLIT;HANDOFF
V0023,WF,9bbe86373465aaf9,RELAY,channel_all,mid,3,0.6341,0.6094,0.4219,0.3906,0.4531,CHANCE,,FLIP_REL,FLIP_REL,0.58,12,-0.6816568047337281,"[0.638, 0.628, 0.647]","[0.406, 0.395, 0.417]",,CHANNEL,0.14911242603550295,0.8307692307692308,0.020118343195266272,1.0,CHANNEL,W-F/out/census_s0.jsonl,23,134:channel_all,class=JOINT;class_late=ELSEWHERE;tags=JOINT-SPLIT;HANDOFF
V0024,WF,9bbe86373465aaf9,RELAY,channel_content,mid,3,0.6341,0.6094,0.4219,0.3906,0.4531,CHANCE,,FLIP_REL,FLIP_REL,0.58,12,-0.6816568047337281,"[0.638, 0.628, 0.647]","[0.406, 0.395, 0.417]",,CHANNEL,0.14911242603550295,0.8307692307692308,0.020118343195266272,1.0,CHANNEL,W-F/out/census_s0.jsonl,23,134:channel_content,class=JOINT;class_late=ELSEWHERE;tags=JOINT-SPLIT;HANDOFF
V0025,WF,9bbe86373465aaf9,RELAY,pay0,mid,3,0.6341,0.6094,0.4219,0.3906,0.4531,CHANCE,,FLIP_REL,FLIP_REL,0.58,12,-0.6816568047337281,"[0.638, 0.628, 0.647]","[0.406, 0.395, 0.417]",,CHANNEL,0.14911242603550295,0.8307692307692308,0.020118343195266272,1.0,CHANNEL,W-F/out/census_s0.jsonl,23,134:pay0,class=JOINT;class_late=ELSEWHERE;tags=JOINT-SPLIT;HANDOFF
V0026,WF,9bbe86373465aaf9,RELAY,site_all,late,3,0.6341,0.6094,0.5781,0.5469,0.6094,NO-EFFECT,,NO_EFFECT_REL,NO_EFFECT_REL,0.58,12,0.6816568047337281,"[0.638, 0.628, 0.647]","[0.594, 0.583, 0.605]",,CHANNEL,0.14911242603550295,0.8307692307692308,0.020118343195266272,1.0,CHANNEL,W-F/out/census_s0.jsonl,23,134:late_site,class=JOINT;class_late=ELSEWHERE;tags=JOINT-SPLIT;HANDOFF
V0027,WF,9bbe86373465aaf9,RELAY,channel_all,late,3,0.6341,0.6094,0.4219,0.3906,0.4531,CHANCE,,FLIP_REL,FLIP_REL,0.58,12,-0.6816568047337281,"[0.638, 0.628, 0.647]","[0.406, 0.395, 0.417]",,CHANNEL,0.14911242603550295,0.8307692307692308,0.020118343195266272,1.0,CHANNEL,W-F/out/census_s0.jsonl,23,134:late_chan,class=JOINT;class_late=ELSEWHERE;tags=JOINT-SPLIT;HANDOFF
V0028,WF,c7d7d2a488a86d6f,RELAY,site_all,mid,9,0.5703,0.5397,0.4987,0.474,0.5228,CHANCE,,CHANCE_REL,NOT_ELIGIBLE,0.58,12,-0.17671092951991818,"[0.58, 0.569, 0.592]","[0.486, 0.476, 0.495]",,NEITHER,0.18729641693811075,0.14169381107491857,0.6433224755700325,1.0,NEITHER,W-F/out/census_s0.jsonl,24,164:site_all,class=UNREADABLE;class_late=UNREADABLE;tags=
V0029,WF,c7d7d2a488a86d6f,RELAY,channel_all,mid,9,0.5703,0.5397,0.5091,0.4863,0.5365,CHANCE,,CHANCE_REL,NOT_ELIGIBLE,0.58,12,0.17671092951991887,"[0.58, 0.569, 0.592]","[0.514, 0.505, 0.524]",,NEITHER,0.18729641693811075,0.14169381107491857,0.6433224755700325,1.0,NEITHER,W-F/out/census_s0.jsonl,24,164:channel_all,class=UNREADABLE;class_late=UNREADABLE;tags=
V0030,WF,c7d7d2a488a86d6f,RELAY,site_all,late,15,0.5703,0.5397,0.4616,0.4349,0.4889,CHANCE,,FLIP_REL,NOT_ELIGIBLE,0.58,12,-0.9877425944841661,"[0.58, 0.569, 0.592]","[0.421, 0.409, 0.433]",,SITE,0.995114006514658,0.0,0.0,1.0,SITE,W-F/out/census_s0.jsonl,24,164:late_site,class=UNREADABLE;class_late=UNREADABLE;tags=
V0031,WF,c7d7d2a488a86d6f,RELAY,channel_all,late,15,0.5703,0.5397,0.5156,0.4889,0.5378,NO-EFFECT,,NO_EFFECT_REL,NOT_ELIGIBLE,0.58,12,0.9877425944841661,"[0.58, 0.569, 0.592]","[0.579, 0.567, 0.591]",,SITE,0.995114006514658,0.0,0.0,1.0,SITE,W-F/out/census_s0.jsonl,24,164:late_chan,class=UNREADABLE;class_late=UNREADABLE;tags=
V0032,WF,c7d7d2a488a86d6f,RELAY,joint,mid,9,0.5703,0.5397,0.4043,0.3633,0.446,CHANCE,,FLIP_REL,NOT_ELIGIBLE,0.58,12,-0.9999999999999986,"[0.58, 0.569, 0.592]","[0.42, 0.408, 0.431]",,NEITHER,0.18729641693811075,0.14169381107491857,0.6433224755700325,1.0,NEITHER,W-F/out/census_s0.jsonl,24,164:joint,class=UNREADABLE;class_late=UNREADABLE;tags=
V0033,WF,13b6ae2c0e08b007,RELAY,channel_all,mid,9,0.5638,0.5469,0.4883,0.4792,0.4961,CHANCE,,INDETERMINATE,NOT_ELIGIBLE,0.58,12,-0.4881422924901186,"[0.582, 0.573, 0.593]","[0.46, 0.453, 0.467]",,UNRESOLVED,0.0038535645472061657,0.49710982658959535,0.49903660886319845,1.0,UNRESOLVED,W-F/out/census_s0.jsonl,25,151:channel_all,class=UNREADABLE;class_late=UNREADABLE;tags=
V0034,WF,13b6ae2c0e08b007,RELAY,channel_content,mid,9,0.5638,0.5469,0.4883,0.4792,0.4961,CHANCE,,INDETERMINATE,NOT_ELIGIBLE,0.58,12,-0.48221343873517786,"[0.582, 0.573, 0.593]","[0.46, 0.453, 0.467]",,UNRESOLVED,0.0038535645472061657,0.49710982658959535,0.49903660886319845,1.0,UNRESOLVED,W-F/out/census_s0.jsonl,25,151:channel_content,class=UNREADABLE;class_late=UNREADABLE;tags=
V0035,WF,13b6ae2c0e08b007,RELAY,pay1,mid,9,0.5638,0.5469,0.4883,0.4792,0.4961,CHANCE,,INDETERMINATE,NOT_ELIGIBLE,0.58,12,-0.48221343873517786,"[0.582, 0.573, 0.593]","[0.46, 0.453, 0.467]",,UNRESOLVED,0.0038535645472061657,0.49710982658959535,0.49903660886319845,1.0,UNRESOLVED,W-F/out/census_s0.jsonl,25,151:pay1,class=UNREADABLE;class_late=UNREADABLE;tags=
V0036,WF,13b6ae2c0e08b007,RELAY,site_all,late,15,0.5638,0.5469,0.4987,0.4909,0.5052,CHANCE,,CHANCE_REL,NOT_ELIGIBLE,0.58,12,-0.27865612648221333,"[0.582, 0.573, 0.593]","[0.477, 0.471, 0.483]",,NEITHER,0.3699421965317919,0.07514450867052024,0.5549132947976878,1.0,NEITHER,W-F/out/census_s0.jsonl,25,151:late_site,class=UNREADABLE;class_late=UNREADABLE;tags=
V0037,WF,13b6ae2c0e08b007,RELAY,channel_all,late,15,0.5638,0.5469,0.5013,0.4948,0.5091,CHANCE,,CHANCE_REL,NOT_ELIGIBLE,0.58,12,0.27865612648221333,"[0.582, 0.573, 0.593]","[0.523, 0.517, 0.529]",,NEITHER,0.3699421965317919,0.07514450867052024,0.5549132947976878,1.0,NEITHER,W-F/out/census_s0.jsonl,25,151:late_chan,class=UNREADABLE;class_late=UNREADABLE;tags=
V0038,WF,13b6ae2c0e08b007,RELAY,joint,mid,9,0.5638,0.5469,0.3997,0.3711,0.4284,CHANCE,,FLIP_REL,NOT_ELIGIBLE,0.58,12,-0.9999999999999993,"[0.582, 0.573, 0.593]","[0.418, 0.407, 0.427]",,UNRESOLVED,0.0038535645472061657,0.49710982658959535,0.49903660886319845,1.0,UNRESOLVED,W-F/out/census_s0.jsonl,25,151:joint,class=UNREADABLE;class_late=UNREADABLE;tags=
V0039,WF,882525a9d4a3d073,RELAY,channel_all,mid,9,0.5645,0.5475,0.4948,0.4883,0.5,CHANCE,,CHANCE_REL,NOT_ELIGIBLE,0.58,12,-0.34439024390244005,"[0.583, 0.573, 0.594]","[0.471, 0.465, 0.477]",,NEITHER,0.0,0.34555984555984554,0.6447876447876448,1.0,NEITHER,W-F/out/census_s0.jsonl,26,158:channel_all,class=UNREADABLE;class_late=UNREADABLE;tags=
V0040,WF,882525a9d4a3d073,RELAY,channel_count,mid,9,0.5645,0.5475,0.4948,0.4883,0.5,CHANCE,,CHANCE_REL,NOT_ELIGIBLE,0.58,12,-0.34439024390244005,"[0.583, 0.573, 0.594]","[0.471, 0.465, 0.477]",,NEITHER,0.0,0.34555984555984554,0.6447876447876448,1.0,NEITHER,W-F/out/census_s0.jsonl,26,158:channel_count,class=UNREADABLE;class_late=UNREADABLE;tags=
V0041,WF,882525a9d4a3d073,RELAY,site_all,late,15,0.5645,0.5475,0.4967,0.4889,0.5046,CHANCE,,CHANCE_REL,NOT_ELIGIBLE,0.58,12,-0.32195121951219524,"[0.583, 0.573, 0.594]","[0.473, 0.467, 0.48]",,UNRESOLVED,0.3474903474903475,0.023166023166023165,0.4864864864864865,1.0,UNRESOLVED,W-F/out/census_s0.jsonl,26,158:late_site,class=UNREADABLE;class_late=UNREADABLE;tags=
V0042,WF,882525a9d4a3d073,RELAY,channel_all,late,15,0.5645,0.5475,0.5033,0.4954,0.5111,CHANCE,,CHANCE_REL,NOT_ELIGIBLE,0.58,12,0.32195121951219524,"[0.583, 0.573, 0.594]","[0.527, 0.52, 0.533]",,UNRESOLVED,0.3474903474903475,0.023166023166023165,0.4864864864864865,1.0,UNRESOLVED,W-F/out/census_s0.jsonl,26,158:late_chan,class=UNREADABLE;class_late=UNREADABLE;tags=
V0043,WF,882525a9d4a3d073,RELAY,joint,mid,9,0.5645,0.5475,0.3952,0.3652,0.4232,CHANCE,,FLIP_REL,NOT_ELIGIBLE,0.58,12,-1.0000000000000007,"[0.583, 0.573, 0.594]","[0.417, 0.406, 0.427]",,NEITHER,0.0,0.34555984555984554,0.6447876447876448,1.0,NEITHER,W-F/out/census_s0.jsonl,26,158:joint,class=UNREADABLE;class_late=UNREADABLE;tags=
V0044,WF,dcc7afb706a846d6,RELAY,site_all,mid,9,0.6589,0.6445,0.5586,0.5371,0.5827,CHANCE,,NO_EFFECT_REL,NO_EFFECT_REL,0.58,12,0.5659163987138264,"[0.652, 0.647, 0.657]","[0.586, 0.58, 0.592]",,UNDEFINED,,,,,UNRESOLVED,W-F/out/census_s0.jsonl,27,136:site_all,class=JOINT;class_late=ELSEWHERE;tags=JOINT-SPLIT;HANDOFF
V0045,WF,dcc7afb706a846d6,RELAY,channel_all,mid,9,0.6589,0.6445,0.4512,0.4316,0.4694,CHANCE,,FLIP_REL,FLIP_REL,0.58,12,-0.5659163987138264,"[0.652, 0.647, 0.657]","[0.414, 0.408, 0.42]",,UNDEFINED,,,,,UNRESOLVED,W-F/out/census_s0.jsonl,27,136:channel_all,class=JOINT;class_late=ELSEWHERE;tags=JOINT-SPLIT;HANDOFF
V0046,WF,dcc7afb706a846d6,RELAY,channel_content,mid,9,0.6589,0.6445,0.444,0.4258,0.4603,CHANCE,,FLIP_REL,FLIP_REL,0.58,12,-0.5841371918542339,"[0.652, 0.647, 0.657]","[0.411, 0.406, 0.417]",,UNDEFINED,,,,,UNRESOLVED,W-F/out/census_s0.jsonl,27,136:channel_content,class=JOINT;class_late=ELSEWHERE;tags=JOINT-SPLIT;HANDOFF
V0047,WF,dcc7afb706a846d6,RELAY,pay0,mid,9,0.6589,0.6445,0.444,0.4258,0.4603,CHANCE,,FLIP_REL,FLIP_REL,0.58,12,-0.5841371918542339,"[0.652, 0.647, 0.657]","[0.411, 0.406, 0.417]",,UNDEFINED,,,,,UNRESOLVED,W-F/out/census_s0.jsonl,27,136:pay0,class=JOINT;class_late=ELSEWHERE;tags=JOINT-SPLIT;HANDOFF
V0048,WF,dcc7afb706a846d6,RELAY,site_all,late,15,0.6589,0.6445,0.4701,0.4466,0.4915,CHANCE,,CHANCE_REL,CHANCE_REL,0.58,12,-0.4678456591639871,"[0.652, 0.647, 0.657]","[0.429, 0.423, 0.434]",,UNDEFINED,,,,,UNRESOLVED,W-F/out/census_s0.jsonl,27,136:late_site,class=JOINT;class_late=ELSEWHERE;tags=JOINT-SPLIT;HANDOFF
V0049,WF,dcc7afb706a846d6,RELAY,channel_all,late,15,0.6589,0.6445,0.5339,0.5098,0.5547,CHANCE,,CHANCE_REL,CHANCE_REL,0.58,12,0.4678456591639871,"[0.652, 0.647, 0.657]","[0.571, 0.566, 0.577]",,UNDEFINED,,,,,UNRESOLVED,W-F/out/census_s0.jsonl,27,136:late_chan,class=JOINT;class_late=ELSEWHERE;tags=JOINT-SPLIT;HANDOFF
V0050,WF,dcc7afb706a846d6,RELAY,site_all,pre,-1,0.6589,0.6445,0.5918,0.5716,0.6146,NO-EFFECT,,NO_EFFECT_REL,NO_EFFECT_REL,0.59,11,0.7714109673444237,"[0.644, 0.639, 0.65]","[0.611, 0.604, 0.618]",,UNDEFINED,,,,,IDENTITY-BROKEN,W-F/out/census_s0.jsonl,27,136:pre_site,class=JOINT;class_late=ELSEWHERE;tags=JOINT-SPLIT;HANDOFF
V0051,WF,dcc7afb706a846d6,RELAY,channel_all,pre,-1,0.6589,0.6445,0.6022,0.5801,0.623,NO-EFFECT,,NO_EFFECT_REL,NO_EFFECT_REL,0.59,11,0.7356746765249537,"[0.644, 0.639, 0.65]","[0.606, 0.599, 0.613]",,UNDEFINED,,,,,IDENTITY-BROKEN,W-F/out/census_s0.jsonl,27,136:pre_chan,class=JOINT;class_late=ELSEWHERE;tags=JOINT-SPLIT;HANDOFF
V0052,WF,62062b100b757168,RELAY,channel_all,mid,3,0.5723,0.5573,0.4277,0.4134,0.4427,CHANCE,,FLIP_REL,NOT_ELIGIBLE,0.58,12,-1.0000000000000009,"[0.569, 0.563, 0.575]","[0.431, 0.425, 0.437]",,UNDEFINED,,,,,CHANNEL,W-F/out/census_s0.jsonl,28,154:channel_all,class=UNREADABLE;class_late=UNREADABLE;tags=
V0053,WF,62062b100b757168,RELAY,channel_count,mid,3,0.5723,0.5573,0.4277,0.4134,0.4427,CHANCE,,FLIP_REL,NOT_ELIGIBLE,0.58,12,-1.0000000000000009,"[0.569, 0.563, 0.575]","[0.431, 0.425, 0.437]",,UNDEFINED,,,,,CHANNEL,W-F/out/census_s0.jsonl,28,154:channel_count,class=UNREADABLE;class_late=UNREADABLE;tags=
V0054,WF,62062b100b757168,RELAY,channel_all,late,3,0.5723,0.5573,0.4277,0.4134,0.4427,CHANCE,,FLIP_REL,NOT_ELIGIBLE,0.58,12,-1.0000000000000009,"[0.569, 0.563, 0.575]","[0.431, 0.425, 0.437]",,UNDEFINED,,,,,CHANNEL,W-F/out/census_s0.jsonl,28,154:late_chan,class=UNREADABLE;class_late=UNREADABLE;tags=
V0055,WF,62062b100b757168,RELAY,joint,mid,3,0.5723,0.5573,0.4277,0.4134,0.4408,CHANCE,,FLIP_REL,NOT_ELIGIBLE,0.58,12,-1.0000000000000009,"[0.569, 0.563, 0.575]","[0.431, 0.425, 0.437]",,UNDEFINED,,,,,CHANNEL,W-F/out/census_s0.jsonl,28,154:joint,class=UNREADABLE;class_late=UNREADABLE;tags=
V0056,WF,62a7fff921ca3bd8,RELAY,channel_all,mid,5,0.8372,0.7865,0.6354,0.6081,0.6641,CHANCE,,CHANCE_REL,CHANCE_REL,0.58,12,0.4231354642313546,"[0.821, 0.805, 0.837]","[0.636, 0.621, 0.649]",,UNRESOLVED,0.5910705225773719,0.16793505834601724,0.24099441907661084,1.0,MIXTURE,W-F/out/census_s0.jsonl,29,139:channel_all,class=SITE;class_late=SITE;tags=
V0057,WF,62a7fff921ca3bd8,RELAY,channel_content,mid,5,0.8372,0.7865,0.6354,0.6081,0.6641,CHANCE,,CHANCE_REL,CHANCE_REL,0.58,12,0.4231354642313546,"[0.821, 0.805, 0.837]","[0.636, 0.621, 0.649]",,UNRESOLVED,0.5910705225773719,0.16793505834601724,0.24099441907661084,1.0,MIXTURE,W-F/out/census_s0.jsonl,29,139:channel_content,class=SITE;class_late=SITE;tags=
V0058,WF,62a7fff921ca3bd8,RELAY,pay1,mid,5,0.8372,0.7865,0.6354,0.6081,0.6641,CHANCE,,CHANCE_REL,CHANCE_REL,0.58,12,0.4231354642313546,"[0.821, 0.805, 0.837]","[0.636, 0.621, 0.649]",,UNRESOLVED,0.5910705225773719,0.16793505834601724,0.24099441907661084,1.0,MIXTURE,W-F/out/census_s0.jsonl,29,139:pay1,class=SITE;class_late=SITE;tags=
V0059,WF,bf82cb29e967a489,RELAY,site_all,late,7,0.6673,0.6484,0.3867,0.3652,0.4062,FLIP,,FLIP_REL,FLIP_REL,0.58,12,-0.7265246853823814,"[0.668, 0.662, 0.674]","[0.378, 0.372, 0.384]",,UNDEFINED,,,,,UNRESOLVED,W-F/out/census_s0.jsonl,30,121:late_site,class=CHANNEL;class_late=ELSEWHERE;tags=HANDOFF;pay=pay1
V0060,WF,bf82cb29e967a489,RELAY,channel_all,late,7,0.6673,0.6484,0.6133,0.5938,0.6348,NO-EFFECT,,NO_EFFECT_REL,NO_EFFECT_REL,0.58,12,0.7265246853823814,"[0.668, 0.662, 0.674]","[0.622, 0.616, 0.628]",,UNDEFINED,,,,,UNRESOLVED,W-F/out/census_s0.jsonl,30,121:late_chan,class=CHANNEL;class_late=ELSEWHERE;tags=HANDOFF;pay=pay1
V0061,WF,bbef66a1ee9558ac,RELAY,channel_all,mid,9,0.8919,0.8724,0.7057,0.6602,0.7487,CHANCE,,INDETERMINATE,INDETERMINATE,0.58,12,0.5023060796645704,"[0.888, 0.878, 0.898]","[0.695, 0.679, 0.71]",,UNRESOLVED,0.6649895178197065,0.16268343815513628,0.17232704402515722,1.0,MIXTURE,W-F/out/census_s0.jsonl,31,144:channel_all,class=SITE;class_late=SITE;tags=
V0062,WF,bbef66a1ee9558ac,RELAY,channel_content,mid,9,0.8919,0.8724,0.7057,0.6602,0.7487,CHANCE,,INDETERMINATE,INDETERMINATE,0.58,12,0.5023060796645704,"[0.888, 0.878, 0.898]","[0.695, 0.679, 0.71]",,UNRESOLVED,0.6649895178197065,0.16268343815513628,0.17232704402515722,1.0,MIXTURE,W-F/out/census_s0.jsonl,31,144:channel_content,class=SITE;class_late=SITE;tags=
V0063,WF,bbef66a1ee9558ac,RELAY,pay0,mid,9,0.8919,0.8724,0.7057,0.6602,0.7487,CHANCE,,INDETERMINATE,INDETERMINATE,0.58,12,0.5023060796645704,"[0.888, 0.878, 0.898]","[0.695, 0.679, 0.71]",,UNRESOLVED,0.6649895178197065,0.16268343815513628,0.17232704402515722,1.0,MIXTURE,W-F/out/census_s0.jsonl,31,144:pay0,class=SITE;class_late=SITE;tags=
V0064,WF,bbef66a1ee9558ac,RELAY,channel_all,late,15,0.8919,0.8724,0.6927,0.6589,0.724,CHANCE,,INDETERMINATE,INDETERMINATE,0.58,12,0.4939203354297692,"[0.888, 0.878, 0.898]","[0.692, 0.679, 0.705]",,UNRESOLVED,0.6515723270440251,0.15765199161425578,0.19077568134171907,1.0,MIXTURE,W-F/out/census_s0.jsonl,31,144:late_chan,class=SITE;class_late=SITE;tags=
V0065,WF,046d7c303740e9da,RELAY,channel_all,mid,9,0.5651,0.5482,0.4974,0.4922,0.5,CHANCE,,CHANCE_REL,NOT_ELIGIBLE,0.58,12,-0.35344827586206895,"[0.585, 0.575, 0.595]","[0.47, 0.464, 0.476]",,NEITHER,0.0,0.3479923518164436,0.638623326959847,1.0,NEITHER,W-F/out/census_s0.jsonl,32,148:channel_all,class=UNREADABLE;class_late=UNREADABLE;tags=
V0066,WF,046d7c303740e9da,RELAY,channel_count,mid,9,0.5651,0.5482,0.4974,0.4922,0.5,CHANCE,,CHANCE_REL,NOT_ELIGIBLE,0.58,12,-0.15517241379310345,"[0.585, 0.575, 0.595]","[0.487, 0.483, 0.49]",,NEITHER,0.0,0.3479923518164436,0.638623326959847,1.0,NEITHER,W-F/out/census_s0.jsonl,32,148:channel_count,class=UNREADABLE;class_late=UNREADABLE;tags=
V0067,WF,046d7c303740e9da,RELAY,site_all,late,15,0.5651,0.5482,0.502,0.498,0.5078,CHANCE,CHANCE,CHANCE_REL,NOT_ELIGIBLE,0.58,12,-0.3295019157088125,"[0.585, 0.575, 0.595]","[0.472, 0.466, 0.479]","[0.501, 0.499, 0.502]",NEITHER,0.35372848948374763,0.021032504780114723,0.6175908221797323,1.0,NEITHER,W-F/out/census_s0.jsonl,32,148:late_site,class=UNREADABLE;class_late=UNREADABLE;tags=
V0068,WF,046d7c303740e9da,RELAY,channel_all,late,15,0.5651,0.5482,0.498,0.4922,0.502,CHANCE,CHANCE,CHANCE_REL,NOT_ELIGIBLE,0.58,12,0.32950191570881315,"[0.585, 0.575, 0.595]","[0.528, 0.521, 0.534]","[0.499, 0.498, 0.501]",NEITHER,0.35372848948374763,0.021032504780114723,0.6175908221797323,1.0,NEITHER,W-F/out/census_s0.jsonl,32,148:late_chan,class=UNREADABLE;class_late=UNREADABLE;tags=
V0069,WF,046d7c303740e9da,RELAY,joint,mid,9,0.5651,0.5482,0.3958,0.3646,0.4245,CHANCE,,FLIP_REL,NOT_ELIGIBLE,0.58,12,-1.0,"[0.585, 0.575, 0.595]","[0.415, 0.405, 0.425]",,NEITHER,0.0,0.3479923518164436,0.638623326959847,1.0,NEITHER,W-F/out/census_s0.jsonl,32,148:joint,class=UNREADABLE;class_late=UNREADABLE;tags=
V0070,WF,8ccf6c723ec57b3d,MAJ,channel_all,mid,3,0.5814,0.5605,0.4186,0.3991,0.4395,CHANCE,CHANCE,FLIP_REL,NOT_ELIGIBLE,0.58,12,-1.0009813542688901,"[0.583, 0.576, 0.59]","[0.417, 0.41, 0.424]","[0.417, 0.41, 0.424]",UNDEFINED,,,,,CHANNEL,W-F/out/census_s0.jsonl,33,114:channel_all,class=UNREADABLE;class_late=UNREADABLE;tags=
V0071,WF,8ccf6c723ec57b3d,MAJ,channel_content,mid,3,0.5814,0.5605,0.4186,0.3991,0.4395,CHANCE,CHANCE,FLIP_REL,NOT_ELIGIBLE,0.58,12,-1.0009813542688901,"[0.583, 0.576, 0.59]","[0.417, 0.41, 0.424]","[0.417, 0.41, 0.424]",UNDEFINED,,,,,CHANNEL,W-F/out/census_s0.jsonl,33,114:channel_content,class=UNREADABLE;class_late=UNREADABLE;tags=
V0072,WF,8ccf6c723ec57b3d,MAJ,pay0,mid,3,0.5814,0.5605,0.4186,0.3991,0.4395,CHANCE,CHANCE,FLIP_REL,NOT_ELIGIBLE,0.58,12,-1.0009813542688901,"[0.583, 0.576, 0.59]","[0.417, 0.41, 0.424]","[0.417, 0.41, 0.424]",UNDEFINED,,,,,CHANNEL,W-F/out/census_s0.jsonl,33,114:pay0,class=UNREADABLE;class_late=UNREADABLE;tags=
V0073,WF,8ccf6c723ec57b3d,MAJ,channel_all,late,3,0.5814,0.5605,0.4186,0.3991,0.4395,CHANCE,CHANCE,FLIP_REL,NOT_ELIGIBLE,0.58,12,-1.0009813542688901,"[0.583, 0.576, 0.59]","[0.417, 0.41, 0.424]","[0.417, 0.41, 0.424]",UNDEFINED,,,,,CHANNEL,W-F/out/census_s0.jsonl,33,114:late_chan,class=UNREADABLE;class_late=UNREADABLE;tags=
V0074,WF,8ccf6c723ec57b3d,MAJ,joint,mid,3,0.5814,0.5605,0.4186,0.3991,0.4395,CHANCE,CHANCE,FLIP_REL,NOT_ELIGIBLE,0.58,12,-0.9999999999999993,"[0.583, 0.576, 0.59]","[0.417, 0.41, 0.424]","[0.417, 0.41, 0.424]",UNDEFINED,,,,,CHANNEL,W-F/out/census_s0.jsonl,33,114:joint,class=UNREADABLE;class_late=UNREADABLE;tags=
V0075,WF,88f94654d171e95e,MAJ,channel_all,mid,3,0.6107,0.5651,0.3802,0.332,0.4284,FLIP,,FLIP_REL,FLIP_REL,0.58,12,-0.9973992197659295,"[0.625, 0.611, 0.639]","[0.375, 0.361, 0.389]",,CHANNEL,0.006109979633401222,0.9938900203665988,0.0,1.0,CHANNEL,W-F/out/census_s0.jsonl,34,113:channel_all,class=UNREADABLE;class_late=UNREADABLE;tags=
V0076,WF,88f94654d171e95e,MAJ,channel_content,mid,3,0.6107,0.5651,0.3802,0.332,0.4284,FLIP,,FLIP_REL,FLIP_REL,0.58,12,-0.9973992197659295,"[0.625, 0.611, 0.639]","[0.375, 0.361, 0.389]",,CHANNEL,0.006109979633401222,0.9938900203665988,0.0,1.0,CHANNEL,W-F/out/census_s0.jsonl,34,113:channel_content,class=UNREADABLE;class_late=UNREADABLE;tags=
V0077,WF,88f94654d171e95e,MAJ,pay1,mid,3,0.6107,0.5651,0.388,0.3424,0.4336,FLIP,,FLIP_REL,FLIP_REL,0.58,12,-0.9973992197659295,"[0.625, 0.611, 0.639]","[0.375, 0.361, 0.389]",,CHANNEL,0.006109979633401222,0.9938900203665988,0.0,1.0,CHANNEL,W-F/out/census_s0.jsonl,34,113:pay1,class=UNREADABLE;class_late=UNREADABLE;tags=
V0078,WF,88f94654d171e95e,MAJ,channel_all,late,3,0.6107,0.5651,0.3802,0.332,0.4284,FLIP,,FLIP_REL,FLIP_REL,0.58,12,-0.9973992197659295,"[0.625, 0.611, 0.639]","[0.375, 0.361, 0.389]",,CHANNEL,0.006109979633401222,0.9938900203665988,0.0,1.0,CHANNEL,W-F/out/census_s0.jsonl,34,113:late_chan,class=UNREADABLE;class_late=UNREADABLE;tags=
V0079,WF,88f94654d171e95e,MAJ,joint,mid,3,0.6107,0.5651,0.3776,0.3294,0.4258,FLIP,,FLIP_REL,FLIP_REL,0.58,12,-0.9999999999999996,"[0.625, 0.611, 0.639]","[0.375, 0.361, 0.389]",,CHANNEL,0.006109979633401222,0.9938900203665988,0.0,1.0,CHANNEL,W-F/out/census_s0.jsonl,34,113:joint,class=UNREADABLE;class_late=UNREADABLE;tags=
V0080,WF,3c3d996aa4ea15c7,MAJ,channel_all,mid,5,0.5762,0.5605,0.4238,0.4069,0.4395,CHANCE,,FLIP_REL,NOT_ELIGIBLE,0.58,12,-0.9999999999999992,"[0.572, 0.564, 0.58]","[0.428, 0.42, 0.436]",,UNDEFINED,,,,,CHANNEL,W-F/out/census_s0.jsonl,37,109:channel_all,class=UNREADABLE;class_late=UNREADABLE;tags=
V0081,WF,3c3d996aa4ea15c7,MAJ,channel_count,mid,5,0.5762,0.5605,0.4622,0.4492,0.4759,CHANCE,,INDETERMINATE,NOT_ELIGIBLE,0.58,12,-0.49263873159682875,"[0.572, 0.564, 0.58]","[0.465, 0.459, 0.47]",,UNDEFINED,,,,,CHANNEL,W-F/out/census_s0.jsonl,37,109:channel_count,class=UNREADABLE;class_late=UNREADABLE;tags=
V0082,WF,3c3d996aa4ea15c7,MAJ,site_all,late,7,0.5762,0.5605,0.4232,0.4036,0.4401,CHANCE,,FLIP_REL,NOT_ELIGIBLE,0.58,12,-0.9999999999999992,"[0.572, 0.564, 0.58]","[0.428, 0.42, 0.436]",,UNDEFINED,,,,,SITE,W-F/out/census_s0.jsonl,37,109:late_site,class=UNREADABLE;class_late=UNREADABLE;tags=
V0083,WF,3c3d996aa4ea15c7,MAJ,joint,mid,5,0.5762,0.5605,0.4238,0.4049,0.4401,CHANCE,,FLIP_REL,NOT_ELIGIBLE,0.58,12,-0.9999999999999992,"[0.572, 0.564, 0.58]","[0.428, 0.42, 0.436]",,UNDEFINED,,,,,CHANNEL,W-F/out/census_s0.jsonl,37,109:joint,class=UNREADABLE;class_late=UNREADABLE;tags=
V0084,WF,e341694d05b42dbb,MAJ,channel_all,mid,5,0.5703,0.5508,0.429,0.4115,0.4486,CHANCE,,FLIP_REL,NOT_ELIGIBLE,0.58,12,-1.0,"[0.574, 0.566, 0.582]","[0.426, 0.418, 0.434]",,UNDEFINED,,,,,CHANNEL,W-F/out/census_s0.jsonl,38,116:channel_all,class=UNREADABLE;class_late=UNREADABLE;tags=
V0085,WF,e341694d05b42dbb,MAJ,channel_count,mid,5,0.5703,0.5508,0.429,0.4115,0.4486,CHANCE,,FLIP_REL,NOT_ELIGIBLE,0.58,12,-1.0,"[0.574, 0.566, 0.582]","[0.426, 0.418, 0.434]",,UNDEFINED,,,,,CHANNEL,W-F/out/census_s0.jsonl,38,116:channel_count,class=UNREADABLE;class_late=UNREADABLE;tags=
V0086,WF,e341694d05b42dbb,MAJ,site_all,late,7,0.5703,0.5508,0.4277,0.4102,0.4473,CHANCE,,FLIP_REL,NOT_ELIGIBLE,0.58,12,-1.0,"[0.574, 0.566, 0.582]","[0.426, 0.418, 0.434]",,UNDEFINED,,,,,SITE,W-F/out/census_s0.jsonl,38,116:late_site,class=UNREADABLE;class_late=UNREADABLE;tags=
V0087,WF,e341694d05b42dbb,MAJ,joint,mid,5,0.5703,0.5508,0.4284,0.4102,0.4479,CHANCE,,FLIP_REL,NOT_ELIGIBLE,0.58,12,-1.0,"[0.574, 0.566, 0.582]","[0.426, 0.418, 0.434]",,UNDEFINED,,,,,CHANNEL,W-F/out/census_s0.jsonl,38,116:joint,class=UNREADABLE;class_late=UNREADABLE;tags=
V0088,WF,83d9d7b50cb7e409,HOLD,site_all,mid,6,0.6484,0.6029,0.3685,0.3138,0.4193,FLIP,,FLIP_REL,FLIP_REL,0.58,12,-1.0000000000000007,"[0.646, 0.629, 0.664]","[0.354, 0.336, 0.371]",,SITE,1.0,0.0,0.0,1.0,SITE,W-F/out/census_s0.jsonl,55,5:site_all,class=ELSEWHERE;class_late=ELSEWHERE;tags=
V0089,WF,83d9d7b50cb7e409,HOLD,site_all,late,9,0.6484,0.6029,0.362,0.3047,0.418,FLIP,,FLIP_REL,FLIP_REL,0.58,12,-1.0000000000000007,"[0.646, 0.629, 0.664]","[0.354, 0.336, 0.371]",,SITE,1.0,0.0,0.0,1.0,SITE,W-F/out/census_s0.jsonl,55,5:late_site,class=ELSEWHERE;class_late=ELSEWHERE;tags=
V0090,WF,83d9d7b50cb7e409,HOLD,joint,mid,6,0.6484,0.6029,0.3711,0.3177,0.4219,FLIP,,FLIP_REL,FLIP_REL,0.58,12,-1.0000000000000007,"[0.646, 0.629, 0.664]","[0.354, 0.336, 0.371]",,SITE,1.0,0.0,0.0,1.0,SITE,W-F/out/census_s0.jsonl,55,5:joint,class=ELSEWHERE;class_late=ELSEWHERE;tags=
V0091,WF,1d88af703d4dab91,RELAY,site_all,mid,3,0.694,0.6667,0.5417,0.5026,0.5794,CHANCE,,CHANCE_REL,CHANCE_REL,0.58,12,0.27478260869565246,"[0.687, 0.677, 0.697]","[0.551, 0.537, 0.566]",,UNRESOLVED,0.3315972222222222,0.6032986111111112,0.06510416666666667,1.0,MIXTURE,W-F/out/census_s0.jsonl,60,126:site_all,class=JOINT;class_late=ELSEWHERE;tags=JOINT-SPLIT;HANDOFF
V0092,WF,1d88af703d4dab91,RELAY,channel_all,mid,3,0.694,0.6667,0.4531,0.4154,0.4922,CHANCE,,CHANCE_REL,CHANCE_REL,0.58,12,-0.27478260869565185,"[0.687, 0.677, 0.697]","[0.449, 0.434, 0.463]",,UNRESOLVED,0.3315972222222222,0.6032986111111112,0.06510416666666667,1.0,MIXTURE,W-F/out/census_s0.jsonl,60,126:channel_all,class=JOINT;class_late=ELSEWHERE;tags=JOINT-SPLIT;HANDOFF
V0093,WF,1d88af703d4dab91,RELAY,channel_count,mid,3,0.694,0.6667,0.4531,0.4154,0.4922,CHANCE,,CHANCE_REL,CHANCE_REL,0.58,12,-0.27478260869565185,"[0.687, 0.677, 0.697]","[0.449, 0.434, 0.463]",,UNRESOLVED,0.3315972222222222,0.6032986111111112,0.06510416666666667,1.0,MIXTURE,W-F/out/census_s0.jsonl,60,126:channel_count,class=JOINT;class_late=ELSEWHERE;tags=JOINT-SPLIT;HANDOFF
V0094,WF,1d88af703d4dab91,RELAY,site_all,late,3,0.694,0.6667,0.5417,0.5026,0.5794,CHANCE,,CHANCE_REL,CHANCE_REL,0.58,12,0.27478260869565246,"[0.687, 0.677, 0.697]","[0.551, 0.537, 0.566]",,UNRESOLVED,0.3315972222222222,0.6032986111111112,0.06510416666666667,1.0,MIXTURE,W-F/out/census_s0.jsonl,60,126:late_site,class=JOINT;class_late=ELSEWHERE;tags=JOINT-SPLIT;HANDOFF
V0095,WF,1d88af703d4dab91,RELAY,channel_all,late,3,0.694,0.6667,0.4531,0.4154,0.4922,CHANCE,,CHANCE_REL,CHANCE_REL,0.58,12,-0.27478260869565185,"[0.687, 0.677, 0.697]","[0.449, 0.434, 0.463]",,UNRESOLVED,0.3315972222222222,0.6032986111111112,0.06510416666666667,1.0,MIXTURE,W-F/out/census_s0.jsonl,60,126:late_chan,class=JOINT;class_late=ELSEWHERE;tags=JOINT-SPLIT;HANDOFF
V0096,WF,a8544b2d21f40659,RELAY,channel_all,mid,3,0.5768,0.5651,0.4538,0.4382,0.4701,CHANCE,,FLIP_REL,NOT_ELIGIBLE,0.58,12,-0.6752411575562701,"[0.576, 0.571, 0.581]","[0.449, 0.443, 0.454]",,UNDEFINED,,,,,CHANNEL,W-F/out/census_s0.jsonl,61,163:channel_all,class=UNREADABLE;class_late=UNREADABLE;tags=
V0097,WF,a8544b2d21f40659,RELAY,channel_count,mid,3,0.5768,0.5651,0.4538,0.4382,0.4701,CHANCE,,FLIP_REL,NOT_ELIGIBLE,0.58,12,-0.6752411575562701,"[0.576, 0.571, 0.581]","[0.449, 0.443, 0.454]",,UNDEFINED,,,,,CHANNEL,W-F/out/census_s0.jsonl,61,163:channel_count,class=UNREADABLE;class_late=UNREADABLE;tags=
V0098,WF,a8544b2d21f40659,RELAY,channel_all,late,3,0.5768,0.5651,0.4538,0.4382,0.4701,CHANCE,,FLIP_REL,NOT_ELIGIBLE,0.58,12,-0.6752411575562701,"[0.576, 0.571, 0.581]","[0.449, 0.443, 0.454]",,UNDEFINED,,,,,CHANNEL,W-F/out/census_s0.jsonl,61,163:late_chan,class=UNREADABLE;class_late=UNREADABLE;tags=
V0099,WF,a8544b2d21f40659,RELAY,joint,mid,3,0.5768,0.5651,0.4232,0.4115,0.4349,CHANCE,,FLIP_REL,NOT_ELIGIBLE,0.58,12,-1.0,"[0.576, 0.571, 0.581]","[0.424, 0.419, 0.429]",,UNDEFINED,,,,,CHANNEL,W-F/out/census_s0.jsonl,61,163:joint,class=UNREADABLE;class_late=UNREADABLE;tags=
V0100,WF,8a8e65ad57ccf99b,RELAY,channel_all,mid,3,0.6068,0.5885,0.3932,0.3737,0.4115,FLIP,,FLIP_REL,FLIP_REL,0.58,12,-1.0,"[0.611, 0.603, 0.618]","[0.389, 0.382, 0.397]",,CHANNEL,0.0,1.0,0.0,1.0,CHANNEL,W-F/out/census_s0.jsonl,63,160:channel_all,class=UNREADABLE;class_late=UNREADABLE;tags=
V0101,WF,8a8e65ad57ccf99b,RELAY,channel_content,mid,3,0.6068,0.5885,0.3932,0.3737,0.4115,FLIP,,FLIP_REL,FLIP_REL,0.58,12,-1.0,"[0.611, 0.603, 0.618]","[0.389, 0.382, 0.397]",,CHANNEL,0.0,1.0,0.0,1.0,CHANNEL,W-F/out/census_s0.jsonl,63,160:channel_content,class=UNREADABLE;class_late=UNREADABLE;tags=
V0102,WF,8a8e65ad57ccf99b,RELAY,pay1,mid,3,0.6068,0.5885,0.3932,0.3737,0.4115,FLIP,,FLIP_REL,FLIP_REL,0.58,12,-1.0,"[0.611, 0.603, 0.618]","[0.389, 0.382, 0.397]",,CHANNEL,0.0,1.0,0.0,1.0,CHANNEL,W-F/out/census_s0.jsonl,63,160:pay1,class=UNREADABLE;class_late=UNREADABLE;tags=
V0103,WF,8a8e65ad57ccf99b,RELAY,channel_all,late,3,0.6068,0.5885,0.3932,0.3737,0.4115,FLIP,,FLIP_REL,FLIP_REL,0.58,12,-1.0,"[0.611, 0.603, 0.618]","[0.389, 0.382, 0.397]",,CHANNEL,0.0,1.0,0.0,1.0,CHANNEL,W-F/out/census_s0.jsonl,63,160:late_chan,class=UNREADABLE;class_late=UNREADABLE;tags=
V0104,WF,8a8e65ad57ccf99b,RELAY,joint,mid,3,0.6068,0.5885,0.3932,0.3737,0.4115,FLIP,,FLIP_REL,FLIP_REL,0.58,12,-1.0,"[0.611, 0.603, 0.618]","[0.389, 0.382, 0.397]",,CHANNEL,0.0,1.0,0.0,1.0,CHANNEL,W-F/out/census_s0.jsonl,63,160:joint,class=UNREADABLE;class_late=UNREADABLE;tags=
V0105,WF,4781b0a172b6dc3c,MAJ,site_all,mid,9,0.7487,0.6992,0.5378,0.4974,0.5781,CHANCE,,CHANCE_REL,CHANCE_REL,0.58,12,0.1421568627450979,"[0.766, 0.748, 0.782]","[0.538, 0.521, 0.554]",,UNRESOLVED,0.23920771965464702,0.37176231589639414,0.3890299644489589,1.0,UNRESOLVED,W-F/out/census_s0.jsonl,73,105:site_all,class=JOINT;class_late=ELSEWHERE;tags=JOINT-SPLIT;HANDOFF
V0106,WF,4781b0a172b6dc3c,MAJ,channel_all,mid,9,0.7487,0.6992,0.4531,0.4089,0.4961,CHANCE,,CHANCE_REL,CHANCE_REL,0.58,12,-0.14215686274509812,"[0.766, 0.748, 0.782]","[0.462, 0.446, 0.479]",,UNRESOLVED,0.23920771965464702,0.37176231589639414,0.3890299644489589,1.0,UNRESOLVED,W-F/out/census_s0.jsonl,73,105:channel_all,class=JOINT;class_late=ELSEWHERE;tags=JOINT-SPLIT;HANDOFF
V0107,WF,4781b0a172b6dc3c,MAJ,channel_content,mid,9,0.7487,0.6992,0.4531,0.4089,0.4961,CHANCE,,CHANCE_REL,CHANCE_REL,0.58,12,-0.14215686274509812,"[0.766, 0.748, 0.782]","[0.462, 0.446, 0.479]",,UNRESOLVED,0.23920771965464702,0.37176231589639414,0.3890299644489589,1.0,UNRESOLVED,W-F/out/census_s0.jsonl,73,105:channel_content,class=JOINT;class_late=ELSEWHERE;tags=JOINT-SPLIT;HANDOFF
V0108,WF,4781b0a172b6dc3c,MAJ,pay1,mid,9,0.7487,0.6992,0.4531,0.4089,0.4961,CHANCE,,CHANCE_REL,CHANCE_REL,0.58,12,-0.14215686274509812,"[0.766, 0.748, 0.782]","[0.462, 0.446, 0.479]",,UNRESOLVED,0.23920771965464702,0.37176231589639414,0.3890299644489589,1.0,UNRESOLVED,W-F/out/census_s0.jsonl,73,105:pay1,class=JOINT;class_late=ELSEWHERE;tags=JOINT-SPLIT;HANDOFF
V0109,WF,4781b0a172b6dc3c,MAJ,site_all,late,15,0.7487,0.6992,0.3945,0.3529,0.4349,FLIP,FLIP,INDETERMINATE,INDETERMINATE,0.58,12,-0.5036764705882353,"[0.766, 0.748, 0.782]","[0.366, 0.351, 0.38]","[0.368, 0.353, 0.382]",UNRESOLVED,0.5992889791772473,0.08125952260030472,0.31945149822244795,1.0,UNRESOLVED,W-F/out/census_s0.jsonl,73,105:late_site,class=JOINT;class_late=ELSEWHERE;tags=JOINT-SPLIT;HANDOFF
V0110,WF,4781b0a172b6dc3c,MAJ,channel_all,late,15,0.7487,0.6992,0.6068,0.5703,0.6419,CHANCE,CHANCE,INDETERMINATE,INDETERMINATE,0.58,12,0.5036764705882353,"[0.766, 0.748, 0.782]","[0.634, 0.62, 0.649]","[0.631, 0.617, 0.645]",UNRESOLVED,0.5992889791772473,0.08125952260030472,0.31945149822244795,1.0,UNRESOLVED,W-F/out/census_s0.jsonl,73,105:late_chan,class=JOINT;class_late=ELSEWHERE;tags=JOINT-SPLIT;HANDOFF
V0111,WF,e06701a5e70bb7c2,RELAY,site_all,mid,5,0.6621,0.6348,0.4355,0.4141,0.4577,CHANCE,,CHANCE_REL,CHANCE_REL,0.58,12,-0.42842535787321084,"[0.659, 0.649, 0.669]","[0.432, 0.425, 0.44]",,UNDEFINED,,,,,UNRESOLVED,W-F/out/census_s0.jsonl,77,137:site_all,class=JOINT;class_late=SITE;tags=JOINT-SPLIT;HANDOFF
V0112,WF,e06701a5e70bb7c2,RELAY,channel_all,mid,5,0.6621,0.6348,0.5671,0.5462,0.5859,CHANCE,,CHANCE_REL,CHANCE_REL,0.58,12,0.4284253578732102,"[0.659, 0.649, 0.669]","[0.568, 0.56, 0.575]",,UNDEFINED,,,,,UNRESOLVED,W-F/out/census_s0.jsonl,77,137:channel_all,class=JOINT;class_late=SITE;tags=JOINT-SPLIT;HANDOFF
V0113,WF,e06701a5e70bb7c2,RELAY,channel_count,mid,5,0.6621,0.6348,0.5671,0.5462,0.5859,CHANCE,,CHANCE_REL,CHANCE_REL,0.58,12,0.4284253578732102,"[0.659, 0.649, 0.669]","[0.568, 0.56, 0.575]",,UNDEFINED,,,,,UNRESOLVED,W-F/out/census_s0.jsonl,77,137:channel_count,class=JOINT;class_late=SITE;tags=JOINT-SPLIT;HANDOFF
V0114,WF,72dd71d8028cf759,RELAY,channel_all,mid,5,0.8509,0.8229,0.6602,0.6107,0.7044,CHANCE,,INDETERMINATE,INDETERMINATE,0.58,12,0.47910182303245874,"[0.866, 0.855, 0.877]","[0.675, 0.661, 0.688]",,MIXTURE,0.6386554621848739,0.18160597572362278,0.176937441643324,1.0,UNRESOLVED,W-F/out/census_s0.jsonl,78,141:channel_all,class=SITE;class_late=SITE;tags=
V0115,WF,72dd71d8028cf759,RELAY,channel_content,mid,5,0.8509,0.8229,0.6576,0.6081,0.7005,CHANCE,,INDETERMINATE,INDETERMINATE,0.58,12,0.47910182303245874,"[0.866, 0.855, 0.877]","[0.675, 0.661, 0.688]",,MIXTURE,0.6386554621848739,0.18160597572362278,0.176937441643324,1.0,UNRESOLVED,W-F/out/census_s0.jsonl,78,141:channel_content,class=SITE;class_late=SITE;tags=
V0116,WF,72dd71d8028cf759,RELAY,pay0,mid,5,0.8509,0.8229,0.6595,0.6113,0.7025,CHANCE,,INDETERMINATE,INDETERMINATE,0.58,12,0.47910182303245874,"[0.866, 0.855, 0.877]","[0.675, 0.661, 0.688]",,MIXTURE,0.6386554621848739,0.18160597572362278,0.176937441643324,1.0,UNRESOLVED,W-F/out/census_s0.jsonl,78,141:pay0,class=SITE;class_late=SITE;tags=
V0117,WF,e9196cae3d7537f1,RELAY,channel_all,mid,5,0.8086,0.7812,0.6471,0.6042,0.6914,CHANCE,,INDETERMINATE,INDETERMINATE,0.58,12,0.4760185662712735,"[0.816, 0.805, 0.825]","[0.65, 0.638, 0.662]",,UNRESOLVED,0.6209386281588448,0.14492006188757092,0.23414130995358431,1.0,UNRESOLVED,W-F/out/census_s0.jsonl,79,147:channel_all,class=SITE;class_late=SITE;tags=
V0118,WF,e9196cae3d7537f1,RELAY,channel_content,mid,5,0.8086,0.7812,0.6471,0.6042,0.6914,CHANCE,,INDETERMINATE,INDETERMINATE,0.58,12,0.4760185662712735,"[0.816, 0.805, 0.825]","[0.65, 0.638, 0.662]",,UNRESOLVED,0.6209386281588448,0.14492006188757092,0.23414130995358431,1.0,UNRESOLVED,W-F/out/census_s0.jsonl,79,147:channel_content,class=SITE;class_late=SITE;tags=
V0119,WF,e9196cae3d7537f1,RELAY,pay0,mid,5,0.8086,0.7812,0.6471,0.6042,0.6914,CHANCE,,INDETERMINATE,INDETERMINATE,0.58,12,0.4760185662712735,"[0.816, 0.805, 0.825]","[0.65, 0.638, 0.662]",,UNRESOLVED,0.6209386281588448,0.14492006188757092,0.23414130995358431,1.0,UNRESOLVED,W-F/out/census_s0.jsonl,79,147:pay0,class=SITE;class_late=SITE;tags=
V0120,WF,8743da7f1f62947d,MAJ,channel_all,mid,9,0.6257,0.6035,0.3945,0.375,0.4147,FLIP,,FLIP_REL,FLIP_REL,0.58,12,-0.9085133418043199,"[0.628, 0.62, 0.636]","[0.384, 0.375, 0.392]",,UNDEFINED,,,,,UNRESOLVED,W-F/out/census_s0.jsonl,80,106:channel_all,class=JOINT;class_late=ELSEWHERE;tags=JOINT-ASYM;HANDOFF
V0121,WF,8743da7f1f62947d,MAJ,channel_content,mid,9,0.6257,0.6035,0.4186,0.3984,0.4382,CHANCE,,FLIP_REL,FLIP_REL,0.58,12,-0.767471410419314,"[0.628, 0.62, 0.636]","[0.402, 0.394, 0.41]",,UNDEFINED,,,,,UNRESOLVED,W-F/out/census_s0.jsonl,80,106:channel_content,class=JOINT;class_late=ELSEWHERE;tags=JOINT-ASYM;HANDOFF
V0122,WF,8743da7f1f62947d,MAJ,pay0,mid,9,0.6257,0.6035,0.4186,0.3984,0.4382,CHANCE,,FLIP_REL,FLIP_REL,0.58,12,-0.767471410419314,"[0.628, 0.62, 0.636]","[0.402, 0.394, 0.41]",,UNDEFINED,,,,,UNRESOLVED,W-F/out/census_s0.jsonl,80,106:pay0,class=JOINT;class_late=ELSEWHERE;tags=JOINT-ASYM;HANDOFF
V0123,WF,8743da7f1f62947d,MAJ,site_all,late,15,0.6257,0.6035,0.4329,0.418,0.4479,CHANCE,,INDETERMINATE,INDETERMINATE,0.58,12,-0.5222363405336719,"[0.628, 0.62, 0.636]","[0.433, 0.426, 0.44]",,UNDEFINED,,,,,UNRESOLVED,W-F/out/census_s0.jsonl,80,106:late_site,class=JOINT;class_late=ELSEWHERE;tags=JOINT-ASYM;HANDOFF
V0124,WF,e2fa053169f5f890,HOLD,site_all,mid,10,0.6276,0.5938,0.3659,0.3073,0.4219,FLIP,,FLIP_REL,FLIP_REL,0.58,12,-1.027761013880507,"[0.635, 0.616, 0.655]","[0.361, 0.342, 0.38]",,SITE,0.9229963331587219,0.0,0.0,0.9229963331587219,IDENTITY-BROKEN,W-F/out/census_s1.jsonl,1,96:site_all,class=UNREADABLE;class_late=UNREADABLE;tags=
V0125,WF,e2fa053169f5f890,HOLD,site_all,late,17,0.6276,0.5938,0.3607,0.3086,0.4154,FLIP,,FLIP_REL,FLIP_REL,0.58,12,-0.9999999999999996,"[0.635, 0.616, 0.655]","[0.365, 0.345, 0.384]",,SITE,1.0,0.0,0.0,1.0,SITE,W-F/out/census_s1.jsonl,1,96:late_site,class=UNREADABLE;class_late=UNREADABLE;tags=
V0126,WF,e2fa053169f5f890,HOLD,joint,mid,10,0.6276,0.5938,0.3659,0.3073,0.4219,FLIP,,FLIP_REL,FLIP_REL,0.58,12,-1.0295715147857571,"[0.635, 0.616, 0.655]","[0.361, 0.342, 0.38]",,SITE,0.9229963331587219,0.0,0.0,0.9229963331587219,IDENTITY-BROKEN,W-F/out/census_s1.jsonl,1,96:joint,class=UNREADABLE;class_late=UNREADABLE;tags=
V0127,WF,9dd25cb21750f3c5,HOLD,site_all,mid,10,0.6224,0.5807,0.3763,0.332,0.4258,FLIP,,FLIP_REL,FLIP_REL,0.58,12,-1.0,"[0.65, 0.633, 0.669]","[0.35, 0.331, 0.367]",,SITE,1.0,0.0,0.0,1.0,SITE,W-F/out/census_s1.jsonl,2,92:site_all,class=UNREADABLE;class_late=UNREADABLE;tags=
V0128,WF,9dd25cb21750f3c5,HOLD,site_all,late,17,0.6224,0.5807,0.3789,0.3333,0.431,FLIP,,FLIP_REL,FLIP_REL,0.58,12,-1.0,"[0.65, 0.633, 0.669]","[0.35, 0.331, 0.367]",,SITE,1.0,0.0,0.0,1.0,SITE,W-F/out/census_s1.jsonl,2,92:late_site,class=UNREADABLE;class_late=UNREADABLE;tags=
V0129,WF,9dd25cb21750f3c5,HOLD,joint,mid,10,0.6224,0.5807,0.3789,0.3333,0.431,FLIP,,FLIP_REL,FLIP_REL,0.58,12,-1.0,"[0.65, 0.633, 0.669]","[0.35, 0.331, 0.367]",,SITE,1.0,0.0,0.0,1.0,SITE,W-F/out/census_s1.jsonl,2,92:joint,class=UNREADABLE;class_late=UNREADABLE;tags=
V0130,WF,0017d8ccce60da90,HOLD,site_all,mid,4,0.6029,0.5599,0.3815,0.3437,0.4193,FLIP,,FLIP_REL,FLIP_REL,0.58,12,-0.9855832241153344,"[0.624, 0.61, 0.64]","[0.378, 0.361, 0.393]",,IDENTITY-BROKEN,0.8268359020852222,0.0,0.0,0.8268359020852222,IDENTITY-BROKEN,W-F/out/census_s1.jsonl,3,87:site_all,class=UNREADABLE;class_late=UNREADABLE;tags=
V0131,WF,0017d8ccce60da90,HOLD,site_all,late,5,0.6029,0.5599,0.3906,0.3477,0.4362,FLIP,,FLIP_REL,FLIP_REL,0.58,12,-1.0,"[0.624, 0.61, 0.64]","[0.376, 0.36, 0.39]",,SITE,1.0,0.0,0.0,1.0,SITE,W-F/out/census_s1.jsonl,3,87:late_site,class=UNREADABLE;class_late=UNREADABLE;tags=
V0132,WF,0017d8ccce60da90,HOLD,joint,mid,4,0.6029,0.5599,0.3815,0.3437,0.4193,FLIP,,FLIP_REL,FLIP_REL,0.58,12,-0.9855832241153344,"[0.624, 0.61, 0.64]","[0.378, 0.361, 0.393]",,IDENTITY-BROKEN,0.8268359020852222,0.0,0.0,0.8268359020852222,IDENTITY-BROKEN,W-F/out/census_s1.jsonl,3,87:joint,class=UNREADABLE;class_late=UNREADABLE;tags=
V0133,WF,884a64df866756b0,RELAY,site_all,mid,9,0.5885,0.5697,0.4434,0.4206,0.4681,CHANCE,CHANCE,FLIP_REL,NOT_ELIGIBLE,0.58,12,-0.6862539349422868,"[0.578, 0.569, 0.585]","[0.447, 0.439, 0.454]","[0.45, 0.443, 0.456]",UNDEFINED,,,,,UNRESOLVED,W-F/out/census_s1.jsonl,7,159:site_all,class=UNREADABLE;class_late=UNREADABLE;tags=
V0134,WF,884a64df866756b0,RELAY,site_all,late,15,0.5885,0.5697,0.3965,0.373,0.4199,CHANCE,,FLIP_REL,NOT_ELIGIBLE,0.58,12,-0.9999999999999986,"[0.578, 0.569, 0.585]","[0.422, 0.415, 0.431]",,UNDEFINED,,,,,SITE,W-F/out/census_s1.jsonl,7,159:late_site,class=UNREADABLE;class_late=UNREADABLE;tags=
V0135,WF,884a64df866756b0,RELAY,joint,mid,9,0.5885,0.5697,0.3991,0.3743,0.4232,CHANCE,CHANCE,FLIP_REL,NOT_ELIGIBLE,0.58,12,-0.9999999999999986,"[0.578, 0.569, 0.585]","[0.422, 0.415, 0.431]","[0.426, 0.418, 0.434]",UNDEFINED,,,,,UNRESOLVED,W-F/out/census_s1.jsonl,7,159:joint,class=UNREADABLE;class_late=UNREADABLE;tags=
V0136,WF,faafa5b049e1d4b4,HOLD,site_all,mid,10,0.5964,0.5671,0.3945,0.362,0.4251,CHANCE,,FLIP_REL,FLIP_REL,0.58,12,-0.9940374787052807,"[0.596, 0.584, 0.608]","[0.405, 0.393, 0.417]",,IDENTITY-BROKEN,0.0,0.0,0.0,0.0,IDENTITY-BROKEN,W-F/out/census_s1.jsonl,8,98:site_all,class=UNREADABLE;class_late=UNREADABLE;tags=
V0137,WF,faafa5b049e1d4b4,HOLD,site_all,late,17,0.5964,0.5671,0.4128,0.3763,0.4453,CHANCE,,FLIP_REL,FLIP_REL,0.58,12,-0.9999999999999994,"[0.596, 0.584, 0.608]","[0.404, 0.392, 0.416]",,SITE,1.0,0.0,0.0,1.0,SITE,W-F/out/census_s1.jsonl,8,98:late_site,class=UNREADABLE;class_late=UNREADABLE;tags=
V0138,WF,faafa5b049e1d4b4,HOLD,joint,mid,10,0.5964,0.5671,0.3945,0.362,0.4251,CHANCE,,FLIP_REL,FLIP_REL,0.58,12,-0.9940374787052807,"[0.596, 0.584, 0.608]","[0.405, 0.393, 0.417]",,IDENTITY-BROKEN,0.0,0.0,0.0,0.0,IDENTITY-BROKEN,W-F/out/census_s1.jsonl,8,98:joint,class=UNREADABLE;class_late=UNREADABLE;tags=
V0139,WF,57650798bada0219,MAJ,channel_all,mid,3,0.627,0.5885,0.373,0.334,0.4115,FLIP,,FLIP_REL,FLIP_REL,0.58,12,-1.0012391573729862,"[0.631, 0.618, 0.645]","[0.368, 0.355, 0.382]",,CHANNEL,0.0,1.0,0.0,1.0,CHANNEL,W-F/out/census_s1.jsonl,9,111:channel_all,class=UNREADABLE;class_late=UNREADABLE;tags=
V0140,WF,57650798bada0219,MAJ,channel_content,mid,3,0.627,0.5885,0.373,0.334,0.4115,FLIP,,FLIP_REL,FLIP_REL,0.58,12,-1.0012391573729862,"[0.631, 0.618, 0.645]","[0.368, 0.355, 0.382]",,CHANNEL,0.0,1.0,0.0,1.0,CHANNEL,W-F/out/census_s1.jsonl,9,111:channel_content,class=UNREADABLE;class_late=UNREADABLE;tags=
V0141,WF,57650798bada0219,MAJ,pay0,mid,3,0.627,0.5885,0.373,0.334,0.4115,FLIP,,FLIP_REL,FLIP_REL,0.58,12,-1.0012391573729862,"[0.631, 0.618, 0.645]","[0.368, 0.355, 0.382]",,CHANNEL,0.0,1.0,0.0,1.0,CHANNEL,W-F/out/census_s1.jsonl,9,111:pay0,class=UNREADABLE;class_late=UNREADABLE;tags=
V0142,WF,57650798bada0219,MAJ,channel_all,late,3,0.627,0.5885,0.373,0.334,0.4115,FLIP,,FLIP_REL,FLIP_REL,0.58,12,-1.0012391573729862,"[0.631, 0.618, 0.645]","[0.368, 0.355, 0.382]",,CHANNEL,0.0,1.0,0.0,1.0,CHANNEL,W-F/out/census_s1.jsonl,9,111:late_chan,class=UNREADABLE;class_late=UNREADABLE;tags=
V0143,WF,57650798bada0219,MAJ,joint,mid,3,0.627,0.5885,0.373,0.334,0.4115,FLIP,,FLIP_REL,FLIP_REL,0.58,12,-1.0,"[0.631, 0.618, 0.645]","[0.369, 0.355, 0.382]",,CHANNEL,0.0,1.0,0.0,1.0,CHANNEL,W-F/out/census_s1.jsonl,9,111:joint,class=UNREADABLE;class_late=UNREADABLE;tags=
V0144,WF,86fc01052c666646,RELAY,site_all,mid,9,0.5977,0.5762,0.5404,0.5215,0.5586,NO-EFFECT,,NO_EFFECT_REL,NO_EFFECT_REL,0.58,12,0.6566217287866777,"[0.603, 0.595, 0.611]","[0.567, 0.559, 0.575]",,UNDEFINED,,,,,UNRESOLVED,W-F/out/census_s1.jsonl,10,157:site_all,class=UNREADABLE;class_late=UNREADABLE;tags=
V0145,WF,86fc01052c666646,RELAY,channel_all,mid,9,0.5977,0.5762,0.4538,0.4316,0.4798,CHANCE,,FLIP_REL,FLIP_REL,0.58,12,-0.6566217287866777,"[0.603, 0.595, 0.611]","[0.433, 0.425, 0.441]",,UNDEFINED,,,,,UNRESOLVED,W-F/out/census_s1.jsonl,10,157:channel_all,class=UNREADABLE;class_late=UNREADABLE;tags=
V0146,WF,86fc01052c666646,RELAY,channel_content,mid,9,0.5977,0.5762,0.4427,0.4219,0.4635,CHANCE,,FLIP_REL,FLIP_REL,0.58,12,-0.6582077716098336,"[0.603, 0.595, 0.611]","[0.432, 0.425, 0.44]",,UNDEFINED,,,,,UNRESOLVED,W-F/out/census_s1.jsonl,10,157:channel_content,class=UNREADABLE;class_late=UNREADABLE;tags=
V0147,WF,86fc01052c666646,RELAY,pay0,mid,9,0.5977,0.5762,0.4688,0.4479,0.4922,CHANCE,,FLIP_REL,FLIP_REL,0.58,12,-0.6962727993655831,"[0.603, 0.595, 0.611]","[0.429, 0.42, 0.437]",,UNDEFINED,,,,,UNRESOLVED,W-F/out/census_s1.jsonl,10,157:pay0,class=UNREADABLE;class_late=UNREADABLE;tags=
V0148,WF,86fc01052c666646,RELAY,site_all,late,15,0.5977,0.5762,0.4915,0.4694,0.5124,CHANCE,,CHANCE_REL,CHANCE_REL,0.58,12,-0.4250594766058683,"[0.603, 0.595, 0.611]","[0.456, 0.449, 0.463]",,UNDEFINED,,,,,UNRESOLVED,W-F/out/census_s1.jsonl,10,157:late_site,class=UNREADABLE;class_late=UNREADABLE;tags=
V0149,WF,86fc01052c666646,RELAY,channel_all,late,15,0.5977,0.5762,0.5234,0.5046,0.541,CHANCE,,CHANCE_REL,CHANCE_REL,0.58,12,0.4250594766058683,"[0.603, 0.595, 0.611]","[0.544, 0.537, 0.551]",,UNDEFINED,,,,,UNRESOLVED,W-F/out/census_s1.jsonl,10,157:late_chan,class=UNREADABLE;class_late=UNREADABLE;tags=
V0150,WF,86fc01052c666646,RELAY,joint,mid,9,0.5977,0.5762,0.3991,0.3809,0.4193,CHANCE,,FLIP_REL,FLIP_REL,0.58,12,-1.000000000000001,"[0.603, 0.595, 0.611]","[0.397, 0.389, 0.405]",,UNDEFINED,,,,,UNRESOLVED,W-F/out/census_s1.jsonl,10,157:joint,class=UNREADABLE;class_late=UNREADABLE;tags=
V0151,WF,7ca102eb518ac124,HOLD,site_all,mid,10,0.6315,0.5501,0.3594,0.278,0.4434,FLIP,,FLIP_REL,FLIP_REL,0.58,12,-1.073580533024334,"[0.64, 0.615, 0.667]","[0.349, 0.325, 0.376]",,IDENTITY-BROKEN,0.6830808080808081,0.0,0.0,0.6830808080808081,IDENTITY-BROKEN,W-F/out/census_s1.jsonl,12,90:site_all,class=UNREADABLE;class_late=UNREADABLE;tags=
V0152,WF,7ca102eb518ac124,HOLD,site_all,late,17,0.6315,0.5501,0.3698,0.2975,0.4453,FLIP,,FLIP_REL,FLIP_REL,0.58,12,-1.0000000000000009,"[0.64, 0.615, 0.667]","[0.36, 0.333, 0.385]",,SITE,1.0,0.0,0.0,1.0,SITE,W-F/out/census_s1.jsonl,12,90:late_site,class=UNREADABLE;class_late=UNREADABLE;tags=
V0153,WF,7ca102eb518ac124,HOLD,joint,mid,10,0.6315,0.5501,0.3594,0.278,0.4434,FLIP,,FLIP_REL,FLIP_REL,0.58,12,-1.073580533024334,"[0.64, 0.615, 0.667]","[0.349, 0.325, 0.376]",,IDENTITY-BROKEN,0.6830808080808081,0.0,0.0,0.6830808080808081,IDENTITY-BROKEN,W-F/out/census_s1.jsonl,12,90:joint,class=UNREADABLE;class_late=UNREADABLE;tags=
V0154,WF,fded16810c3b6236,MAJ,channel_all,mid,5,0.5599,0.5404,0.4421,0.4219,0.4648,CHANCE,,FLIP_REL,NOT_ELIGIBLE,0.58,12,-1.0,"[0.566, 0.559, 0.574]","[0.434, 0.426, 0.441]",,UNDEFINED,,,,,CHANNEL,W-F/out/census_s1.jsonl,14,117:channel_all,class=UNREADABLE;class_late=UNREADABLE;tags=
V0155,WF,fded16810c3b6236,MAJ,channel_count,mid,5,0.5599,0.5404,0.446,0.4264,0.4674,CHANCE,,FLIP_REL,NOT_ELIGIBLE,0.58,12,-1.0,"[0.566, 0.559, 0.574]","[0.434, 0.426, 0.441]",,UNDEFINED,,,,,CHANNEL,W-F/out/census_s1.jsonl,14,117:channel_count,class=UNREADABLE;class_late=UNREADABLE;tags=
V0156,WF,fded16810c3b6236,MAJ,site_all,late,7,0.5599,0.5404,0.431,0.4121,0.4499,CHANCE,,FLIP_REL,NOT_ELIGIBLE,0.58,12,-1.0,"[0.566, 0.559, 0.574]","[0.434, 0.426, 0.441]",,UNDEFINED,,,,,SITE,W-F/out/census_s1.jsonl,14,117:late_site,class=UNREADABLE;class_late=UNREADABLE;tags=
V0157,WF,fded16810c3b6236,MAJ,joint,mid,5,0.5599,0.5404,0.4355,0.418,0.4531,CHANCE,,FLIP_REL,NOT_ELIGIBLE,0.58,12,-1.0,"[0.566, 0.559, 0.574]","[0.434, 0.426, 0.441]",,UNDEFINED,,,,,CHANNEL,W-F/out/census_s1.jsonl,14,117:joint,class=UNREADABLE;class_late=UNREADABLE;tags=
V0158,WF,925caa3a48964717,RELAY,channel_all,mid,9,0.5651,0.5482,0.3932,0.362,0.4206,CHANCE,,FLIP_REL,NOT_ELIGIBLE,0.58,12,-1.0,"[0.586, 0.576, 0.596]","[0.414, 0.404, 0.424]",,CHANNEL,0.0,1.0,0.0,1.0,CHANNEL,W-F/out/census_s1.jsonl,15,161:channel_all,class=UNREADABLE;class_late=UNREADABLE;tags=
V0159,WF,925caa3a48964717,RELAY,channel_content,mid,9,0.5651,0.5482,0.3932,0.362,0.4206,CHANCE,,FLIP_REL,NOT_ELIGIBLE,0.58,12,-0.998106060606061,"[0.586, 0.576, 0.596]","[0.414, 0.404, 0.424]",,CHANNEL,0.0,1.0,0.0,1.0,CHANNEL,W-F/out/census_s1.jsonl,15,161:channel_content,class=UNREADABLE;class_late=UNREADABLE;tags=
V0160,WF,925caa3a48964717,RELAY,pay1,mid,9,0.5651,0.5482,0.3932,0.362,0.4206,CHANCE,,FLIP_REL,NOT_ELIGIBLE,0.58,12,-1.0,"[0.586, 0.576, 0.596]","[0.414, 0.404, 0.424]",,CHANNEL,0.0,1.0,0.0,1.0,CHANNEL,W-F/out/census_s1.jsonl,15,161:pay1,class=UNREADABLE;class_late=UNREADABLE;tags=
V0161,WF,925caa3a48964717,RELAY,channel_all,late,15,0.5651,0.5482,0.3932,0.362,0.4206,CHANCE,,FLIP_REL,NOT_ELIGIBLE,0.58,12,-1.0,"[0.586, 0.576, 0.596]","[0.414, 0.404, 0.424]",,CHANNEL,0.0,1.0,0.0,1.0,CHANNEL,W-F/out/census_s1.jsonl,15,161:late_chan,class=UNREADABLE;class_late=UNREADABLE;tags=
V0162,WF,925caa3a48964717,RELAY,joint,mid,9,0.5651,0.5482,0.3932,0.362,0.4206,CHANCE,,FLIP_REL,NOT_ELIGIBLE,0.58,12,-1.0,"[0.586, 0.576, 0.596]","[0.414, 0.404, 0.424]",,CHANNEL,0.0,1.0,0.0,1.0,CHANNEL,W-F/out/census_s1.jsonl,15,161:joint,class=UNREADABLE;class_late=UNREADABLE;tags=
V0163,WF,b4e404f606bd2bb8,HOLD,site_all,mid,6,0.6543,0.5859,0.3516,0.2891,0.4167,FLIP,,FLIP_REL,FLIP_REL,0.58,12,-0.9904363419007776,"[0.636, 0.612, 0.66]","[0.365, 0.341, 0.389]",,SITE,0.9394463667820069,0.0,0.0,0.9394463667820069,SITE,W-F/out/census_s1.jsonl,18,94:site_all,class=UNREADABLE;class_late=UNREADABLE;tags=
V0164,WF,b4e404f606bd2bb8,HOLD,site_all,late,9,0.6543,0.5859,0.3496,0.2845,0.4095,FLIP,FLIP,FLIP_REL,FLIP_REL,0.58,12,-0.9976090854751948,"[0.636, 0.612, 0.66]","[0.364, 0.34, 0.388]","[0.361, 0.337, 0.385]",SITE,1.0,0.0,0.0,1.0,SITE,W-F/out/census_s1.jsonl,18,94:late_site,class=UNREADABLE;class_late=UNREADABLE;tags=
V0165,WF,b4e404f606bd2bb8,HOLD,joint,mid,6,0.6543,0.5859,0.349,0.2884,0.4115,FLIP,,FLIP_REL,FLIP_REL,0.58,12,-0.9982068141063961,"[0.636, 0.612, 0.66]","[0.364, 0.34, 0.388]",,SITE,0.9394463667820069,0.0,0.0,0.9394463667820069,SITE,W-F/out/census_s1.jsonl,18,94:joint,class=UNREADABLE;class_late=UNREADABLE;tags=
V0166,WF,4ecdfb3f4f9bad5a,MAJ,channel_all,mid,5,0.5651,0.5456,0.4544,0.4329,0.4772,CHANCE,,FLIP_REL,NOT_ELIGIBLE,0.58,12,-0.6267232237539773,"[0.577, 0.569, 0.584]","[0.452, 0.444, 0.46]",,UNDEFINED,,,,,UNRESOLVED,W-F/out/census_s1.jsonl,20,110:channel_all,class=UNREADABLE;class_late=UNREADABLE;tags=
V0167,WF,4ecdfb3f4f9bad5a,MAJ,channel_content,mid,5,0.5651,0.5456,0.4948,0.4609,0.5306,CHANCE,,CHANCE_REL,NOT_ELIGIBLE,0.58,12,0.10922587486744491,"[0.577, 0.569, 0.584]","[0.508, 0.495, 0.523]",,UNDEFINED,,,,,UNRESOLVED,W-F/out/census_s1.jsonl,20,110:channel_content,class=UNREADABLE;class_late=UNREADABLE;tags=
V0168,WF,4ecdfb3f4f9bad5a,MAJ,pay0,mid,5,0.5651,0.5456,0.4948,0.4609,0.5306,CHANCE,,CHANCE_REL,NOT_ELIGIBLE,0.58,12,0.10922587486744491,"[0.577, 0.569, 0.584]","[0.508, 0.495, 0.523]",,UNDEFINED,,,,,UNRESOLVED,W-F/out/census_s1.jsonl,20,110:pay0,class=UNREADABLE;class_late=UNREADABLE;tags=
V0169,WF,4ecdfb3f4f9bad5a,MAJ,site_all,late,7,0.5651,0.5456,0.446,0.429,0.4674,CHANCE,,FLIP_REL,NOT_ELIGIBLE,0.58,12,-0.9660657476139991,"[0.577, 0.569, 0.584]","[0.426, 0.419, 0.433]",,UNDEFINED,,,,,SITE,W-F/out/census_s1.jsonl,20,110:late_site,class=UNREADABLE;class_late=UNREADABLE;tags=
V0170,WF,4ecdfb3f4f9bad5a,MAJ,joint,mid,5,0.5651,0.5456,0.4349,0.4173,0.4544,CHANCE,,FLIP_REL,NOT_ELIGIBLE,0.58,12,-1.0000000000000016,"[0.577, 0.569, 0.584]","[0.423, 0.416, 0.431]",,UNDEFINED,,,,,UNRESOLVED,W-F/out/census_s1.jsonl,20,110:joint,class=UNREADABLE;class_late=UNREADABLE;tags=
V0171,WF,95649e2c29e72d45,RELAY,site_all,mid,9,0.6667,0.6497,0.4375,0.4147,0.4596,CHANCE,,CHANCE_REL,CHANCE_REL,0.58,12,-0.41215868109222065,"[0.658, 0.652, 0.664]","[0.435, 0.427, 0.443]",,UNDEFINED,,,,,UNRESOLVED,W-F/out/census_s1.jsonl,22,133:site_all,class=JOINT;class_late=ELSEWHERE;tags=JOINT-SPLIT;HANDOFF
V0172,WF,95649e2c29e72d45,RELAY,channel_all,mid,9,0.6667,0.6497,0.5632,0.543,0.5853,CHANCE,,CHANCE_REL,CHANCE_REL,0.58,12,0.412158681092221,"[0.658, 0.652, 0.664]","[0.565, 0.557, 0.573]",,UNDEFINED,,,,,UNRESOLVED,W-F/out/census_s1.jsonl,22,133:channel_all,class=JOINT;class_late=ELSEWHERE;tags=JOINT-SPLIT;HANDOFF
V0173,WF,95649e2c29e72d45,RELAY,channel_content,mid,9,0.6667,0.6497,0.5918,0.5697,0.6133,CHANCE,,NO_EFFECT_REL,NO_EFFECT_REL,0.58,12,0.546625450798558,"[0.658, 0.652, 0.664]","[0.586, 0.579, 0.594]",,UNDEFINED,,,,,UNRESOLVED,W-F/out/census_s1.jsonl,22,133:channel_content,class=JOINT;class_late=ELSEWHERE;tags=JOINT-SPLIT;HANDOFF
V0174,WF,95649e2c29e72d45,RELAY,pay0,mid,9,0.6667,0.6497,0.5918,0.5697,0.6133,CHANCE,,NO_EFFECT_REL,NO_EFFECT_REL,0.58,12,0.546625450798558,"[0.658, 0.652, 0.664]","[0.586, 0.579, 0.594]",,UNDEFINED,,,,,UNRESOLVED,W-F/out/census_s1.jsonl,22,133:pay0,class=JOINT;class_late=ELSEWHERE;tags=JOINT-SPLIT;HANDOFF
V0175,WF,95649e2c29e72d45,RELAY,site_all,late,15,0.6667,0.6497,0.513,0.487,0.5371,CHANCE,,CHANCE_REL,CHANCE_REL,0.58,12,0.07109737248840804,"[0.658, 0.652, 0.664]","[0.511, 0.502, 0.521]",,UNDEFINED,,,,,MIXTURE,W-F/out/census_s1.jsonl,22,133:late_site,class=JOINT;class_late=ELSEWHERE;tags=JOINT-SPLIT;HANDOFF
V0176,WF,95649e2c29e72d45,RELAY,channel_all,late,15,0.6667,0.6497,0.4857,0.4583,0.5163,CHANCE,,CHANCE_REL,CHANCE_REL,0.58,12,-0.07109737248840804,"[0.658, 0.652, 0.664]","[0.489, 0.479, 0.498]",,UNDEFINED,,,,,MIXTURE,W-F/out/census_s1.jsonl,22,133:late_chan,class=JOINT;class_late=ELSEWHERE;tags=JOINT-SPLIT;HANDOFF
V0177,WF,e2334ea74d8ec661,RELAY,site_all,mid,3,0.597,0.5833,0.5208,0.5013,0.5397,CHANCE,,CHANCE_REL,CHANCE_REL,0.58,12,0.2736750651607296,"[0.594, 0.589, 0.598]","[0.526, 0.519, 0.533]",,UNDEFINED,,,,,MIXTURE,W-F/out/census_s1.jsonl,23,167:site_all,class=UNREADABLE;class_late=UNREADABLE;tags=
V0178,WF,e2334ea74d8ec661,RELAY,channel_all,mid,3,0.597,0.5833,0.4766,0.4577,0.4961,CHANCE,,CHANCE_REL,CHANCE_REL,0.58,12,-0.2736750651607296,"[0.594, 0.589, 0.598]","[0.474, 0.467, 0.481]",,UNDEFINED,,,,,MIXTURE,W-F/out/census_s1.jsonl,23,167:channel_all,class=UNREADABLE;class_late=UNREADABLE;tags=
V0179,WF,e2334ea74d8ec661,RELAY,channel_content,mid,3,0.597,0.5833,0.4779,0.4596,0.4974,CHANCE,,CHANCE_REL,CHANCE_REL,0.58,12,-0.2736750651607296,"[0.594, 0.589, 0.598]","[0.474, 0.467, 0.481]",,UNDEFINED,,,,,MIXTURE,W-F/out/census_s1.jsonl,23,167:channel_content,class=UNREADABLE;class_late=UNREADABLE;tags=
V0180,WF,e2334ea74d8ec661,RELAY,pay0,mid,3,0.597,0.5833,0.4779,0.4596,0.4974,CHANCE,,CHANCE_REL,CHANCE_REL,0.58,12,-0.2736750651607296,"[0.594, 0.589, 0.598]","[0.474, 0.467, 0.481]",,UNDEFINED,,,,,MIXTURE,W-F/out/census_s1.jsonl,23,167:pay0,class=UNREADABLE;class_late=UNREADABLE;tags=
V0181,WF,e2334ea74d8ec661,RELAY,site_all,late,3,0.597,0.5833,0.5208,0.5013,0.5397,CHANCE,,CHANCE_REL,CHANCE_REL,0.58,12,0.2736750651607296,"[0.594, 0.589, 0.598]","[0.526, 0.519, 0.533]",,UNDEFINED,,,,,MIXTURE,W-F/out/census_s1.jsonl,23,167:late_site,class=UNREADABLE;class_late=UNREADABLE;tags=
V0182,WF,e2334ea74d8ec661,RELAY,channel_all,late,3,0.597,0.5833,0.4766,0.4577,0.4961,CHANCE,,CHANCE_REL,CHANCE_REL,0.58,12,-0.2736750651607296,"[0.594, 0.589, 0.598]","[0.474, 0.467, 0.481]",,UNDEFINED,,,,,MIXTURE,W-F/out/census_s1.jsonl,23,167:late_chan,class=UNREADABLE;class_late=UNREADABLE;tags=
V0183,WF,e2334ea74d8ec661,RELAY,joint,mid,3,0.597,0.5833,0.4056,0.3919,0.4199,CHANCE,,FLIP_REL,FLIP_REL,0.58,12,-0.9999999999999988,"[0.594, 0.589, 0.598]","[0.406, 0.402, 0.411]",,UNDEFINED,,,,,MIXTURE,W-F/out/census_s1.jsonl,23,167:joint,class=UNREADABLE;class_late=UNREADABLE;tags=
V0184,WF,369f5a5b745eb592,RELAY,site_all,mid,9,0.6992,0.6608,0.4173,0.3815,0.4538,CHANCE,,CHANCE_REL,CHANCE_REL,0.58,12,-0.37797246558197745,"[0.695, 0.684, 0.706]","[0.426, 0.413, 0.439]",,UNRESOLVED,0.39948892674616693,0.14735945485519591,0.41567291311754684,1.0,UNRESOLVED,W-F/out/census_s1.jsonl,24,128:site_all,class=JOINT;class_late=SITE;tags=JOINT-SPLIT;HANDOFF
V0185,WF,369f5a5b745eb592,RELAY,channel_all,mid,9,0.6992,0.6608,0.5742,0.5365,0.6087,CHANCE,,CHANCE_REL,CHANCE_REL,0.58,12,0.37797246558197745,"[0.695, 0.684, 0.706]","[0.574, 0.561, 0.587]",,UNRESOLVED,0.39948892674616693,0.14735945485519591,0.41567291311754684,1.0,UNRESOLVED,W-F/out/census_s1.jsonl,24,128:channel_all,class=JOINT;class_late=SITE;tags=JOINT-SPLIT;HANDOFF
V0186,WF,369f5a5b745eb592,RELAY,channel_content,mid,9,0.6992,0.6608,0.5794,0.5482,0.6146,CHANCE,,INDETERMINATE,INDETERMINATE,0.58,12,0.4668335419274093,"[0.695, 0.684, 0.706]","[0.591, 0.58, 0.601]",,UNRESOLVED,0.39948892674616693,0.14735945485519591,0.41567291311754684,1.0,UNRESOLVED,W-F/out/census_s1.jsonl,24,128:channel_content,class=JOINT;class_late=SITE;tags=JOINT-SPLIT;HANDOFF
V0187,WF,369f5a5b745eb592,RELAY,pay0,mid,9,0.6992,0.6608,0.5794,0.5482,0.6146,CHANCE,,INDETERMINATE,INDETERMINATE,0.58,12,0.4668335419274093,"[0.695, 0.684, 0.706]","[0.591, 0.58, 0.601]",,UNRESOLVED,0.39948892674616693,0.14735945485519591,0.41567291311754684,1.0,UNRESOLVED,W-F/out/census_s1.jsonl,24,128:pay0,class=JOINT;class_late=SITE;tags=JOINT-SPLIT;HANDOFF
V0188,WF,606ce18c96c8f0de,RELAY,channel_all,mid,9,0.5651,0.5482,0.4987,0.4922,0.5039,CHANCE,,CHANCE_REL,NOT_ELIGIBLE,0.58,12,-0.3505747126436782,"[0.585, 0.575, 0.596]","[0.47, 0.464, 0.476]",,NEITHER,0.0,0.3435114503816794,0.6564885496183206,1.0,NEITHER,W-F/out/census_s1.jsonl,25,153:channel_all,class=UNREADABLE;class_late=UNREADABLE;tags=
V0189,WF,606ce18c96c8f0de,RELAY,channel_content,mid,9,0.5651,0.5482,0.4974,0.4922,0.5,CHANCE,,CHANCE_REL,NOT_ELIGIBLE,0.58,12,-0.3524904214559389,"[0.585, 0.575, 0.596]","[0.47, 0.464, 0.476]",,NEITHER,0.0,0.3435114503816794,0.6564885496183206,1.0,NEITHER,W-F/out/census_s1.jsonl,25,153:channel_content,class=UNREADABLE;class_late=UNREADABLE;tags=
V0190,WF,606ce18c96c8f0de,RELAY,pay0,mid,9,0.5651,0.5482,0.4974,0.4922,0.5,CHANCE,,CHANCE_REL,NOT_ELIGIBLE,0.58,12,-0.3524904214559389,"[0.585, 0.575, 0.596]","[0.47, 0.464, 0.476]",,NEITHER,0.0,0.3435114503816794,0.6564885496183206,1.0,NEITHER,W-F/out/census_s1.jsonl,25,153:pay0,class=UNREADABLE;class_late=UNREADABLE;tags=
V0191,WF,606ce18c96c8f0de,RELAY,channel_all,late,15,0.5651,0.5482,0.4974,0.4896,0.5,CHANCE,,CHANCE_REL,NOT_ELIGIBLE,0.58,12,0.33716475095785353,"[0.585, 0.575, 0.596]","[0.529, 0.522, 0.535]",,NEITHER,0.3549618320610687,0.019083969465648856,0.6259541984732825,1.0,NEITHER,W-F/out/census_s1.jsonl,25,153:late_chan,class=UNREADABLE;class_late=UNREADABLE;tags=
V0192,WF,606ce18c96c8f0de,RELAY,joint,mid,9,0.5651,0.5482,0.3945,0.3646,0.4232,CHANCE,,FLIP_REL,NOT_ELIGIBLE,0.58,12,-1.0,"[0.585, 0.575, 0.596]","[0.415, 0.404, 0.425]",,NEITHER,0.0,0.3435114503816794,0.6564885496183206,1.0,NEITHER,W-F/out/census_s1.jsonl,25,153:joint,class=UNREADABLE;class_late=UNREADABLE;tags=
V0193,WF,0f5451c3b3cdf250,RELAY,site_all,mid,9,0.5625,0.5443,0.4922,0.4844,0.4987,CHANCE,,CHANCE_REL,NOT_ELIGIBLE,0.58,12,-0.03747534516765241,"[0.583, 0.573, 0.593]","[0.497, 0.495, 0.499]",,NEITHER,0.040152963671128104,0.0038240917782026767,0.9560229445506692,1.0,NEITHER,W-F/out/census_s1.jsonl,26,150:site_all,class=UNREADABLE;class_late=UNREADABLE;tags=
V0194,WF,0f5451c3b3cdf250,RELAY,site_all,late,15,0.5625,0.5443,0.4583,0.4583,0.4583,CHANCE,,FLIP_REL,NOT_ELIGIBLE,0.58,12,-1.0,"[0.583, 0.573, 0.593]","[0.417, 0.407, 0.427]",,SITE,1.0,0.0,0.0,1.0,SITE,W-F/out/census_s1.jsonl,26,150:late_site,class=UNREADABLE;class_late=UNREADABLE;tags=
V0195,WF,0f5451c3b3cdf250,RELAY,joint,mid,9,0.5625,0.5443,0.3971,0.3659,0.4271,CHANCE,,FLIP_REL,NOT_ELIGIBLE,0.58,12,-1.0,"[0.583, 0.573, 0.593]","[0.417, 0.407, 0.427]",,NEITHER,0.040152963671128104,0.0038240917782026767,0.9560229445506692,1.0,NEITHER,W-F/out/census_s1.jsonl,26,150:joint,class=UNREADABLE;class_late=UNREADABLE;tags=
V0196,WF,d839fabb34a9b3d9,RELAY,channel_all,mid,3,0.5534,0.5443,0.4466,0.4368,0.4557,CHANCE,,FLIP_REL,NOT_ELIGIBLE,0.58,12,-1.0,"[0.555, 0.552, 0.559]","[0.445, 0.441, 0.448]",,UNDEFINED,,,,,CHANNEL,W-F/out/census_s1.jsonl,27,166:channel_all,class=UNREADABLE;class_late=UNREADABLE;tags=
V0197,WF,d839fabb34a9b3d9,RELAY,channel_count,mid,3,0.5534,0.5443,0.4466,0.4368,0.4557,CHANCE,,FLIP_REL,NOT_ELIGIBLE,0.58,12,-1.0,"[0.555, 0.552, 0.559]","[0.445, 0.441, 0.448]",,UNDEFINED,,,,,CHANNEL,W-F/out/census_s1.jsonl,27,166:channel_count,class=UNREADABLE;class_late=UNREADABLE;tags=
V0198,WF,d839fabb34a9b3d9,RELAY,channel_all,late,3,0.5534,0.5443,0.4466,0.4368,0.4557,CHANCE,,FLIP_REL,NOT_ELIGIBLE,0.58,12,-1.0,"[0.555, 0.552, 0.559]","[0.445, 0.441, 0.448]",,UNDEFINED,,,,,CHANNEL,W-F/out/census_s1.jsonl,27,166:late_chan,class=UNREADABLE;class_late=UNREADABLE;tags=
V0199,WF,d839fabb34a9b3d9,RELAY,joint,mid,3,0.5534,0.5443,0.4466,0.4368,0.4557,CHANCE,,FLIP_REL,NOT_ELIGIBLE,0.58,12,-1.0,"[0.555, 0.552, 0.559]","[0.445, 0.441, 0.448]",,UNDEFINED,,,,,CHANNEL,W-F/out/census_s1.jsonl,27,166:joint,class=UNREADABLE;class_late=UNREADABLE;tags=
V0200,WF,4ba2a869707a5108,RELAY,channel_all,mid,3,0.6315,0.5846,0.3685,0.3177,0.4154,FLIP,,FLIP_REL,FLIP_REL,0.58,12,-0.9999999999999991,"[0.624, 0.607, 0.641]","[0.376, 0.359, 0.393]",,CHANNEL,0.0,1.0,0.0,1.0,CHANNEL,W-F/out/census_s1.jsonl,28,152:channel_all,class=UNREADABLE;class_late=UNREADABLE;tags=
V0201,WF,4ba2a869707a5108,RELAY,channel_content,mid,3,0.6315,0.5846,0.3685,0.3177,0.4154,FLIP,,FLIP_REL,FLIP_REL,0.58,12,-0.9999999999999991,"[0.624, 0.607, 0.641]","[0.376, 0.359, 0.393]",,CHANNEL,0.0,1.0,0.0,1.0,CHANNEL,W-F/out/census_s1.jsonl,28,152:channel_content,class=UNREADABLE;class_late=UNREADABLE;tags=
V0202,WF,4ba2a869707a5108,RELAY,pay1,mid,3,0.6315,0.5846,0.3685,0.3177,0.4154,FLIP,,FLIP_REL,FLIP_REL,0.58,12,-0.9999999999999991,"[0.624, 0.607, 0.641]","[0.376, 0.359, 0.393]",,CHANNEL,0.0,1.0,0.0,1.0,CHANNEL,W-F/out/census_s1.jsonl,28,152:pay1,class=UNREADABLE;class_late=UNREADABLE;tags=
V0203,WF,4ba2a869707a5108,RELAY,channel_all,late,3,0.6315,0.5846,0.3685,0.3177,0.4154,FLIP,,FLIP_REL,FLIP_REL,0.58,12,-0.9999999999999991,"[0.624, 0.607, 0.641]","[0.376, 0.359, 0.393]",,CHANNEL,0.0,1.0,0.0,1.0,CHANNEL,W-F/out/census_s1.jsonl,28,152:late_chan,class=UNREADABLE;class_late=UNREADABLE;tags=
V0204,WF,4ba2a869707a5108,RELAY,joint,mid,3,0.6315,0.5846,0.3685,0.3177,0.4154,FLIP,,FLIP_REL,FLIP_REL,0.58,12,-0.9999999999999991,"[0.624, 0.607, 0.641]","[0.376, 0.359, 0.393]",,CHANNEL,0.0,1.0,0.0,1.0,CHANNEL,W-F/out/census_s1.jsonl,28,152:joint,class=UNREADABLE;class_late=UNREADABLE;tags=
V0205,WF,2dccdaa5eb8ffa0e,RELAY,site_all,mid,5,0.8021,0.7734,0.3711,0.3203,0.418,FLIP,,CHANCE_REL,CHANCE_REL,0.58,12,-0.41145281018027574,"[0.807, 0.795, 0.817]","[0.374, 0.358, 0.39]",,MIXTURE,0.6940615058324496,0.2826086956521739,0.012195121951219513,1.0,MIXTURE,W-F/out/census_s1.jsonl,29,127:site_all,class=JOINT;class_late=SITE;tags=JOINT-SPLIT;HANDOFF
V0206,WF,2dccdaa5eb8ffa0e,RELAY,channel_all,mid,5,0.8021,0.7734,0.6289,0.582,0.6797,CHANCE,,CHANCE_REL,CHANCE_REL,0.58,12,0.41145281018027596,"[0.807, 0.795, 0.817]","[0.626, 0.61, 0.642]",,MIXTURE,0.6940615058324496,0.2826086956521739,0.012195121951219513,1.0,MIXTURE,W-F/out/census_s1.jsonl,29,127:channel_all,class=JOINT;class_late=SITE;tags=JOINT-SPLIT;HANDOFF
V0207,WF,2dccdaa5eb8ffa0e,RELAY,channel_content,mid,5,0.8021,0.7734,0.6289,0.582,0.6797,CHANCE,,CHANCE_REL,CHANCE_REL,0.58,12,0.41145281018027596,"[0.807, 0.795, 0.817]","[0.626, 0.61, 0.642]",,MIXTURE,0.6940615058324496,0.2826086956521739,0.012195121951219513,1.0,MIXTURE,W-F/out/census_s1.jsonl,29,127:channel_content,class=JOINT;class_late=SITE;tags=JOINT-SPLIT;HANDOFF
V0208,WF,2dccdaa5eb8ffa0e,RELAY,pay0,mid,5,0.8021,0.7734,0.6289,0.582,0.6797,CHANCE,,CHANCE_REL,CHANCE_REL,0.58,12,0.41145281018027596,"[0.807, 0.795, 0.817]","[0.626, 0.61, 0.642]",,MIXTURE,0.6940615058324496,0.2826086956521739,0.012195121951219513,1.0,MIXTURE,W-F/out/census_s1.jsonl,29,127:pay0,class=JOINT;class_late=SITE;tags=JOINT-SPLIT;HANDOFF
V0209,WF,6783020342ca5991,RELAY,channel_all,mid,9,0.5677,0.554,0.4779,0.4753,0.4792,CHANCE,,CHANCE_REL,NOT_ELIGIBLE,0.58,12,-0.3230616302186875,"[0.582, 0.576, 0.589]","[0.474, 0.471, 0.476]",,UNDEFINED,,,,,NEITHER,W-F/out/census_s1.jsonl,30,156:channel_all,class=UNREADABLE;class_late=UNREADABLE;tags=
V0210,WF,6783020342ca5991,RELAY,site_all,late,15,0.5677,0.554,0.4583,0.4583,0.4583,CHANCE,,FLIP_REL,NOT_ELIGIBLE,0.58,12,-0.784294234592445,"[0.582, 0.576, 0.589]","[0.436, 0.431, 0.441]",,UNDEFINED,,,,,UNRESOLVED,W-F/out/census_s1.jsonl,30,156:late_site,class=UNREADABLE;class_late=UNREADABLE;tags=
V0211,WF,6783020342ca5991,RELAY,joint,mid,9,0.5677,0.554,0.4036,0.3835,0.4212,CHANCE,,FLIP_REL,NOT_ELIGIBLE,0.58,12,-1.0,"[0.582, 0.576, 0.589]","[0.418, 0.411, 0.424]",,UNDEFINED,,,,,NEITHER,W-F/out/census_s1.jsonl,30,156:joint,class=UNREADABLE;class_late=UNREADABLE;tags=
V0212,WF,a395784b37d01a6e,RELAY,site_all,mid,9,0.6133,0.5977,0.4466,0.4258,0.4648,CHANCE,,INDETERMINATE,INDETERMINATE,0.58,12,-0.5079474775397372,"[0.618, 0.612, 0.624]","[0.44, 0.433, 0.447]",,UNDEFINED,,,,,MIXTURE,W-F/out/census_s1.jsonl,31,162:site_all,class=UNREADABLE;class_late=UNREADABLE;tags=
V0213,WF,a395784b37d01a6e,RELAY,channel_all,mid,9,0.6133,0.5977,0.5534,0.5352,0.5742,CHANCE,,INDETERMINATE,INDETERMINATE,0.58,12,0.5079474775397372,"[0.618, 0.612, 0.624]","[0.56, 0.553, 0.567]",,UNDEFINED,,,,,MIXTURE,W-F/out/census_s1.jsonl,31,162:channel_all,class=UNREADABLE;class_late=UNREADABLE;tags=
V0214,WF,a395784b37d01a6e,RELAY,channel_count,mid,9,0.6133,0.5977,0.5534,0.5352,0.5742,CHANCE,,INDETERMINATE,INDETERMINATE,0.58,12,0.5079474775397372,"[0.618, 0.612, 0.624]","[0.56, 0.553, 0.567]",,UNDEFINED,,,,,MIXTURE,W-F/out/census_s1.jsonl,31,162:channel_count,class=UNREADABLE;class_late=UNREADABLE;tags=
V0215,WF,a395784b37d01a6e,RELAY,site_all,late,15,0.6133,0.5977,0.4421,0.4251,0.459,CHANCE,,INDETERMINATE,INDETERMINATE,0.58,12,-0.4872149274360745,"[0.618, 0.612, 0.624]","[0.443, 0.436, 0.449]",,UNDEFINED,,,,,MIXTURE,W-F/out/census_s1.jsonl,31,162:late_site,class=UNREADABLE;class_late=UNREADABLE;tags=
V0216,WF,a395784b37d01a6e,RELAY,channel_all,late,15,0.6133,0.5977,0.5579,0.541,0.5749,CHANCE,,INDETERMINATE,INDETERMINATE,0.58,12,0.4872149274360745,"[0.618, 0.612, 0.624]","[0.557, 0.551, 0.564]",,UNDEFINED,,,,,MIXTURE,W-F/out/census_s1.jsonl,31,162:late_chan,class=UNREADABLE;class_late=UNREADABLE;tags=
V0217,WF,a395784b37d01a6e,RELAY,joint,mid,9,0.6133,0.5977,0.3867,0.3711,0.4023,FLIP,,FLIP_REL,FLIP_REL,0.58,12,-0.9999999999999996,"[0.618, 0.612, 0.624]","[0.382, 0.376, 0.388]",,UNDEFINED,,,,,MIXTURE,W-F/out/census_s1.jsonl,31,162:joint,class=UNREADABLE;class_late=UNREADABLE;tags=
V0218,WF,26f9428bd464d37f,MAJ,channel_all,mid,3,0.5879,0.5677,0.4121,0.3939,0.4323,CHANCE,,FLIP_REL,FLIP_REL,0.58,12,-1.0009345794392528,"[0.587, 0.58, 0.594]","[0.413, 0.406, 0.42]",,UNDEFINED,,,,,CHANNEL,W-F/out/census_s1.jsonl,34,108:channel_all,class=UNREADABLE;class_late=UNREADABLE;tags=
V0219,WF,26f9428bd464d37f,MAJ,channel_count,mid,3,0.5879,0.5677,0.4121,0.3939,0.4323,CHANCE,,FLIP_REL,FLIP_REL,0.58,12,-1.0009345794392528,"[0.587, 0.58, 0.594]","[0.413, 0.406, 0.42]",,UNDEFINED,,,,,CHANNEL,W-F/out/census_s1.jsonl,34,108:channel_count,class=UNREADABLE;class_late=UNREADABLE;tags=
V0220,WF,26f9428bd464d37f,MAJ,channel_all,late,3,0.5879,0.5677,0.4121,0.3939,0.4323,CHANCE,,FLIP_REL,FLIP_REL,0.58,12,-1.0009345794392528,"[0.587, 0.58, 0.594]","[0.413, 0.406, 0.42]",,UNDEFINED,,,,,CHANNEL,W-F/out/census_s1.jsonl,34,108:late_chan,class=UNREADABLE;class_late=UNREADABLE;tags=
V0221,WF,26f9428bd464d37f,MAJ,joint,mid,3,0.5879,0.5677,0.4121,0.3939,0.4323,CHANCE,,FLIP_REL,FLIP_REL,0.58,12,-1.0,"[0.587, 0.58, 0.594]","[0.413, 0.406, 0.42]",,UNDEFINED,,,,,CHANNEL,W-F/out/census_s1.jsonl,34,108:joint,class=UNREADABLE;class_late=UNREADABLE;tags=
V0222,WF,8e1caf6bcc7897fb,MAJ,channel_all,mid,3,0.584,0.543,0.4199,0.3835,0.4564,CHANCE,,FLIP_REL,FLIP_REL,0.58,12,-0.9984101748807629,"[0.602, 0.588, 0.617]","[0.398, 0.383, 0.411]",,UNRESOLVED,0.0,0.7891963109354414,0.0,1.0,MIXTURE,W-F/out/census_s1.jsonl,35,115:channel_all,class=UNREADABLE;class_late=UNREADABLE;tags=
V0223,WF,8e1caf6bcc7897fb,MAJ,channel_content,mid,3,0.584,0.543,0.4661,0.429,0.4994,CHANCE,,FLIP_REL,FLIP_REL,0.58,12,-0.6391096979332271,"[0.602, 0.588, 0.617]","[0.435, 0.42, 0.45]",,UNRESOLVED,0.0,0.7891963109354414,0.0,1.0,MIXTURE,W-F/out/census_s1.jsonl,35,115:channel_content,class=UNREADABLE;class_late=UNREADABLE;tags=
V0224,WF,8e1caf6bcc7897fb,MAJ,pay3,mid,3,0.584,0.543,0.4661,0.429,0.4994,CHANCE,,FLIP_REL,FLIP_REL,0.58,12,-0.6391096979332271,"[0.602, 0.588, 0.617]","[0.435, 0.42, 0.45]",,UNRESOLVED,0.0,0.7891963109354414,0.0,1.0,MIXTURE,W-F/out/census_s1.jsonl,35,115:pay3,class=UNREADABLE;class_late=UNREADABLE;tags=
V0225,WF,8e1caf6bcc7897fb,MAJ,channel_all,late,3,0.584,0.543,0.4199,0.3835,0.4564,CHANCE,,FLIP_REL,FLIP_REL,0.58,12,-0.9984101748807629,"[0.602, 0.588, 0.617]","[0.398, 0.383, 0.411]",,UNRESOLVED,0.0,0.7891963109354414,0.0,1.0,MIXTURE,W-F/out/census_s1.jsonl,35,115:late_chan,class=UNREADABLE;class_late=UNREADABLE;tags=
V0226,WF,8e1caf6bcc7897fb,MAJ,joint,mid,3,0.584,0.543,0.4108,0.3828,0.4382,CHANCE,,FLIP_REL,FLIP_REL,0.58,12,-0.9999999999999994,"[0.602, 0.588, 0.617]","[0.398, 0.383, 0.412]",,UNRESOLVED,0.0,0.7891963109354414,0.0,1.0,MIXTURE,W-F/out/census_s1.jsonl,35,115:joint,class=UNREADABLE;class_late=UNREADABLE;tags=
V0227,WF,626aa72f8ad384ff,MAJ,channel_all,mid,5,0.5807,0.5534,0.4199,0.3958,0.4466,CHANCE,,FLIP_REL,FLIP_REL,0.58,12,-1.0,"[0.589, 0.581, 0.597]","[0.411, 0.403, 0.419]",,UNDEFINED,,,,,CHANNEL,W-F/out/census_s1.jsonl,37,112:channel_all,class=UNREADABLE;class_late=UNREADABLE;tags=
V0228,WF,626aa72f8ad384ff,MAJ,channel_content,mid,5,0.5807,0.5534,0.4199,0.3958,0.4466,CHANCE,,FLIP_REL,FLIP_REL,0.58,12,-1.0,"[0.589, 0.581, 0.597]","[0.411, 0.403, 0.419]",,UNDEFINED,,,,,CHANNEL,W-F/out/census_s1.jsonl,37,112:channel_content,class=UNREADABLE;class_late=UNREADABLE;tags=
V0229,WF,626aa72f8ad384ff,MAJ,pay0,mid,5,0.5807,0.5534,0.4199,0.3958,0.4466,CHANCE,,FLIP_REL,FLIP_REL,0.58,12,-1.0,"[0.589, 0.581, 0.597]","[0.411, 0.403, 0.419]",,UNDEFINED,,,,,CHANNEL,W-F/out/census_s1.jsonl,37,112:pay0,class=UNREADABLE;class_late=UNREADABLE;tags=
V0230,WF,626aa72f8ad384ff,MAJ,site_all,late,7,0.5807,0.5534,0.4193,0.3952,0.446,CHANCE,,FLIP_REL,FLIP_REL,0.58,12,-1.0,"[0.589, 0.581, 0.597]","[0.411, 0.403, 0.419]",,UNDEFINED,,,,,SITE,W-F/out/census_s1.jsonl,37,112:late_site,class=UNREADABLE;class_late=UNREADABLE;tags=
V0231,WF,626aa72f8ad384ff,MAJ,joint,mid,5,0.5807,0.5534,0.4199,0.3952,0.4473,CHANCE,,FLIP_REL,FLIP_REL,0.58,12,-1.0,"[0.589, 0.581, 0.597]","[0.411, 0.403, 0.419]",,UNDEFINED,,,,,CHANNEL,W-F/out/census_s1.jsonl,37,112:joint,class=UNREADABLE;class_late=UNREADABLE;tags=
V0232,WF,688b9f6f5ccfb225,HOLD,site_all,mid,4,0.5951,0.5697,0.3939,0.3659,0.4193,CHANCE,,FLIP_REL,FLIP_REL,0.58,12,-0.9552123552123549,"[0.605, 0.596, 0.615]","[0.399, 0.389, 0.409]",,IDENTITY-BROKEN,0.437609841827768,0.0035149384885764497,0.1687170474516696,0.6362038664323374,IDENTITY-BROKEN,W-F/out/census_s1.jsonl,44,89:site_all,class=UNREADABLE;class_late=UNREADABLE;tags=
V0233,WF,688b9f6f5ccfb225,HOLD,site_all,late,5,0.5951,0.5697,0.3991,0.3685,0.4245,CHANCE,,FLIP_REL,FLIP_REL,0.58,12,-0.9768339768339758,"[0.605, 0.596, 0.615]","[0.397, 0.387, 0.406]",,SITE,0.8734622144112478,0.0017574692442882249,0.09314586994727592,1.0,SITE,W-F/out/census_s1.jsonl,44,89:late_site,class=UNREADABLE;class_late=UNREADABLE;tags=
V0234,WF,688b9f6f5ccfb225,HOLD,joint,mid,4,0.5951,0.5697,0.3958,0.3704,0.4212,CHANCE,,FLIP_REL,FLIP_REL,0.58,12,-0.992277992277992,"[0.605, 0.596, 0.615]","[0.395, 0.385, 0.405]",,IDENTITY-BROKEN,0.437609841827768,0.0035149384885764497,0.1687170474516696,0.6362038664323374,IDENTITY-BROKEN,W-F/out/census_s1.jsonl,44,89:joint,class=UNREADABLE;class_late=UNREADABLE;tags=
V0235,WF,11f3ac8548d931fd,HOLD,site_all,mid,6,0.6556,0.6146,0.3646,0.3249,0.4134,FLIP,,FLIP_REL,FLIP_REL,0.58,12,-0.9715789473684211,"[0.655, 0.643, 0.667]","[0.35, 0.337, 0.364]",,IDENTITY-BROKEN,0.7568881685575365,0.0,0.0,0.7568881685575365,IDENTITY-BROKEN,W-F/out/census_s1.jsonl,49,4:site_all,class=ELSEWHERE;class_late=SITE;tags=HANDOFF
V0236,WF,11f3ac8548d931fd,HOLD,joint,mid,6,0.6556,0.6146,0.3646,0.3249,0.4134,FLIP,,FLIP_REL,FLIP_REL,0.58,12,-0.9715789473684211,"[0.655, 0.643, 0.667]","[0.35, 0.337, 0.364]",,IDENTITY-BROKEN,0.7568881685575365,0.0,0.0,0.7568881685575365,IDENTITY-BROKEN,W-F/out/census_s1.jsonl,49,4:joint,class=ELSEWHERE;class_late=SITE;tags=HANDOFF
V0237,WF,62c6fa31078b1a9c,HOLD,site_all,mid,6,0.6087,0.5742,0.39,0.3555,0.4271,FLIP,,FLIP_REL,FLIP_REL,0.58,12,-1.1968796433878173,"[0.61, 0.598, 0.621]","[0.369, 0.358, 0.381]",,IDENTITY-BROKEN,0.0,0.0,0.0,0.0,IDENTITY-BROKEN,W-F/out/census_s1.jsonl,55,88:site_all,class=UNREADABLE;class_late=UNREADABLE;tags=
V0238,WF,62c6fa31078b1a9c,HOLD,site_all,late,9,0.6087,0.5742,0.3906,0.3529,0.4251,CHANCE,,FLIP_REL,FLIP_REL,0.58,12,-1.000000000000002,"[0.61, 0.598, 0.621]","[0.39, 0.379, 0.402]",,SITE,1.0,0.0,0.0,1.0,SITE,W-F/out/census_s1.jsonl,55,88:late_site,class=UNREADABLE;class_late=UNREADABLE;tags=
V0239,WF,62c6fa31078b1a9c,HOLD,joint,mid,6,0.6087,0.5742,0.3887,0.3555,0.4245,FLIP,,FLIP_REL,FLIP_REL,0.58,12,-1.1976225854383373,"[0.61, 0.598, 0.621]","[0.369, 0.357, 0.38]",,IDENTITY-BROKEN,0.0,0.0,0.0,0.0,IDENTITY-BROKEN,W-F/out/census_s1.jsonl,55,88:joint,class=UNREADABLE;class_late=UNREADABLE;tags=
V0240,WF,0b3c855a80022a98,RELAY,channel_all,mid,9,0.5846,0.5677,0.4362,0.4199,0.4518,CHANCE,,FLIP_REL,NOT_ELIGIBLE,0.58,12,-0.8491379310344831,"[0.576, 0.57, 0.581]","[0.436, 0.431, 0.441]",,UNDEFINED,,,,,CHANNEL,W-F/out/census_s1.jsonl,59,149:channel_all,class=UNREADABLE;class_late=UNREADABLE;tags=
V0241,WF,0b3c855a80022a98,RELAY,channel_count,mid,9,0.5846,0.5677,0.4362,0.4199,0.4518,CHANCE,,FLIP_REL,NOT_ELIGIBLE,0.58,12,-0.8491379310344831,"[0.576, 0.57, 0.581]","[0.436, 0.431, 0.441]",,UNDEFINED,,,,,CHANNEL,W-F/out/census_s1.jsonl,59,149:channel_count,class=UNREADABLE;class_late=UNREADABLE;tags=
V0242,WF,0b3c855a80022a98,RELAY,site_all,late,15,0.5846,0.5677,0.5221,0.5072,0.5365,NO-EFFECT,,CHANCE_REL,NOT_ELIGIBLE,0.58,12,0.3717672413793107,"[0.576, 0.57, 0.581]","[0.528, 0.522, 0.534]",,UNDEFINED,,,,,MIXTURE,W-F/out/census_s1.jsonl,59,149:late_site,class=UNREADABLE;class_late=UNREADABLE;tags=
V0243,WF,0b3c855a80022a98,RELAY,channel_all,late,15,0.5846,0.5677,0.4766,0.4616,0.4915,CHANCE,,CHANCE_REL,NOT_ELIGIBLE,0.58,12,-0.37176724137931,"[0.576, 0.57, 0.581]","[0.472, 0.466, 0.478]",,UNDEFINED,,,,,MIXTURE,W-F/out/census_s1.jsonl,59,149:late_chan,class=UNREADABLE;class_late=UNREADABLE;tags=
V0244,WF,0b3c855a80022a98,RELAY,joint,mid,9,0.5846,0.5677,0.4199,0.4043,0.4342,CHANCE,,FLIP_REL,NOT_ELIGIBLE,0.58,12,-1.0000000000000007,"[0.576, 0.57, 0.581]","[0.424, 0.419, 0.43]",,UNDEFINED,,,,,CHANNEL,W-F/out/census_s1.jsonl,59,149:joint,class=UNREADABLE;class_late=UNREADABLE;tags=
V0245,WF,7bd03b203ddda7b5,RELAY,site_all,mid,3,0.6667,0.6406,0.5638,0.5306,0.5957,CHANCE,,INDETERMINATE,INDETERMINATE,0.58,12,0.4637607704004056,"[0.661, 0.651, 0.67]","[0.574, 0.562, 0.587]",,CHANNEL,0.16009557945041816,0.8172043010752689,0.022700119474313024,1.0,MIXTURE,W-F/out/census_s1.jsonl,60,131:site_all,class=JOINT;class_late=ELSEWHERE;tags=JOINT-SPLIT;HANDOFF
V0246,WF,7bd03b203ddda7b5,RELAY,channel_all,mid,3,0.6667,0.6406,0.4336,0.4023,0.4668,CHANCE,,INDETERMINATE,INDETERMINATE,0.58,12,-0.4637607704004056,"[0.661, 0.651, 0.67]","[0.426, 0.413, 0.438]",,CHANNEL,0.16009557945041816,0.8172043010752689,0.022700119474313024,1.0,MIXTURE,W-F/out/census_s1.jsonl,60,131:channel_all,class=JOINT;class_late=ELSEWHERE;tags=JOINT-SPLIT;HANDOFF
V0247,WF,7bd03b203ddda7b5,RELAY,channel_content,mid,3,0.6667,0.6406,0.4336,0.4023,0.4668,CHANCE,,INDETERMINATE,INDETERMINATE,0.58,12,-0.4637607704004056,"[0.661, 0.651, 0.67]","[0.426, 0.413, 0.438]",,CHANNEL,0.16009557945041816,0.8172043010752689,0.022700119474313024,1.0,MIXTURE,W-F/out/census_s1.jsonl,60,131:channel_content,class=JOINT;class_late=ELSEWHERE;tags=JOINT-SPLIT;HANDOFF
V0248,WF,7bd03b203ddda7b5,RELAY,pay0,mid,3,0.6667,0.6406,0.4336,0.4023,0.4668,CHANCE,,INDETERMINATE,INDETERMINATE,0.58,12,-0.4637607704004056,"[0.661, 0.651, 0.67]","[0.426, 0.413, 0.438]",,CHANNEL,0.16009557945041816,0.8172043010752689,0.022700119474313024,1.0,MIXTURE,W-F/out/census_s1.jsonl,60,131:pay0,class=JOINT;class_late=ELSEWHERE;tags=JOINT-SPLIT;HANDOFF
V0249,WF,7bd03b203ddda7b5,RELAY,site_all,late,3,0.6667,0.6406,0.5638,0.5306,0.5957,CHANCE,,INDETERMINATE,INDETERMINATE,0.58,12,0.4637607704004056,"[0.661, 0.651, 0.67]","[0.574, 0.562, 0.587]",,CHANNEL,0.16009557945041816,0.8172043010752689,0.022700119474313024,1.0,MIXTURE,W-F/out/census_s1.jsonl,60,131:late_site,class=JOINT;class_late=ELSEWHERE;tags=JOINT-SPLIT;HANDOFF
V0250,WF,7bd03b203ddda7b5,RELAY,channel_all,late,3,0.6667,0.6406,0.4336,0.4023,0.4668,CHANCE,,INDETERMINATE,INDETERMINATE,0.58,12,-0.4637607704004056,"[0.661, 0.651, 0.67]","[0.426, 0.413, 0.438]",,CHANNEL,0.16009557945041816,0.8172043010752689,0.022700119474313024,1.0,MIXTURE,W-F/out/census_s1.jsonl,60,131:late_chan,class=JOINT;class_late=ELSEWHERE;tags=JOINT-SPLIT;HANDOFF
V0251,WF,31cd2a8a9b572a50,RELAY,channel_all,late,7,0.8958,0.8724,0.6927,0.6406,0.7435,CHANCE,,INDETERMINATE,INDETERMINATE,0.58,12,0.5057660626029652,"[0.895, 0.886, 0.904]","[0.7, 0.687, 0.715]",,MIXTURE,0.6688632619439868,0.1630971993410214,0.16803953871499178,1.0,MIXTURE,W-F/out/census_s1.jsonl,63,118:late_chan,class=CHANNEL;class_late=SITE;tags=HANDOFF;pay=pay1
V0252,WF,c16d52319beb8bce,RELAY,site_all,mid,5,0.8503,0.8099,0.3613,0.3086,0.4095,FLIP,,CHANCE_REL,CHANCE_REL,0.58,12,-0.3820175438596492,"[0.871, 0.855, 0.886]","[0.358, 0.339, 0.379]",,MIXTURE,0.7288854608561511,0.2699575780948708,0.0003856536829926726,1.0,MIXTURE,W-F/out/census_s1.jsonl,64,135:site_all,class=JOINT;class_late=SITE;tags=JOINT-SPLIT;HANDOFF
V0253,WF,c16d52319beb8bce,RELAY,channel_all,mid,5,0.8503,0.8099,0.6172,0.5664,0.6667,CHANCE,,CHANCE_REL,CHANCE_REL,0.58,12,0.3820175438596493,"[0.871, 0.855, 0.886]","[0.642, 0.621, 0.661]",,MIXTURE,0.7288854608561511,0.2699575780948708,0.0003856536829926726,1.0,MIXTURE,W-F/out/census_s1.jsonl,64,135:channel_all,class=JOINT;class_late=SITE;tags=JOINT-SPLIT;HANDOFF
V0254,WF,c16d52319beb8bce,RELAY,channel_content,mid,5,0.8503,0.8099,0.6172,0.5671,0.666,CHANCE,,CHANCE_REL,CHANCE_REL,0.58,12,0.38092105263157894,"[0.871, 0.855, 0.886]","[0.641, 0.621, 0.661]",,MIXTURE,0.7288854608561511,0.2699575780948708,0.0003856536829926726,1.0,MIXTURE,W-F/out/census_s1.jsonl,64,135:channel_content,class=JOINT;class_late=SITE;tags=JOINT-SPLIT;HANDOFF
V0255,WF,c16d52319beb8bce,RELAY,pay0,mid,5,0.8503,0.8099,0.6172,0.5671,0.666,CHANCE,,CHANCE_REL,CHANCE_REL,0.58,12,0.38092105263157894,"[0.871, 0.855, 0.886]","[0.641, 0.621, 0.661]",,MIXTURE,0.7288854608561511,0.2699575780948708,0.0003856536829926726,1.0,MIXTURE,W-F/out/census_s1.jsonl,64,135:pay0,class=JOINT;class_late=SITE;tags=JOINT-SPLIT;HANDOFF
V0256,WF,78f3b0eccd44b1ed,RELAY,site_all,mid,9,0.6745,0.6589,0.4089,0.3874,0.4277,CHANCE,,INDETERMINATE,INDETERMINATE,0.58,12,-0.49157942649066866,"[0.679, 0.674, 0.684]","[0.412, 0.405, 0.419]",,UNDEFINED,,,,,MIXTURE,W-F/out/census_s1.jsonl,65,130:site_all,class=JOINT;class_late=ELSEWHERE;tags=JOINT-SPLIT;HANDOFF
V0257,WF,78f3b0eccd44b1ed,RELAY,channel_all,mid,9,0.6745,0.6589,0.5911,0.5723,0.6126,CHANCE,,INDETERMINATE,INDETERMINATE,0.58,12,0.491579426490669,"[0.679, 0.674, 0.684]","[0.588, 0.581, 0.595]",,UNDEFINED,,,,,MIXTURE,W-F/out/census_s1.jsonl,65,130:channel_all,class=JOINT;class_late=ELSEWHERE;tags=JOINT-SPLIT;HANDOFF
V0258,WF,78f3b0eccd44b1ed,RELAY,channel_count,mid,9,0.6745,0.6589,0.5911,0.5723,0.6126,CHANCE,,INDETERMINATE,INDETERMINATE,0.58,12,0.491579426490669,"[0.679, 0.674, 0.684]","[0.588, 0.581, 0.595]",,UNDEFINED,,,,,MIXTURE,W-F/out/census_s1.jsonl,65,130:channel_count,class=JOINT;class_late=ELSEWHERE;tags=JOINT-SPLIT;HANDOFF
V0259,WF,78f3b0eccd44b1ed,RELAY,site_all,late,15,0.6745,0.6589,0.4245,0.4069,0.4414,CHANCE,,INDETERMINATE,INDETERMINATE,0.58,12,-0.48975876194811074,"[0.679, 0.674, 0.684]","[0.412, 0.406, 0.419]",,UNDEFINED,,,,,MIXTURE,W-F/out/census_s1.jsonl,65,130:late_site,class=JOINT;class_late=ELSEWHERE;tags=JOINT-SPLIT;HANDOFF
V0260,WF,78f3b0eccd44b1ed,RELAY,channel_all,late,15,0.6745,0.6589,0.5755,0.5586,0.5931,CHANCE,,INDETERMINATE,INDETERMINATE,0.58,12,0.48975876194811135,"[0.679, 0.674, 0.684]","[0.588, 0.581, 0.594]",,UNDEFINED,,,,,MIXTURE,W-F/out/census_s1.jsonl,65,130:late_chan,class=JOINT;class_late=ELSEWHERE;tags=JOINT-SPLIT;HANDOFF
V0261,WF,63abaede82660280,RELAY,channel_all,late,15,0.5638,0.5456,0.4818,0.4701,0.4948,CHANCE,CHANCE,INDETERMINATE,NOT_ELIGIBLE,0.58,12,-0.43295019157088144,"[0.585, 0.575, 0.595]","[0.463, 0.454, 0.472]","[0.482, 0.476, 0.487]",UNRESOLVED,0.21455223880597016,0.6380597014925373,0.14738805970149255,1.0,MIXTURE,W-F/out/census_s1.jsonl,71,155:late_chan,class=UNREADABLE;class_late=UNREADABLE;tags=
V0262,WF,63abaede82660280,RELAY,joint,mid,9,0.5638,0.5456,0.3958,0.3659,0.4232,CHANCE,,FLIP_REL,NOT_ELIGIBLE,0.58,12,-1.0,"[0.585, 0.575, 0.595]","[0.415, 0.405, 0.425]",,NEITHER,0.0018656716417910447,0.0,0.9981343283582089,1.0,NEITHER,W-F/out/census_s1.jsonl,71,155:joint,class=UNREADABLE;class_late=UNREADABLE;tags=
V0263,WF,4271681452d29aee,RELAY,site_all,mid,9,0.6419,0.6042,0.4648,0.4349,0.4961,CHANCE,,CHANCE_REL,CHANCE_REL,0.58,12,-0.39547349612864763,"[0.637, 0.62, 0.652]","[0.446, 0.43, 0.461]",,UNRESOLVED,0.6832027850304613,0.08442123585726719,0.23150565709312446,1.0,UNRESOLVED,W-F/out/census_s1.jsonl,72,124:site_all,class=ELSEWHERE;class_late=ELSEWHERE;tags=
V0264,WF,4271681452d29aee,RELAY,channel_all,mid,9,0.6419,0.6042,0.526,0.4974,0.5625,CHANCE,,CHANCE_REL,CHANCE_REL,0.58,12,0.39547349612864724,"[0.637, 0.62, 0.652]","[0.554, 0.539, 0.57]",,UNRESOLVED,0.6832027850304613,0.08442123585726719,0.23150565709312446,1.0,UNRESOLVED,W-F/out/census_s1.jsonl,72,124:channel_all,class=ELSEWHERE;class_late=ELSEWHERE;tags=
V0265,WF,4271681452d29aee,RELAY,channel_count,mid,9,0.6419,0.6042,0.526,0.4974,0.5625,CHANCE,,CHANCE_REL,CHANCE_REL,0.58,12,0.39547349612864724,"[0.637, 0.62, 0.652]","[0.554, 0.539, 0.57]",,UNRESOLVED,0.6832027850304613,0.08442123585726719,0.23150565709312446,1.0,UNRESOLVED,W-F/out/census_s1.jsonl,72,124:channel_count,class=ELSEWHERE;class_late=ELSEWHERE;tags=
V0266,WF,4271681452d29aee,RELAY,site_all,late,15,0.6419,0.6042,0.4258,0.3854,0.4714,FLIP,CHANCE,FLIP_REL,FLIP_REL,0.58,12,-0.9999999999999992,"[0.637, 0.62, 0.652]","[0.363, 0.348, 0.38]","[0.41, 0.397, 0.424]",SITE,1.0,0.0,0.0,1.0,SITE,W-F/out/census_s1.jsonl,72,124:late_site,class=ELSEWHERE;class_late=ELSEWHERE;tags=
V0267,WF,4271681452d29aee,RELAY,site_all,pre,-1,0.6419,0.6042,0.569,0.5365,0.6016,NO-EFFECT,,NO_EFFECT_REL,NO_EFFECT_REL,0.59,11,0.6440366972477061,"[0.645, 0.627, 0.662]","[0.593, 0.58, 0.607]",,IDENTITY-BROKEN,0.15350488021295475,0.03637976929902396,0.28127772848269744,0.47116237799467614,IDENTITY-BROKEN,W-F/out/census_s1.jsonl,72,124:pre_site,class=ELSEWHERE;class_late=ELSEWHERE;tags=
V0268,WF,4271681452d29aee,RELAY,channel_all,pre,-1,0.6419,0.6042,0.5794,0.5417,0.6172,NO-EFFECT,,NO_EFFECT_REL,NO_EFFECT_REL,0.59,11,0.6672782874617736,"[0.645, 0.627, 0.662]","[0.597, 0.583, 0.611]",,IDENTITY-BROKEN,0.15350488021295475,0.03637976929902396,0.28127772848269744,0.47116237799467614,IDENTITY-BROKEN,W-F/out/census_s1.jsonl,72,124:pre_chan,class=ELSEWHERE;class_late=ELSEWHERE;tags=
V0269,WF,4271681452d29aee,RELAY,joint,mid,9,0.6419,0.6042,0.3698,0.332,0.4036,FLIP,,FLIP_REL,FLIP_REL,0.58,12,-0.9999999999999992,"[0.637, 0.62, 0.652]","[0.363, 0.348, 0.38]",,UNRESOLVED,0.6832027850304613,0.08442123585726719,0.23150565709312446,1.0,UNRESOLVED,W-F/out/census_s1.jsonl,72,124:joint,class=ELSEWHERE;class_late=ELSEWHERE;tags=
V0270,WF,4ab2ba014aac967e,HOLD,channel_all,late,9,0.8724,0.8385,0.722,0.6816,0.7604,CHANCE,,NO_EFFECT_REL,NO_EFFECT_REL,0.58,12,0.6464733881436608,"[0.876, 0.862, 0.89]","[0.743, 0.727, 0.761]",,MIXTURE,0.7754479603507434,0.2173084254670225,0.0030499428135722455,1.0,MIXTURE,W-F/out/census_s1.jsonl,73,2:late_chan,class=CHANNEL;class_late=SITE;tags=HANDOFF;pay=pay1
V0271,WF,8c37f32e68843070,RELAY,site_all,mid,5,0.832,0.7995,0.3828,0.3385,0.4219,FLIP,,CHANCE_REL,CHANCE_REL,0.58,12,-0.42441860465116277,"[0.836, 0.824, 0.848]","[0.357, 0.342, 0.373]",,UNRESOLVED,0.6214908034849952,0.2037754114230397,0.16795740561471442,1.0,MIXTURE,W-F/out/census_s1.jsonl,79,132:site_all,class=JOINT;class_late=SITE;tags=JOINT-SPLIT;HANDOFF
V0272,WF,8c37f32e68843070,RELAY,channel_all,mid,5,0.832,0.7995,0.6276,0.5924,0.6615,CHANCE,,CHANCE_REL,CHANCE_REL,0.58,12,0.42441860465116277,"[0.836, 0.824, 0.848]","[0.643, 0.627, 0.658]",,UNRESOLVED,0.6214908034849952,0.2037754114230397,0.16795740561471442,1.0,MIXTURE,W-F/out/census_s1.jsonl,79,132:channel_all,class=JOINT;class_late=SITE;tags=JOINT-SPLIT;HANDOFF
V0273,WF,8c37f32e68843070,RELAY,channel_content,mid,5,0.832,0.7995,0.612,0.5729,0.6523,CHANCE,,CHANCE_REL,CHANCE_REL,0.58,12,0.4018895348837209,"[0.836, 0.824, 0.848]","[0.635, 0.619, 0.65]",,UNRESOLVED,0.6214908034849952,0.2037754114230397,0.16795740561471442,1.0,MIXTURE,W-F/out/census_s1.jsonl,79,132:channel_content,class=JOINT;class_late=SITE;tags=JOINT-SPLIT;HANDOFF
V0274,WF,8c37f32e68843070,RELAY,pay1,mid,5,0.832,0.7995,0.612,0.5729,0.6523,CHANCE,,CHANCE_REL,CHANCE_REL,0.58,12,0.4018895348837209,"[0.836, 0.824, 0.848]","[0.635, 0.619, 0.65]",,UNRESOLVED,0.6214908034849952,0.2037754114230397,0.16795740561471442,1.0,MIXTURE,W-F/out/census_s1.jsonl,79,132:pay1,class=JOINT;class_late=SITE;tags=JOINT-SPLIT;HANDOFF
V0275,WF,d3c0d182d3dbb735,RELAY,site_all,mid,9,0.623,0.6042,0.4388,0.4193,0.4596,CHANCE,,INDETERMINATE,INDETERMINATE,0.58,12,-0.4919524142757179,"[0.616, 0.611, 0.622]","[0.443, 0.436, 0.45]",,UNDEFINED,,,,,MIXTURE,W-F/out/census_s1.jsonl,83,125:site_all,class=ELSEWHERE;class_late=ELSEWHERE;tags=
V0276,WF,d3c0d182d3dbb735,RELAY,channel_all,mid,9,0.623,0.6042,0.5612,0.543,0.5801,CHANCE,,INDETERMINATE,INDETERMINATE,0.58,12,0.49195241427571695,"[0.616, 0.611, 0.622]","[0.557, 0.55, 0.564]",,UNDEFINED,,,,,MIXTURE,W-F/out/census_s1.jsonl,83,125:channel_all,class=ELSEWHERE;class_late=ELSEWHERE;tags=
V0277,WF,d3c0d182d3dbb735,RELAY,channel_count,mid,9,0.623,0.6042,0.5612,0.543,0.5801,CHANCE,,INDETERMINATE,INDETERMINATE,0.58,12,0.49195241427571695,"[0.616, 0.611, 0.622]","[0.557, 0.55, 0.564]",,UNDEFINED,,,,,MIXTURE,W-F/out/census_s1.jsonl,83,125:channel_count,class=ELSEWHERE;class_late=ELSEWHERE;tags=
V0278,WF,d3c0d182d3dbb735,RELAY,site_all,late,15,0.623,0.6042,0.4486,0.429,0.4681,CHANCE,,INDETERMINATE,INDETERMINATE,0.58,12,-0.5052484254723583,"[0.616, 0.611, 0.622]","[0.441, 0.435, 0.447]",,UNDEFINED,,,,,MIXTURE,W-F/out/census_s1.jsonl,83,125:late_site,class=ELSEWHERE;class_late=ELSEWHERE;tags=
V0279,WF,d3c0d182d3dbb735,RELAY,channel_all,late,15,0.623,0.6042,0.5599,0.5436,0.5749,CHANCE,,INDETERMINATE,INDETERMINATE,0.58,12,0.5052484254723574,"[0.616, 0.611, 0.622]","[0.559, 0.553, 0.565]",,UNDEFINED,,,,,MIXTURE,W-F/out/census_s1.jsonl,83,125:late_chan,class=ELSEWHERE;class_late=ELSEWHERE;tags=
V0280,WF,d3c0d182d3dbb735,RELAY,joint,mid,9,0.623,0.6042,0.3893,0.373,0.4069,FLIP,,FLIP_REL,FLIP_REL,0.58,12,-1.0000000000000009,"[0.616, 0.611, 0.622]","[0.384, 0.378, 0.389]",,UNDEFINED,,,,,MIXTURE,W-F/out/census_s1.jsonl,83,125:joint,class=ELSEWHERE;class_late=ELSEWHERE;tags=
V0281,WI,00c5d3b61fe3cac7,HOLD,site_all,o0,0,0.826,0.7884,0.581,0.5305,0.6321,CHANCE,,CHANCE_REL,CHANCE_REL,0.59,11,0.3823051948051946,"[0.828, 0.815, 0.842]","[0.625, 0.607, 0.644]",,IDENTITY-BROKEN,0.09538461538461539,0.0,0.0,0.09538461538461539,IDENTITY-BROKEN,W-I/out/traj_00c5d3b6.json,offsets[0].site_all,3:reader,reader=X;phase=cue
V0282,WI,00c5d3b61fe3cac7,HOLD,joint,o0,0,0.826,0.7884,0.581,0.5305,0.6321,CHANCE,,CHANCE_REL,CHANCE_REL,0.59,11,0.3823051948051946,"[0.828, 0.815, 0.842]","[0.625, 0.607, 0.644]",,IDENTITY-BROKEN,0.09538461538461539,0.0,0.0,0.09538461538461539,IDENTITY-BROKEN,W-I/out/traj_00c5d3b6.json,offsets[0].joint,3:reader,reader=X;phase=cue
V0283,WI,00c5d3b61fe3cac7,HOLD,S,o0,0,0.826,0.7884,0.5781,0.5263,0.6307,CHANCE,,CHANCE_REL,CHANCE_REL,0.59,11,0.3833874458874457,"[0.828, 0.815, 0.842]","[0.626, 0.608, 0.643]",,IDENTITY-BROKEN,0.09538461538461539,0.0,0.0,0.09538461538461539,IDENTITY-BROKEN,W-I/out/traj_00c5d3b6.json,offsets[0].S,3:sub_chance,reader=X;phase=cue
V0284,WI,0187372b391d9d4e,HOLD,site_all,o0,0,0.7642,0.642,0.5462,0.5078,0.5874,CHANCE,,CHANCE_REL,CHANCE_REL,0.59,11,0.15905383360522035,"[0.718, 0.678, 0.757]","[0.535, 0.516, 0.554]",,IDENTITY-BROKEN,0.3918305597579425,0.0007564296520423601,0.0007564296520423601,0.4009077155824508,IDENTITY-BROKEN,W-I/out/traj_0187372b.json,offsets[0].site_all,3:reader,reader=X;phase=cue
V0285,WI,0187372b391d9d4e,HOLD,joint,o0,0,0.7642,0.642,0.5376,0.4986,0.5795,CHANCE,,CHANCE_REL,CHANCE_REL,0.59,11,0.1851549755301793,"[0.718, 0.678, 0.757]","[0.54, 0.522, 0.558]",,IDENTITY-BROKEN,0.3918305597579425,0.0007564296520423601,0.0007564296520423601,0.4009077155824508,IDENTITY-BROKEN,W-I/out/traj_0187372b.json,offsets[0].joint,3:reader,reader=X;phase=cue
V0286,WI,0187372b391d9d4e,HOLD,S,o0,0,0.7642,0.642,0.5462,0.5078,0.5874,CHANCE,,CHANCE_REL,CHANCE_REL,0.59,11,0.15905383360522035,"[0.718, 0.678, 0.757]","[0.535, 0.516, 0.554]",,IDENTITY-BROKEN,0.3918305597579425,0.0007564296520423601,0.0007564296520423601,0.4009077155824508,IDENTITY-BROKEN,W-I/out/traj_0187372b.json,offsets[0].S,3:sub_chance,reader=X;phase=cue
V0287,WI,13127335562d8595,HOLD,site_all,o0,0,0.9205,0.8864,0.6058,0.5504,0.6605,CHANCE,CHANCE,CHANCE_REL,CHANCE_REL,0.59,11,0.1252352080284342,"[0.925, 0.912, 0.938]","[0.553, 0.531, 0.575]","[0.567, 0.543, 0.589]",IDENTITY-BROKEN,0.41621621621621624,0.0,0.0,0.41621621621621624,IDENTITY-BROKEN,W-I/out/traj_13127335.json,offsets[0].site_all,3:reader,reader=X;phase=cue
V0288,WI,13127335562d8595,HOLD,joint,o0,0,0.9205,0.8864,0.6058,0.5504,0.6605,CHANCE,CHANCE,CHANCE_REL,CHANCE_REL,0.59,11,0.1252352080284342,"[0.925, 0.912, 0.938]","[0.553, 0.531, 0.575]","[0.567, 0.543, 0.589]",IDENTITY-BROKEN,0.41621621621621624,0.0,0.0,0.41621621621621624,IDENTITY-BROKEN,W-I/out/traj_13127335.json,offsets[0].joint,3:reader,reader=X;phase=cue
V0289,WI,13127335562d8595,HOLD,S,o0,0,0.9205,0.8864,0.6058,0.5504,0.6605,CHANCE,CHANCE,CHANCE_REL,CHANCE_REL,0.59,11,0.1252352080284342,"[0.925, 0.912, 0.938]","[0.553, 0.531, 0.575]","[0.567, 0.543, 0.589]",IDENTITY-BROKEN,0.41621621621621624,0.0,0.0,0.41621621621621624,IDENTITY-BROKEN,W-I/out/traj_13127335.json,offsets[0].S,3:sub_chance,reader=X;phase=cue
V0290,WI,1c0a1bc76d7a69dc,HOLD,site_all,o0,0,0.8835,0.8572,0.657,0.6307,0.6818,CHANCE,,CHANCE_REL,CHANCE_REL,0.59,11,0.41322885457478675,"[0.885, 0.876, 0.893]","[0.659, 0.651, 0.667]",,IDENTITY-BROKEN,0.0,0.0,0.0,0.0,IDENTITY-BROKEN,W-I/out/traj_1c0a1bc7.json,offsets[0].site_all,3:reader,reader=X;phase=cue
V0291,WI,1c0a1bc76d7a69dc,HOLD,joint,o0,0,0.8835,0.8572,0.6591,0.6321,0.6832,CHANCE,,CHANCE_REL,CHANCE_REL,0.59,11,0.41207651532611184,"[0.885, 0.876, 0.893]","[0.659, 0.65, 0.667]",,IDENTITY-BROKEN,0.0,0.0,0.0,0.0,IDENTITY-BROKEN,W-I/out/traj_1c0a1bc7.json,offsets[0].joint,3:reader,reader=X;phase=cue
V0292,WI,1c0a1bc76d7a69dc,HOLD,S,o0,0,0.8835,0.8572,0.6562,0.6293,0.6804,CHANCE,,CHANCE_REL,CHANCE_REL,0.59,11,0.412998386725052,"[0.885, 0.876, 0.893]","[0.659, 0.651, 0.667]",,IDENTITY-BROKEN,0.0,0.0,0.0,0.0,IDENTITY-BROKEN,W-I/out/traj_1c0a1bc7.json,offsets[0].S,3:sub_chance,reader=X;phase=cue
V0293,WI,2dccdaa5eb8ffa0e,RELAY,channel_all,o0,0,0.7997,0.767,0.6065,0.5696,0.6406,CHANCE,,CHANCE_REL,CHANCE_REL,0.59,11,0.305681818181818,"[0.812, 0.801, 0.824]","[0.596, 0.585, 0.605]",,IDENTITY-BROKEN,0.0,0.3471590909090909,0.0,0.3471590909090909,IDENTITY-BROKEN,W-I/out/traj_2dccdaa5.json,offsets[0].channel_all,3:reader,reader=X;phase=cue
V0294,WI,2dccdaa5eb8ffa0e,RELAY,joint,o0,0,0.7997,0.767,0.6065,0.5696,0.6406,CHANCE,,CHANCE_REL,CHANCE_REL,0.59,11,0.305681818181818,"[0.812, 0.801, 0.824]","[0.596, 0.585, 0.605]",,IDENTITY-BROKEN,0.0,0.3471590909090909,0.0,0.3471590909090909,IDENTITY-BROKEN,W-I/out/traj_2dccdaa5.json,offsets[0].joint,3:reader,reader=X;phase=cue
V0295,WI,2dccdaa5eb8ffa0e,RELAY,channel_content,o0,0,0.7997,0.767,0.6065,0.5696,0.6406,CHANCE,,CHANCE_REL,CHANCE_REL,0.59,11,0.305681818181818,"[0.812, 0.801, 0.824]","[0.596, 0.585, 0.605]",,IDENTITY-BROKEN,0.0,0.3471590909090909,0.0,0.3471590909090909,IDENTITY-BROKEN,W-I/out/traj_2dccdaa5.json,offsets[0].channel_content,3:sub_chance,reader=X;phase=cue
V0296,WI,2dccdaa5eb8ffa0e,RELAY,site_all,o5,5,0.7997,0.767,0.4219,0.3736,0.4744,CHANCE,,CHANCE_REL,CHANCE_REL,0.59,11,-0.3693181818181818,"[0.812, 0.801, 0.824]","[0.385, 0.368, 0.403]",,MIXTURE,0.6721590909090909,0.3028409090909091,0.013068181818181817,1.0,MIXTURE,W-I/out/traj_2dccdaa5.json,offsets[5].site_all,8:reader,reader=M;phase=int
V0297,WI,2dccdaa5eb8ffa0e,RELAY,channel_all,o5,5,0.7997,0.767,0.5781,0.5256,0.6264,CHANCE,,CHANCE_REL,CHANCE_REL,0.59,11,0.369318181818182,"[0.812, 0.801, 0.824]","[0.615, 0.597, 0.632]",,MIXTURE,0.6721590909090909,0.3028409090909091,0.013068181818181817,1.0,MIXTURE,W-I/out/traj_2dccdaa5.json,offsets[5].channel_all,8:reader,reader=M;phase=int
V0298,WI,2dccdaa5eb8ffa0e,RELAY,S,o5,5,0.7997,0.767,0.6151,0.5682,0.6605,CHANCE,,CHANCE_REL,CHANCE_REL,0.59,11,0.325,"[0.812, 0.801, 0.824]","[0.602, 0.585, 0.618]",,MIXTURE,0.6721590909090909,0.3028409090909091,0.013068181818181817,1.0,MIXTURE,W-I/out/traj_2dccdaa5.json,offsets[5].S,8:sub_chance,reader=M;phase=int
V0299,WI,2dccdaa5eb8ffa0e,RELAY,inbox,o5,5,0.7997,0.767,0.6065,0.5696,0.6406,CHANCE,,CHANCE_REL,CHANCE_REL,0.59,11,0.305681818181818,"[0.812, 0.801, 0.824]","[0.596, 0.585, 0.605]",,MIXTURE,0.6721590909090909,0.3028409090909091,0.013068181818181817,1.0,MIXTURE,W-I/out/traj_2dccdaa5.json,offsets[5].inbox,8:sub_chance,reader=M;phase=int
V0300,WI,2dccdaa5eb8ffa0e,RELAY,channel_content,o5,5,0.7997,0.767,0.5781,0.5256,0.6264,CHANCE,,CHANCE_REL,CHANCE_REL,0.59,11,0.369318181818182,"[0.812, 0.801, 0.824]","[0.615, 0.597, 0.632]",,MIXTURE,0.6721590909090909,0.3028409090909091,0.013068181818181817,1.0,MIXTURE,W-I/out/traj_2dccdaa5.json,offsets[5].channel_content,8:sub_chance,reader=M;phase=int
V0301,WI,2dccdaa5eb8ffa0e,RELAY,S,o6,6,0.7997,0.767,0.4219,0.3736,0.4744,CHANCE,,CHANCE_REL,CHANCE_REL,0.59,11,-0.3693181818181818,"[0.812, 0.801, 0.824]","[0.385, 0.368, 0.403]",,SITE,1.0,0.0,0.0,1.0,SITE,W-I/out/traj_2dccdaa5.json,offsets[6].S,9:sub_chance,reader=S;phase=int
V0302,WI,2dccdaa5eb8ffa0e,RELAY,inbox,o6,6,0.7997,0.767,0.5781,0.5256,0.6264,CHANCE,,CHANCE_REL,CHANCE_REL,0.59,11,0.369318181818182,"[0.812, 0.801, 0.824]","[0.615, 0.597, 0.632]",,SITE,1.0,0.0,0.0,1.0,SITE,W-I/out/traj_2dccdaa5.json,offsets[6].inbox,9:sub_chance,reader=S;phase=int
V0303,WI,31cd2a8a9b572a50,RELAY,site_all,o0,0,0.9034,0.8778,0.5284,0.5043,0.5568,CHANCE,,CHANCE_REL,CHANCE_REL,0.59,11,0.09115401885945183,"[0.895, 0.885, 0.905]","[0.536, 0.527, 0.545]",,IDENTITY-BROKEN,0.4544229905702739,0.0,0.0,0.4544229905702739,IDENTITY-BROKEN,W-I/out/traj_31cd2a8a.json,offsets[0].site_all,3:reader,reader=X;phase=cue
V0304,WI,31cd2a8a9b572a50,RELAY,joint,o0,0,0.9034,0.8778,0.5284,0.5043,0.5568,CHANCE,,CHANCE_REL,CHANCE_REL,0.59,11,0.09115401885945183,"[0.895, 0.885, 0.905]","[0.536, 0.527, 0.545]",,IDENTITY-BROKEN,0.4544229905702739,0.0,0.0,0.4544229905702739,IDENTITY-BROKEN,W-I/out/traj_31cd2a8a.json,offsets[0].joint,3:reader,reader=X;phase=cue
V0305,WI,31cd2a8a9b572a50,RELAY,S,o0,0,0.9034,0.8778,0.5284,0.5043,0.5568,CHANCE,,CHANCE_REL,CHANCE_REL,0.59,11,0.09115401885945183,"[0.895, 0.885, 0.905]","[0.536, 0.527, 0.545]",,IDENTITY-BROKEN,0.4544229905702739,0.0,0.0,0.4544229905702739,IDENTITY-BROKEN,W-I/out/traj_31cd2a8a.json,offsets[0].S,3:sub_chance,reader=X;phase=cue
V0306,WI,31cd2a8a9b572a50,RELAY,channel_all,o1,1,0.9034,0.8778,0.7003,0.6577,0.7429,CHANCE,,CHANCE_REL,CHANCE_REL,0.59,11,0.45577009429726084,"[0.895, 0.885, 0.905]","[0.68, 0.665, 0.696]",,UNRESOLVED,0.6255051638976201,0.16973506960035922,0.20475976650202066,1.0,MIXTURE,W-I/out/traj_31cd2a8a.json,offsets[1].channel_all,4:reader,reader=S;phase=int
V0307,WI,31cd2a8a9b572a50,RELAY,channel_content,o1,1,0.9034,0.8778,0.7003,0.6577,0.7429,CHANCE,,CHANCE_REL,CHANCE_REL,0.59,11,0.45577009429726084,"[0.895, 0.885, 0.905]","[0.68, 0.665, 0.696]",,UNRESOLVED,0.6255051638976201,0.16973506960035922,0.20475976650202066,1.0,MIXTURE,W-I/out/traj_31cd2a8a.json,offsets[1].channel_content,4:sub_chance,reader=S;phase=int
V0308,WI,31cd2a8a9b572a50,RELAY,site_all,o2,2,0.9034,0.8778,0.4815,0.4418,0.5256,CHANCE,,CHANCE_REL,CHANCE_REL,0.59,11,0.006286484059272462,"[0.895, 0.885, 0.905]","[0.502, 0.482, 0.522]",,UNRESOLVED,0.31656937584193984,0.3228558599012124,0.36057476425684776,1.0,UNRESOLVED,W-I/out/traj_31cd2a8a.json,offsets[2].site_all,5:reader,reader=J;phase=int
V0309,WI,31cd2a8a9b572a50,RELAY,channel_all,o2,2,0.9034,0.8778,0.5185,0.4744,0.5582,CHANCE,,CHANCE_REL,CHANCE_REL,0.59,11,-0.006286484059272743,"[0.895, 0.885, 0.905]","[0.498, 0.478, 0.518]",,UNRESOLVED,0.31656937584193984,0.3228558599012124,0.36057476425684776,1.0,UNRESOLVED,W-I/out/traj_31cd2a8a.json,offsets[2].channel_all,5:reader,reader=J;phase=int
V0310,WI,31cd2a8a9b572a50,RELAY,S,o2,2,0.9034,0.8778,0.4815,0.4418,0.5256,CHANCE,,CHANCE_REL,CHANCE_REL,0.59,11,0.006286484059272462,"[0.895, 0.885, 0.905]","[0.502, 0.482, 0.522]",,UNRESOLVED,0.31656937584193984,0.3228558599012124,0.36057476425684776,1.0,UNRESOLVED,W-I/out/traj_31cd2a8a.json,offsets[2].S,5:sub_chance,reader=J;phase=int
V0311,WI,31cd2a8a9b572a50,RELAY,channel_content,o2,2,0.9034,0.8778,0.5185,0.4744,0.5582,CHANCE,,CHANCE_REL,CHANCE_REL,0.59,11,-0.006286484059272743,"[0.895, 0.885, 0.905]","[0.498, 0.478, 0.518]",,UNRESOLVED,0.31656937584193984,0.3228558599012124,0.36057476425684776,1.0,UNRESOLVED,W-I/out/traj_31cd2a8a.json,offsets[2].channel_content,5:sub_chance,reader=J;phase=int
V0312,WI,31cd2a8a9b572a50,RELAY,site_all,o3,3,0.9034,0.8778,0.7102,0.6747,0.7486,CHANCE,,NO_EFFECT_REL,NO_EFFECT_REL,0.59,11,0.5532105972159856,"[0.895, 0.885, 0.905]","[0.719, 0.704, 0.734]",,UNRESOLVED,0.14548720251459363,0.6986977997305792,0.15581499775482713,1.0,UNRESOLVED,W-I/out/traj_31cd2a8a.json,offsets[3].site_all,6:reader,reader=C;phase=int
V0313,WI,31cd2a8a9b572a50,RELAY,S,o3,3,0.9034,0.8778,0.7102,0.6747,0.7486,CHANCE,,NO_EFFECT_REL,NO_EFFECT_REL,0.59,11,0.5532105972159856,"[0.895, 0.885, 0.905]","[0.719, 0.704, 0.734]",,UNRESOLVED,0.14548720251459363,0.6986977997305792,0.15581499775482713,1.0,UNRESOLVED,W-I/out/traj_31cd2a8a.json,offsets[3].S,6:sub_chance,reader=C;phase=int
V0314,WI,31cd2a8a9b572a50,RELAY,site_all,o6,6,0.9034,0.8778,0.7003,0.6577,0.7429,CHANCE,,CHANCE_REL,CHANCE_REL,0.59,11,0.45577009429726084,"[0.895, 0.885, 0.905]","[0.68, 0.665, 0.696]",,UNRESOLVED,0.16973506960035922,0.6255051638976201,0.20475976650202066,1.0,MIXTURE,W-I/out/traj_31cd2a8a.json,offsets[6].site_all,9:reader,reader=C;phase=int
V0315,WI,31cd2a8a9b572a50,RELAY,inbox,o6,6,0.9034,0.8778,0.7003,0.6577,0.7429,CHANCE,,CHANCE_REL,CHANCE_REL,0.59,11,0.45577009429726084,"[0.895, 0.885, 0.905]","[0.68, 0.665, 0.696]",,UNRESOLVED,0.16973506960035922,0.6255051638976201,0.20475976650202066,1.0,MIXTURE,W-I/out/traj_31cd2a8a.json,offsets[6].inbox,9:sub_chance,reader=C;phase=int
V0316,WI,31cd2a8a9b572a50,RELAY,channel_all,o7,7,0.9034,0.8778,0.7102,0.6747,0.7486,CHANCE,,NO_EFFECT_REL,NO_EFFECT_REL,0.59,11,0.5532105972159856,"[0.895, 0.885, 0.905]","[0.719, 0.704, 0.734]",,UNRESOLVED,0.6986977997305792,0.14548720251459363,0.15581499775482713,1.0,UNRESOLVED,W-I/out/traj_31cd2a8a.json,offsets[7].channel_all,10:reader,reader=S;phase=int
V0317,WI,31cd2a8a9b572a50,RELAY,S,o7,7,0.9034,0.8778,0.4716,0.4432,0.4957,CHANCE,,CHANCE_REL,CHANCE_REL,0.59,11,-0.09115401885945239,"[0.895, 0.885, 0.905]","[0.464, 0.455, 0.473]",,UNRESOLVED,0.6986977997305792,0.14548720251459363,0.15581499775482713,1.0,UNRESOLVED,W-I/out/traj_31cd2a8a.json,offsets[7].S,10:sub_chance,reader=S;phase=int
V0318,WI,31cd2a8a9b572a50,RELAY,inbox,o7,7,0.9034,0.8778,0.7216,0.6889,0.7528,CHANCE,,NO_EFFECT_REL,NO_EFFECT_REL,0.59,11,0.537943421643467,"[0.895, 0.885, 0.905]","[0.713, 0.699, 0.727]",,UNRESOLVED,0.6986977997305792,0.14548720251459363,0.15581499775482713,1.0,UNRESOLVED,W-I/out/traj_31cd2a8a.json,offsets[7].inbox,10:sub_chance,reader=S;phase=int
V0319,WI,31cd2a8a9b572a50,RELAY,channel_content,o7,7,0.9034,0.8778,0.7102,0.6747,0.7486,CHANCE,,NO_EFFECT_REL,NO_EFFECT_REL,0.59,11,0.5532105972159856,"[0.895, 0.885, 0.905]","[0.719, 0.704, 0.734]",,UNRESOLVED,0.6986977997305792,0.14548720251459363,0.15581499775482713,1.0,UNRESOLVED,W-I/out/traj_31cd2a8a.json,offsets[7].channel_content,10:sub_chance,reader=S;phase=int
V0320,WI,35c721fddb88f2d2,RELAY,channel_all,o0,0,0.8267,0.7301,0.5341,0.5114,0.554,CHANCE,,CHANCE_REL,CHANCE_REL,0.59,11,0.08957219251336856,"[0.766, 0.733, 0.796]","[0.524, 0.516, 0.532]",,IDENTITY-BROKEN,0.0,0.4552139037433155,0.0,0.4552139037433155,IDENTITY-BROKEN,W-I/out/traj_35c721fd.json,offsets[0].channel_all,3:reader,reader=X;phase=cue
V0321,WI,35c721fddb88f2d2,RELAY,joint,o0,0,0.8267,0.7301,0.5341,0.5114,0.554,CHANCE,,CHANCE_REL,CHANCE_REL,0.59,11,0.08288770053475918,"[0.766, 0.733, 0.796]","[0.522, 0.514, 0.531]",,IDENTITY-BROKEN,0.0,0.4552139037433155,0.0,0.4552139037433155,IDENTITY-BROKEN,W-I/out/traj_35c721fd.json,offsets[0].joint,3:reader,reader=X;phase=cue
V0322,WI,35c721fddb88f2d2,RELAY,channel_content,o0,0,0.8267,0.7301,0.5341,0.5114,0.554,CHANCE,,CHANCE_REL,CHANCE_REL,0.59,11,0.08957219251336856,"[0.766, 0.733, 0.796]","[0.524, 0.516, 0.532]",,IDENTITY-BROKEN,0.0,0.4552139037433155,0.0,0.4552139037433155,IDENTITY-BROKEN,W-I/out/traj_35c721fd.json,offsets[0].channel_content,3:sub_chance,reader=X;phase=cue
V0323,WI,35c721fddb88f2d2,RELAY,S,o5,5,0.8267,0.7301,0.4659,0.446,0.4886,CHANCE,,CHANCE_REL,CHANCE_REL,0.59,11,-0.08957219251336898,"[0.766, 0.733, 0.796]","[0.476, 0.468, 0.484]",,SITE,1.0,0.0,0.0,1.0,SITE,W-I/out/traj_35c721fd.json,offsets[5].S,8:sub_chance,reader=S;phase=int
V0324,WI,35c721fddb88f2d2,RELAY,inbox,o5,5,0.8267,0.7301,0.5341,0.5114,0.554,CHANCE,,CHANCE_REL,CHANCE_REL,0.59,11,0.08957219251336856,"[0.766, 0.733, 0.796]","[0.524, 0.516, 0.532]",,SITE,1.0,0.0,0.0,1.0,SITE,W-I/out/traj_35c721fd.json,offsets[5].inbox,8:sub_chance,reader=S;phase=int
V0325,WI,369f5a5b745eb592,RELAY,site_all,o0,0,0.6768,0.6413,0.5874,0.5398,0.6371,CHANCE,,CHANCE_REL,CHANCE_REL,0.59,11,0.3603864734299512,"[0.684, 0.672, 0.695]","[0.566, 0.551, 0.581]",,IDENTITY-BROKEN,0.15551181102362205,0.047244094488188976,0.19586614173228348,0.4251968503937008,IDENTITY-BROKEN,W-I/out/traj_369f5a5b.json,offsets[0].site_all,3:reader,reader=X;phase=cue
V0326,WI,369f5a5b745eb592,RELAY,joint,o0,0,0.6768,0.6413,0.5824,0.5334,0.625,CHANCE,,INDETERMINATE,INDETERMINATE,0.59,11,0.448792270531401,"[0.684, 0.672, 0.695]","[0.582, 0.567, 0.598]",,IDENTITY-BROKEN,0.15551181102362205,0.047244094488188976,0.19586614173228348,0.4251968503937008,IDENTITY-BROKEN,W-I/out/traj_369f5a5b.json,offsets[0].joint,3:reader,reader=X;phase=cue
V0327,WI,369f5a5b745eb592,RELAY,S,o0,0,0.6768,0.6413,0.5653,0.5163,0.6179,CHANCE,,CHANCE_REL,CHANCE_REL,0.59,11,0.39371980676328444,"[0.684, 0.672, 0.695]","[0.572, 0.558, 0.587]",,IDENTITY-BROKEN,0.15551181102362205,0.047244094488188976,0.19586614173228348,0.4251968503937008,IDENTITY-BROKEN,W-I/out/traj_369f5a5b.json,offsets[0].S,3:sub_chance,reader=X;phase=cue
V0328,WI,369f5a5b745eb592,RELAY,S,o1,1,0.6768,0.6413,0.4062,0.3672,0.4446,CHANCE,,FLIP_REL,FLIP_REL,0.59,11,-0.5835748792270529,"[0.684, 0.672, 0.695]","[0.393, 0.379, 0.407]",,UNRESOLVED,0.5137795275590551,0.05216535433070866,0.37106299212598426,1.0,UNRESOLVED,W-I/out/traj_369f5a5b.json,offsets[1].S,4:sub_chance,reader=S;phase=int
V0329,WI,369f5a5b745eb592,RELAY,site_all,o2,2,0.6768,0.6413,0.3892,0.348,0.4261,FLIP,,FLIP_REL,FLIP_REL,0.59,11,-0.6251207729468596,"[0.684, 0.672, 0.695]","[0.385, 0.371, 0.399]",,UNRESOLVED,0.4970472440944882,0.07677165354330709,0.3612204724409449,1.0,UNRESOLVED,W-I/out/traj_369f5a5b.json,offsets[2].site_all,5:reader,reader=J;phase=int
V0330,WI,369f5a5b745eb592,RELAY,S,o2,2,0.6768,0.6413,0.4254,0.3871,0.4638,CHANCE,,INDETERMINATE,INDETERMINATE,0.59,11,-0.483574879227053,"[0.684, 0.672, 0.695]","[0.411, 0.399, 0.424]",,UNRESOLVED,0.4970472440944882,0.07677165354330709,0.3612204724409449,1.0,UNRESOLVED,W-I/out/traj_369f5a5b.json,offsets[2].S,5:sub_chance,reader=J;phase=int
V0331,WI,369f5a5b745eb592,RELAY,channel_content,o2,2,0.6768,0.6413,0.62,0.5732,0.6626,CHANCE,,NO_EFFECT_REL,NO_EFFECT_REL,0.59,11,0.6966183574879232,"[0.684, 0.672, 0.695]","[0.628, 0.614, 0.642]",,UNRESOLVED,0.4970472440944882,0.07677165354330709,0.3612204724409449,1.0,UNRESOLVED,W-I/out/traj_369f5a5b.json,offsets[2].channel_content,5:sub_chance,reader=J;phase=int
V0332,WI,369f5a5b745eb592,RELAY,site_all,o3,3,0.6768,0.6413,0.4013,0.3558,0.4467,CHANCE,,INDETERMINATE,INDETERMINATE,0.59,11,-0.5038647342995171,"[0.684, 0.672, 0.695]","[0.407, 0.394, 0.423]",,UNRESOLVED,0.46948818897637795,0.11023622047244094,0.36023622047244097,1.0,UNRESOLVED,W-I/out/traj_369f5a5b.json,offsets[3].site_all,6:reader,reader=J;phase=int
V0333,WI,369f5a5b745eb592,RELAY,channel_all,o3,3,0.6768,0.6413,0.5753,0.5312,0.6136,CHANCE,,INDETERMINATE,INDETERMINATE,0.59,11,0.5038647342995171,"[0.684, 0.672, 0.695]","[0.593, 0.577, 0.606]",,UNRESOLVED,0.46948818897637795,0.11023622047244094,0.36023622047244097,1.0,UNRESOLVED,W-I/out/traj_369f5a5b.json,offsets[3].channel_all,6:reader,reader=J;phase=int
V0334,WI,369f5a5b745eb592,RELAY,S,o3,3,0.6768,0.6413,0.4389,0.3977,0.483,CHANCE,,CHANCE_REL,CHANCE_REL,0.59,11,-0.39227053140096635,"[0.684, 0.672, 0.695]","[0.428, 0.415, 0.441]",,UNRESOLVED,0.46948818897637795,0.11023622047244094,0.36023622047244097,1.0,UNRESOLVED,W-I/out/traj_369f5a5b.json,offsets[3].S,6:sub_chance,reader=J;phase=int
V0335,WI,369f5a5b745eb592,RELAY,channel_content,o3,3,0.6768,0.6413,0.6271,0.5838,0.6726,CHANCE,,NO_EFFECT_REL,NO_EFFECT_REL,0.59,11,0.6285024154589369,"[0.684, 0.672, 0.695]","[0.616, 0.601, 0.628]",,UNRESOLVED,0.46948818897637795,0.11023622047244094,0.36023622047244097,1.0,UNRESOLVED,W-I/out/traj_369f5a5b.json,offsets[3].channel_content,6:sub_chance,reader=J;phase=int
V0336,WI,369f5a5b745eb592,RELAY,site_all,o4,4,0.6768,0.6413,0.4531,0.4098,0.4972,CHANCE,,INDETERMINATE,INDETERMINATE,0.59,11,-0.44251207729468606,"[0.684, 0.672, 0.695]","[0.419, 0.405, 0.432]",,UNRESOLVED,0.42618110236220474,0.13877952755905512,0.3720472440944882,1.0,UNRESOLVED,W-I/out/traj_369f5a5b.json,offsets[4].site_all,7:reader,reader=J;phase=int
V0337,WI,369f5a5b745eb592,RELAY,channel_all,o4,4,0.6768,0.6413,0.5682,0.5419,0.5952,CHANCE,,INDETERMINATE,INDETERMINATE,0.59,11,0.4425120772946857,"[0.684, 0.672, 0.695]","[0.581, 0.568, 0.595]",,UNRESOLVED,0.42618110236220474,0.13877952755905512,0.3720472440944882,1.0,UNRESOLVED,W-I/out/traj_369f5a5b.json,offsets[4].channel_all,7:reader,reader=J;phase=int
V0338,WI,369f5a5b745eb592,RELAY,S,o4,4,0.6768,0.6413,0.4645,0.4339,0.4964,CHANCE,,CHANCE_REL,CHANCE_REL,0.59,11,-0.2835748792270531,"[0.684, 0.672, 0.695]","[0.448, 0.435, 0.462]",,UNRESOLVED,0.42618110236220474,0.13877952755905512,0.3720472440944882,1.0,UNRESOLVED,W-I/out/traj_369f5a5b.json,offsets[4].S,7:sub_chance,reader=J;phase=int
V0339,WI,369f5a5b745eb592,RELAY,channel_content,o4,4,0.6768,0.6413,0.6115,0.5774,0.6456,CHANCE,,INDETERMINATE,INDETERMINATE,0.59,11,0.5574879227053142,"[0.684, 0.672, 0.695]","[0.602, 0.589, 0.615]",,UNRESOLVED,0.42618110236220474,0.13877952755905512,0.3720472440944882,1.0,UNRESOLVED,W-I/out/traj_369f5a5b.json,offsets[4].channel_content,7:sub_chance,reader=J;phase=int
V0340,WI,369f5a5b745eb592,RELAY,site_all,o5,5,0.6768,0.6413,0.4375,0.4048,0.4716,CHANCE,,CHANCE_REL,CHANCE_REL,0.59,11,-0.38115942028985506,"[0.684, 0.672, 0.695]","[0.43, 0.417, 0.442]",,UNRESOLVED,0.4124015748031496,0.1437007874015748,0.3838582677165354,1.0,UNRESOLVED,W-I/out/traj_369f5a5b.json,offsets[5].site_all,8:reader,reader=J;phase=int
V0341,WI,369f5a5b745eb592,RELAY,channel_all,o5,5,0.6768,0.6413,0.5618,0.5234,0.6001,CHANCE,,CHANCE_REL,CHANCE_REL,0.59,11,0.38115942028985444,"[0.684, 0.672, 0.695]","[0.57, 0.558, 0.583]",,UNRESOLVED,0.4124015748031496,0.1437007874015748,0.3838582677165354,1.0,UNRESOLVED,W-I/out/traj_369f5a5b.json,offsets[5].channel_all,8:reader,reader=J;phase=int
V0342,WI,369f5a5b745eb592,RELAY,S,o5,5,0.6768,0.6413,0.4389,0.4027,0.4737,CHANCE,,CHANCE_REL,CHANCE_REL,0.59,11,-0.2613526570048312,"[0.684, 0.672, 0.695]","[0.452, 0.438, 0.467]",,UNRESOLVED,0.4124015748031496,0.1437007874015748,0.3838582677165354,1.0,UNRESOLVED,W-I/out/traj_369f5a5b.json,offsets[5].S,8:sub_chance,reader=J;phase=int
V0343,WI,369f5a5b745eb592,RELAY,channel_content,o5,5,0.6768,0.6413,0.6016,0.5625,0.6392,CHANCE,,INDETERMINATE,INDETERMINATE,0.59,11,0.5367149758454105,"[0.684, 0.672, 0.695]","[0.599, 0.585, 0.613]",,UNRESOLVED,0.4124015748031496,0.1437007874015748,0.3838582677165354,1.0,UNRESOLVED,W-I/out/traj_369f5a5b.json,offsets[5].channel_content,8:sub_chance,reader=J;phase=int
V0344,WI,369f5a5b745eb592,RELAY,site_all,o6,6,0.6768,0.6413,0.4389,0.4105,0.4695,CHANCE,,CHANCE_REL,CHANCE_REL,0.59,11,-0.3652173913043478,"[0.684, 0.672, 0.695]","[0.433, 0.419, 0.447]",,UNRESOLVED,0.40551181102362205,0.15059055118110237,0.3986220472440945,1.0,UNRESOLVED,W-I/out/traj_369f5a5b.json,offsets[6].site_all,9:reader,reader=J;phase=int
V0345,WI,369f5a5b745eb592,RELAY,channel_all,o6,6,0.6768,0.6413,0.5675,0.527,0.6158,CHANCE,,CHANCE_REL,CHANCE_REL,0.59,11,0.3652173913043478,"[0.684, 0.672, 0.695]","[0.567, 0.553, 0.581]",,UNRESOLVED,0.40551181102362205,0.15059055118110237,0.3986220472440945,1.0,UNRESOLVED,W-I/out/traj_369f5a5b.json,offsets[6].channel_all,9:reader,reader=J;phase=int
V0346,WI,369f5a5b745eb592,RELAY,S,o6,6,0.6768,0.6413,0.4652,0.4318,0.4922,CHANCE,,CHANCE_REL,CHANCE_REL,0.59,11,-0.26763285024154587,"[0.684, 0.672, 0.695]","[0.451, 0.435, 0.466]",,UNRESOLVED,0.40551181102362205,0.15059055118110237,0.3986220472440945,1.0,UNRESOLVED,W-I/out/traj_369f5a5b.json,offsets[6].S,9:sub_chance,reader=J;phase=int
V0347,WI,369f5a5b745eb592,RELAY,channel_content,o6,6,0.6768,0.6413,0.5881,0.554,0.6214,CHANCE,,INDETERMINATE,INDETERMINATE,0.59,11,0.5135265700483089,"[0.684, 0.672, 0.695]","[0.594, 0.579, 0.609]",,UNRESOLVED,0.40551181102362205,0.15059055118110237,0.3986220472440945,1.0,UNRESOLVED,W-I/out/traj_369f5a5b.json,offsets[6].channel_content,9:sub_chance,reader=J;phase=int
V0348,WI,369f5a5b745eb592,RELAY,site_all,o7,7,0.6768,0.6413,0.4432,0.4141,0.473,CHANCE,CHANCE,CHANCE_REL,CHANCE_REL,0.59,11,-0.3884057971014493,"[0.684, 0.672, 0.695]","[0.429, 0.416, 0.442]","[0.441, 0.428, 0.454]",UNRESOLVED,0.4035433070866142,0.14763779527559054,0.3937007874015748,1.0,UNRESOLVED,W-I/out/traj_369f5a5b.json,offsets[7].site_all,10:reader,reader=J;phase=int
V0349,WI,369f5a5b745eb592,RELAY,channel_all,o7,7,0.6768,0.6413,0.5533,0.5114,0.5959,CHANCE,CHANCE,CHANCE_REL,CHANCE_REL,0.59,11,0.38840579710144874,"[0.684, 0.672, 0.695]","[0.571, 0.558, 0.584]","[0.552, 0.54, 0.566]",UNRESOLVED,0.4035433070866142,0.14763779527559054,0.3937007874015748,1.0,UNRESOLVED,W-I/out/traj_369f5a5b.json,offsets[7].channel_all,10:reader,reader=J;phase=int
V0350,WI,369f5a5b745eb592,RELAY,S,o7,7,0.6768,0.6413,0.4638,0.4318,0.4965,CHANCE,CHANCE,CHANCE_REL,CHANCE_REL,0.59,11,-0.2507246376811594,"[0.684, 0.672, 0.695]","[0.454, 0.44, 0.468]","[0.47, 0.456, 0.484]",UNRESOLVED,0.4035433070866142,0.14763779527559054,0.3937007874015748,1.0,UNRESOLVED,W-I/out/traj_369f5a5b.json,offsets[7].S,10:sub_chance,reader=J;phase=int
V0351,WI,369f5a5b745eb592,RELAY,channel_content,o7,7,0.6768,0.6413,0.5902,0.5455,0.6371,CHANCE,CHANCE,INDETERMINATE,INDETERMINATE,0.59,11,0.5169082125603862,"[0.684, 0.672, 0.695]","[0.595, 0.582, 0.609]","[0.569, 0.554, 0.584]",UNRESOLVED,0.4035433070866142,0.14763779527559054,0.3937007874015748,1.0,UNRESOLVED,W-I/out/traj_369f5a5b.json,offsets[7].channel_content,10:sub_chance,reader=J;phase=int
V0352,WI,369f5a5b745eb592,RELAY,site_all,o8,8,0.6768,0.6413,0.4304,0.3913,0.4666,CHANCE,,CHANCE_REL,CHANCE_REL,0.59,11,-0.3966183574879225,"[0.684, 0.672, 0.695]","[0.427, 0.414, 0.44]",,UNRESOLVED,0.4202755905511811,0.1594488188976378,0.3690944881889764,1.0,UNRESOLVED,W-I/out/traj_369f5a5b.json,offsets[8].site_all,11:reader,reader=J;phase=int
V0353,WI,369f5a5b745eb592,RELAY,channel_all,o8,8,0.6768,0.6413,0.5568,0.517,0.6009,CHANCE,,CHANCE_REL,CHANCE_REL,0.59,11,0.3966183574879225,"[0.684, 0.672, 0.695]","[0.573, 0.56, 0.586]",,UNRESOLVED,0.4202755905511811,0.1594488188976378,0.3690944881889764,1.0,UNRESOLVED,W-I/out/traj_369f5a5b.json,offsets[8].channel_all,11:reader,reader=J;phase=int
V0354,WI,369f5a5b745eb592,RELAY,S,o8,8,0.6768,0.6413,0.4702,0.4325,0.5028,CHANCE,,CHANCE_REL,CHANCE_REL,0.59,11,-0.22801932367149794,"[0.684, 0.672, 0.695]","[0.458, 0.444, 0.471]",,UNRESOLVED,0.4202755905511811,0.1594488188976378,0.3690944881889764,1.0,UNRESOLVED,W-I/out/traj_369f5a5b.json,offsets[8].S,11:sub_chance,reader=J;phase=int
V0355,WI,369f5a5b745eb592,RELAY,channel_content,o8,8,0.6768,0.6413,0.5923,0.5547,0.6271,CHANCE,,INDETERMINATE,INDETERMINATE,0.59,11,0.5304347826086951,"[0.684, 0.672, 0.695]","[0.597, 0.585, 0.61]",,UNRESOLVED,0.4202755905511811,0.1594488188976378,0.3690944881889764,1.0,UNRESOLVED,W-I/out/traj_369f5a5b.json,offsets[8].channel_content,11:sub_chance,reader=J;phase=int
V0356,WI,369f5a5b745eb592,RELAY,site_all,o9,9,0.6768,0.6413,0.4347,0.3913,0.4716,CHANCE,,CHANCE_REL,CHANCE_REL,0.59,11,-0.3850241545893718,"[0.684, 0.672, 0.695]","[0.429, 0.416, 0.443]",,UNRESOLVED,0.41929133858267714,0.16338582677165353,0.38188976377952755,1.0,UNRESOLVED,W-I/out/traj_369f5a5b.json,offsets[9].site_all,12:reader,reader=J;phase=int
V0357,WI,369f5a5b745eb592,RELAY,channel_all,o9,9,0.6768,0.6413,0.5597,0.5213,0.5959,CHANCE,,CHANCE_REL,CHANCE_REL,0.59,11,0.38502415458937145,"[0.684, 0.672, 0.695]","[0.571, 0.557, 0.584]",,UNRESOLVED,0.41929133858267714,0.16338582677165353,0.38188976377952755,1.0,UNRESOLVED,W-I/out/traj_369f5a5b.json,offsets[9].channel_all,12:reader,reader=J;phase=int
V0358,WI,369f5a5b745eb592,RELAY,S,o9,9,0.6768,0.6413,0.4624,0.4162,0.5028,CHANCE,,CHANCE_REL,CHANCE_REL,0.59,11,-0.19903381642512094,"[0.684, 0.672, 0.695]","[0.463, 0.45, 0.478]",,UNRESOLVED,0.41929133858267714,0.16338582677165353,0.38188976377952755,1.0,UNRESOLVED,W-I/out/traj_369f5a5b.json,offsets[9].S,12:sub_chance,reader=J;phase=int
V0359,WI,369f5a5b745eb592,RELAY,channel_content,o9,9,0.6768,0.6413,0.5732,0.5334,0.6179,CHANCE,,INDETERMINATE,INDETERMINATE,0.59,11,0.4985507246376807,"[0.684, 0.672, 0.695]","[0.592, 0.58, 0.603]",,UNRESOLVED,0.41929133858267714,0.16338582677165353,0.38188976377952755,1.0,UNRESOLVED,W-I/out/traj_369f5a5b.json,offsets[9].channel_content,12:sub_chance,reader=J;phase=int
V0360,WI,369f5a5b745eb592,RELAY,site_all,o10,10,0.6768,0.6413,0.4425,0.3999,0.4893,CHANCE,,CHANCE_REL,CHANCE_REL,0.59,11,-0.3874396135265701,"[0.684, 0.672, 0.695]","[0.429, 0.415, 0.443]",,UNRESOLVED,0.45177165354330706,0.1643700787401575,0.3425196850393701,1.0,UNRESOLVED,W-I/out/traj_369f5a5b.json,offsets[10].site_all,13:reader,reader=J;phase=int
V0361,WI,369f5a5b745eb592,RELAY,channel_all,o10,10,0.6768,0.6413,0.5618,0.5241,0.6023,CHANCE,,CHANCE_REL,CHANCE_REL,0.59,11,0.38743961352656975,"[0.684, 0.672, 0.695]","[0.571, 0.557, 0.585]",,UNRESOLVED,0.45177165354330706,0.1643700787401575,0.3425196850393701,1.0,UNRESOLVED,W-I/out/traj_369f5a5b.json,offsets[10].channel_all,13:reader,reader=J;phase=int
V0362,WI,369f5a5b745eb592,RELAY,S,o10,10,0.6768,0.6413,0.4553,0.4169,0.495,CHANCE,,CHANCE_REL,CHANCE_REL,0.59,11,-0.17391304347826092,"[0.684, 0.672, 0.695]","[0.468, 0.455, 0.482]",,UNRESOLVED,0.45177165354330706,0.1643700787401575,0.3425196850393701,1.0,UNRESOLVED,W-I/out/traj_369f5a5b.json,offsets[10].S,13:sub_chance,reader=J;phase=int
V0363,WI,369f5a5b745eb592,RELAY,channel_content,o10,10,0.6768,0.6413,0.5746,0.5298,0.6179,CHANCE,,INDETERMINATE,INDETERMINATE,0.59,11,0.4922705314009654,"[0.684, 0.672, 0.695]","[0.59, 0.579, 0.602]",,UNRESOLVED,0.45177165354330706,0.1643700787401575,0.3425196850393701,1.0,UNRESOLVED,W-I/out/traj_369f5a5b.json,offsets[10].channel_content,13:sub_chance,reader=J;phase=int
V0364,WI,369f5a5b745eb592,RELAY,site_all,o11,11,0.6768,0.6413,0.4062,0.3636,0.4474,CHANCE,,CHANCE_REL,CHANCE_REL,0.59,11,-0.37729468599033805,"[0.684, 0.672, 0.695]","[0.431, 0.417, 0.444]",,UNRESOLVED,0.5019685039370079,0.1466535433070866,0.3198818897637795,1.0,UNRESOLVED,W-I/out/traj_369f5a5b.json,offsets[11].site_all,14:reader,reader=J;phase=int
V0365,WI,369f5a5b745eb592,RELAY,channel_all,o11,11,0.6768,0.6413,0.5689,0.5305,0.6101,CHANCE,,CHANCE_REL,CHANCE_REL,0.59,11,0.37729468599033805,"[0.684, 0.672, 0.695]","[0.569, 0.556, 0.583]",,UNRESOLVED,0.5019685039370079,0.1466535433070866,0.3198818897637795,1.0,UNRESOLVED,W-I/out/traj_369f5a5b.json,offsets[11].channel_all,14:reader,reader=J;phase=int
V0366,WI,369f5a5b745eb592,RELAY,S,o11,11,0.6768,0.6413,0.4503,0.407,0.4915,CHANCE,,CHANCE_REL,CHANCE_REL,0.59,11,-0.22753623188405817,"[0.684, 0.672, 0.695]","[0.458, 0.445, 0.473]",,UNRESOLVED,0.5019685039370079,0.1466535433070866,0.3198818897637795,1.0,UNRESOLVED,W-I/out/traj_369f5a5b.json,offsets[11].S,14:sub_chance,reader=J;phase=int
V0367,WI,369f5a5b745eb592,RELAY,channel_content,o11,11,0.6768,0.6413,0.5639,0.5206,0.6051,CHANCE,,INDETERMINATE,INDETERMINATE,0.59,11,0.48405797101449216,"[0.684, 0.672, 0.695]","[0.589, 0.577, 0.601]",,UNRESOLVED,0.5019685039370079,0.1466535433070866,0.3198818897637795,1.0,UNRESOLVED,W-I/out/traj_369f5a5b.json,offsets[11].channel_content,14:sub_chance,reader=J;phase=int
V0368,WI,369f5a5b745eb592,RELAY,site_all,o12,12,0.6768,0.6413,0.3999,0.3565,0.4467,CHANCE,,CHANCE_REL,CHANCE_REL,0.59,11,-0.37101449275362336,"[0.684, 0.672, 0.695]","[0.432, 0.418, 0.445]",,UNRESOLVED,0.5570866141732284,0.1309055118110236,0.3021653543307087,1.0,UNRESOLVED,W-I/out/traj_369f5a5b.json,offsets[12].site_all,15:reader,reader=J;phase=int
V0369,WI,369f5a5b745eb592,RELAY,channel_all,o12,12,0.6768,0.6413,0.581,0.5405,0.6172,CHANCE,,CHANCE_REL,CHANCE_REL,0.59,11,0.37101449275362275,"[0.684, 0.672, 0.695]","[0.568, 0.555, 0.582]",,UNRESOLVED,0.5570866141732284,0.1309055118110236,0.3021653543307087,1.0,UNRESOLVED,W-I/out/traj_369f5a5b.json,offsets[12].channel_all,15:reader,reader=J;phase=int
V0370,WI,369f5a5b745eb592,RELAY,S,o12,12,0.6768,0.6413,0.424,0.3849,0.4624,CHANCE,,CHANCE_REL,CHANCE_REL,0.59,11,-0.2937198067632854,"[0.684, 0.672, 0.695]","[0.446, 0.431, 0.459]",,UNRESOLVED,0.5570866141732284,0.1309055118110236,0.3021653543307087,1.0,UNRESOLVED,W-I/out/traj_369f5a5b.json,offsets[12].S,15:sub_chance,reader=J;phase=int
V0371,WI,369f5a5b745eb592,RELAY,channel_content,o12,12,0.6768,0.6413,0.5881,0.5518,0.625,CHANCE,,INDETERMINATE,INDETERMINATE,0.59,11,0.4714975845410628,"[0.684, 0.672, 0.695]","[0.587, 0.574, 0.6]",,UNRESOLVED,0.5570866141732284,0.1309055118110236,0.3021653543307087,1.0,UNRESOLVED,W-I/out/traj_369f5a5b.json,offsets[12].channel_content,15:sub_chance,reader=J;phase=int
V0372,WI,369f5a5b745eb592,RELAY,site_all,o13,13,0.6768,0.6413,0.38,0.3409,0.419,CHANCE,,INDETERMINATE,INDETERMINATE,0.59,11,-0.47826086956521724,"[0.684, 0.672, 0.695]","[0.412, 0.399, 0.426]",,UNRESOLVED,0.6466535433070866,0.08169291338582677,0.25393700787401574,1.0,MIXTURE,W-I/out/traj_369f5a5b.json,offsets[13].site_all,16:reader,reader=J;phase=int
V0373,WI,369f5a5b745eb592,RELAY,channel_all,o13,13,0.6768,0.6413,0.5803,0.5447,0.6129,CHANCE,,INDETERMINATE,INDETERMINATE,0.59,11,0.47826086956521724,"[0.684, 0.672, 0.695]","[0.588, 0.574, 0.601]",,UNRESOLVED,0.6466535433070866,0.08169291338582677,0.25393700787401574,1.0,MIXTURE,W-I/out/traj_369f5a5b.json,offsets[13].channel_all,16:reader,reader=J;phase=int
V0374,WI,369f5a5b745eb592,RELAY,S,o13,13,0.6768,0.6413,0.4283,0.3928,0.4638,CHANCE,,INDETERMINATE,INDETERMINATE,0.59,11,-0.4531400966183575,"[0.684, 0.672, 0.695]","[0.417, 0.403, 0.431]",,UNRESOLVED,0.6466535433070866,0.08169291338582677,0.25393700787401574,1.0,MIXTURE,W-I/out/traj_369f5a5b.json,offsets[13].S,16:sub_chance,reader=J;phase=int
V0375,WI,369f5a5b745eb592,RELAY,channel_content,o13,13,0.6768,0.6413,0.62,0.5866,0.6506,CHANCE,,INDETERMINATE,INDETERMINATE,0.59,11,0.5400966183574877,"[0.684, 0.672, 0.695]","[0.599, 0.587, 0.612]",,UNRESOLVED,0.6466535433070866,0.08169291338582677,0.25393700787401574,1.0,MIXTURE,W-I/out/traj_369f5a5b.json,offsets[13].channel_content,16:sub_chance,reader=J;phase=int
V0376,WI,369f5a5b745eb592,RELAY,site_all,o14,14,0.6768,0.6413,0.4034,0.3643,0.4389,FLIP,,FLIP_REL,FLIP_REL,0.59,11,-0.6285024154589369,"[0.684, 0.672, 0.695]","[0.384, 0.372, 0.398]",,UNRESOLVED,0.7568897637795275,0.05019685039370079,0.1732283464566929,1.0,UNRESOLVED,W-I/out/traj_369f5a5b.json,offsets[14].site_all,17:reader,reader=J;phase=int
V0377,WI,369f5a5b745eb592,RELAY,channel_all,o14,14,0.6768,0.6413,0.6094,0.5689,0.647,CHANCE,,NO_EFFECT_REL,NO_EFFECT_REL,0.59,11,0.6285024154589375,"[0.684, 0.672, 0.695]","[0.616, 0.602, 0.628]",,UNRESOLVED,0.7568897637795275,0.05019685039370079,0.1732283464566929,1.0,UNRESOLVED,W-I/out/traj_369f5a5b.json,offsets[14].channel_all,17:reader,reader=J;phase=int
V0378,WI,369f5a5b745eb592,RELAY,S,o14,14,0.6768,0.6413,0.3913,0.3509,0.4318,CHANCE,,FLIP_REL,FLIP_REL,0.59,11,-0.5908212560386474,"[0.684, 0.672, 0.695]","[0.391, 0.379, 0.404]",,UNRESOLVED,0.7568897637795275,0.05019685039370079,0.1732283464566929,1.0,UNRESOLVED,W-I/out/traj_369f5a5b.json,offsets[14].S,17:sub_chance,reader=J;phase=int
V0379,WI,369f5a5b745eb592,RELAY,channel_content,o14,14,0.6768,0.6413,0.6186,0.5795,0.6534,CHANCE,,NO_EFFECT_REL,NO_EFFECT_REL,0.59,11,0.6647342995169082,"[0.684, 0.672, 0.695]","[0.622, 0.61, 0.634]",,UNRESOLVED,0.7568897637795275,0.05019685039370079,0.1732283464566929,1.0,UNRESOLVED,W-I/out/traj_369f5a5b.json,offsets[14].channel_content,17:sub_chance,reader=J;phase=int
V0380,WI,369f5a5b745eb592,RELAY,site_all,o15,15,0.6768,0.6413,0.3672,0.3331,0.4006,FLIP,,FLIP_REL,FLIP_REL,0.59,11,-0.8386473429951691,"[0.684, 0.672, 0.695]","[0.346, 0.335, 0.357]",,SITE,0.8818897637795275,0.03051181102362205,0.08759842519685039,1.0,SITE,W-I/out/traj_369f5a5b.json,offsets[15].site_all,18:reader,reader=J;phase=int
V0381,WI,369f5a5b745eb592,RELAY,channel_all,o15,15,0.6768,0.6413,0.6179,0.5852,0.6477,NO-EFFECT,,NO_EFFECT_REL,NO_EFFECT_REL,0.59,11,0.8386473429951685,"[0.684, 0.672, 0.695]","[0.654, 0.643, 0.665]",,SITE,0.8818897637795275,0.03051181102362205,0.08759842519685039,1.0,SITE,W-I/out/traj_369f5a5b.json,offsets[15].channel_all,18:reader,reader=J;phase=int
V0382,WI,369f5a5b745eb592,RELAY,S,o15,15,0.6768,0.6413,0.4055,0.3693,0.4382,FLIP,,FLIP_REL,FLIP_REL,0.59,11,-0.7425120772946858,"[0.684, 0.672, 0.695]","[0.364, 0.352, 0.376]",,SITE,0.8818897637795275,0.03051181102362205,0.08759842519685039,1.0,SITE,W-I/out/traj_369f5a5b.json,offsets[15].S,18:sub_chance,reader=J;phase=int
V0383,WI,4271681452d29aee,RELAY,channel_all,o0,0,0.63,0.5767,0.4858,0.4432,0.5298,CHANCE,,CHANCE_REL,CHANCE_REL,0.59,11,0.0055045871559628815,"[0.645, 0.627, 0.662]","[0.501, 0.487, 0.515]",,IDENTITY-BROKEN,0.1730257320319432,0.13664596273291926,0.3921916592724046,0.7018633540372671,IDENTITY-BROKEN,W-I/out/traj_42716814.json,offsets[0].channel_all,3:reader,reader=?;phase=cue
V0384,WI,4271681452d29aee,RELAY,joint,o0,0,0.63,0.5767,0.5085,0.4759,0.5412,CHANCE,,CHANCE_REL,CHANCE_REL,0.59,11,-0.06788990825688089,"[0.645, 0.627, 0.662]","[0.49, 0.471, 0.507]",,IDENTITY-BROKEN,0.1730257320319432,0.13664596273291926,0.3921916592724046,0.7018633540372671,IDENTITY-BROKEN,W-I/out/traj_42716814.json,offsets[0].joint,3:reader,reader=?;phase=cue
V0385,WI,4271681452d29aee,RELAY,channel_count,o0,0,0.63,0.5767,0.4858,0.4432,0.5298,CHANCE,,CHANCE_REL,CHANCE_REL,0.59,11,0.0055045871559628815,"[0.645, 0.627, 0.662]","[0.501, 0.487, 0.515]",,IDENTITY-BROKEN,0.1730257320319432,0.13664596273291926,0.3921916592724046,0.7018633540372671,IDENTITY-BROKEN,W-I/out/traj_42716814.json,offsets[0].channel_count,3:sub_chance,reader=?;phase=cue
V0386,WI,4271681452d29aee,RELAY,site_all,o1,1,0.63,0.5767,0.5469,0.5028,0.598,CHANCE,,INDETERMINATE,INDETERMINATE,0.59,11,0.4403669724770642,"[0.645, 0.627, 0.662]","[0.564, 0.547, 0.579]",,NEITHER,0.2502218278615794,0.24312333629103816,0.5048802129547472,1.0,UNRESOLVED,W-I/out/traj_42716814.json,offsets[1].site_all,4:reader,reader=?;phase=int
V0387,WI,4271681452d29aee,RELAY,channel_all,o1,1,0.63,0.5767,0.4744,0.4332,0.517,CHANCE,,INDETERMINATE,INDETERMINATE,0.59,11,-0.4403669724770642,"[0.645, 0.627, 0.662]","[0.436, 0.421, 0.453]",,NEITHER,0.2502218278615794,0.24312333629103816,0.5048802129547472,1.0,UNRESOLVED,W-I/out/traj_42716814.json,offsets[1].channel_all,4:reader,reader=?;phase=int
V0388,WI,4271681452d29aee,RELAY,channel_count,o1,1,0.63,0.5767,0.4744,0.4332,0.517,CHANCE,,INDETERMINATE,INDETERMINATE,0.59,11,-0.4403669724770642,"[0.645, 0.627, 0.662]","[0.436, 0.421, 0.453]",,NEITHER,0.2502218278615794,0.24312333629103816,0.5048802129547472,1.0,UNRESOLVED,W-I/out/traj_42716814.json,offsets[1].channel_count,4:sub_chance,reader=?;phase=int
V0389,WI,4271681452d29aee,RELAY,r,o1,1,0.63,0.5767,0.5589,0.5213,0.5945,CHANCE,,INDETERMINATE,INDETERMINATE,0.59,11,0.511926605504587,"[0.645, 0.627, 0.662]","[0.574, 0.559, 0.59]",,NEITHER,0.2502218278615794,0.24312333629103816,0.5048802129547472,1.0,UNRESOLVED,W-I/out/traj_42716814.json,offsets[1].r,4:sub_chance,reader=?;phase=int
V0390,WI,4271681452d29aee,RELAY,site_all,o2,2,0.63,0.5767,0.5227,0.4844,0.5625,CHANCE,,CHANCE_REL,CHANCE_REL,0.59,11,0.2788990825688074,"[0.645, 0.627, 0.662]","[0.54, 0.527, 0.555]",,UNRESOLVED,0.3114463176574978,0.19964507542147295,0.4862466725820763,1.0,UNRESOLVED,W-I/out/traj_42716814.json,offsets[2].site_all,5:reader,reader=?;phase=int
V0391,WI,4271681452d29aee,RELAY,channel_all,o2,2,0.63,0.5767,0.4702,0.429,0.517,CHANCE,,CHANCE_REL,CHANCE_REL,0.59,11,-0.2788990825688074,"[0.645, 0.627, 0.662]","[0.46, 0.445, 0.473]",,UNRESOLVED,0.3114463176574978,0.19964507542147295,0.4862466725820763,1.0,UNRESOLVED,W-I/out/traj_42716814.json,offsets[2].channel_all,5:reader,reader=?;phase=int
V0392,WI,4271681452d29aee,RELAY,S,o2,2,0.63,0.5767,0.5597,0.5199,0.598,NO-EFFECT,,NO_EFFECT_REL,NO_EFFECT_REL,0.59,11,0.653211009174311,"[0.645, 0.627, 0.662]","[0.595, 0.58, 0.61]",,UNRESOLVED,0.3114463176574978,0.19964507542147295,0.4862466725820763,1.0,UNRESOLVED,W-I/out/traj_42716814.json,offsets[2].S,5:sub_chance,reader=?;phase=int
V0393,WI,4271681452d29aee,RELAY,channel_count,o2,2,0.63,0.5767,0.4702,0.429,0.517,CHANCE,,CHANCE_REL,CHANCE_REL,0.59,11,-0.2788990825688074,"[0.645, 0.627, 0.662]","[0.46, 0.445, 0.473]",,UNRESOLVED,0.3114463176574978,0.19964507542147295,0.4862466725820763,1.0,UNRESOLVED,W-I/out/traj_42716814.json,offsets[2].channel_count,5:sub_chance,reader=?;phase=int
V0394,WI,4271681452d29aee,RELAY,r,o2,2,0.63,0.5767,0.5199,0.4758,0.5611,CHANCE,,CHANCE_REL,CHANCE_REL,0.59,11,0.34434250764526014,"[0.645, 0.627, 0.662]","[0.55, 0.535, 0.566]",,UNRESOLVED,0.3114463176574978,0.19964507542147295,0.4862466725820763,1.0,UNRESOLVED,W-I/out/traj_42716814.json,offsets[2].r,5:sub_chance,reader=?;phase=int
V0395,WI,4271681452d29aee,RELAY,site_all,o3,3,0.63,0.5767,0.5341,0.4943,0.5724,CHANCE,,CHANCE_REL,CHANCE_REL,0.59,11,0.2587155963302746,"[0.645, 0.627, 0.662]","[0.538, 0.522, 0.553]",,UNRESOLVED,0.32653061224489793,0.19875776397515527,0.4738243123336291,1.0,UNRESOLVED,W-I/out/traj_42716814.json,offsets[3].site_all,6:reader,reader=?;phase=int
V0396,WI,4271681452d29aee,RELAY,channel_all,o3,3,0.63,0.5767,0.4631,0.4176,0.51,CHANCE,,CHANCE_REL,CHANCE_REL,0.59,11,-0.25871559633027535,"[0.645, 0.627, 0.662]","[0.462, 0.447, 0.478]",,UNRESOLVED,0.32653061224489793,0.19875776397515527,0.4738243123336291,1.0,UNRESOLVED,W-I/out/traj_42716814.json,offsets[3].channel_all,6:reader,reader=?;phase=int
V0397,WI,4271681452d29aee,RELAY,channel_count,o3,3,0.63,0.5767,0.4631,0.4176,0.51,CHANCE,,CHANCE_REL,CHANCE_REL,0.59,11,-0.25871559633027535,"[0.645, 0.627, 0.662]","[0.462, 0.447, 0.478]",,UNRESOLVED,0.32653061224489793,0.19875776397515527,0.4738243123336291,1.0,UNRESOLVED,W-I/out/traj_42716814.json,offsets[3].channel_count,6:sub_chance,reader=?;phase=int
V0398,WI,4271681452d29aee,RELAY,r,o3,3,0.63,0.5767,0.5632,0.5263,0.6001,CHANCE,,CHANCE_REL,CHANCE_REL,0.59,11,0.40183486238532096,"[0.645, 0.627, 0.662]","[0.558, 0.544, 0.572]",,UNRESOLVED,0.32653061224489793,0.19875776397515527,0.4738243123336291,1.0,UNRESOLVED,W-I/out/traj_42716814.json,offsets[3].r,6:sub_chance,reader=?;phase=int
V0399,WI,4271681452d29aee,RELAY,site_all,o4,4,0.63,0.5767,0.5199,0.4815,0.5582,CHANCE,CHANCE,CHANCE_REL,CHANCE_REL,0.59,11,0.030581039755351383,"[0.645, 0.627, 0.662]","[0.504, 0.49, 0.521]","[0.507, 0.491, 0.521]",UNRESOLVED,0.4276841171251109,0.15350488021295475,0.41881100266193433,1.0,UNRESOLVED,W-I/out/traj_42716814.json,offsets[4].site_all,7:reader,reader=?;phase=int
V0400,WI,4271681452d29aee,RELAY,channel_all,o4,4,0.63,0.5767,0.4886,0.4531,0.5241,CHANCE,CHANCE,CHANCE_REL,CHANCE_REL,0.59,11,-0.030581039755352146,"[0.645, 0.627, 0.662]","[0.496, 0.479, 0.51]","[0.495, 0.48, 0.509]",UNRESOLVED,0.4276841171251109,0.15350488021295475,0.41881100266193433,1.0,UNRESOLVED,W-I/out/traj_42716814.json,offsets[4].channel_all,7:reader,reader=?;phase=int
V0401,WI,4271681452d29aee,RELAY,S,o4,4,0.63,0.5767,0.5426,0.5043,0.581,CHANCE,CHANCE,INDETERMINATE,INDETERMINATE,0.59,11,0.6042813455657492,"[0.645, 0.627, 0.662]","[0.588, 0.573, 0.601]","[0.57, 0.556, 0.583]",UNRESOLVED,0.4276841171251109,0.15350488021295475,0.41881100266193433,1.0,UNRESOLVED,W-I/out/traj_42716814.json,offsets[4].S,7:sub_chance,reader=?;phase=int
V0402,WI,4271681452d29aee,RELAY,channel_count,o4,4,0.63,0.5767,0.4886,0.4531,0.5241,CHANCE,CHANCE,CHANCE_REL,CHANCE_REL,0.59,11,-0.030581039755352146,"[0.645, 0.627, 0.662]","[0.496, 0.479, 0.51]","[0.495, 0.48, 0.509]",UNRESOLVED,0.4276841171251109,0.15350488021295475,0.41881100266193433,1.0,UNRESOLVED,W-I/out/traj_42716814.json,offsets[4].channel_count,7:sub_chance,reader=?;phase=int
V0403,WI,4271681452d29aee,RELAY,r,o4,4,0.63,0.5767,0.5213,0.4673,0.5725,CHANCE,CHANCE,CHANCE_REL,CHANCE_REL,0.59,11,0.29113149847094766,"[0.645, 0.627, 0.662]","[0.542, 0.526, 0.559]","[0.536, 0.521, 0.551]",UNRESOLVED,0.4276841171251109,0.15350488021295475,0.41881100266193433,1.0,UNRESOLVED,W-I/out/traj_42716814.json,offsets[4].r,7:sub_chance,reader=?;phase=int
V0404,WI,4271681452d29aee,RELAY,site_all,o5,5,0.63,0.5767,0.5199,0.4773,0.5611,CHANCE,,CHANCE_REL,CHANCE_REL,0.59,11,-0.031192660550458624,"[0.645, 0.627, 0.662]","[0.495, 0.479, 0.511]",,UNRESOLVED,0.4755989352262644,0.13220940550133098,0.3921916592724046,1.0,UNRESOLVED,W-I/out/traj_42716814.json,offsets[5].site_all,8:reader,reader=?;phase=int
V0405,WI,4271681452d29aee,RELAY,channel_all,o5,5,0.63,0.5767,0.5114,0.4759,0.5526,CHANCE,,CHANCE_REL,CHANCE_REL,0.59,11,0.031192660550458624,"[0.645, 0.627, 0.662]","[0.505, 0.489, 0.521]",,UNRESOLVED,0.4755989352262644,0.13220940550133098,0.3921916592724046,1.0,UNRESOLVED,W-I/out/traj_42716814.json,offsets[5].channel_all,8:reader,reader=?;phase=int
V0406,WI,4271681452d29aee,RELAY,S,o5,5,0.63,0.5767,0.5227,0.4915,0.5526,CHANCE,,INDETERMINATE,INDETERMINATE,0.59,11,0.4103975535168193,"[0.645, 0.627, 0.662]","[0.56, 0.544, 0.575]",,UNRESOLVED,0.4755989352262644,0.13220940550133098,0.3921916592724046,1.0,UNRESOLVED,W-I/out/traj_42716814.json,offsets[5].S,8:sub_chance,reader=?;phase=int
V0407,WI,4271681452d29aee,RELAY,channel_count,o5,5,0.63,0.5767,0.5114,0.4759,0.5526,CHANCE,,CHANCE_REL,CHANCE_REL,0.59,11,0.031192660550458624,"[0.645, 0.627, 0.662]","[0.505, 0.489, 0.521]",,UNRESOLVED,0.4755989352262644,0.13220940550133098,0.3921916592724046,1.0,UNRESOLVED,W-I/out/traj_42716814.json,offsets[5].channel_count,8:sub_chance,reader=?;phase=int
V0408,WI,4271681452d29aee,RELAY,r,o5,5,0.63,0.5767,0.554,0.5128,0.5938,CHANCE,,CHANCE_REL,CHANCE_REL,0.59,11,0.41345565749235397,"[0.645, 0.627, 0.662]","[0.56, 0.543, 0.576]",,UNRESOLVED,0.4755989352262644,0.13220940550133098,0.3921916592724046,1.0,UNRESOLVED,W-I/out/traj_42716814.json,offsets[5].r,8:sub_chance,reader=?;phase=int
V0409,WI,4271681452d29aee,RELAY,site_all,o6,6,0.63,0.5767,0.483,0.4474,0.5142,CHANCE,,CHANCE_REL,CHANCE_REL,0.59,11,-0.08562691131498479,"[0.645, 0.627, 0.662]","[0.488, 0.469, 0.505]",,UNRESOLVED,0.5004436557231589,0.12599822537710736,0.37267080745341613,1.0,UNRESOLVED,W-I/out/traj_42716814.json,offsets[6].site_all,9:reader,reader=?;phase=int
V0410,WI,4271681452d29aee,RELAY,channel_all,o6,6,0.63,0.5767,0.4929,0.4602,0.5256,CHANCE,,CHANCE_REL,CHANCE_REL,0.59,11,0.08562691131498402,"[0.645, 0.627, 0.662]","[0.512, 0.495, 0.531]",,UNRESOLVED,0.5004436557231589,0.12599822537710736,0.37267080745341613,1.0,UNRESOLVED,W-I/out/traj_42716814.json,offsets[6].channel_all,9:reader,reader=?;phase=int
V0411,WI,4271681452d29aee,RELAY,S,o6,6,0.63,0.5767,0.5241,0.4801,0.5682,CHANCE,,CHANCE_REL,CHANCE_REL,0.59,11,0.2782874617736994,"[0.645, 0.627, 0.662]","[0.54, 0.524, 0.556]",,UNRESOLVED,0.5004436557231589,0.12599822537710736,0.37267080745341613,1.0,UNRESOLVED,W-I/out/traj_42716814.json,offsets[6].S,9:sub_chance,reader=?;phase=int
V0412,WI,4271681452d29aee,RELAY,channel_count,o6,6,0.63,0.5767,0.4929,0.4602,0.5256,CHANCE,,CHANCE_REL,CHANCE_REL,0.59,11,0.08562691131498402,"[0.645, 0.627, 0.662]","[0.512, 0.495, 0.531]",,UNRESOLVED,0.5004436557231589,0.12599822537710736,0.37267080745341613,1.0,UNRESOLVED,W-I/out/traj_42716814.json,offsets[6].channel_count,9:sub_chance,reader=?;phase=int
V0413,WI,4271681452d29aee,RELAY,r,o6,6,0.63,0.5767,0.5412,0.4943,0.5866,CHANCE,,NO_EFFECT_REL,NO_EFFECT_REL,0.59,11,0.5859327217125381,"[0.645, 0.627, 0.662]","[0.585, 0.569, 0.602]",,UNRESOLVED,0.5004436557231589,0.12599822537710736,0.37267080745341613,1.0,UNRESOLVED,W-I/out/traj_42716814.json,offsets[6].r,9:sub_chance,reader=?;phase=int
V0414,WI,4271681452d29aee,RELAY,site_all,o7,7,0.63,0.5767,0.4901,0.4517,0.5312,CHANCE,,CHANCE_REL,CHANCE_REL,0.59,11,-0.2226299694189603,"[0.645, 0.627, 0.662]","[0.468, 0.449, 0.485]",,UNRESOLVED,0.5758651286601597,0.11446317657497782,0.3087843833185448,1.0,UNRESOLVED,W-I/out/traj_42716814.json,offsets[7].site_all,10:reader,reader=?;phase=int
V0415,WI,4271681452d29aee,RELAY,channel_all,o7,7,0.63,0.5767,0.4943,0.4616,0.527,CHANCE,,CHANCE_REL,CHANCE_REL,0.59,11,0.22262996941895954,"[0.645, 0.627, 0.662]","[0.532, 0.515, 0.551]",,UNRESOLVED,0.5758651286601597,0.11446317657497782,0.3087843833185448,1.0,UNRESOLVED,W-I/out/traj_42716814.json,offsets[7].channel_all,10:reader,reader=?;phase=int
V0416,WI,4271681452d29aee,RELAY,S,o7,7,0.63,0.5767,0.5156,0.4744,0.554,CHANCE,,CHANCE_REL,CHANCE_REL,0.59,11,0.18165137614678886,"[0.645, 0.627, 0.662]","[0.526, 0.509, 0.543]",,UNRESOLVED,0.5758651286601597,0.11446317657497782,0.3087843833185448,1.0,UNRESOLVED,W-I/out/traj_42716814.json,offsets[7].S,10:sub_chance,reader=?;phase=int
V0417,WI,4271681452d29aee,RELAY,channel_count,o7,7,0.63,0.5767,0.4943,0.4616,0.527,CHANCE,,CHANCE_REL,CHANCE_REL,0.59,11,0.22262996941895954,"[0.645, 0.627, 0.662]","[0.532, 0.515, 0.551]",,UNRESOLVED,0.5758651286601597,0.11446317657497782,0.3087843833185448,1.0,UNRESOLVED,W-I/out/traj_42716814.json,offsets[7].channel_count,10:sub_chance,reader=?;phase=int
V0418,WI,4271681452d29aee,RELAY,r,o7,7,0.63,0.5767,0.5668,0.5256,0.6108,CHANCE,,INDETERMINATE,INDETERMINATE,0.59,11,0.52782874617737,"[0.645, 0.627, 0.662]","[0.577, 0.56, 0.594]",,UNRESOLVED,0.5758651286601597,0.11446317657497782,0.3087843833185448,1.0,UNRESOLVED,W-I/out/traj_42716814.json,offsets[7].r,10:sub_chance,reader=?;phase=int
V0419,WI,4271681452d29aee,RELAY,site_all,o8,8,0.63,0.5767,0.4886,0.446,0.5313,CHANCE,,CHANCE_REL,CHANCE_REL,0.59,11,-0.24220183486238553,"[0.645, 0.627, 0.662]","[0.465, 0.448, 0.482]",,UNRESOLVED,0.6193433895297249,0.11712511091393078,0.26353149955634425,1.0,UNRESOLVED,W-I/out/traj_42716814.json,offsets[8].site_all,11:reader,reader=?;phase=int
V0420,WI,4271681452d29aee,RELAY,channel_all,o8,8,0.63,0.5767,0.5043,0.4659,0.5412,CHANCE,,CHANCE_REL,CHANCE_REL,0.59,11,0.24220183486238514,"[0.645, 0.627, 0.662]","[0.535, 0.518, 0.552]",,UNRESOLVED,0.6193433895297249,0.11712511091393078,0.26353149955634425,1.0,UNRESOLVED,W-I/out/traj_42716814.json,offsets[8].channel_all,11:reader,reader=?;phase=int
V0421,WI,4271681452d29aee,RELAY,S,o8,8,0.63,0.5767,0.4893,0.4574,0.5206,CHANCE,,CHANCE_REL,CHANCE_REL,0.59,11,0.07828746177369941,"[0.645, 0.627, 0.662]","[0.511, 0.494, 0.528]",,UNRESOLVED,0.6193433895297249,0.11712511091393078,0.26353149955634425,1.0,UNRESOLVED,W-I/out/traj_42716814.json,offsets[8].S,11:sub_chance,reader=?;phase=int
V0422,WI,4271681452d29aee,RELAY,channel_count,o8,8,0.63,0.5767,0.5043,0.4659,0.5412,CHANCE,,CHANCE_REL,CHANCE_REL,0.59,11,0.24220183486238514,"[0.645, 0.627, 0.662]","[0.535, 0.518, 0.552]",,UNRESOLVED,0.6193433895297249,0.11712511091393078,0.26353149955634425,1.0,UNRESOLVED,W-I/out/traj_42716814.json,offsets[8].channel_count,11:sub_chance,reader=?;phase=int
V0423,WI,4271681452d29aee,RELAY,r,o8,8,0.63,0.5767,0.5384,0.5014,0.5753,NO-EFFECT,,NO_EFFECT_REL,NO_EFFECT_REL,0.59,11,0.6562691131498464,"[0.645, 0.627, 0.662]","[0.595, 0.578, 0.614]",,UNRESOLVED,0.6193433895297249,0.11712511091393078,0.26353149955634425,1.0,UNRESOLVED,W-I/out/traj_42716814.json,offsets[8].r,11:sub_chance,reader=?;phase=int
V0424,WI,4271681452d29aee,RELAY,site_all,o9,9,0.63,0.5767,0.4588,0.4133,0.5057,CHANCE,,CHANCE_REL,CHANCE_REL,0.59,11,-0.3926605504587154,"[0.645, 0.627, 0.662]","[0.443, 0.426, 0.46]",,UNRESOLVED,0.6823425022182786,0.08163265306122448,0.23513753327417924,1.0,UNRESOLVED,W-I/out/traj_42716814.json,offsets[9].site_all,12:reader,reader=?;phase=int
V0425,WI,4271681452d29aee,RELAY,channel_all,o9,9,0.63,0.5767,0.5511,0.5142,0.5923,CHANCE,,CHANCE_REL,CHANCE_REL,0.59,11,0.3926605504587146,"[0.645, 0.627, 0.662]","[0.557, 0.54, 0.574]",,UNRESOLVED,0.6823425022182786,0.08163265306122448,0.23513753327417924,1.0,UNRESOLVED,W-I/out/traj_42716814.json,offsets[9].channel_all,12:reader,reader=?;phase=int
V0426,WI,4271681452d29aee,RELAY,S,o9,9,0.63,0.5767,0.4915,0.446,0.5398,CHANCE,,CHANCE_REL,CHANCE_REL,0.59,11,-0.049541284403670144,"[0.645, 0.627, 0.662]","[0.493, 0.476, 0.51]",,UNRESOLVED,0.6823425022182786,0.08163265306122448,0.23513753327417924,1.0,UNRESOLVED,W-I/out/traj_42716814.json,offsets[9].S,12:sub_chance,reader=?;phase=int
V0427,WI,4271681452d29aee,RELAY,channel_count,o9,9,0.63,0.5767,0.5511,0.5142,0.5923,CHANCE,,CHANCE_REL,CHANCE_REL,0.59,11,0.3926605504587146,"[0.645, 0.627, 0.662]","[0.557, 0.54, 0.574]",,UNRESOLVED,0.6823425022182786,0.08163265306122448,0.23513753327417924,1.0,UNRESOLVED,W-I/out/traj_42716814.json,offsets[9].channel_count,12:sub_chance,reader=?;phase=int
V0428,WI,4271681452d29aee,RELAY,r,o9,9,0.63,0.5767,0.5526,0.5071,0.5923,CHANCE,,NO_EFFECT_REL,NO_EFFECT_REL,0.59,11,0.6262996941896014,"[0.645, 0.627, 0.662]","[0.591, 0.573, 0.607]",,UNRESOLVED,0.6823425022182786,0.08163265306122448,0.23513753327417924,1.0,UNRESOLVED,W-I/out/traj_42716814.json,offsets[9].r,12:sub_chance,reader=?;phase=int
V0429,WI,4271681452d29aee,RELAY,site_all,o10,10,0.63,0.5767,0.4545,0.4162,0.4915,CHANCE,,INDETERMINATE,INDETERMINATE,0.59,11,-0.47094801223241556,"[0.645, 0.627, 0.662]","[0.432, 0.414, 0.449]",,UNRESOLVED,0.7302573203194321,0.0771960958296362,0.19254658385093168,1.0,UNRESOLVED,W-I/out/traj_42716814.json,offsets[10].site_all,13:reader,reader=?;phase=int
V0430,WI,4271681452d29aee,RELAY,channel_all,o10,10,0.63,0.5767,0.5156,0.4744,0.5597,CHANCE,,INDETERMINATE,INDETERMINATE,0.59,11,0.47094801223241556,"[0.645, 0.627, 0.662]","[0.568, 0.551, 0.586]",,UNRESOLVED,0.7302573203194321,0.0771960958296362,0.19254658385093168,1.0,UNRESOLVED,W-I/out/traj_42716814.json,offsets[10].channel_all,13:reader,reader=?;phase=int
V0431,WI,4271681452d29aee,RELAY,S,o10,10,0.63,0.5767,0.4872,0.4389,0.5313,CHANCE,,CHANCE_REL,CHANCE_REL,0.59,11,-0.20795107033639185,"[0.645, 0.627, 0.662]","[0.47, 0.453, 0.487]",,UNRESOLVED,0.7302573203194321,0.0771960958296362,0.19254658385093168,1.0,UNRESOLVED,W-I/out/traj_42716814.json,offsets[10].S,13:sub_chance,reader=?;phase=int
V0432,WI,4271681452d29aee,RELAY,channel_count,o10,10,0.63,0.5767,0.5156,0.4744,0.5597,CHANCE,,INDETERMINATE,INDETERMINATE,0.59,11,0.47094801223241556,"[0.645, 0.627, 0.662]","[0.568, 0.551, 0.586]",,UNRESOLVED,0.7302573203194321,0.0771960958296362,0.19254658385093168,1.0,UNRESOLVED,W-I/out/traj_42716814.json,offsets[10].channel_count,13:sub_chance,reader=?;phase=int
V0433,WI,4271681452d29aee,RELAY,r,o10,10,0.63,0.5767,0.5483,0.5128,0.5838,NO-EFFECT,,NO_EFFECT_REL,NO_EFFECT_REL,0.59,11,0.72354740061162,"[0.645, 0.627, 0.662]","[0.605, 0.586, 0.623]",,UNRESOLVED,0.7302573203194321,0.0771960958296362,0.19254658385093168,1.0,UNRESOLVED,W-I/out/traj_42716814.json,offsets[10].r,13:sub_chance,reader=?;phase=int
V0434,WI,4271681452d29aee,RELAY,site_all,o11,11,0.63,0.5767,0.4474,0.4105,0.483,CHANCE,,INDETERMINATE,INDETERMINATE,0.59,11,-0.5798165137614679,"[0.645, 0.627, 0.662]","[0.416, 0.4, 0.434]",,UNRESOLVED,0.7879325643300799,0.05856255545696539,0.15350488021295475,1.0,SITE,W-I/out/traj_42716814.json,offsets[11].site_all,14:reader,reader=?;phase=int
V0435,WI,4271681452d29aee,RELAY,channel_all,o11,11,0.63,0.5767,0.5526,0.5156,0.5909,CHANCE,,INDETERMINATE,INDETERMINATE,0.59,11,0.5798165137614671,"[0.645, 0.627, 0.662]","[0.584, 0.566, 0.6]",,UNRESOLVED,0.7879325643300799,0.05856255545696539,0.15350488021295475,1.0,SITE,W-I/out/traj_42716814.json,offsets[11].channel_all,14:reader,reader=?;phase=int
V0436,WI,4271681452d29aee,RELAY,S,o11,11,0.63,0.5767,0.4609,0.4219,0.4957,CHANCE,,CHANCE_REL,CHANCE_REL,0.59,11,-0.36391437308868496,"[0.645, 0.627, 0.662]","[0.447, 0.429, 0.465]",,UNRESOLVED,0.7879325643300799,0.05856255545696539,0.15350488021295475,1.0,SITE,W-I/out/traj_42716814.json,offsets[11].S,14:sub_chance,reader=?;phase=int
V0437,WI,4271681452d29aee,RELAY,channel_count,o11,11,0.63,0.5767,0.5526,0.5156,0.5909,CHANCE,,INDETERMINATE,INDETERMINATE,0.59,11,0.5798165137614671,"[0.645, 0.627, 0.662]","[0.584, 0.566, 0.6]",,UNRESOLVED,0.7879325643300799,0.05856255545696539,0.15350488021295475,1.0,SITE,W-I/out/traj_42716814.json,offsets[11].channel_count,14:sub_chance,reader=?;phase=int
V0438,WI,4271681452d29aee,RELAY,r,o11,11,0.63,0.5767,0.5554,0.5156,0.598,NO-EFFECT,,NO_EFFECT_REL,NO_EFFECT_REL,0.59,11,0.759633027522935,"[0.645, 0.627, 0.662]","[0.61, 0.593, 0.629]",,UNRESOLVED,0.7879325643300799,0.05856255545696539,0.15350488021295475,1.0,SITE,W-I/out/traj_42716814.json,offsets[11].r,14:sub_chance,reader=?;phase=int
V0439,WI,4271681452d29aee,RELAY,site_all,o12,12,0.63,0.5767,0.4077,0.3636,0.4474,CHANCE,,FLIP_REL,FLIP_REL,0.59,11,-0.710091743119266,"[0.645, 0.627, 0.662]","[0.397, 0.38, 0.415]",,SITE,0.8518189884649512,0.04081632653061224,0.10736468500443656,1.0,SITE,W-I/out/traj_42716814.json,offsets[12].site_all,15:reader,reader=?;phase=int
V0440,WI,4271681452d29aee,RELAY,S,o12,12,0.63,0.5767,0.4545,0.4133,0.4943,CHANCE,,INDETERMINATE,INDETERMINATE,0.59,11,-0.5168195718654434,"[0.645, 0.627, 0.662]","[0.425, 0.408, 0.444]",,SITE,0.8518189884649512,0.04081632653061224,0.10736468500443656,1.0,SITE,W-I/out/traj_42716814.json,offsets[12].S,15:sub_chance,reader=?;phase=int
V0441,WI,4271681452d29aee,RELAY,site_all,o13,13,0.63,0.5767,0.4126,0.3679,0.4645,FLIP,,FLIP_REL,FLIP_REL,0.59,11,-0.8452599388379202,"[0.645, 0.627, 0.662]","[0.377, 0.36, 0.396]",,SITE,0.9210292812777284,0.02129547471162378,0.05767524401064774,1.0,SITE,W-I/out/traj_42716814.json,offsets[13].site_all,16:reader,reader=?;phase=int
V0442,WI,4271681452d29aee,RELAY,S,o13,13,0.63,0.5767,0.4048,0.3665,0.4403,CHANCE,,FLIP_REL,FLIP_REL,0.59,11,-0.6966360856269109,"[0.645, 0.627, 0.662]","[0.399, 0.382, 0.417]",,SITE,0.9210292812777284,0.02129547471162378,0.05767524401064774,1.0,SITE,W-I/out/traj_42716814.json,offsets[13].S,16:sub_chance,reader=?;phase=int
V0443,WI,4271681452d29aee,RELAY,site_all,o14,14,0.63,0.5767,0.3977,0.3608,0.4375,FLIP,,FLIP_REL,FLIP_REL,0.59,11,-0.9938837920489291,"[0.645, 0.627, 0.662]","[0.356, 0.339, 0.374]",,SITE,0.9982253771073647,0.0,0.001774622892635315,1.0,SITE,W-I/out/traj_42716814.json,offsets[14].site_all,17:reader,reader=?;phase=int
V0444,WI,4271681452d29aee,RELAY,channel_all,o14,14,0.63,0.5767,0.5554,0.5142,0.5938,NO-EFFECT,,NO_EFFECT_REL,NO_EFFECT_REL,0.59,11,0.9938837920489291,"[0.645, 0.627, 0.662]","[0.644, 0.626, 0.661]",,SITE,0.9982253771073647,0.0,0.001774622892635315,1.0,SITE,W-I/out/traj_42716814.json,offsets[14].channel_all,17:reader,reader=?;phase=int
V0445,WI,4271681452d29aee,RELAY,S,o14,14,0.63,0.5767,0.4261,0.3892,0.4588,FLIP,,FLIP_REL,FLIP_REL,0.59,11,-0.8703363914373087,"[0.645, 0.627, 0.662]","[0.374, 0.356, 0.392]",,SITE,0.9982253771073647,0.0,0.001774622892635315,1.0,SITE,W-I/out/traj_42716814.json,offsets[14].S,17:sub_chance,reader=?;phase=int
V0446,WI,4271681452d29aee,RELAY,channel_count,o14,14,0.63,0.5767,0.5554,0.5142,0.5938,NO-EFFECT,,NO_EFFECT_REL,NO_EFFECT_REL,0.59,11,0.9938837920489291,"[0.645, 0.627, 0.662]","[0.644, 0.626, 0.661]",,SITE,0.9982253771073647,0.0,0.001774622892635315,1.0,SITE,W-I/out/traj_42716814.json,offsets[14].channel_count,17:sub_chance,reader=?;phase=int
V0447,WI,4271681452d29aee,RELAY,site_all,o15,15,0.63,0.5767,0.4162,0.375,0.4545,FLIP,,FLIP_REL,FLIP_REL,0.59,11,-0.9999999999999992,"[0.645, 0.627, 0.662]","[0.355, 0.338, 0.373]",,SITE,1.0,0.0,0.0,1.0,SITE,W-I/out/traj_42716814.json,offsets[15].site_all,18:reader,reader=?;phase=int
V0448,WI,4271681452d29aee,RELAY,channel_all,o15,15,0.63,0.5767,0.5582,0.5213,0.598,NO-EFFECT,,NO_EFFECT_REL,NO_EFFECT_REL,0.59,11,1.0,"[0.645, 0.627, 0.662]","[0.645, 0.627, 0.662]",,SITE,1.0,0.0,0.0,1.0,SITE,W-I/out/traj_42716814.json,offsets[15].channel_all,18:reader,reader=?;phase=int
V0449,WI,4271681452d29aee,RELAY,S,o15,15,0.63,0.5767,0.4205,0.3736,0.4645,FLIP,,FLIP_REL,FLIP_REL,0.59,11,-1.0024464831804274,"[0.645, 0.627, 0.662]","[0.354, 0.338, 0.372]",,SITE,1.0,0.0,0.0,1.0,SITE,W-I/out/traj_42716814.json,offsets[15].S,18:sub_chance,reader=?;phase=int
V0450,WI,4271681452d29aee,RELAY,channel_count,o15,15,0.63,0.5767,0.5582,0.5213,0.598,NO-EFFECT,,NO_EFFECT_REL,NO_EFFECT_REL,0.59,11,1.0,"[0.645, 0.627, 0.662]","[0.645, 0.627, 0.662]",,SITE,1.0,0.0,0.0,1.0,SITE,W-I/out/traj_42716814.json,offsets[15].channel_count,18:sub_chance,reader=?;phase=int
V0451,WI,4316f167de9424be,RELAY,site_all,o0,0,0.821,0.7869,0.5852,0.5568,0.6136,CHANCE,,CHANCE_REL,CHANCE_REL,0.59,11,0.2805089647194912,"[0.807, 0.796, 0.819]","[0.586, 0.575, 0.597]",,IDENTITY-BROKEN,0.3597455176402545,0.0,0.0,0.3597455176402545,IDENTITY-BROKEN,W-I/out/traj_4316f167.json,offsets[0].site_all,3:reader,reader=X;phase=cue
V0452,WI,4316f167de9424be,RELAY,joint,o0,0,0.821,0.7869,0.5852,0.5568,0.6136,CHANCE,,CHANCE_REL,CHANCE_REL,0.59,11,0.2805089647194912,"[0.807, 0.796, 0.819]","[0.586, 0.575, 0.597]",,IDENTITY-BROKEN,0.3597455176402545,0.0,0.0,0.3597455176402545,IDENTITY-BROKEN,W-I/out/traj_4316f167.json,offsets[0].joint,3:reader,reader=X;phase=cue
V0453,WI,4316f167de9424be,RELAY,S,o0,0,0.821,0.7869,0.5852,0.5568,0.6136,CHANCE,,CHANCE_REL,CHANCE_REL,0.59,11,0.2805089647194912,"[0.807, 0.796, 0.819]","[0.586, 0.575, 0.597]",,IDENTITY-BROKEN,0.3597455176402545,0.0,0.0,0.3597455176402545,IDENTITY-BROKEN,W-I/out/traj_4316f167.json,offsets[0].S,3:sub_chance,reader=X;phase=cue
V0454,WI,4316f167de9424be,RELAY,site_all,o1,1,0.821,0.7869,0.3878,0.348,0.4247,CHANCE,,CHANCE_REL,CHANCE_REL,0.59,11,-0.3799884326200117,"[0.807, 0.796, 0.819]","[0.383, 0.367, 0.401]",,MIXTURE,0.6766917293233082,0.2967032967032967,0.026604973973395025,1.0,MIXTURE,W-I/out/traj_4316f167.json,offsets[1].site_all,4:reader,reader=M;phase=int
V0455,WI,4316f167de9424be,RELAY,channel_all,o1,1,0.821,0.7869,0.6122,0.5753,0.652,CHANCE,,CHANCE_REL,CHANCE_REL,0.59,11,0.3799884326200117,"[0.807, 0.796, 0.819]","[0.617, 0.599, 0.633]",,MIXTURE,0.6766917293233082,0.2967032967032967,0.026604973973395025,1.0,MIXTURE,W-I/out/traj_4316f167.json,offsets[1].channel_all,4:reader,reader=M;phase=int
V0456,WI,4316f167de9424be,RELAY,S,o1,1,0.821,0.7869,0.3878,0.348,0.4247,CHANCE,,CHANCE_REL,CHANCE_REL,0.59,11,-0.3799884326200117,"[0.807, 0.796, 0.819]","[0.383, 0.367, 0.401]",,MIXTURE,0.6766917293233082,0.2967032967032967,0.026604973973395025,1.0,MIXTURE,W-I/out/traj_4316f167.json,offsets[1].S,4:sub_chance,reader=M;phase=int
V0457,WI,4316f167de9424be,RELAY,channel_content,o1,1,0.821,0.7869,0.6122,0.5753,0.652,CHANCE,,CHANCE_REL,CHANCE_REL,0.59,11,0.3799884326200117,"[0.807, 0.796, 0.819]","[0.617, 0.599, 0.633]",,MIXTURE,0.6766917293233082,0.2967032967032967,0.026604973973395025,1.0,MIXTURE,W-I/out/traj_4316f167.json,offsets[1].channel_content,4:sub_chance,reader=M;phase=int
V0458,WI,4316f167de9424be,RELAY,site_all,o2,2,0.821,0.7869,0.6236,0.5682,0.6776,CHANCE,,CHANCE_REL,CHANCE_REL,0.59,11,0.3395026026604975,"[0.807, 0.796, 0.819]","[0.604, 0.588, 0.622]",,MIXTURE,0.3169462116830538,0.6564488143435512,0.026604973973395025,1.0,MIXTURE,W-I/out/traj_4316f167.json,offsets[2].site_all,5:reader,reader=M;phase=int
V0459,WI,4316f167de9424be,RELAY,channel_all,o2,2,0.821,0.7869,0.3764,0.3224,0.4318,CHANCE,,CHANCE_REL,CHANCE_REL,0.59,11,-0.3395026026604975,"[0.807, 0.796, 0.819]","[0.396, 0.378, 0.412]",,MIXTURE,0.3169462116830538,0.6564488143435512,0.026604973973395025,1.0,MIXTURE,W-I/out/traj_4316f167.json,offsets[2].channel_all,5:reader,reader=M;phase=int
V0460,WI,4316f167de9424be,RELAY,S,o2,2,0.821,0.7869,0.6236,0.5682,0.6776,CHANCE,,CHANCE_REL,CHANCE_REL,0.59,11,0.3395026026604975,"[0.807, 0.796, 0.819]","[0.604, 0.588, 0.622]",,MIXTURE,0.3169462116830538,0.6564488143435512,0.026604973973395025,1.0,MIXTURE,W-I/out/traj_4316f167.json,offsets[2].S,5:sub_chance,reader=M;phase=int
V0461,WI,4316f167de9424be,RELAY,channel_content,o2,2,0.821,0.7869,0.3764,0.3224,0.4318,CHANCE,,CHANCE_REL,CHANCE_REL,0.59,11,-0.3395026026604975,"[0.807, 0.796, 0.819]","[0.396, 0.378, 0.412]",,MIXTURE,0.3169462116830538,0.6564488143435512,0.026604973973395025,1.0,MIXTURE,W-I/out/traj_4316f167.json,offsets[2].channel_content,5:sub_chance,reader=M;phase=int
V0462,WI,4316f167de9424be,RELAY,site_all,o6,6,0.821,0.7869,0.6122,0.5753,0.652,CHANCE,,CHANCE_REL,CHANCE_REL,0.59,11,0.3799884326200117,"[0.807, 0.796, 0.819]","[0.617, 0.599, 0.633]",,MIXTURE,0.2967032967032967,0.6766917293233082,0.026604973973395025,1.0,MIXTURE,W-I/out/traj_4316f167.json,offsets[6].site_all,9:reader,reader=M;phase=int
V0463,WI,4316f167de9424be,RELAY,channel_all,o6,6,0.821,0.7869,0.3878,0.348,0.4247,CHANCE,,CHANCE_REL,CHANCE_REL,0.59,11,-0.3799884326200117,"[0.807, 0.796, 0.819]","[0.383, 0.367, 0.401]",,MIXTURE,0.2967032967032967,0.6766917293233082,0.026604973973395025,1.0,MIXTURE,W-I/out/traj_4316f167.json,offsets[6].channel_all,9:reader,reader=M;phase=int
V0464,WI,4316f167de9424be,RELAY,inbox,o6,6,0.821,0.7869,0.6122,0.5753,0.652,CHANCE,,CHANCE_REL,CHANCE_REL,0.59,11,0.3799884326200117,"[0.807, 0.796, 0.819]","[0.617, 0.599, 0.633]",,MIXTURE,0.2967032967032967,0.6766917293233082,0.026604973973395025,1.0,MIXTURE,W-I/out/traj_4316f167.json,offsets[6].inbox,9:sub_chance,reader=M;phase=int
V0465,WI,4316f167de9424be,RELAY,channel_content,o6,6,0.821,0.7869,0.3878,0.348,0.4247,CHANCE,,CHANCE_REL,CHANCE_REL,0.59,11,-0.3799884326200117,"[0.807, 0.796, 0.819]","[0.383, 0.367, 0.401]",,MIXTURE,0.2967032967032967,0.6766917293233082,0.026604973973395025,1.0,MIXTURE,W-I/out/traj_4316f167.json,offsets[6].channel_content,9:sub_chance,reader=M;phase=int
V0466,WI,4316f167de9424be,RELAY,S,o7,7,0.821,0.7869,0.4148,0.3864,0.4432,CHANCE,,CHANCE_REL,CHANCE_REL,0.59,11,-0.2805089647194912,"[0.807, 0.796, 0.819]","[0.414, 0.403, 0.425]",,SITE,1.0,0.0,0.0,1.0,SITE,W-I/out/traj_4316f167.json,offsets[7].S,10:sub_chance,reader=S;phase=int
V0467,WI,4316f167de9424be,RELAY,inbox,o7,7,0.821,0.7869,0.5852,0.5568,0.6136,CHANCE,,CHANCE_REL,CHANCE_REL,0.59,11,0.2805089647194912,"[0.807, 0.796, 0.819]","[0.586, 0.575, 0.597]",,SITE,1.0,0.0,0.0,1.0,SITE,W-I/out/traj_4316f167.json,offsets[7].inbox,10:sub_chance,reader=S;phase=int
V0468,WI,4781b0a172b6dc3c,MAJ,site_all,o0,0,0.7699,0.723,0.5384,0.5014,0.5753,CHANCE,,CHANCE_REL,CHANCE_REL,0.59,11,0.25233644859813104,"[0.766, 0.748, 0.782]","[0.567, 0.551, 0.583]",,IDENTITY-BROKEN,0.3064159292035398,0.0038716814159292035,0.1338495575221239,0.44413716814159293,IDENTITY-BROKEN,W-I/out/traj_4781b0a1.json,offsets[0].site_all,3:reader,reader=X;phase=cue
V0469,WI,4781b0a172b6dc3c,MAJ,channel_all,o0,0,0.7699,0.723,0.7259,0.6719,0.7812,NO-EFFECT,,NO_EFFECT_REL,NO_EFFECT_REL,0.59,11,0.8624833110814422,"[0.766, 0.748, 0.782]","[0.729, 0.711, 0.746]",,IDENTITY-BROKEN,0.3064159292035398,0.0038716814159292035,0.1338495575221239,0.44413716814159293,IDENTITY-BROKEN,W-I/out/traj_4781b0a1.json,offsets[0].channel_all,3:reader,reader=X;phase=cue
V0470,WI,4781b0a172b6dc3c,MAJ,joint,o0,0,0.7699,0.723,0.4915,0.446,0.5327,CHANCE,,CHANCE_REL,CHANCE_REL,0.59,11,0.10614152202937284,"[0.766, 0.748, 0.782]","[0.528, 0.512, 0.544]",,IDENTITY-BROKEN,0.3064159292035398,0.0038716814159292035,0.1338495575221239,0.44413716814159293,IDENTITY-BROKEN,W-I/out/traj_4781b0a1.json,offsets[0].joint,3:reader,reader=X;phase=cue
V0471,WI,4781b0a172b6dc3c,MAJ,S,o0,0,0.7699,0.723,0.5384,0.5014,0.5753,CHANCE,,CHANCE_REL,CHANCE_REL,0.59,11,0.24966622162883856,"[0.766, 0.748, 0.782]","[0.566, 0.549, 0.582]",,IDENTITY-BROKEN,0.3064159292035398,0.0038716814159292035,0.1338495575221239,0.44413716814159293,IDENTITY-BROKEN,W-I/out/traj_4781b0a1.json,offsets[0].S,3:sub_chance,reader=X;phase=cue
V0472,WI,4781b0a172b6dc3c,MAJ,channel_content,o0,0,0.7699,0.723,0.7259,0.6719,0.7812,NO-EFFECT,,NO_EFFECT_REL,NO_EFFECT_REL,0.59,11,0.8624833110814422,"[0.766, 0.748, 0.782]","[0.729, 0.711, 0.746]",,IDENTITY-BROKEN,0.3064159292035398,0.0038716814159292035,0.1338495575221239,0.44413716814159293,IDENTITY-BROKEN,W-I/out/traj_4781b0a1.json,offsets[0].channel_content,3:sub_chance,reader=X;phase=cue
V0473,WI,4781b0a172b6dc3c,MAJ,channel_all,o1,1,0.7699,0.723,0.7031,0.6491,0.7614,CHANCE,,NO_EFFECT_REL,NO_EFFECT_REL,0.59,11,0.7970627503337788,"[0.766, 0.748, 0.782]","[0.712, 0.695, 0.728]",,UNRESOLVED,0.7638274336283186,0.007190265486725664,0.22898230088495575,1.0,UNRESOLVED,W-I/out/traj_4781b0a1.json,offsets[1].channel_all,4:reader,reader=S;phase=int
V0474,WI,4781b0a172b6dc3c,MAJ,channel_content,o1,1,0.7699,0.723,0.7031,0.6491,0.7614,CHANCE,,NO_EFFECT_REL,NO_EFFECT_REL,0.59,11,0.7970627503337788,"[0.766, 0.748, 0.782]","[0.712, 0.695, 0.728]",,UNRESOLVED,0.7638274336283186,0.007190265486725664,0.22898230088495575,1.0,UNRESOLVED,W-I/out/traj_4781b0a1.json,offsets[1].channel_content,4:sub_chance,reader=S;phase=int
V0475,WI,4781b0a172b6dc3c,MAJ,channel_all,o2,2,0.7699,0.723,0.6648,0.615,0.7202,CHANCE,,NO_EFFECT_REL,NO_EFFECT_REL,0.59,11,0.7429906542056078,"[0.766, 0.748, 0.782]","[0.698, 0.68, 0.714]",,UNRESOLVED,0.7190265486725663,0.008296460176991151,0.27267699115044247,1.0,UNRESOLVED,W-I/out/traj_4781b0a1.json,offsets[2].channel_all,5:reader,reader=S;phase=int
V0476,WI,4781b0a172b6dc3c,MAJ,channel_content,o2,2,0.7699,0.723,0.6648,0.615,0.7202,CHANCE,,NO_EFFECT_REL,NO_EFFECT_REL,0.59,11,0.7429906542056078,"[0.766, 0.748, 0.782]","[0.698, 0.68, 0.714]",,UNRESOLVED,0.7190265486725663,0.008296460176991151,0.27267699115044247,1.0,UNRESOLVED,W-I/out/traj_4781b0a1.json,offsets[2].channel_content,5:sub_chance,reader=S;phase=int
V0477,WI,4781b0a172b6dc3c,MAJ,channel_all,o3,3,0.7699,0.723,0.7031,0.6534,0.7543,CHANCE,,NO_EFFECT_REL,NO_EFFECT_REL,0.59,11,0.7603471295060085,"[0.766, 0.748, 0.782]","[0.702, 0.682, 0.718]",,UNRESOLVED,0.7184734513274337,0.006084070796460177,0.2754424778761062,1.0,UNRESOLVED,W-I/out/traj_4781b0a1.json,offsets[3].channel_all,6:reader,reader=S;phase=int
V0478,WI,4781b0a172b6dc3c,MAJ,channel_content,o3,3,0.7699,0.723,0.7031,0.6534,0.7543,CHANCE,,NO_EFFECT_REL,NO_EFFECT_REL,0.59,11,0.7603471295060085,"[0.766, 0.748, 0.782]","[0.702, 0.682, 0.718]",,UNRESOLVED,0.7184734513274337,0.006084070796460177,0.2754424778761062,1.0,UNRESOLVED,W-I/out/traj_4781b0a1.json,offsets[3].channel_content,6:sub_chance,reader=S;phase=int
V0479,WI,4781b0a172b6dc3c,MAJ,channel_all,o4,4,0.7699,0.723,0.6477,0.6108,0.6861,CHANCE,,NO_EFFECT_REL,NO_EFFECT_REL,0.59,11,0.6481975967957277,"[0.766, 0.748, 0.782]","[0.672, 0.656, 0.687]",,UNRESOLVED,0.6111725663716814,0.007190265486725664,0.38163716814159293,1.0,UNRESOLVED,W-I/out/traj_4781b0a1.json,offsets[4].channel_all,7:reader,reader=S;phase=int
V0480,WI,4781b0a172b6dc3c,MAJ,S,o4,4,0.7699,0.723,0.4176,0.3736,0.456,FLIP,,INDETERMINATE,INDETERMINATE,0.59,11,-0.4699599465954608,"[0.766, 0.748, 0.782]","[0.375, 0.36, 0.391]",,UNRESOLVED,0.6111725663716814,0.007190265486725664,0.38163716814159293,1.0,UNRESOLVED,W-I/out/traj_4781b0a1.json,offsets[4].S,7:sub_chance,reader=S;phase=int
V0481,WI,4781b0a172b6dc3c,MAJ,channel_content,o4,4,0.7699,0.723,0.6477,0.6108,0.6861,CHANCE,,NO_EFFECT_REL,NO_EFFECT_REL,0.59,11,0.6481975967957277,"[0.766, 0.748, 0.782]","[0.672, 0.656, 0.687]",,UNRESOLVED,0.6111725663716814,0.007190265486725664,0.38163716814159293,1.0,UNRESOLVED,W-I/out/traj_4781b0a1.json,offsets[4].channel_content,7:sub_chance,reader=S;phase=int
V0482,WI,4781b0a172b6dc3c,MAJ,site_all,o5,5,0.7699,0.723,0.3835,0.3466,0.4148,FLIP,,INDETERMINATE,INDETERMINATE,0.59,11,-0.4572763684913222,"[0.766, 0.748, 0.782]","[0.378, 0.363, 0.394]",,UNRESOLVED,0.4745575221238938,0.06084070796460177,0.4646017699115044,1.0,UNRESOLVED,W-I/out/traj_4781b0a1.json,offsets[5].site_all,8:reader,reader=J;phase=int
V0483,WI,4781b0a172b6dc3c,MAJ,channel_all,o5,5,0.7699,0.723,0.6278,0.5923,0.6705,CHANCE,,INDETERMINATE,INDETERMINATE,0.59,11,0.4572763684913222,"[0.766, 0.748, 0.782]","[0.622, 0.606, 0.637]",,UNRESOLVED,0.4745575221238938,0.06084070796460177,0.4646017699115044,1.0,UNRESOLVED,W-I/out/traj_4781b0a1.json,offsets[5].channel_all,8:reader,reader=J;phase=int
V0484,WI,4781b0a172b6dc3c,MAJ,S,o5,5,0.7699,0.723,0.4901,0.4588,0.5213,CHANCE,,CHANCE_REL,CHANCE_REL,0.59,11,-0.21094793057409883,"[0.766, 0.748, 0.782]","[0.444, 0.429, 0.458]",,UNRESOLVED,0.4745575221238938,0.06084070796460177,0.4646017699115044,1.0,UNRESOLVED,W-I/out/traj_4781b0a1.json,offsets[5].S,8:sub_chance,reader=J;phase=int
V0485,WI,4781b0a172b6dc3c,MAJ,channel_content,o5,5,0.7699,0.723,0.6278,0.5923,0.6705,CHANCE,,INDETERMINATE,INDETERMINATE,0.59,11,0.4572763684913222,"[0.766, 0.748, 0.782]","[0.622, 0.606, 0.637]",,UNRESOLVED,0.4745575221238938,0.06084070796460177,0.4646017699115044,1.0,UNRESOLVED,W-I/out/traj_4781b0a1.json,offsets[5].channel_content,8:sub_chance,reader=J;phase=int
V0486,WI,4781b0a172b6dc3c,MAJ,site_all,o6,6,0.7699,0.723,0.4233,0.3764,0.4673,CHANCE,,CHANCE_REL,CHANCE_REL,0.59,11,-0.3491321762349802,"[0.766, 0.748, 0.782]","[0.407, 0.393, 0.422]",,NEITHER,0.3932522123893805,0.07577433628318585,0.5309734513274337,1.0,NEITHER,W-I/out/traj_4781b0a1.json,offsets[6].site_all,9:reader,reader=J;phase=int
V0487,WI,4781b0a172b6dc3c,MAJ,channel_all,o6,6,0.7699,0.723,0.5866,0.5398,0.6321,CHANCE,,CHANCE_REL,CHANCE_REL,0.59,11,0.34913217623497983,"[0.766, 0.748, 0.782]","[0.593, 0.578, 0.607]",,NEITHER,0.3932522123893805,0.07577433628318585,0.5309734513274337,1.0,NEITHER,W-I/out/traj_4781b0a1.json,offsets[6].channel_all,9:reader,reader=J;phase=int
V0488,WI,4781b0a172b6dc3c,MAJ,S,o6,6,0.7699,0.723,0.5256,0.4886,0.5597,CHANCE,,CHANCE_REL,CHANCE_REL,0.59,11,-0.0707610146862487,"[0.766, 0.748, 0.782]","[0.481, 0.468, 0.495]",,NEITHER,0.3932522123893805,0.07577433628318585,0.5309734513274337,1.0,NEITHER,W-I/out/traj_4781b0a1.json,offsets[6].S,9:sub_chance,reader=J;phase=int
V0489,WI,4781b0a172b6dc3c,MAJ,channel_content,o6,6,0.7699,0.723,0.5866,0.5398,0.6321,CHANCE,,CHANCE_REL,CHANCE_REL,0.59,11,0.34913217623497983,"[0.766, 0.748, 0.782]","[0.593, 0.578, 0.607]",,NEITHER,0.3932522123893805,0.07577433628318585,0.5309734513274337,1.0,NEITHER,W-I/out/traj_4781b0a1.json,offsets[6].channel_content,9:sub_chance,reader=J;phase=int
V0490,WI,4781b0a172b6dc3c,MAJ,site_all,o7,7,0.7699,0.723,0.4261,0.3892,0.4659,CHANCE,,CHANCE_REL,CHANCE_REL,0.59,11,-0.2022696929238987,"[0.766, 0.748, 0.782]","[0.446, 0.431, 0.462]",,UNRESOLVED,0.34236725663716816,0.1786504424778761,0.47898230088495575,1.0,UNRESOLVED,W-I/out/traj_4781b0a1.json,offsets[7].site_all,10:reader,reader=J;phase=int
V0491,WI,4781b0a172b6dc3c,MAJ,channel_all,o7,7,0.7699,0.723,0.5852,0.5398,0.6278,CHANCE,,CHANCE_REL,CHANCE_REL,0.59,11,0.2022696929238983,"[0.766, 0.748, 0.782]","[0.554, 0.538, 0.569]",,UNRESOLVED,0.34236725663716816,0.1786504424778761,0.47898230088495575,1.0,UNRESOLVED,W-I/out/traj_4781b0a1.json,offsets[7].channel_all,10:reader,reader=J;phase=int
V0492,WI,4781b0a172b6dc3c,MAJ,S,o7,7,0.7699,0.723,0.5398,0.5028,0.5767,CHANCE,,CHANCE_REL,CHANCE_REL,0.59,11,0.13084112149532712,"[0.766, 0.748, 0.782]","[0.535, 0.521, 0.548]",,UNRESOLVED,0.34236725663716816,0.1786504424778761,0.47898230088495575,1.0,UNRESOLVED,W-I/out/traj_4781b0a1.json,offsets[7].S,10:sub_chance,reader=J;phase=int
V0493,WI,4781b0a172b6dc3c,MAJ,channel_content,o7,7,0.7699,0.723,0.5852,0.5398,0.6278,CHANCE,,CHANCE_REL,CHANCE_REL,0.59,11,0.2022696929238983,"[0.766, 0.748, 0.782]","[0.554, 0.538, 0.569]",,UNRESOLVED,0.34236725663716816,0.1786504424778761,0.47898230088495575,1.0,UNRESOLVED,W-I/out/traj_4781b0a1.json,offsets[7].channel_content,10:sub_chance,reader=J;phase=int
V0494,WI,4781b0a172b6dc3c,MAJ,site_all,o8,8,0.7699,0.723,0.4844,0.4361,0.5284,CHANCE,,CHANCE_REL,CHANCE_REL,0.59,11,-0.08144192256341815,"[0.766, 0.748, 0.782]","[0.478, 0.463, 0.493]",,UNRESOLVED,0.28982300884955753,0.2129424778761062,0.49723451327433627,1.0,UNRESOLVED,W-I/out/traj_4781b0a1.json,offsets[8].site_all,11:reader,reader=J;phase=int
V0495,WI,4781b0a172b6dc3c,MAJ,channel_all,o8,8,0.7699,0.723,0.517,0.473,0.5653,CHANCE,,CHANCE_REL,CHANCE_REL,0.59,11,0.08144192256341815,"[0.766, 0.748, 0.782]","[0.522, 0.507, 0.537]",,UNRESOLVED,0.28982300884955753,0.2129424778761062,0.49723451327433627,1.0,UNRESOLVED,W-I/out/traj_4781b0a1.json,offsets[8].channel_all,11:reader,reader=J;phase=int
V0496,WI,4781b0a172b6dc3c,MAJ,S,o8,8,0.7699,0.723,0.571,0.5312,0.6094,CHANCE,,CHANCE_REL,CHANCE_REL,0.59,11,0.2723631508678241,"[0.766, 0.748, 0.782]","[0.572, 0.558, 0.587]",,UNRESOLVED,0.28982300884955753,0.2129424778761062,0.49723451327433627,1.0,UNRESOLVED,W-I/out/traj_4781b0a1.json,offsets[8].S,11:sub_chance,reader=J;phase=int
V0497,WI,4781b0a172b6dc3c,MAJ,channel_content,o8,8,0.7699,0.723,0.517,0.473,0.5653,CHANCE,,CHANCE_REL,CHANCE_REL,0.59,11,0.08144192256341815,"[0.766, 0.748, 0.782]","[0.522, 0.507, 0.537]",,UNRESOLVED,0.28982300884955753,0.2129424778761062,0.49723451327433627,1.0,UNRESOLVED,W-I/out/traj_4781b0a1.json,offsets[8].channel_content,11:sub_chance,reader=J;phase=int
V0498,WI,4781b0a172b6dc3c,MAJ,site_all,o9,9,0.7699,0.723,0.5241,0.483,0.5696,CHANCE,,CHANCE_REL,CHANCE_REL,0.59,11,0.18291054739652854,"[0.766, 0.748, 0.782]","[0.549, 0.531, 0.566]",,UNRESOLVED,0.22013274336283187,0.3938053097345133,0.3860619469026549,1.0,UNRESOLVED,W-I/out/traj_4781b0a1.json,offsets[9].site_all,12:reader,reader=J;phase=int
V0499,WI,4781b0a172b6dc3c,MAJ,channel_all,o9,9,0.7699,0.723,0.4759,0.4318,0.517,CHANCE,,CHANCE_REL,CHANCE_REL,0.59,11,-0.18291054739652896,"[0.766, 0.748, 0.782]","[0.451, 0.434, 0.469]",,UNRESOLVED,0.22013274336283187,0.3938053097345133,0.3860619469026549,1.0,UNRESOLVED,W-I/out/traj_4781b0a1.json,offsets[9].channel_all,12:reader,reader=J;phase=int
V0500,WI,4781b0a172b6dc3c,MAJ,S,o9,9,0.7699,0.723,0.6264,0.5852,0.6648,CHANCE,,INDETERMINATE,INDETERMINATE,0.59,11,0.4986648865153538,"[0.766, 0.748, 0.782]","[0.633, 0.617, 0.649]",,UNRESOLVED,0.22013274336283187,0.3938053097345133,0.3860619469026549,1.0,UNRESOLVED,W-I/out/traj_4781b0a1.json,offsets[9].S,12:sub_chance,reader=J;phase=int
V0501,WI,4781b0a172b6dc3c,MAJ,channel_content,o9,9,0.7699,0.723,0.4759,0.4318,0.517,CHANCE,,CHANCE_REL,CHANCE_REL,0.59,11,-0.18291054739652896,"[0.766, 0.748, 0.782]","[0.451, 0.434, 0.469]",,UNRESOLVED,0.22013274336283187,0.3938053097345133,0.3860619469026549,1.0,UNRESOLVED,W-I/out/traj_4781b0a1.json,offsets[9].channel_content,12:sub_chance,reader=J;phase=int
V0502,WI,4781b0a172b6dc3c,MAJ,site_all,o10,10,0.7699,0.723,0.5582,0.5156,0.5952,CHANCE,,CHANCE_REL,CHANCE_REL,0.59,11,0.19626168224299087,"[0.766, 0.748, 0.782]","[0.552, 0.536, 0.567]",,UNRESOLVED,0.1836283185840708,0.3528761061946903,0.46349557522123896,1.0,UNRESOLVED,W-I/out/traj_4781b0a1.json,offsets[10].site_all,13:reader,reader=J;phase=int
V0503,WI,4781b0a172b6dc3c,MAJ,channel_all,o10,10,0.7699,0.723,0.4403,0.4034,0.4773,CHANCE,,CHANCE_REL,CHANCE_REL,0.59,11,-0.19626168224299087,"[0.766, 0.748, 0.782]","[0.448, 0.433, 0.464]",,UNRESOLVED,0.1836283185840708,0.3528761061946903,0.46349557522123896,1.0,UNRESOLVED,W-I/out/traj_4781b0a1.json,offsets[10].channel_all,13:reader,reader=J;phase=int
V0504,WI,4781b0a172b6dc3c,MAJ,S,o10,10,0.7699,0.723,0.6648,0.6193,0.7145,CHANCE,,NO_EFFECT_REL,NO_EFFECT_REL,0.59,11,0.6395193591455278,"[0.766, 0.748, 0.782]","[0.67, 0.653, 0.686]",,UNRESOLVED,0.1836283185840708,0.3528761061946903,0.46349557522123896,1.0,UNRESOLVED,W-I/out/traj_4781b0a1.json,offsets[10].S,13:sub_chance,reader=J;phase=int
V0505,WI,4781b0a172b6dc3c,MAJ,channel_content,o10,10,0.7699,0.723,0.4403,0.4034,0.4773,CHANCE,,CHANCE_REL,CHANCE_REL,0.59,11,-0.19626168224299087,"[0.766, 0.748, 0.782]","[0.448, 0.433, 0.464]",,UNRESOLVED,0.1836283185840708,0.3528761061946903,0.46349557522123896,1.0,UNRESOLVED,W-I/out/traj_4781b0a1.json,offsets[10].channel_content,13:sub_chance,reader=J;phase=int
V0506,WI,4781b0a172b6dc3c,MAJ,site_all,o11,11,0.7699,0.723,0.6151,0.5696,0.6648,CHANCE,,INDETERMINATE,INDETERMINATE,0.59,11,0.47329773030707617,"[0.766, 0.748, 0.782]","[0.626, 0.609, 0.643]",,UNRESOLVED,0.15984513274336284,0.6012168141592921,0.23893805309734514,1.0,MIXTURE,W-I/out/traj_4781b0a1.json,offsets[11].site_all,14:reader,reader=M;phase=int
V0507,WI,4781b0a172b6dc3c,MAJ,channel_all,o11,11,0.7699,0.723,0.3864,0.3352,0.4332,FLIP,,INDETERMINATE,INDETERMINATE,0.59,11,-0.4732977303070764,"[0.766, 0.748, 0.782]","[0.374, 0.357, 0.391]",,UNRESOLVED,0.15984513274336284,0.6012168141592921,0.23893805309734514,1.0,MIXTURE,W-I/out/traj_4781b0a1.json,offsets[11].channel_all,14:reader,reader=M;phase=int
V0508,WI,4781b0a172b6dc3c,MAJ,channel_content,o11,11,0.7699,0.723,0.3864,0.3352,0.4332,FLIP,,INDETERMINATE,INDETERMINATE,0.59,11,-0.4732977303070764,"[0.766, 0.748, 0.782]","[0.374, 0.357, 0.391]",,UNRESOLVED,0.15984513274336284,0.6012168141592921,0.23893805309734514,1.0,MIXTURE,W-I/out/traj_4781b0a1.json,offsets[11].channel_content,14:sub_chance,reader=M;phase=int
V0509,WI,4781b0a172b6dc3c,MAJ,site_all,o14,14,0.7699,0.723,0.6307,0.5909,0.6705,CHANCE,,CHANCE_REL,CHANCE_REL,0.59,11,0.4439252336448603,"[0.766, 0.748, 0.782]","[0.618, 0.604, 0.632]",,UNRESOLVED,0.11061946902654868,0.540929203539823,0.34845132743362833,1.0,UNRESOLVED,W-I/out/traj_4781b0a1.json,offsets[14].site_all,17:reader,reader=J;phase=int
V0510,WI,4781b0a172b6dc3c,MAJ,channel_all,o14,14,0.7699,0.723,0.3722,0.3324,0.4119,FLIP,,CHANCE_REL,CHANCE_REL,0.59,11,-0.4439252336448601,"[0.766, 0.748, 0.782]","[0.382, 0.368, 0.396]",,UNRESOLVED,0.11061946902654868,0.540929203539823,0.34845132743362833,1.0,UNRESOLVED,W-I/out/traj_4781b0a1.json,offsets[14].channel_all,17:reader,reader=J;phase=int
V0511,WI,4781b0a172b6dc3c,MAJ,inbox,o14,14,0.7699,0.723,0.6264,0.5852,0.6648,CHANCE,,CHANCE_REL,CHANCE_REL,0.59,11,0.4439252336448603,"[0.766, 0.748, 0.782]","[0.618, 0.604, 0.632]",,UNRESOLVED,0.11061946902654868,0.540929203539823,0.34845132743362833,1.0,UNRESOLVED,W-I/out/traj_4781b0a1.json,offsets[14].inbox,17:sub_chance,reader=J;phase=int
V0512,WI,4781b0a172b6dc3c,MAJ,channel_content,o14,14,0.7699,0.723,0.3722,0.3324,0.4119,FLIP,,CHANCE_REL,CHANCE_REL,0.59,11,-0.4439252336448601,"[0.766, 0.748, 0.782]","[0.382, 0.368, 0.396]",,UNRESOLVED,0.11061946902654868,0.540929203539823,0.34845132743362833,1.0,UNRESOLVED,W-I/out/traj_4781b0a1.json,offsets[14].channel_content,17:sub_chance,reader=J;phase=int
V0513,WI,4781b0a172b6dc3c,MAJ,site_all,o15,15,0.7699,0.723,0.3622,0.3182,0.4077,FLIP,,FLIP_REL,FLIP_REL,0.59,11,-0.5620827770360484,"[0.766, 0.748, 0.782]","[0.35, 0.335, 0.364]",,UNRESOLVED,0.6404867256637168,0.06913716814159292,0.2903761061946903,1.0,UNRESOLVED,W-I/out/traj_4781b0a1.json,offsets[15].site_all,18:reader,reader=J;phase=int
V0514,WI,4781b0a172b6dc3c,MAJ,channel_all,o15,15,0.7699,0.723,0.6378,0.5966,0.679,CHANCE,,NO_EFFECT_REL,NO_EFFECT_REL,0.59,11,0.5620827770360479,"[0.766, 0.748, 0.782]","[0.65, 0.636, 0.665]",,UNRESOLVED,0.6404867256637168,0.06913716814159292,0.2903761061946903,1.0,UNRESOLVED,W-I/out/traj_4781b0a1.json,offsets[15].channel_all,18:reader,reader=J;phase=int
V0515,WI,4781b0a172b6dc3c,MAJ,S,o15,15,0.7699,0.723,0.5071,0.4631,0.5511,CHANCE,,CHANCE_REL,CHANCE_REL,0.59,11,-0.11481975967957295,"[0.766, 0.748, 0.782]","[0.469, 0.453, 0.485]",,UNRESOLVED,0.6404867256637168,0.06913716814159292,0.2903761061946903,1.0,UNRESOLVED,W-I/out/traj_4781b0a1.json,offsets[15].S,18:sub_chance,reader=J;phase=int
V0516,WI,4781b0a172b6dc3c,MAJ,inbox,o15,15,0.7699,0.723,0.6293,0.5824,0.6761,CHANCE,,NO_EFFECT_REL,NO_EFFECT_REL,0.59,11,0.5527369826435248,"[0.766, 0.748, 0.782]","[0.647, 0.631, 0.663]",,UNRESOLVED,0.6404867256637168,0.06913716814159292,0.2903761061946903,1.0,UNRESOLVED,W-I/out/traj_4781b0a1.json,offsets[15].inbox,18:sub_chance,reader=J;phase=int
V0517,WI,4781b0a172b6dc3c,MAJ,channel_content,o15,15,0.7699,0.723,0.6378,0.5966,0.679,CHANCE,,NO_EFFECT_REL,NO_EFFECT_REL,0.59,11,0.5620827770360479,"[0.766, 0.748, 0.782]","[0.65, 0.636, 0.665]",,UNRESOLVED,0.6404867256637168,0.06913716814159292,0.2903761061946903,1.0,UNRESOLVED,W-I/out/traj_4781b0a1.json,offsets[15].channel_content,18:sub_chance,reader=J;phase=int
V0518,WI,4ab2ba014aac967e,HOLD,channel_all,o0,0,0.892,0.8622,0.6108,0.5753,0.6463,CHANCE,,CHANCE_REL,CHANCE_REL,0.59,11,0.3325672259250749,"[0.886, 0.872, 0.901]","[0.628, 0.614, 0.642]",,IDENTITY-BROKEN,0.0,0.29494035376388317,0.0,0.29494035376388317,IDENTITY-BROKEN,W-I/out/traj_4ab2ba01.json,offsets[0].channel_all,3:reader,reader=X;phase=cue
V0519,WI,4ab2ba014aac967e,HOLD,joint,o0,0,0.892,0.8622,0.6108,0.5753,0.6463,CHANCE,,CHANCE_REL,CHANCE_REL,0.59,11,0.3325672259250749,"[0.886, 0.872, 0.901]","[0.628, 0.614, 0.642]",,IDENTITY-BROKEN,0.0,0.29494035376388317,0.0,0.29494035376388317,IDENTITY-BROKEN,W-I/out/traj_4ab2ba01.json,offsets[0].joint,3:reader,reader=X;phase=cue
V0520,WI,4ab2ba014aac967e,HOLD,channel_content,o0,0,0.892,0.8622,0.6108,0.5753,0.6463,CHANCE,,CHANCE_REL,CHANCE_REL,0.59,11,0.3325672259250749,"[0.886, 0.872, 0.901]","[0.628, 0.614, 0.642]",,IDENTITY-BROKEN,0.0,0.29494035376388317,0.0,0.29494035376388317,IDENTITY-BROKEN,W-I/out/traj_4ab2ba01.json,offsets[0].channel_content,3:sub_chance,reader=X;phase=cue
V0521,WI,4ab2ba014aac967e,HOLD,site_all,o4,4,0.892,0.8622,0.7393,0.6889,0.7848,CHANCE,,INDETERMINATE,INDETERMINATE,0.59,11,0.5150540105722824,"[0.886, 0.872, 0.901]","[0.699, 0.678, 0.72]",,MIXTURE,0.20855614973262032,0.7733443027560675,0.011106540518305225,0.9983545865898807,MIXTURE,W-I/out/traj_4ab2ba01.json,offsets[4].site_all,7:reader,reader=C;phase=int
V0522,WI,4ab2ba014aac967e,HOLD,inbox,o4,4,0.892,0.8622,0.7393,0.6889,0.7848,CHANCE,,INDETERMINATE,INDETERMINATE,0.59,11,0.5150540105722824,"[0.886, 0.872, 0.901]","[0.699, 0.678, 0.72]",,MIXTURE,0.20855614973262032,0.7733443027560675,0.011106540518305225,0.9983545865898807,MIXTURE,W-I/out/traj_4ab2ba01.json,offsets[4].inbox,7:sub_chance,reader=C;phase=int
V0523,WI,4ab2ba014aac967e,HOLD,site_all,o5,5,0.892,0.8622,0.7741,0.7259,0.8196,CHANCE,,NO_EFFECT_REL,NO_EFFECT_REL,0.59,11,0.6492760284991955,"[0.886, 0.872, 0.901]","[0.751, 0.735, 0.767]",,CHANNEL,0.1921020156314274,0.8009049773755657,0.0024681201151789387,1.0,MIXTURE,W-I/out/traj_4ab2ba01.json,offsets[5].site_all,8:reader,reader=C;phase=int
V0524,WI,4ab2ba014aac967e,HOLD,inbox,o5,5,0.892,0.8622,0.7741,0.7259,0.8196,CHANCE,,NO_EFFECT_REL,NO_EFFECT_REL,0.59,11,0.6492760284991955,"[0.886, 0.872, 0.901]","[0.751, 0.735, 0.767]",,CHANNEL,0.1921020156314274,0.8009049773755657,0.0024681201151789387,1.0,MIXTURE,W-I/out/traj_4ab2ba01.json,offsets[5].inbox,8:sub_chance,reader=C;phase=int
V0525,WI,4ab2ba014aac967e,HOLD,site_all,o8,8,0.892,0.8622,0.7166,0.6776,0.7578,CHANCE,,NO_EFFECT_REL,NO_EFFECT_REL,0.59,11,0.5502183406113538,"[0.886, 0.872, 0.901]","[0.713, 0.691, 0.734]",,MIXTURE,0.19457013574660634,0.79062114356232,0.011106540518305225,1.0,CHANNEL,W-I/out/traj_4ab2ba01.json,offsets[8].site_all,11:reader,reader=C;phase=int
V0526,WI,4ab2ba014aac967e,HOLD,inbox,o8,8,0.892,0.8622,0.7166,0.6776,0.7578,CHANCE,,NO_EFFECT_REL,NO_EFFECT_REL,0.59,11,0.5502183406113538,"[0.886, 0.872, 0.901]","[0.713, 0.691, 0.734]",,MIXTURE,0.19457013574660634,0.79062114356232,0.011106540518305225,1.0,CHANNEL,W-I/out/traj_4ab2ba01.json,offsets[8].inbox,11:sub_chance,reader=C;phase=int
V0527,WI,4ab2ba014aac967e,HOLD,channel_all,o9,9,0.892,0.8622,0.7685,0.7145,0.8182,CHANCE,,NO_EFFECT_REL,NO_EFFECT_REL,0.59,11,0.6796138818662376,"[0.886, 0.872, 0.901]","[0.763, 0.745, 0.78]",,MIXTURE,0.7955573837926779,0.19786096256684493,0.0020567667626491155,1.0,MIXTURE,W-I/out/traj_4ab2ba01.json,offsets[9].channel_all,12:reader,reader=S;phase=int
V0528,WI,4ab2ba014aac967e,HOLD,S,o9,9,0.892,0.8622,0.392,0.3565,0.4304,FLIP,,CHANCE_REL,CHANCE_REL,0.59,11,-0.31831762813146425,"[0.886, 0.872, 0.901]","[0.377, 0.362, 0.392]",,MIXTURE,0.7955573837926779,0.19786096256684493,0.0020567667626491155,1.0,MIXTURE,W-I/out/traj_4ab2ba01.json,offsets[9].S,12:sub_chance,reader=S;phase=int
V0529,WI,4ab2ba014aac967e,HOLD,inbox,o9,9,0.892,0.8622,0.7315,0.679,0.7869,CHANCE,,NO_EFFECT_REL,NO_EFFECT_REL,0.59,11,0.6387037462652264,"[0.886, 0.872, 0.901]","[0.747, 0.73, 0.763]",,MIXTURE,0.7955573837926779,0.19786096256684493,0.0020567667626491155,1.0,MIXTURE,W-I/out/traj_4ab2ba01.json,offsets[9].inbox,12:sub_chance,reader=S;phase=int
V0530,WI,4ab2ba014aac967e,HOLD,channel_content,o9,9,0.892,0.8622,0.7685,0.7145,0.8182,CHANCE,,NO_EFFECT_REL,NO_EFFECT_REL,0.59,11,0.6796138818662376,"[0.886, 0.872, 0.901]","[0.763, 0.745, 0.78]",,MIXTURE,0.7955573837926779,0.19786096256684493,0.0020567667626491155,1.0,MIXTURE,W-I/out/traj_4ab2ba01.json,offsets[9].channel_content,12:sub_chance,reader=S;phase=int
V0531,WI,613162a306938de7,MAJ,site_all,o0,0,0.7244,0.6733,0.5341,0.4872,0.5852,CHANCE,,CHANCE_REL,CHANCE_REL,0.59,11,0.08183632734530882,"[0.722, 0.703, 0.743]","[0.518, 0.498, 0.538]",,IDENTITY-BROKEN,0.2743169398907104,0.0,0.00273224043715847,0.27704918032786885,IDENTITY-BROKEN,W-I/out/traj_613162a3.json,offsets[0].site_all,3:reader,reader=X;phase=cue
V0532,WI,613162a306938de7,MAJ,joint,o0,0,0.7244,0.6733,0.5341,0.4886,0.5852,CHANCE,,CHANCE_REL,CHANCE_REL,0.59,11,0.08502994011976002,"[0.722, 0.703, 0.743]","[0.519, 0.499, 0.539]",,IDENTITY-BROKEN,0.2743169398907104,0.0,0.00273224043715847,0.27704918032786885,IDENTITY-BROKEN,W-I/out/traj_613162a3.json,offsets[0].joint,3:reader,reader=X;phase=cue
V0533,WI,613162a306938de7,MAJ,S,o0,0,0.7244,0.6733,0.5348,0.4879,0.5859,CHANCE,,CHANCE_REL,CHANCE_REL,0.59,11,0.07984031936127671,"[0.722, 0.703, 0.743]","[0.518, 0.497, 0.538]",,IDENTITY-BROKEN,0.2743169398907104,0.0,0.00273224043715847,0.27704918032786885,IDENTITY-BROKEN,W-I/out/traj_613162a3.json,offsets[0].S,3:sub_chance,reader=X;phase=cue
V0534,WI,613162a306938de7,MAJ,S,o8,8,0.7244,0.6733,0.3558,0.3004,0.4126,FLIP,,FLIP_REL,FLIP_REL,0.59,11,-0.7816367265469061,"[0.722, 0.703, 0.743]","[0.326, 0.304, 0.346]",,SITE,0.8688524590163934,0.06666666666666667,0.06393442622950819,1.0,SITE,W-I/out/traj_613162a3.json,offsets[8].S,11:sub_chance,reader=S;phase=int
V0535,WI,613162a306938de7,MAJ,site_all,o9,9,0.7244,0.6733,0.3452,0.277,0.4055,FLIP,,FLIP_REL,FLIP_REL,0.59,11,-0.8131736526946107,"[0.722, 0.703, 0.743]","[0.319, 0.298, 0.34]",,SITE,0.8704918032786885,0.07049180327868852,0.05792349726775956,1.0,SITE,W-I/out/traj_613162a3.json,offsets[9].site_all,12:reader,reader=M;phase=int
V0536,WI,613162a306938de7,MAJ,channel_all,o9,9,0.7244,0.6733,0.6747,0.6222,0.7259,NO-EFFECT,,NO_EFFECT_REL,NO_EFFECT_REL,0.59,11,0.813173652694611,"[0.722, 0.703, 0.743]","[0.681, 0.66, 0.702]",,SITE,0.8704918032786885,0.07049180327868852,0.05792349726775956,1.0,SITE,W-I/out/traj_613162a3.json,offsets[9].channel_all,12:reader,reader=M;phase=int
V0537,WI,613162a306938de7,MAJ,S,o9,9,0.7244,0.6733,0.3523,0.2834,0.4141,FLIP,,FLIP_REL,FLIP_REL,0.59,11,-0.770059880239521,"[0.722, 0.703, 0.743]","[0.329, 0.309, 0.35]",,SITE,0.8704918032786885,0.07049180327868852,0.05792349726775956,1.0,SITE,W-I/out/traj_613162a3.json,offsets[9].S,12:sub_chance,reader=M;phase=int
V0538,WI,613162a306938de7,MAJ,channel_content,o9,9,0.7244,0.6733,0.6747,0.6222,0.7259,NO-EFFECT,,NO_EFFECT_REL,NO_EFFECT_REL,0.59,11,0.813173652694611,"[0.722, 0.703, 0.743]","[0.681, 0.66, 0.702]",,SITE,0.8704918032786885,0.07049180327868852,0.05792349726775956,1.0,SITE,W-I/out/traj_613162a3.json,offsets[9].channel_content,12:sub_chance,reader=M;phase=int
V0539,WI,62a7fff921ca3bd8,RELAY,channel_all,o0,0,0.8707,0.8125,0.5838,0.5611,0.6065,CHANCE,,CHANCE_REL,CHANCE_REL,0.59,11,0.26070460704607057,"[0.828, 0.811, 0.845]","[0.585, 0.576, 0.596]",,IDENTITY-BROKEN,0.0,0.36964769647696477,0.0,0.36964769647696477,IDENTITY-BROKEN,W-I/out/traj_62a7fff9.json,offsets[0].channel_all,3:reader,reader=X;phase=cue
V0540,WI,62a7fff921ca3bd8,RELAY,joint,o0,0,0.8707,0.8125,0.5838,0.5611,0.6065,CHANCE,,CHANCE_REL,CHANCE_REL,0.59,11,0.26070460704607057,"[0.828, 0.811, 0.845]","[0.585, 0.576, 0.596]",,IDENTITY-BROKEN,0.0,0.36964769647696477,0.0,0.36964769647696477,IDENTITY-BROKEN,W-I/out/traj_62a7fff9.json,offsets[0].joint,3:reader,reader=X;phase=cue
V0541,WI,62a7fff921ca3bd8,RELAY,channel_content,o0,0,0.8707,0.8125,0.5838,0.5611,0.6065,CHANCE,,CHANCE_REL,CHANCE_REL,0.59,11,0.26070460704607057,"[0.828, 0.811, 0.845]","[0.585, 0.576, 0.596]",,IDENTITY-BROKEN,0.0,0.36964769647696477,0.0,0.36964769647696477,IDENTITY-BROKEN,W-I/out/traj_62a7fff9.json,offsets[0].channel_content,3:sub_chance,reader=X;phase=cue
V0542,WI,62a7fff921ca3bd8,RELAY,channel_all,o5,5,0.8707,0.8125,0.6491,0.6009,0.6946,CHANCE,,CHANCE_REL,CHANCE_REL,0.59,11,0.383739837398374,"[0.828, 0.811, 0.845]","[0.626, 0.61, 0.64]",,UNRESOLVED,0.5631436314363144,0.17940379403794038,0.25745257452574527,1.0,MIXTURE,W-I/out/traj_62a7fff9.json,offsets[5].channel_all,8:reader,reader=S;phase=int
V0543,WI,62a7fff921ca3bd8,RELAY,inbox,o5,5,0.8707,0.8125,0.5838,0.5611,0.6065,CHANCE,,CHANCE_REL,CHANCE_REL,0.59,11,0.26070460704607057,"[0.828, 0.811, 0.845]","[0.585, 0.576, 0.596]",,UNRESOLVED,0.5631436314363144,0.17940379403794038,0.25745257452574527,1.0,MIXTURE,W-I/out/traj_62a7fff9.json,offsets[5].inbox,8:sub_chance,reader=S;phase=int
V0544,WI,62a7fff921ca3bd8,RELAY,channel_content,o5,5,0.8707,0.8125,0.6491,0.6009,0.6946,CHANCE,,CHANCE_REL,CHANCE_REL,0.59,11,0.383739837398374,"[0.828, 0.811, 0.845]","[0.626, 0.61, 0.64]",,UNRESOLVED,0.5631436314363144,0.17940379403794038,0.25745257452574527,1.0,MIXTURE,W-I/out/traj_62a7fff9.json,offsets[5].channel_content,8:sub_chance,reader=S;phase=int
V0545,WI,62a7fff921ca3bd8,RELAY,Kp,o5,5,0.8707,0.8125,0.6378,0.5909,0.6804,CHANCE,,CHANCE_REL,CHANCE_REL,0.59,11,0.35555555555555546,"[0.828, 0.811, 0.845]","[0.616, 0.602, 0.632]",,UNRESOLVED,0.5631436314363144,0.17940379403794038,0.25745257452574527,1.0,MIXTURE,W-I/out/traj_62a7fff9.json,offsets[5].Kp,8:sub_chance,reader=S;phase=int
V0546,WI,62a7fff921ca3bd8,RELAY,inbox,o6,6,0.8707,0.8125,0.6491,0.6009,0.6946,CHANCE,,CHANCE_REL,CHANCE_REL,0.59,11,0.383739837398374,"[0.828, 0.811, 0.845]","[0.626, 0.61, 0.64]",,SITE,1.0,0.0,0.0,1.0,SITE,W-I/out/traj_62a7fff9.json,offsets[6].inbox,9:sub_chance,reader=S;phase=int
V0547,WI,62a7fff921ca3bd8,RELAY,S,o7,7,0.8707,0.8125,0.4162,0.3935,0.4389,CHANCE,,CHANCE_REL,CHANCE_REL,0.59,11,-0.26070460704607057,"[0.828, 0.811, 0.845]","[0.415, 0.404, 0.424]",,SITE,1.0,0.0,0.0,1.0,SITE,W-I/out/traj_62a7fff9.json,offsets[7].S,10:sub_chance,reader=S;phase=int
V0548,WI,62a7fff921ca3bd8,RELAY,Kp,o7,7,0.8707,0.8125,0.5838,0.5611,0.6065,CHANCE,,CHANCE_REL,CHANCE_REL,0.59,11,0.26070460704607057,"[0.828, 0.811, 0.845]","[0.585, 0.576, 0.596]",,SITE,1.0,0.0,0.0,1.0,SITE,W-I/out/traj_62a7fff9.json,offsets[7].Kp,10:sub_chance,reader=S;phase=int
V0549,WI,63d17a90e365e424,RELAY,channel_all,o0,0,0.7926,0.7571,0.5156,0.473,0.5526,CHANCE,,CHANCE_REL,CHANCE_REL,0.59,11,0.002592352559948227,"[0.774, 0.76, 0.787]","[0.501, 0.484, 0.518]",,IDENTITY-BROKEN,0.00258732212160414,0.39715394566623546,0.000646830530401035,0.4003880983182406,IDENTITY-BROKEN,W-I/out/traj_63d17a90.json,offsets[0].channel_all,3:reader,reader=X;phase=cue
V0550,WI,63d17a90e365e424,RELAY,joint,o0,0,0.7926,0.7571,0.5156,0.473,0.5526,CHANCE,,CHANCE_REL,CHANCE_REL,0.59,11,0.0006480881399868541,"[0.774, 0.76, 0.787]","[0.5, 0.483, 0.517]",,IDENTITY-BROKEN,0.00258732212160414,0.39715394566623546,0.000646830530401035,0.4003880983182406,IDENTITY-BROKEN,W-I/out/traj_63d17a90.json,offsets[0].joint,3:reader,reader=X;phase=cue
V0551,WI,63d17a90e365e424,RELAY,channel_count,o0,0,0.7926,0.7571,0.5156,0.473,0.5526,CHANCE,,CHANCE_REL,CHANCE_REL,0.59,11,0.002592352559948227,"[0.774, 0.76, 0.787]","[0.501, 0.484, 0.518]",,IDENTITY-BROKEN,0.00258732212160414,0.39715394566623546,0.000646830530401035,0.4003880983182406,IDENTITY-BROKEN,W-I/out/traj_63d17a90.json,offsets[0].channel_count,3:sub_chance,reader=X;phase=cue
V0552,WI,63d17a90e365e424,RELAY,site_all,o3,3,0.7926,0.7571,0.6477,0.5994,0.6918,CHANCE,,INDETERMINATE,INDETERMINATE,0.59,11,0.5217109526895659,"[0.774, 0.76, 0.787]","[0.643, 0.627, 0.66]",,UNRESOLVED,0.18952134540750323,0.7082794307891332,0.10219922380336352,1.0,MIXTURE,W-I/out/traj_63d17a90.json,offsets[3].site_all,6:reader,reader=C;phase=int
V0553,WI,63d17a90e365e424,RELAY,r,o3,3,0.7926,0.7571,0.6719,0.6264,0.7188,CHANCE,,NO_EFFECT_REL,NO_EFFECT_REL,0.59,11,0.6040181464679198,"[0.774, 0.76, 0.787]","[0.665, 0.651, 0.682]",,UNRESOLVED,0.18952134540750323,0.7082794307891332,0.10219922380336352,1.0,MIXTURE,W-I/out/traj_63d17a90.json,offsets[3].r,6:sub_chance,reader=C;phase=int
V0554,WI,63d17a90e365e424,RELAY,site_all,o4,4,0.7926,0.7571,0.3963,0.3523,0.4375,CHANCE,,CHANCE_REL,CHANCE_REL,0.59,11,-0.41348023331173045,"[0.774, 0.76, 0.787]","[0.387, 0.369, 0.403]",,UNRESOLVED,0.6403622250970246,0.2257438551099612,0.13389391979301424,1.0,MIXTURE,W-I/out/traj_63d17a90.json,offsets[4].site_all,7:reader,reader=J;phase=int
V0555,WI,63d17a90e365e424,RELAY,channel_all,o4,4,0.7926,0.7571,0.6065,0.5639,0.6506,CHANCE,,CHANCE_REL,CHANCE_REL,0.59,11,0.41348023331173045,"[0.774, 0.76, 0.787]","[0.613, 0.597, 0.631]",,UNRESOLVED,0.6403622250970246,0.2257438551099612,0.13389391979301424,1.0,MIXTURE,W-I/out/traj_63d17a90.json,offsets[4].channel_all,7:reader,reader=J;phase=int
V0556,WI,63d17a90e365e424,RELAY,S,o4,4,0.7926,0.7571,0.679,0.6293,0.7244,CHANCE,,NO_EFFECT_REL,NO_EFFECT_REL,0.59,11,0.6837329876863256,"[0.774, 0.76, 0.787]","[0.687, 0.674, 0.702]",,UNRESOLVED,0.6403622250970246,0.2257438551099612,0.13389391979301424,1.0,MIXTURE,W-I/out/traj_63d17a90.json,offsets[4].S,7:sub_chance,reader=J;phase=int
V0557,WI,63d17a90e365e424,RELAY,inbox,o4,4,0.7926,0.7571,0.7202,0.679,0.7628,CHANCE,,NO_EFFECT_REL,NO_EFFECT_REL,0.59,11,0.7965003240440702,"[0.774, 0.76, 0.787]","[0.718, 0.703, 0.733]",,UNRESOLVED,0.6403622250970246,0.2257438551099612,0.13389391979301424,1.0,MIXTURE,W-I/out/traj_63d17a90.json,offsets[4].inbox,7:sub_chance,reader=J;phase=int
V0558,WI,63d17a90e365e424,RELAY,channel_count,o4,4,0.7926,0.7571,0.6065,0.5639,0.6506,CHANCE,,CHANCE_REL,CHANCE_REL,0.59,11,0.41348023331173045,"[0.774, 0.76, 0.787]","[0.613, 0.597, 0.631]",,UNRESOLVED,0.6403622250970246,0.2257438551099612,0.13389391979301424,1.0,MIXTURE,W-I/out/traj_63d17a90.json,offsets[4].channel_count,7:sub_chance,reader=J;phase=int
V0559,WI,63d17a90e365e424,RELAY,r,o4,4,0.7926,0.7571,0.5724,0.5341,0.6122,CHANCE,,CHANCE_REL,CHANCE_REL,0.59,11,0.10369410239792584,"[0.774, 0.76, 0.787]","[0.528, 0.512, 0.544]",,UNRESOLVED,0.6403622250970246,0.2257438551099612,0.13389391979301424,1.0,MIXTURE,W-I/out/traj_63d17a90.json,offsets[4].r,7:sub_chance,reader=J;phase=int
V0560,WI,63d17a90e365e424,RELAY,S,o5,5,0.7926,0.7571,0.4943,0.4489,0.5384,CHANCE,,CHANCE_REL,CHANCE_REL,0.59,11,-0.012961762799740933,"[0.774, 0.76, 0.787]","[0.496, 0.48, 0.513]",,SITE,0.94372574385511,0.020051746442432083,0.03622250970245795,1.0,SITE,W-I/out/traj_63d17a90.json,offsets[5].S,8:sub_chance,reader=S;phase=int
V0561,WI,63d17a90e365e424,RELAY,inbox,o5,5,0.7926,0.7571,0.7415,0.7045,0.777,NO-EFFECT,,NO_EFFECT_REL,NO_EFFECT_REL,0.59,11,0.8651976668826958,"[0.774, 0.76, 0.787]","[0.737, 0.722, 0.751]",,SITE,0.94372574385511,0.020051746442432083,0.03622250970245795,1.0,SITE,W-I/out/traj_63d17a90.json,offsets[5].inbox,8:sub_chance,reader=S;phase=int
V0562,WI,63d17a90e365e424,RELAY,r,o5,5,0.7926,0.7571,0.581,0.5341,0.6264,CHANCE,,CHANCE_REL,CHANCE_REL,0.59,11,0.2203499675955928,"[0.774, 0.76, 0.787]","[0.56, 0.545, 0.577]",,SITE,0.94372574385511,0.020051746442432083,0.03622250970245795,1.0,SITE,W-I/out/traj_63d17a90.json,offsets[5].r,8:sub_chance,reader=S;phase=int
V0563,WI,63d17a90e365e424,RELAY,r,o6,6,0.7926,0.7571,0.706,0.6548,0.7514,CHANCE,,NO_EFFECT_REL,NO_EFFECT_REL,0.59,11,0.6915100453661699,"[0.774, 0.76, 0.787]","[0.689, 0.672, 0.706]",,SITE,0.9896507115135834,0.003234152652005175,0.0071151358344113845,1.0,SITE,W-I/out/traj_63d17a90.json,offsets[6].r,9:sub_chance,reader=S;phase=int
V0564,WI,65d840a8fe0b4bf9,HOLD,site_all,o0,0,0.7592,0.7017,0.5334,0.483,0.5888,CHANCE,,CHANCE_REL,CHANCE_REL,0.59,11,0.20428973277074558,"[0.752, 0.735, 0.771]","[0.552, 0.531, 0.57]",,IDENTITY-BROKEN,0.2878876535985957,0.0,0.0011702750146284377,0.2890579286132241,IDENTITY-BROKEN,W-I/out/traj_65d840a8.json,offsets[0].site_all,3:reader,reader=X;phase=cue
V0565,WI,65d840a8fe0b4bf9,HOLD,joint,o0,0,0.7592,0.7017,0.5334,0.483,0.5888,CHANCE,,CHANCE_REL,CHANCE_REL,0.59,11,0.2021800281293951,"[0.752, 0.735, 0.771]","[0.551, 0.53, 0.57]",,IDENTITY-BROKEN,0.2878876535985957,0.0,0.0011702750146284377,0.2890579286132241,IDENTITY-BROKEN,W-I/out/traj_65d840a8.json,offsets[0].joint,3:reader,reader=X;phase=cue
V0566,WI,65d840a8fe0b4bf9,HOLD,S,o0,0,0.7592,0.7017,0.5334,0.483,0.5888,CHANCE,,CHANCE_REL,CHANCE_REL,0.59,11,0.20428973277074558,"[0.752, 0.735, 0.771]","[0.552, 0.531, 0.57]",,IDENTITY-BROKEN,0.2878876535985957,0.0,0.0011702750146284377,0.2890579286132241,IDENTITY-BROKEN,W-I/out/traj_65d840a8.json,offsets[0].S,3:sub_chance,reader=X;phase=cue
V0567,WI,72dd71d8028cf759,RELAY,channel_all,o0,0,0.875,0.8409,0.5348,0.5014,0.5689,CHANCE,,CHANCE_REL,CHANCE_REL,0.59,11,0.14443378119001932,"[0.87, 0.858, 0.881]","[0.553, 0.541, 0.566]",,IDENTITY-BROKEN,0.001001001001001001,0.3833833833833834,0.0055055055055055055,0.40540540540540543,IDENTITY-BROKEN,W-I/out/traj_72dd71d8.json,offsets[0].channel_all,3:reader,reader=X;phase=cue
V0568,WI,72dd71d8028cf759,RELAY,joint,o0,0,0.875,0.8409,0.5398,0.5071,0.5732,CHANCE,,CHANCE_REL,CHANCE_REL,0.59,11,0.1516314779270635,"[0.87, 0.858, 0.881]","[0.556, 0.544, 0.569]",,IDENTITY-BROKEN,0.001001001001001001,0.3833833833833834,0.0055055055055055055,0.40540540540540543,IDENTITY-BROKEN,W-I/out/traj_72dd71d8.json,offsets[0].joint,3:reader,reader=X;phase=cue
V0569,WI,72dd71d8028cf759,RELAY,channel_content,o0,0,0.875,0.8409,0.5369,0.5,0.5717,CHANCE,,CHANCE_REL,CHANCE_REL,0.59,11,0.1429942418426106,"[0.87, 0.858, 0.881]","[0.553, 0.541, 0.566]",,IDENTITY-BROKEN,0.001001001001001001,0.3833833833833834,0.0055055055055055055,0.40540540540540543,IDENTITY-BROKEN,W-I/out/traj_72dd71d8.json,offsets[0].channel_content,3:sub_chance,reader=X;phase=cue
V0570,WI,72dd71d8028cf759,RELAY,site_all,o4,4,0.875,0.8409,0.7344,0.6932,0.7734,CHANCE,,NO_EFFECT_REL,NO_EFFECT_REL,0.59,11,0.6425143953934741,"[0.87, 0.858, 0.881]","[0.738, 0.723, 0.751]",,UNRESOLVED,0.08858858858858859,0.7527527527527528,0.09009009009009009,1.0,MIXTURE,W-I/out/traj_72dd71d8.json,offsets[4].site_all,7:reader,reader=C;phase=int
V0571,WI,72dd71d8028cf759,RELAY,S,o4,4,0.875,0.8409,0.7351,0.696,0.7727,CHANCE,,NO_EFFECT_REL,NO_EFFECT_REL,0.59,11,0.6425143953934741,"[0.87, 0.858, 0.881]","[0.738, 0.723, 0.751]",,UNRESOLVED,0.08858858858858859,0.7527527527527528,0.09009009009009009,1.0,MIXTURE,W-I/out/traj_72dd71d8.json,offsets[4].S,7:sub_chance,reader=C;phase=int
V0572,WI,72dd71d8028cf759,RELAY,channel_all,o5,5,0.875,0.8409,0.6804,0.6307,0.7273,CHANCE,,CHANCE_REL,CHANCE_REL,0.59,11,0.4378598848368523,"[0.87, 0.858, 0.881]","[0.662, 0.647, 0.676]",,MIXTURE,0.6126126126126126,0.1946946946946947,0.1896896896896897,1.0,UNRESOLVED,W-I/out/traj_72dd71d8.json,offsets[5].channel_all,8:reader,reader=S;phase=int
V0573,WI,72dd71d8028cf759,RELAY,S,o5,5,0.875,0.8409,0.5199,0.4766,0.5639,CHANCE,,CHANCE_REL,CHANCE_REL,0.59,11,0.05422264875239914,"[0.87, 0.858, 0.881]","[0.52, 0.504, 0.537]",,MIXTURE,0.6126126126126126,0.1946946946946947,0.1896896896896897,1.0,UNRESOLVED,W-I/out/traj_72dd71d8.json,offsets[5].S,8:sub_chance,reader=S;phase=int
V0574,WI,72dd71d8028cf759,RELAY,inbox,o5,5,0.875,0.8409,0.6761,0.642,0.7095,CHANCE,,INDETERMINATE,INDETERMINATE,0.59,11,0.5079174664107485,"[0.87, 0.858, 0.881]","[0.688, 0.675, 0.702]",,MIXTURE,0.6126126126126126,0.1946946946946947,0.1896896896896897,1.0,UNRESOLVED,W-I/out/traj_72dd71d8.json,offsets[5].inbox,8:sub_chance,reader=S;phase=int
V0575,WI,72dd71d8028cf759,RELAY,channel_content,o5,5,0.875,0.8409,0.6768,0.6271,0.7223,CHANCE,,CHANCE_REL,CHANCE_REL,0.59,11,0.4378598848368523,"[0.87, 0.858, 0.881]","[0.662, 0.647, 0.676]",,MIXTURE,0.6126126126126126,0.1946946946946947,0.1896896896896897,1.0,UNRESOLVED,W-I/out/traj_72dd71d8.json,offsets[5].channel_content,8:sub_chance,reader=S;phase=int
V0576,WI,72dd71d8028cf759,RELAY,inbox,o6,6,0.875,0.8409,0.6818,0.6307,0.7308,CHANCE,,CHANCE_REL,CHANCE_REL,0.59,11,0.4378598848368523,"[0.87, 0.858, 0.881]","[0.662, 0.647, 0.676]",,SITE,1.0,0.0,0.0,1.0,SITE,W-I/out/traj_72dd71d8.json,offsets[6].inbox,9:sub_chance,reader=S;phase=int
V0577,WI,78f3b0eccd44b1ed,RELAY,site_all,o0,0,0.6683,0.6527,0.5121,0.4943,0.5284,CHANCE,,CHANCE_REL,CHANCE_REL,0.59,11,0.09856364536899474,"[0.679, 0.674, 0.685]","[0.518, 0.513, 0.523]",,UNDEFINED,,,,,IDENTITY-BROKEN,W-I/out/traj_78f3b0ec.json,offsets[0].site_all,3:reader,reader=X;phase=cue
V0578,WI,78f3b0eccd44b1ed,RELAY,joint,o0,0,0.6683,0.6527,0.5121,0.4943,0.5284,CHANCE,,CHANCE_REL,CHANCE_REL,0.59,11,0.09856364536899474,"[0.679, 0.674, 0.685]","[0.518, 0.513, 0.523]",,UNDEFINED,,,,,IDENTITY-BROKEN,W-I/out/traj_78f3b0ec.json,offsets[0].joint,3:reader,reader=X;phase=cue
V0579,WI,78f3b0eccd44b1ed,RELAY,S,o0,0,0.6683,0.6527,0.5121,0.4943,0.5284,CHANCE,,CHANCE_REL,CHANCE_REL,0.59,11,0.09856364536899474,"[0.679, 0.674, 0.685]","[0.518, 0.513, 0.523]",,UNDEFINED,,,,,IDENTITY-BROKEN,W-I/out/traj_78f3b0ec.json,offsets[0].S,3:sub_chance,reader=X;phase=cue
V0580,WI,78f3b0eccd44b1ed,RELAY,site_all,o9,9,0.6683,0.6527,0.4134,0.3935,0.4304,CHANCE,,CHANCE_REL,CHANCE_REL,0.59,11,-0.44675581971272915,"[0.679, 0.674, 0.685]","[0.42, 0.412, 0.427]",,UNDEFINED,,,,,MIXTURE,W-I/out/traj_78f3b0ec.json,offsets[9].site_all,12:reader,reader=M;phase=int
V0581,WI,78f3b0eccd44b1ed,RELAY,channel_all,o9,9,0.6683,0.6527,0.5866,0.5696,0.6065,CHANCE,,CHANCE_REL,CHANCE_REL,0.59,11,0.44675581971272915,"[0.679, 0.674, 0.685]","[0.58, 0.573, 0.588]",,UNDEFINED,,,,,MIXTURE,W-I/out/traj_78f3b0ec.json,offsets[9].channel_all,12:reader,reader=M;phase=int
V0582,WI,78f3b0eccd44b1ed,RELAY,S,o9,9,0.6683,0.6527,0.4134,0.3935,0.4304,CHANCE,,CHANCE_REL,CHANCE_REL,0.59,11,-0.44675581971272915,"[0.679, 0.674, 0.685]","[0.42, 0.412, 0.427]",,UNDEFINED,,,,,MIXTURE,W-I/out/traj_78f3b0ec.json,offsets[9].S,12:sub_chance,reader=M;phase=int
V0583,WI,78f3b0eccd44b1ed,RELAY,channel_count,o9,9,0.6683,0.6527,0.5866,0.5696,0.6065,CHANCE,,CHANCE_REL,CHANCE_REL,0.59,11,0.44675581971272915,"[0.679, 0.674, 0.685]","[0.58, 0.573, 0.588]",,UNDEFINED,,,,,MIXTURE,W-I/out/traj_78f3b0ec.json,offsets[9].channel_count,12:sub_chance,reader=M;phase=int
V0584,WI,78f3b0eccd44b1ed,RELAY,site_all,o10,10,0.6683,0.6527,0.4943,0.4808,0.5092,CHANCE,,CHANCE_REL,CHANCE_REL,0.59,11,-0.01089648340762785,"[0.679, 0.674, 0.685]","[0.498, 0.489, 0.507]",,UNDEFINED,,,,,UNRESOLVED,W-I/out/traj_78f3b0ec.json,offsets[10].site_all,13:reader,reader=M;phase=int
V0585,WI,78f3b0eccd44b1ed,RELAY,channel_all,o10,10,0.6683,0.6527,0.5057,0.4908,0.5192,CHANCE,,CHANCE_REL,CHANCE_REL,0.59,11,0.010896483407626922,"[0.679, 0.674, 0.685]","[0.502, 0.493, 0.511]",,UNDEFINED,,,,,UNRESOLVED,W-I/out/traj_78f3b0ec.json,offsets[10].channel_all,13:reader,reader=M;phase=int
V0586,WI,78f3b0eccd44b1ed,RELAY,S,o10,10,0.6683,0.6527,0.4943,0.4808,0.5092,CHANCE,,CHANCE_REL,CHANCE_REL,0.59,11,-0.01089648340762785,"[0.679, 0.674, 0.685]","[0.498, 0.489, 0.507]",,UNDEFINED,,,,,UNRESOLVED,W-I/out/traj_78f3b0ec.json,offsets[10].S,13:sub_chance,reader=M;phase=int
V0587,WI,78f3b0eccd44b1ed,RELAY,channel_count,o10,10,0.6683,0.6527,0.5057,0.4908,0.5192,CHANCE,,CHANCE_REL,CHANCE_REL,0.59,11,0.010896483407626922,"[0.679, 0.674, 0.685]","[0.502, 0.493, 0.511]",,UNDEFINED,,,,,UNRESOLVED,W-I/out/traj_78f3b0ec.json,offsets[10].channel_count,13:sub_chance,reader=M;phase=int
V0588,WI,78f3b0eccd44b1ed,RELAY,site_all,o11,11,0.6683,0.6527,0.593,0.5717,0.6122,CHANCE,,INDETERMINATE,INDETERMINATE,0.59,11,0.5344229816740957,"[0.679, 0.674, 0.685]","[0.596, 0.589, 0.603]",,UNDEFINED,,,,,MIXTURE,W-I/out/traj_78f3b0ec.json,offsets[11].site_all,14:reader,reader=M;phase=int
V0589,WI,78f3b0eccd44b1ed,RELAY,channel_all,o11,11,0.6683,0.6527,0.407,0.3878,0.4283,CHANCE,,INDETERMINATE,INDETERMINATE,0.59,11,-0.5344229816740961,"[0.679, 0.674, 0.685]","[0.404, 0.397, 0.411]",,UNDEFINED,,,,,MIXTURE,W-I/out/traj_78f3b0ec.json,offsets[11].channel_all,14:reader,reader=M;phase=int
V0590,WI,78f3b0eccd44b1ed,RELAY,S,o11,11,0.6683,0.6527,0.593,0.5717,0.6122,CHANCE,,INDETERMINATE,INDETERMINATE,0.59,11,0.5344229816740957,"[0.679, 0.674, 0.685]","[0.596, 0.589, 0.603]",,UNDEFINED,,,,,MIXTURE,W-I/out/traj_78f3b0ec.json,offsets[11].S,14:sub_chance,reader=M;phase=int
V0591,WI,78f3b0eccd44b1ed,RELAY,channel_count,o11,11,0.6683,0.6527,0.407,0.3878,0.4283,CHANCE,,INDETERMINATE,INDETERMINATE,0.59,11,-0.5344229816740961,"[0.679, 0.674, 0.685]","[0.404, 0.397, 0.411]",,UNDEFINED,,,,,MIXTURE,W-I/out/traj_78f3b0ec.json,offsets[11].channel_count,14:sub_chance,reader=M;phase=int
V0592,WI,78f3b0eccd44b1ed,RELAY,site_all,o14,14,0.6683,0.6527,0.5866,0.5696,0.6065,CHANCE,,CHANCE_REL,CHANCE_REL,0.59,11,0.44675581971272915,"[0.679, 0.674, 0.685]","[0.58, 0.573, 0.588]",,UNDEFINED,,,,,MIXTURE,W-I/out/traj_78f3b0ec.json,offsets[14].site_all,17:reader,reader=M;phase=int
V0593,WI,78f3b0eccd44b1ed,RELAY,channel_all,o14,14,0.6683,0.6527,0.4134,0.3935,0.4304,CHANCE,,CHANCE_REL,CHANCE_REL,0.59,11,-0.44675581971272915,"[0.679, 0.674, 0.685]","[0.42, 0.412, 0.427]",,UNDEFINED,,,,,MIXTURE,W-I/out/traj_78f3b0ec.json,offsets[14].channel_all,17:reader,reader=M;phase=int
V0594,WI,78f3b0eccd44b1ed,RELAY,inbox,o14,14,0.6683,0.6527,0.5866,0.5696,0.6065,CHANCE,,CHANCE_REL,CHANCE_REL,0.59,11,0.44675581971272915,"[0.679, 0.674, 0.685]","[0.58, 0.573, 0.588]",,UNDEFINED,,,,,MIXTURE,W-I/out/traj_78f3b0ec.json,offsets[14].inbox,17:sub_chance,reader=M;phase=int
V0595,WI,78f3b0eccd44b1ed,RELAY,channel_count,o14,14,0.6683,0.6527,0.4134,0.3935,0.4304,CHANCE,,CHANCE_REL,CHANCE_REL,0.59,11,-0.44675581971272915,"[0.679, 0.674, 0.685]","[0.42, 0.412, 0.427]",,UNDEFINED,,,,,MIXTURE,W-I/out/traj_78f3b0ec.json,offsets[14].channel_count,17:sub_chance,reader=M;phase=int
V0596,WI,78f3b0eccd44b1ed,RELAY,site_all,o15,15,0.6683,0.6527,0.407,0.3878,0.4283,CHANCE,,INDETERMINATE,INDETERMINATE,0.59,11,-0.5344229816740961,"[0.679, 0.674, 0.685]","[0.404, 0.397, 0.411]",,UNDEFINED,,,,,MIXTURE,W-I/out/traj_78f3b0ec.json,offsets[15].site_all,18:reader,reader=M;phase=int
V0597,WI,78f3b0eccd44b1ed,RELAY,channel_all,o15,15,0.6683,0.6527,0.593,0.5717,0.6122,CHANCE,,INDETERMINATE,INDETERMINATE,0.59,11,0.5344229816740957,"[0.679, 0.674, 0.685]","[0.596, 0.589, 0.603]",,UNDEFINED,,,,,MIXTURE,W-I/out/traj_78f3b0ec.json,offsets[15].channel_all,18:reader,reader=M;phase=int
V0598,WI,78f3b0eccd44b1ed,RELAY,S,o15,15,0.6683,0.6527,0.4879,0.4716,0.5057,CHANCE,,CHANCE_REL,CHANCE_REL,0.59,11,-0.09856364536899474,"[0.679, 0.674, 0.685]","[0.482, 0.477, 0.487]",,UNDEFINED,,,,,MIXTURE,W-I/out/traj_78f3b0ec.json,offsets[15].S,18:sub_chance,reader=M;phase=int
V0599,WI,78f3b0eccd44b1ed,RELAY,inbox,o15,15,0.6683,0.6527,0.5874,0.5717,0.6044,CHANCE,,NO_EFFECT_REL,NO_EFFECT_REL,0.59,11,0.564140663694899,"[0.679, 0.674, 0.685]","[0.601, 0.595, 0.608]",,UNDEFINED,,,,,MIXTURE,W-I/out/traj_78f3b0ec.json,offsets[15].inbox,18:sub_chance,reader=M;phase=int
V0600,WI,78f3b0eccd44b1ed,RELAY,channel_count,o15,15,0.6683,0.6527,0.593,0.5717,0.6122,CHANCE,,INDETERMINATE,INDETERMINATE,0.59,11,0.5344229816740957,"[0.679, 0.674, 0.685]","[0.596, 0.589, 0.603]",,UNDEFINED,,,,,MIXTURE,W-I/out/traj_78f3b0ec.json,offsets[15].channel_count,18:sub_chance,reader=M;phase=int
V0601,WI,7b7b025e7ee58f2b,HOLD,site_all,o0,0,1.0,1.0,0.5455,0.5455,0.5455,CHANCE,,CHANCE_REL,CHANCE_REL,0.59,11,0.09090909090909038,"[1.0, 1.0, 1.0]","[0.545, 0.545, 0.545]",,IDENTITY-BROKEN,0.45454545454545453,0.0,0.0,0.45454545454545453,IDENTITY-BROKEN,W-I/out/traj_7b7b025e.json,offsets[0].site_all,3:reader,reader=X;phase=cue
V0602,WI,7b7b025e7ee58f2b,HOLD,joint,o0,0,1.0,1.0,0.5455,0.5455,0.5455,CHANCE,,CHANCE_REL,CHANCE_REL,0.59,11,0.09090909090909038,"[1.0, 1.0, 1.0]","[0.545, 0.545, 0.545]",,IDENTITY-BROKEN,0.45454545454545453,0.0,0.0,0.45454545454545453,IDENTITY-BROKEN,W-I/out/traj_7b7b025e.json,offsets[0].joint,3:reader,reader=X;phase=cue
V0603,WI,7b7b025e7ee58f2b,HOLD,S,o0,0,1.0,1.0,0.5455,0.5455,0.5455,CHANCE,,CHANCE_REL,CHANCE_REL,0.59,11,0.09090909090909038,"[1.0, 1.0, 1.0]","[0.545, 0.545, 0.545]",,IDENTITY-BROKEN,0.45454545454545453,0.0,0.0,0.45454545454545453,IDENTITY-BROKEN,W-I/out/traj_7b7b025e.json,offsets[0].S,3:sub_chance,reader=X;phase=cue
V0604,WI,85ca202e89057873,HOLD,site_all,o0,0,1.0,1.0,0.5455,0.5455,0.5455,CHANCE,,CHANCE_REL,CHANCE_REL,0.59,11,0.09090909090909038,"[1.0, 1.0, 1.0]","[0.545, 0.545, 0.545]",,IDENTITY-BROKEN,0.45454545454545453,0.0,0.0,0.45454545454545453,IDENTITY-BROKEN,W-I/out/traj_85ca202e.json,offsets[0].site_all,3:reader,reader=X;phase=cue
V0605,WI,85ca202e89057873,HOLD,joint,o0,0,1.0,1.0,0.5455,0.5455,0.5455,CHANCE,,CHANCE_REL,CHANCE_REL,0.59,11,0.09090909090909038,"[1.0, 1.0, 1.0]","[0.545, 0.545, 0.545]",,IDENTITY-BROKEN,0.45454545454545453,0.0,0.0,0.45454545454545453,IDENTITY-BROKEN,W-I/out/traj_85ca202e.json,offsets[0].joint,3:reader,reader=X;phase=cue
V0606,WI,85ca202e89057873,HOLD,S,o0,0,1.0,1.0,0.5455,0.5455,0.5455,CHANCE,,CHANCE_REL,CHANCE_REL,0.59,11,0.09090909090909038,"[1.0, 1.0, 1.0]","[0.545, 0.545, 0.545]",,IDENTITY-BROKEN,0.45454545454545453,0.0,0.0,0.45454545454545453,IDENTITY-BROKEN,W-I/out/traj_85ca202e.json,offsets[0].S,3:sub_chance,reader=X;phase=cue
V0607,WI,8c37f32e68843070,RELAY,channel_all,o0,0,0.8423,0.8054,0.608,0.5753,0.6392,CHANCE,,CHANCE_REL,CHANCE_REL,0.59,11,0.26607883817427386,"[0.842, 0.829, 0.854]","[0.591, 0.58, 0.602]",,IDENTITY-BROKEN,0.001037344398340249,0.36566390041493774,0.002074688796680498,0.36877593360995853,IDENTITY-BROKEN,W-I/out/traj_8c37f32e.json,offsets[0].channel_all,3:reader,reader=X;phase=cue
V0608,WI,8c37f32e68843070,RELAY,joint,o0,0,0.8423,0.8054,0.598,0.5724,0.625,CHANCE,,CHANCE_REL,CHANCE_REL,0.59,11,0.2640041493775936,"[0.842, 0.829, 0.854]","[0.59, 0.578, 0.602]",,IDENTITY-BROKEN,0.001037344398340249,0.36566390041493774,0.002074688796680498,0.36877593360995853,IDENTITY-BROKEN,W-I/out/traj_8c37f32e.json,offsets[0].joint,3:reader,reader=X;phase=cue
V0609,WI,8c37f32e68843070,RELAY,channel_content,o0,0,0.8423,0.8054,0.608,0.5753,0.6392,CHANCE,,CHANCE_REL,CHANCE_REL,0.59,11,0.265819502074689,"[0.842, 0.829, 0.854]","[0.591, 0.58, 0.602]",,IDENTITY-BROKEN,0.001037344398340249,0.36566390041493774,0.002074688796680498,0.36877593360995853,IDENTITY-BROKEN,W-I/out/traj_8c37f32e.json,offsets[0].channel_content,3:sub_chance,reader=X;phase=cue
V0610,WI,8c37f32e68843070,RELAY,site_all,o5,5,0.8423,0.8054,0.3835,0.343,0.4247,FLIP,,CHANCE_REL,CHANCE_REL,0.59,11,-0.4061203319502075,"[0.842, 0.829, 0.854]","[0.361, 0.345, 0.377]",,UNRESOLVED,0.6125518672199171,0.20902489626556017,0.17116182572614108,1.0,MIXTURE,W-I/out/traj_8c37f32e.json,offsets[5].site_all,8:reader,reader=J;phase=int
V0611,WI,8c37f32e68843070,RELAY,channel_all,o5,5,0.8423,0.8054,0.5909,0.5341,0.6406,CHANCE,,CHANCE_REL,CHANCE_REL,0.59,11,0.40612033195020725,"[0.842, 0.829, 0.854]","[0.639, 0.623, 0.655]",,UNRESOLVED,0.6125518672199171,0.20902489626556017,0.17116182572614108,1.0,MIXTURE,W-I/out/traj_8c37f32e.json,offsets[5].channel_all,8:reader,reader=J;phase=int
V0612,WI,8c37f32e68843070,RELAY,inbox,o5,5,0.8423,0.8054,0.5966,0.5682,0.625,CHANCE,,CHANCE_REL,CHANCE_REL,0.59,11,0.26919087136929465,"[0.842, 0.829, 0.854]","[0.592, 0.581, 0.603]",,UNRESOLVED,0.6125518672199171,0.20902489626556017,0.17116182572614108,1.0,MIXTURE,W-I/out/traj_8c37f32e.json,offsets[5].inbox,8:sub_chance,reader=J;phase=int
V0613,WI,8c37f32e68843070,RELAY,channel_content,o5,5,0.8423,0.8054,0.5788,0.5234,0.6314,CHANCE,,CHANCE_REL,CHANCE_REL,0.59,11,0.3882261410788383,"[0.842, 0.829, 0.854]","[0.633, 0.617, 0.649]",,UNRESOLVED,0.6125518672199171,0.20902489626556017,0.17116182572614108,1.0,MIXTURE,W-I/out/traj_8c37f32e.json,offsets[5].channel_content,8:sub_chance,reader=J;phase=int
V0614,WI,8c37f32e68843070,RELAY,Kp,o5,5,0.8423,0.8054,0.6484,0.603,0.6889,CHANCE,,CHANCE_REL,CHANCE_REL,0.59,11,0.32468879668049844,"[0.842, 0.829, 0.854]","[0.611, 0.595, 0.627]",,UNRESOLVED,0.6125518672199171,0.20902489626556017,0.17116182572614108,1.0,MIXTURE,W-I/out/traj_8c37f32e.json,offsets[5].Kp,8:sub_chance,reader=J;phase=int
V0615,WI,8c37f32e68843070,RELAY,inbox,o6,6,0.8423,0.8054,0.5987,0.5469,0.647,CHANCE,,CHANCE_REL,CHANCE_REL,0.59,11,0.41260373443983406,"[0.842, 0.829, 0.854]","[0.641, 0.625, 0.658]",,SITE,0.995850622406639,0.0005186721991701245,0.0036307053941908715,1.0,SITE,W-I/out/traj_8c37f32e.json,offsets[6].inbox,9:sub_chance,reader=S;phase=int
V0616,WI,8c37f32e68843070,RELAY,Kp,o6,6,0.8423,0.8054,0.4041,0.3516,0.4602,FLIP,,CHANCE_REL,CHANCE_REL,0.59,11,-0.40923236514522837,"[0.842, 0.829, 0.854]","[0.36, 0.344, 0.376]",,SITE,0.995850622406639,0.0005186721991701245,0.0036307053941908715,1.0,SITE,W-I/out/traj_8c37f32e.json,offsets[6].Kp,9:sub_chance,reader=S;phase=int
V0617,WI,8c37f32e68843070,RELAY,S,o7,7,0.8423,0.8054,0.3963,0.3622,0.4389,CHANCE,,CHANCE_REL,CHANCE_REL,0.59,11,-0.2634854771784233,"[0.842, 0.829, 0.854]","[0.41, 0.4, 0.421]",,SITE,0.9979253112033195,0.0005186721991701245,0.0015560165975103733,1.0,SITE,W-I/out/traj_8c37f32e.json,offsets[7].S,10:sub_chance,reader=S;phase=int
V0618,WI,8c37f32e68843070,RELAY,Kp,o7,7,0.8423,0.8054,0.598,0.5724,0.625,CHANCE,,CHANCE_REL,CHANCE_REL,0.59,11,0.26607883817427413,"[0.842, 0.829, 0.854]","[0.591, 0.58, 0.601]",,SITE,0.9979253112033195,0.0005186721991701245,0.0015560165975103733,1.0,SITE,W-I/out/traj_8c37f32e.json,offsets[7].Kp,10:sub_chance,reader=S;phase=int
V0619,WI,ab089e45b85e990b,HOLD,site_all,o0,0,1.0,1.0,0.5455,0.5455,0.5455,CHANCE,,CHANCE_REL,CHANCE_REL,0.59,11,0.09090909090909038,"[1.0, 1.0, 1.0]","[0.545, 0.545, 0.545]",,IDENTITY-BROKEN,0.45454545454545453,0.0,0.0,0.45454545454545453,IDENTITY-BROKEN,W-I/out/traj_ab089e45.json,offsets[0].site_all,3:reader,reader=X;phase=cue
V0620,WI,ab089e45b85e990b,HOLD,joint,o0,0,1.0,1.0,0.5455,0.5455,0.5455,CHANCE,,CHANCE_REL,CHANCE_REL,0.59,11,0.09090909090909038,"[1.0, 1.0, 1.0]","[0.545, 0.545, 0.545]",,IDENTITY-BROKEN,0.45454545454545453,0.0,0.0,0.45454545454545453,IDENTITY-BROKEN,W-I/out/traj_ab089e45.json,offsets[0].joint,3:reader,reader=X;phase=cue
V0621,WI,ab089e45b85e990b,HOLD,S,o0,0,1.0,1.0,0.5455,0.5455,0.5455,CHANCE,,CHANCE_REL,CHANCE_REL,0.59,11,0.09090909090909038,"[1.0, 1.0, 1.0]","[0.545, 0.545, 0.545]",,IDENTITY-BROKEN,0.45454545454545453,0.0,0.0,0.45454545454545453,IDENTITY-BROKEN,W-I/out/traj_ab089e45.json,offsets[0].S,3:sub_chance,reader=X;phase=cue
V0622,WI,bbef66a1ee9558ac,RELAY,site_all,o0,0,0.9034,0.8793,0.5341,0.5085,0.5611,CHANCE,,CHANCE_REL,CHANCE_REL,0.59,11,0.07116788321167887,"[0.889, 0.879, 0.899]","[0.528, 0.518, 0.538]",,IDENTITY-BROKEN,0.46441605839416056,0.0,0.0,0.46441605839416056,IDENTITY-BROKEN,W-I/out/traj_bbef66a1.json,offsets[0].site_all,3:reader,reader=X;phase=cue
V0623,WI,bbef66a1ee9558ac,RELAY,joint,o0,0,0.9034,0.8793,0.5341,0.5085,0.5611,CHANCE,,CHANCE_REL,CHANCE_REL,0.59,11,0.07116788321167887,"[0.889, 0.879, 0.899]","[0.528, 0.518, 0.538]",,IDENTITY-BROKEN,0.46441605839416056,0.0,0.0,0.46441605839416056,IDENTITY-BROKEN,W-I/out/traj_bbef66a1.json,offsets[0].joint,3:reader,reader=X;phase=cue
V0624,WI,bbef66a1ee9558ac,RELAY,S,o0,0,0.9034,0.8793,0.5341,0.5085,0.5611,CHANCE,,CHANCE_REL,CHANCE_REL,0.59,11,0.07116788321167887,"[0.889, 0.879, 0.899]","[0.528, 0.518, 0.538]",,IDENTITY-BROKEN,0.46441605839416056,0.0,0.0,0.46441605839416056,IDENTITY-BROKEN,W-I/out/traj_bbef66a1.json,offsets[0].S,3:sub_chance,reader=X;phase=cue
V0625,WI,bbef66a1ee9558ac,RELAY,channel_all,o9,9,0.9034,0.8793,0.6804,0.625,0.7316,CHANCE,,CHANCE_REL,CHANCE_REL,0.59,11,0.4584854014598541,"[0.889, 0.879, 0.899]","[0.678, 0.662, 0.694]",,UNRESOLVED,0.635492700729927,0.177007299270073,0.1875,1.0,MIXTURE,W-I/out/traj_bbef66a1.json,offsets[9].channel_all,12:reader,reader=S;phase=int
V0626,WI,bbef66a1ee9558ac,RELAY,channel_content,o9,9,0.9034,0.8793,0.6804,0.625,0.7316,CHANCE,,CHANCE_REL,CHANCE_REL,0.59,11,0.4584854014598541,"[0.889, 0.879, 0.899]","[0.678, 0.662, 0.694]",,UNRESOLVED,0.635492700729927,0.177007299270073,0.1875,1.0,MIXTURE,W-I/out/traj_bbef66a1.json,offsets[9].channel_content,12:sub_chance,reader=S;phase=int
V0627,WI,bbef66a1ee9558ac,RELAY,site_all,o10,10,0.9034,0.8793,0.5043,0.4446,0.5696,CHANCE,,CHANCE_REL,CHANCE_REL,0.59,11,0.011861313868613192,"[0.889, 0.879, 0.899]","[0.505, 0.486, 0.523]",,UNRESOLVED,0.31386861313868614,0.32572992700729925,0.3604014598540146,1.0,UNRESOLVED,W-I/out/traj_bbef66a1.json,offsets[10].site_all,13:reader,reader=J;phase=int
V0628,WI,bbef66a1ee9558ac,RELAY,channel_all,o10,10,0.9034,0.8793,0.4957,0.4304,0.5554,CHANCE,,CHANCE_REL,CHANCE_REL,0.59,11,-0.011861313868613192,"[0.889, 0.879, 0.899]","[0.495, 0.477, 0.514]",,UNRESOLVED,0.31386861313868614,0.32572992700729925,0.3604014598540146,1.0,UNRESOLVED,W-I/out/traj_bbef66a1.json,offsets[10].channel_all,13:reader,reader=J;phase=int
V0629,WI,bbef66a1ee9558ac,RELAY,S,o10,10,0.9034,0.8793,0.5043,0.4446,0.5696,CHANCE,,CHANCE_REL,CHANCE_REL,0.59,11,0.011861313868613192,"[0.889, 0.879, 0.899]","[0.505, 0.486, 0.523]",,UNRESOLVED,0.31386861313868614,0.32572992700729925,0.3604014598540146,1.0,UNRESOLVED,W-I/out/traj_bbef66a1.json,offsets[10].S,13:sub_chance,reader=J;phase=int
V0630,WI,bbef66a1ee9558ac,RELAY,channel_content,o10,10,0.9034,0.8793,0.4957,0.4304,0.5554,CHANCE,,CHANCE_REL,CHANCE_REL,0.59,11,-0.011861313868613192,"[0.889, 0.879, 0.899]","[0.495, 0.477, 0.514]",,UNRESOLVED,0.31386861313868614,0.32572992700729925,0.3604014598540146,1.0,UNRESOLVED,W-I/out/traj_bbef66a1.json,offsets[10].channel_content,13:sub_chance,reader=J;phase=int
V0631,WI,bbef66a1ee9558ac,RELAY,site_all,o11,11,0.9034,0.8793,0.7188,0.6903,0.7472,CHANCE,CHANCE,NO_EFFECT_REL,NO_EFFECT_REL,0.59,11,0.5415145985401462,"[0.889, 0.879, 0.899]","[0.711, 0.698, 0.724]","[0.711, 0.698, 0.724]",UNRESOLVED,0.14279197080291972,0.6843065693430657,0.1729014598540146,1.0,UNRESOLVED,W-I/out/traj_bbef66a1.json,offsets[11].site_all,14:reader,reader=C;phase=int
V0632,WI,bbef66a1ee9558ac,RELAY,S,o11,11,0.9034,0.8793,0.7188,0.6903,0.7472,CHANCE,CHANCE,NO_EFFECT_REL,NO_EFFECT_REL,0.59,11,0.5415145985401462,"[0.889, 0.879, 0.899]","[0.711, 0.698, 0.724]","[0.711, 0.698, 0.724]",UNRESOLVED,0.14279197080291972,0.6843065693430657,0.1729014598540146,1.0,UNRESOLVED,W-I/out/traj_bbef66a1.json,offsets[11].S,14:sub_chance,reader=C;phase=int
V0633,WI,bbef66a1ee9558ac,RELAY,site_all,o14,14,0.9034,0.8793,0.6804,0.625,0.7316,CHANCE,,CHANCE_REL,CHANCE_REL,0.59,11,0.4584854014598541,"[0.889, 0.879, 0.899]","[0.678, 0.662, 0.694]",,UNRESOLVED,0.177007299270073,0.635492700729927,0.1875,1.0,MIXTURE,W-I/out/traj_bbef66a1.json,offsets[14].site_all,17:reader,reader=C;phase=int
V0634,WI,bbef66a1ee9558ac,RELAY,inbox,o14,14,0.9034,0.8793,0.6804,0.625,0.7316,CHANCE,,CHANCE_REL,CHANCE_REL,0.59,11,0.4584854014598541,"[0.889, 0.879, 0.899]","[0.678, 0.662, 0.694]",,UNRESOLVED,0.177007299270073,0.635492700729927,0.1875,1.0,MIXTURE,W-I/out/traj_bbef66a1.json,offsets[14].inbox,17:sub_chance,reader=C;phase=int
V0635,WI,bbef66a1ee9558ac,RELAY,channel_all,o15,15,0.9034,0.8793,0.7188,0.6903,0.7472,CHANCE,,NO_EFFECT_REL,NO_EFFECT_REL,0.59,11,0.5415145985401462,"[0.889, 0.879, 0.899]","[0.711, 0.698, 0.724]",,UNRESOLVED,0.6843065693430657,0.14279197080291972,0.1729014598540146,1.0,UNRESOLVED,W-I/out/traj_bbef66a1.json,offsets[15].channel_all,18:reader,reader=S;phase=int
V0636,WI,bbef66a1ee9558ac,RELAY,S,o15,15,0.9034,0.8793,0.4659,0.4389,0.4915,CHANCE,,CHANCE_REL,CHANCE_REL,0.59,11,-0.07116788321167887,"[0.889, 0.879, 0.899]","[0.472, 0.462, 0.482]",,UNRESOLVED,0.6843065693430657,0.14279197080291972,0.1729014598540146,1.0,UNRESOLVED,W-I/out/traj_bbef66a1.json,offsets[15].S,18:sub_chance,reader=S;phase=int
V0637,WI,bbef66a1ee9558ac,RELAY,inbox,o15,15,0.9034,0.8793,0.7188,0.679,0.7585,CHANCE,,INDETERMINATE,INDETERMINATE,0.59,11,0.5296532846715329,"[0.889, 0.879, 0.899]","[0.706, 0.693, 0.719]",,UNRESOLVED,0.6843065693430657,0.14279197080291972,0.1729014598540146,1.0,UNRESOLVED,W-I/out/traj_bbef66a1.json,offsets[15].inbox,18:sub_chance,reader=S;phase=int
V0638,WI,bbef66a1ee9558ac,RELAY,channel_content,o15,15,0.9034,0.8793,0.7188,0.6903,0.7472,CHANCE,,NO_EFFECT_REL,NO_EFFECT_REL,0.59,11,0.5415145985401462,"[0.889, 0.879, 0.899]","[0.711, 0.698, 0.724]",,UNRESOLVED,0.6843065693430657,0.14279197080291972,0.1729014598540146,1.0,UNRESOLVED,W-I/out/traj_bbef66a1.json,offsets[15].channel_content,18:sub_chance,reader=S;phase=int
V0639,WI,bf82cb29e967a489,RELAY,channel_all,o0,0,0.6705,0.6541,0.5256,0.5099,0.5412,CHANCE,,CHANCE_REL,CHANCE_REL,0.59,11,0.2171189979123169,"[0.67, 0.664, 0.676]","[0.537, 0.531, 0.542]",,UNDEFINED,,,,,IDENTITY-BROKEN,W-I/out/traj_bf82cb29.json,offsets[0].channel_all,3:reader,reader=X;phase=cue
V0640,WI,bf82cb29e967a489,RELAY,joint,o0,0,0.6705,0.6541,0.5256,0.5099,0.5412,CHANCE,,CHANCE_REL,CHANCE_REL,0.59,11,0.2171189979123169,"[0.67, 0.664, 0.676]","[0.537, 0.531, 0.542]",,UNDEFINED,,,,,IDENTITY-BROKEN,W-I/out/traj_bf82cb29.json,offsets[0].joint,3:reader,reader=X;phase=cue
V0641,WI,bf82cb29e967a489,RELAY,channel_content,o0,0,0.6705,0.6541,0.5256,0.5099,0.5412,CHANCE,,CHANCE_REL,CHANCE_REL,0.59,11,0.2171189979123169,"[0.67, 0.664, 0.676]","[0.537, 0.531, 0.542]",,UNDEFINED,,,,,IDENTITY-BROKEN,W-I/out/traj_bf82cb29.json,offsets[0].channel_content,3:sub_chance,reader=X;phase=cue
V0642,WI,bf82cb29e967a489,RELAY,site_all,o3,3,0.6705,0.6541,0.544,0.5277,0.5604,CHANCE,,CHANCE_REL,CHANCE_REL,0.59,11,0.35125260960334054,"[0.67, 0.664, 0.676]","[0.56, 0.553, 0.566]",,UNDEFINED,,,,,MIXTURE,W-I/out/traj_bf82cb29.json,offsets[3].site_all,6:reader,reader=M;phase=int
V0643,WI,bf82cb29e967a489,RELAY,channel_all,o3,3,0.6705,0.6541,0.456,0.4396,0.4723,CHANCE,,CHANCE_REL,CHANCE_REL,0.59,11,-0.3512526096033402,"[0.67, 0.664, 0.676]","[0.44, 0.434, 0.447]",,UNDEFINED,,,,,MIXTURE,W-I/out/traj_bf82cb29.json,offsets[3].channel_all,6:reader,reader=M;phase=int
V0644,WI,bf82cb29e967a489,RELAY,inbox,o3,3,0.6705,0.6541,0.544,0.5277,0.5604,CHANCE,,CHANCE_REL,CHANCE_REL,0.59,11,0.35125260960334054,"[0.67, 0.664, 0.676]","[0.56, 0.553, 0.566]",,UNDEFINED,,,,,MIXTURE,W-I/out/traj_bf82cb29.json,offsets[3].inbox,6:sub_chance,reader=M;phase=int
V0645,WI,bf82cb29e967a489,RELAY,channel_content,o3,3,0.6705,0.6541,0.456,0.4396,0.4723,CHANCE,,CHANCE_REL,CHANCE_REL,0.59,11,-0.3512526096033402,"[0.67, 0.664, 0.676]","[0.44, 0.434, 0.447]",,UNDEFINED,,,,,MIXTURE,W-I/out/traj_bf82cb29.json,offsets[3].channel_content,6:sub_chance,reader=M;phase=int
V0646,WI,bf82cb29e967a489,RELAY,site_all,o6,6,0.6705,0.6541,0.5774,0.5575,0.5994,CHANCE,,CHANCE_REL,CHANCE_REL,0.59,11,0.43893528183716085,"[0.67, 0.664, 0.676]","[0.575, 0.566, 0.583]",,UNDEFINED,,,,,MIXTURE,W-I/out/traj_bf82cb29.json,offsets[6].site_all,9:reader,reader=M;phase=int
V0647,WI,bf82cb29e967a489,RELAY,channel_all,o6,6,0.6705,0.6541,0.4226,0.4006,0.4425,CHANCE,,CHANCE_REL,CHANCE_REL,0.59,11,-0.4389352818371605,"[0.67, 0.664, 0.676]","[0.425, 0.417, 0.434]",,UNDEFINED,,,,,MIXTURE,W-I/out/traj_bf82cb29.json,offsets[6].channel_all,9:reader,reader=M;phase=int
V0648,WI,bf82cb29e967a489,RELAY,inbox,o6,6,0.6705,0.6541,0.5774,0.5575,0.5994,CHANCE,,CHANCE_REL,CHANCE_REL,0.59,11,0.43893528183716085,"[0.67, 0.664, 0.676]","[0.575, 0.566, 0.583]",,UNDEFINED,,,,,MIXTURE,W-I/out/traj_bf82cb29.json,offsets[6].inbox,9:sub_chance,reader=M;phase=int
V0649,WI,bf82cb29e967a489,RELAY,channel_content,o6,6,0.6705,0.6541,0.4226,0.4006,0.4425,CHANCE,,CHANCE_REL,CHANCE_REL,0.59,11,-0.4389352818371605,"[0.67, 0.664, 0.676]","[0.425, 0.417, 0.434]",,UNDEFINED,,,,,MIXTURE,W-I/out/traj_bf82cb29.json,offsets[6].channel_content,9:sub_chance,reader=M;phase=int
V0650,WI,bf82cb29e967a489,RELAY,channel_all,o7,7,0.6705,0.6541,0.6222,0.6016,0.642,NO-EFFECT,,NO_EFFECT_REL,NO_EFFECT_REL,0.59,11,0.7453027139874733,"[0.67, 0.664, 0.676]","[0.627, 0.621, 0.633]",,UNDEFINED,,,,,SITE,W-I/out/traj_bf82cb29.json,offsets[7].channel_all,10:reader,reader=S;phase=int
V0651,WI,bf82cb29e967a489,RELAY,S,o7,7,0.6705,0.6541,0.4744,0.4588,0.4901,CHANCE,,CHANCE_REL,CHANCE_REL,0.59,11,-0.21711899791231754,"[0.67, 0.664, 0.676]","[0.463, 0.458, 0.469]",,UNDEFINED,,,,,SITE,W-I/out/traj_bf82cb29.json,offsets[7].S,10:sub_chance,reader=S;phase=int
V0652,WI,bf82cb29e967a489,RELAY,inbox,o7,7,0.6705,0.6541,0.5739,0.5533,0.5945,CHANCE,,INDETERMINATE,INDETERMINATE,0.59,11,0.471816283924843,"[0.67, 0.664, 0.676]","[0.58, 0.574, 0.587]",,UNDEFINED,,,,,SITE,W-I/out/traj_bf82cb29.json,offsets[7].inbox,10:sub_chance,reader=S;phase=int
V0653,WI,bf82cb29e967a489,RELAY,channel_content,o7,7,0.6705,0.6541,0.6222,0.6016,0.642,NO-EFFECT,,NO_EFFECT_REL,NO_EFFECT_REL,0.59,11,0.7453027139874733,"[0.67, 0.664, 0.676]","[0.627, 0.621, 0.633]",,UNDEFINED,,,,,SITE,W-I/out/traj_bf82cb29.json,offsets[7].channel_content,10:sub_chance,reader=S;phase=int
V0654,WI,c16d52319beb8bce,RELAY,channel_all,o0,0,0.8501,0.8125,0.5582,0.5163,0.6016,CHANCE,,CHANCE_REL,CHANCE_REL,0.59,11,0.09747378455672087,"[0.873, 0.856, 0.889]","[0.536, 0.521, 0.552]",,IDENTITY-BROKEN,0.13562836997096642,0.38780588967233515,0.0033181252592285357,0.5267523849025301,IDENTITY-BROKEN,W-I/out/traj_c16d5231.json,offsets[0].channel_all,3:reader,reader=X;phase=cue
V0655,WI,c16d52319beb8bce,RELAY,joint,o0,0,0.8501,0.8125,0.5263,0.4744,0.5788,CHANCE,,CHANCE_REL,CHANCE_REL,0.59,11,0.08698760724499512,"[0.873, 0.856, 0.889]","[0.532, 0.516, 0.549]",,IDENTITY-BROKEN,0.13562836997096642,0.38780588967233515,0.0033181252592285357,0.5267523849025301,IDENTITY-BROKEN,W-I/out/traj_c16d5231.json,offsets[0].joint,3:reader,reader=X;phase=cue
V0656,WI,c16d52319beb8bce,RELAY,channel_content,o0,0,0.8501,0.8125,0.5582,0.5163,0.6016,CHANCE,,CHANCE_REL,CHANCE_REL,0.59,11,0.09699714013346046,"[0.873, 0.856, 0.889]","[0.536, 0.52, 0.551]",,IDENTITY-BROKEN,0.13562836997096642,0.38780588967233515,0.0033181252592285357,0.5267523849025301,IDENTITY-BROKEN,W-I/out/traj_c16d5231.json,offsets[0].channel_content,3:sub_chance,reader=X;phase=cue
V0657,WI,c16d52319beb8bce,RELAY,site_all,o4,4,0.8501,0.8125,0.7294,0.6761,0.782,CHANCE,,NO_EFFECT_REL,NO_EFFECT_REL,0.59,11,0.6644423260247857,"[0.873, 0.856, 0.889]","[0.748, 0.729, 0.766]",,MIXTURE,0.2770634591455827,0.7171298216507673,0.0033181252592285357,1.0,MIXTURE,W-I/out/traj_c16d5231.json,offsets[4].site_all,7:reader,reader=C;phase=int
V0658,WI,c16d52319beb8bce,RELAY,S,o4,4,0.8501,0.8125,0.7294,0.6761,0.782,CHANCE,,NO_EFFECT_REL,NO_EFFECT_REL,0.59,11,0.6644423260247857,"[0.873, 0.856, 0.889]","[0.748, 0.729, 0.766]",,MIXTURE,0.2770634591455827,0.7171298216507673,0.0033181252592285357,1.0,MIXTURE,W-I/out/traj_c16d5231.json,offsets[4].S,7:sub_chance,reader=C;phase=int
V0659,WI,c16d52319beb8bce,RELAY,site_all,o5,5,0.8501,0.8125,0.3977,0.3423,0.4475,FLIP,,CHANCE_REL,CHANCE_REL,0.59,11,-0.3281696854146809,"[0.873, 0.856, 0.889]","[0.378, 0.356, 0.399]",,MIXTURE,0.7084197428452924,0.2903359601824969,0.00041476565740356696,1.0,MIXTURE,W-I/out/traj_c16d5231.json,offsets[5].site_all,8:reader,reader=M;phase=int
V0660,WI,c16d52319beb8bce,RELAY,channel_all,o5,5,0.8501,0.8125,0.5717,0.5163,0.6207,CHANCE,,CHANCE_REL,CHANCE_REL,0.59,11,0.3281696854146809,"[0.873, 0.856, 0.889]","[0.622, 0.601, 0.644]",,MIXTURE,0.7084197428452924,0.2903359601824969,0.00041476565740356696,1.0,MIXTURE,W-I/out/traj_c16d5231.json,offsets[5].channel_all,8:reader,reader=M;phase=int
V0661,WI,c16d52319beb8bce,RELAY,S,o5,5,0.8501,0.8125,0.6009,0.554,0.6534,CHANCE,,CHANCE_REL,CHANCE_REL,0.59,11,0.2502383222116303,"[0.873, 0.856, 0.889]","[0.593, 0.569, 0.615]",,MIXTURE,0.7084197428452924,0.2903359601824969,0.00041476565740356696,1.0,MIXTURE,W-I/out/traj_c16d5231.json,offsets[5].S,8:sub_chance,reader=M;phase=int
V0662,WI,c16d52319beb8bce,RELAY,inbox,o5,5,0.8501,0.8125,0.6584,0.6037,0.7102,CHANCE,,CHANCE_REL,CHANCE_REL,0.59,11,0.42159199237368916,"[0.873, 0.856, 0.889]","[0.657, 0.638, 0.676]",,MIXTURE,0.7084197428452924,0.2903359601824969,0.00041476565740356696,1.0,MIXTURE,W-I/out/traj_c16d5231.json,offsets[5].inbox,8:sub_chance,reader=M;phase=int
V0663,WI,c16d52319beb8bce,RELAY,channel_content,o5,5,0.8501,0.8125,0.5732,0.5163,0.6236,CHANCE,,CHANCE_REL,CHANCE_REL,0.59,11,0.32721639656816004,"[0.873, 0.856, 0.889]","[0.622, 0.601, 0.643]",,MIXTURE,0.7084197428452924,0.2903359601824969,0.00041476565740356696,1.0,MIXTURE,W-I/out/traj_c16d5231.json,offsets[5].channel_content,8:sub_chance,reader=M;phase=int
V0664,WI,c16d52319beb8bce,RELAY,S,o6,6,0.8501,0.8125,0.3977,0.3423,0.4475,FLIP,,CHANCE_REL,CHANCE_REL,0.59,11,-0.3281696854146809,"[0.873, 0.856, 0.889]","[0.378, 0.356, 0.399]",,SITE,1.0,0.0,0.0,1.0,SITE,W-I/out/traj_c16d5231.json,offsets[6].S,9:sub_chance,reader=S;phase=int
V0665,WI,c16d52319beb8bce,RELAY,inbox,o6,6,0.8501,0.8125,0.5717,0.5163,0.6207,CHANCE,,CHANCE_REL,CHANCE_REL,0.59,11,0.32769304099142044,"[0.873, 0.856, 0.889]","[0.622, 0.601, 0.643]",,SITE,1.0,0.0,0.0,1.0,SITE,W-I/out/traj_c16d5231.json,offsets[6].inbox,9:sub_chance,reader=S;phase=int
V0666,WI,cd5b6fd649eb242d,RELAY,channel_all,o0,0,0.723,0.7074,0.5199,0.5071,0.5327,CHANCE,,CHANCE_REL,CHANCE_REL,0.59,11,0.09161190568225724,"[0.73, 0.725, 0.734]","[0.521, 0.516, 0.525]",,UNDEFINED,,,,,IDENTITY-BROKEN,W-I/out/traj_cd5b6fd6.json,offsets[0].channel_all,3:reader,reader=X;phase=cue
V0667,WI,cd5b6fd649eb242d,RELAY,joint,o0,0,0.723,0.7074,0.5128,0.4964,0.5277,CHANCE,,CHANCE_REL,CHANCE_REL,0.59,11,0.09161190568225724,"[0.73, 0.725, 0.734]","[0.521, 0.517, 0.525]",,UNDEFINED,,,,,IDENTITY-BROKEN,W-I/out/traj_cd5b6fd6.json,offsets[0].joint,3:reader,reader=X;phase=cue
V0668,WI,cd5b6fd649eb242d,RELAY,channel_content,o0,0,0.723,0.7074,0.5199,0.5071,0.5327,CHANCE,,CHANCE_REL,CHANCE_REL,0.59,11,0.09161190568225724,"[0.73, 0.725, 0.734]","[0.521, 0.516, 0.525]",,UNDEFINED,,,,,IDENTITY-BROKEN,W-I/out/traj_cd5b6fd6.json,offsets[0].channel_content,3:sub_chance,reader=X;phase=cue
V0669,WI,cd5b6fd649eb242d,RELAY,site_all,o3,3,0.723,0.7074,0.603,0.5774,0.6264,CHANCE,,INDETERMINATE,INDETERMINATE,0.59,11,0.4607653652879778,"[0.73, 0.725, 0.734]","[0.606, 0.597, 0.614]",,UNDEFINED,,,,,MIXTURE,W-I/out/traj_cd5b6fd6.json,offsets[3].site_all,6:reader,reader=M;phase=int
V0670,WI,cd5b6fd649eb242d,RELAY,channel_all,o3,3,0.723,0.7074,0.3956,0.3764,0.4141,CHANCE,,INDETERMINATE,INDETERMINATE,0.59,11,-0.4607653652879783,"[0.73, 0.725, 0.734]","[0.394, 0.386, 0.403]",,UNDEFINED,,,,,MIXTURE,W-I/out/traj_cd5b6fd6.json,offsets[3].channel_all,6:reader,reader=M;phase=int
V0671,WI,cd5b6fd649eb242d,RELAY,inbox,o3,3,0.723,0.7074,0.6044,0.5859,0.6236,CHANCE,,CHANCE_REL,CHANCE_REL,0.59,11,0.4626981059141859,"[0.73, 0.725, 0.734]","[0.606, 0.598, 0.615]",,UNDEFINED,,,,,MIXTURE,W-I/out/traj_cd5b6fd6.json,offsets[3].inbox,6:sub_chance,reader=M;phase=int
V0672,WI,cd5b6fd649eb242d,RELAY,channel_content,o3,3,0.723,0.7074,0.3956,0.3764,0.4141,CHANCE,,INDETERMINATE,INDETERMINATE,0.59,11,-0.4607653652879783,"[0.73, 0.725, 0.734]","[0.394, 0.386, 0.403]",,UNDEFINED,,,,,MIXTURE,W-I/out/traj_cd5b6fd6.json,offsets[3].channel_content,6:sub_chance,reader=M;phase=int
V0673,WI,cd5b6fd649eb242d,RELAY,site_all,o4,4,0.723,0.7074,0.593,0.5668,0.6207,CHANCE,,CHANCE_REL,CHANCE_REL,0.59,11,0.3455740239659836,"[0.73, 0.725, 0.734]","[0.579, 0.569, 0.59]",,UNDEFINED,,,,,MIXTURE,W-I/out/traj_cd5b6fd6.json,offsets[4].site_all,7:reader,reader=M;phase=int
V0674,WI,cd5b6fd649eb242d,RELAY,channel_all,o4,4,0.723,0.7074,0.4162,0.3913,0.4403,CHANCE,,CHANCE_REL,CHANCE_REL,0.59,11,-0.3455740239659836,"[0.73, 0.725, 0.734]","[0.421, 0.41, 0.431]",,UNDEFINED,,,,,MIXTURE,W-I/out/traj_cd5b6fd6.json,offsets[4].channel_all,7:reader,reader=M;phase=int
V0675,WI,cd5b6fd649eb242d,RELAY,inbox,o4,4,0.723,0.7074,0.5845,0.5604,0.6101,CHANCE,,CHANCE_REL,CHANCE_REL,0.59,11,0.361422497100889,"[0.73, 0.725, 0.734]","[0.583, 0.573, 0.593]",,UNDEFINED,,,,,MIXTURE,W-I/out/traj_cd5b6fd6.json,offsets[4].inbox,7:sub_chance,reader=M;phase=int
V0676,WI,cd5b6fd649eb242d,RELAY,channel_content,o4,4,0.723,0.7074,0.4162,0.3913,0.4403,CHANCE,,CHANCE_REL,CHANCE_REL,0.59,11,-0.3455740239659836,"[0.73, 0.725, 0.734]","[0.421, 0.41, 0.431]",,UNDEFINED,,,,,MIXTURE,W-I/out/traj_cd5b6fd6.json,offsets[4].channel_content,7:sub_chance,reader=M;phase=int
V0677,WI,cd5b6fd649eb242d,RELAY,site_all,o6,6,0.723,0.7074,0.6378,0.6051,0.6669,CHANCE,,NO_EFFECT_REL,NO_EFFECT_REL,0.59,11,0.6509470429068419,"[0.73, 0.725, 0.734]","[0.65, 0.64, 0.658]",,UNDEFINED,,,,,MIXTURE,W-I/out/traj_cd5b6fd6.json,offsets[6].site_all,9:reader,reader=M;phase=int
V0678,WI,cd5b6fd649eb242d,RELAY,channel_all,o6,6,0.723,0.7074,0.3736,0.3452,0.4034,FLIP,,FLIP_REL,FLIP_REL,0.59,11,-0.6509470429068416,"[0.73, 0.725, 0.734]","[0.35, 0.342, 0.36]",,UNDEFINED,,,,,MIXTURE,W-I/out/traj_cd5b6fd6.json,offsets[6].channel_all,9:reader,reader=M;phase=int
V0679,WI,cd5b6fd649eb242d,RELAY,S,o6,6,0.723,0.7074,0.6648,0.6378,0.6868,CHANCE,,NO_EFFECT_REL,NO_EFFECT_REL,0.59,11,0.7383069192114411,"[0.73, 0.725, 0.734]","[0.67, 0.662, 0.677]",,UNDEFINED,,,,,MIXTURE,W-I/out/traj_cd5b6fd6.json,offsets[6].S,9:sub_chance,reader=M;phase=int
V0680,WI,cd5b6fd649eb242d,RELAY,channel_content,o6,6,0.723,0.7074,0.3736,0.3452,0.4034,FLIP,,FLIP_REL,FLIP_REL,0.59,11,-0.6509470429068416,"[0.73, 0.725, 0.734]","[0.35, 0.342, 0.36]",,UNDEFINED,,,,,MIXTURE,W-I/out/traj_cd5b6fd6.json,offsets[6].channel_content,9:sub_chance,reader=M;phase=int
V0681,WI,cd5b6fd649eb242d,RELAY,site_all,o7,7,0.723,0.7074,0.4638,0.4354,0.4922,CHANCE,,CHANCE_REL,CHANCE_REL,0.59,11,-0.07460378817162741,"[0.73, 0.725, 0.734]","[0.483, 0.472, 0.493]",,UNDEFINED,,,,,MIXTURE,W-I/out/traj_cd5b6fd6.json,offsets[7].site_all,10:reader,reader=M;phase=int
V0682,WI,cd5b6fd649eb242d,RELAY,channel_all,o7,7,0.723,0.7074,0.5277,0.5057,0.5519,CHANCE,,CHANCE_REL,CHANCE_REL,0.59,11,0.07460378817162718,"[0.73, 0.725, 0.734]","[0.517, 0.507, 0.528]",,UNDEFINED,,,,,MIXTURE,W-I/out/traj_cd5b6fd6.json,offsets[7].channel_all,10:reader,reader=M;phase=int
V0683,WI,cd5b6fd649eb242d,RELAY,S,o7,7,0.723,0.7074,0.593,0.5568,0.6222,CHANCE,,INDETERMINATE,INDETERMINATE,0.59,11,0.45187475840742153,"[0.73, 0.725, 0.734]","[0.604, 0.593, 0.615]",,UNDEFINED,,,,,MIXTURE,W-I/out/traj_cd5b6fd6.json,offsets[7].S,10:sub_chance,reader=M;phase=int
V0684,WI,cd5b6fd649eb242d,RELAY,inbox,o7,7,0.723,0.7074,0.6108,0.5909,0.6342,CHANCE,,INDETERMINATE,INDETERMINATE,0.59,11,0.4758407421724002,"[0.73, 0.725, 0.734]","[0.609, 0.602, 0.617]",,UNDEFINED,,,,,MIXTURE,W-I/out/traj_cd5b6fd6.json,offsets[7].inbox,10:sub_chance,reader=M;phase=int
V0685,WI,cd5b6fd649eb242d,RELAY,channel_content,o7,7,0.723,0.7074,0.5277,0.5057,0.5519,CHANCE,,CHANCE_REL,CHANCE_REL,0.59,11,0.07460378817162718,"[0.73, 0.725, 0.734]","[0.517, 0.507, 0.528]",,UNDEFINED,,,,,MIXTURE,W-I/out/traj_cd5b6fd6.json,offsets[7].channel_content,10:sub_chance,reader=M;phase=int
V0686,WI,cd5b6fd649eb242d,RELAY,S,o8,8,0.723,0.7074,0.4347,0.4119,0.456,CHANCE,,CHANCE_REL,CHANCE_REL,0.59,11,-0.20989563200618475,"[0.73, 0.725, 0.734]","[0.452, 0.442, 0.461]",,UNDEFINED,,,,,SITE,W-I/out/traj_cd5b6fd6.json,offsets[8].S,11:sub_chance,reader=S;phase=int
V0687,WI,cd5b6fd649eb242d,RELAY,inbox,o8,8,0.723,0.7074,0.5803,0.5604,0.603,CHANCE,,CHANCE_REL,CHANCE_REL,0.59,11,0.3877077696173175,"[0.73, 0.725, 0.734]","[0.589, 0.579, 0.599]",,UNDEFINED,,,,,SITE,W-I/out/traj_cd5b6fd6.json,offsets[8].inbox,11:sub_chance,reader=S;phase=int
V0688,WI,e06701a5e70bb7c2,RELAY,channel_all,o0,0,0.6825,0.6499,0.5348,0.5185,0.5483,CHANCE,,CHANCE_REL,CHANCE_REL,0.59,11,0.23311546840958575,"[0.663, 0.652, 0.674]","[0.538, 0.533, 0.543]",,UNDEFINED,,,,,IDENTITY-BROKEN,W-I/out/traj_e06701a5.json,offsets[0].channel_all,3:reader,reader=X;phase=cue
V0689,WI,e06701a5e70bb7c2,RELAY,joint,o0,0,0.6825,0.6499,0.5348,0.5185,0.5483,CHANCE,,CHANCE_REL,CHANCE_REL,0.59,11,0.21786492374727595,"[0.663, 0.652, 0.674]","[0.536, 0.531, 0.541]",,UNDEFINED,,,,,IDENTITY-BROKEN,W-I/out/traj_e06701a5.json,offsets[0].joint,3:reader,reader=X;phase=cue
V0690,WI,e06701a5e70bb7c2,RELAY,channel_count,o0,0,0.6825,0.6499,0.5348,0.5185,0.5483,CHANCE,,CHANCE_REL,CHANCE_REL,0.59,11,0.23311546840958575,"[0.663, 0.652, 0.674]","[0.538, 0.533, 0.543]",,UNDEFINED,,,,,IDENTITY-BROKEN,W-I/out/traj_e06701a5.json,offsets[0].channel_count,3:sub_chance,reader=X;phase=cue
V0691,WI,e06701a5e70bb7c2,RELAY,site_all,o5,5,0.6825,0.6499,0.4197,0.4013,0.4403,CHANCE,,CHANCE_REL,CHANCE_REL,0.59,11,-0.39106753812636136,"[0.663, 0.652, 0.674]","[0.436, 0.429, 0.444]",,UNDEFINED,,,,,UNRESOLVED,W-I/out/traj_e06701a5.json,offsets[5].site_all,8:reader,reader=J;phase=int
V0692,WI,e06701a5e70bb7c2,RELAY,channel_all,o5,5,0.6825,0.6499,0.5689,0.5469,0.5888,CHANCE,,CHANCE_REL,CHANCE_REL,0.59,11,0.39106753812636136,"[0.663, 0.652, 0.674]","[0.564, 0.556, 0.571]",,UNDEFINED,,,,,UNRESOLVED,W-I/out/traj_e06701a5.json,offsets[5].channel_all,8:reader,reader=J;phase=int
V0693,WI,e06701a5e70bb7c2,RELAY,S,o5,5,0.6825,0.6499,0.5788,0.5597,0.5973,CHANCE,,CHANCE_REL,CHANCE_REL,0.59,11,0.37581699346405223,"[0.663, 0.652, 0.674]","[0.561, 0.552, 0.57]",,UNDEFINED,,,,,UNRESOLVED,W-I/out/traj_e06701a5.json,offsets[5].S,8:sub_chance,reader=J;phase=int
V0694,WI,e06701a5e70bb7c2,RELAY,inbox,o5,5,0.6825,0.6499,0.5348,0.5185,0.5483,CHANCE,,CHANCE_REL,CHANCE_REL,0.59,11,0.23311546840958575,"[0.663, 0.652, 0.674]","[0.538, 0.533, 0.543]",,UNDEFINED,,,,,UNRESOLVED,W-I/out/traj_e06701a5.json,offsets[5].inbox,8:sub_chance,reader=J;phase=int
V0695,WI,e06701a5e70bb7c2,RELAY,channel_count,o5,5,0.6825,0.6499,0.5689,0.5469,0.5888,CHANCE,,CHANCE_REL,CHANCE_REL,0.59,11,0.39106753812636136,"[0.663, 0.652, 0.674]","[0.564, 0.556, 0.571]",,UNDEFINED,,,,,UNRESOLVED,W-I/out/traj_e06701a5.json,offsets[5].channel_count,8:sub_chance,reader=J;phase=int
V0696,WI,e06701a5e70bb7c2,RELAY,S,o6,6,0.6825,0.6499,0.4311,0.4112,0.4531,CHANCE,,CHANCE_REL,CHANCE_REL,0.59,11,-0.39106753812636136,"[0.663, 0.652, 0.674]","[0.436, 0.429, 0.444]",,UNDEFINED,,,,,SITE,W-I/out/traj_e06701a5.json,offsets[6].S,9:sub_chance,reader=S;phase=int
V0697,WI,e06701a5e70bb7c2,RELAY,inbox,o6,6,0.6825,0.6499,0.5689,0.5469,0.5888,CHANCE,,CHANCE_REL,CHANCE_REL,0.59,11,0.39106753812636136,"[0.663, 0.652, 0.674]","[0.564, 0.556, 0.571]",,UNDEFINED,,,,,SITE,W-I/out/traj_e06701a5.json,offsets[6].inbox,9:sub_chance,reader=S;phase=int
V0698,WI,e2afff1ce40123fc,RELAY,channel_all,o0,0,0.8011,0.7642,0.5398,0.4858,0.5895,CHANCE,,CHANCE_REL,CHANCE_REL,0.59,11,0.0945213726670679,"[0.795, 0.781, 0.808]","[0.528, 0.515, 0.539]",,IDENTITY-BROKEN,0.06323447118074986,0.3010632344711808,0.1242305540011192,0.49076664801343034,IDENTITY-BROKEN,W-I/out/traj_e2afff1c.json,offsets[0].channel_all,3:reader,reader=X;phase=cue
V0699,WI,e2afff1ce40123fc,RELAY,joint,o0,0,0.8011,0.7642,0.5085,0.4759,0.544,CHANCE,,CHANCE_REL,CHANCE_REL,0.59,11,0.11589403973509933,"[0.795, 0.781, 0.808]","[0.534, 0.518, 0.548]",,IDENTITY-BROKEN,0.06323447118074986,0.3010632344711808,0.1242305540011192,0.49076664801343034,IDENTITY-BROKEN,W-I/out/traj_e2afff1c.json,offsets[0].joint,3:reader,reader=X;phase=cue
V0700,WI,e2afff1ce40123fc,RELAY,channel_content,o0,0,0.8011,0.7642,0.5298,0.4872,0.5682,CHANCE,,CHANCE_REL,CHANCE_REL,0.59,11,0.08097531607465396,"[0.795, 0.781, 0.808]","[0.524, 0.511, 0.536]",,IDENTITY-BROKEN,0.06323447118074986,0.3010632344711808,0.1242305540011192,0.49076664801343034,IDENTITY-BROKEN,W-I/out/traj_e2afff1c.json,offsets[0].channel_content,3:sub_chance,reader=X;phase=cue
V0701,WI,e2afff1ce40123fc,RELAY,channel_count,o2,2,0.8011,0.7642,0.7429,0.7003,0.7884,NO-EFFECT,,NO_EFFECT_REL,NO_EFFECT_REL,0.59,11,1.0237808549066825,"[0.795, 0.781, 0.808]","[0.802, 0.791, 0.814]",,UNRESOLVED,0.06827084499160604,0.697817571348629,0.2311135982092893,1.0,UNRESOLVED,W-I/out/traj_e2afff1c.json,offsets[2].channel_count,5:sub_chance,reader=C;phase=int
V0702,WI,e2afff1ce40123fc,RELAY,site_all,o4,4,0.8011,0.7642,0.7273,0.691,0.7649,CHANCE,,NO_EFFECT_REL,NO_EFFECT_REL,0.59,11,0.6402769416014453,"[0.795, 0.781, 0.808]","[0.689, 0.67, 0.706]",,UNRESOLVED,0.19306099608282037,0.5355344152210408,0.2686066032456631,1.0,MIXTURE,W-I/out/traj_e2afff1c.json,offsets[4].site_all,7:reader,reader=C;phase=int
V0703,WI,e2afff1ce40123fc,RELAY,S,o4,4,0.8011,0.7642,0.7017,0.6676,0.7386,CHANCE,,NO_EFFECT_REL,NO_EFFECT_REL,0.59,11,0.6408789885611076,"[0.795, 0.781, 0.808]","[0.689, 0.671, 0.707]",,UNRESOLVED,0.19306099608282037,0.5355344152210408,0.2686066032456631,1.0,MIXTURE,W-I/out/traj_e2afff1c.json,offsets[4].S,7:sub_chance,reader=C;phase=int
V0704,WI,e2afff1ce40123fc,RELAY,site_all,o5,5,0.8011,0.7642,0.3736,0.321,0.4219,CHANCE,,CHANCE_REL,CHANCE_REL,0.59,11,-0.324202287778447,"[0.795, 0.781, 0.808]","[0.404, 0.391, 0.418]",,UNRESOLVED,0.6261891438164522,0.1897034135422496,0.18074986010072747,1.0,MIXTURE,W-I/out/traj_e2afff1c.json,offsets[5].site_all,8:reader,reader=J;phase=int
V0705,WI,e2afff1ce40123fc,RELAY,channel_all,o5,5,0.8011,0.7642,0.6087,0.5675,0.6484,CHANCE,,CHANCE_REL,CHANCE_REL,0.59,11,0.3242022877784466,"[0.795, 0.781, 0.808]","[0.596, 0.582, 0.609]",,UNRESOLVED,0.6261891438164522,0.1897034135422496,0.18074986010072747,1.0,MIXTURE,W-I/out/traj_e2afff1c.json,offsets[5].channel_all,8:reader,reader=J;phase=int
V0706,WI,e2afff1ce40123fc,RELAY,S,o5,5,0.8011,0.7642,0.5689,0.5121,0.625,CHANCE,,CHANCE_REL,CHANCE_REL,0.59,11,0.20138470800722436,"[0.795, 0.781, 0.808]","[0.559, 0.541, 0.577]",,UNRESOLVED,0.6261891438164522,0.1897034135422496,0.18074986010072747,1.0,MIXTURE,W-I/out/traj_e2afff1c.json,offsets[5].S,8:sub_chance,reader=J;phase=int
V0707,WI,e2afff1ce40123fc,RELAY,inbox,o5,5,0.8011,0.7642,0.6634,0.6257,0.701,CHANCE,,INDETERMINATE,INDETERMINATE,0.59,11,0.4708007224563518,"[0.795, 0.781, 0.808]","[0.639, 0.623, 0.655]",,UNRESOLVED,0.6261891438164522,0.1897034135422496,0.18074986010072747,1.0,MIXTURE,W-I/out/traj_e2afff1c.json,offsets[5].inbox,8:sub_chance,reader=J;phase=int
V0708,WI,e2afff1ce40123fc,RELAY,channel_content,o5,5,0.8011,0.7642,0.5703,0.5178,0.6215,CHANCE,,CHANCE_REL,CHANCE_REL,0.59,11,0.32209512341962665,"[0.795, 0.781, 0.808]","[0.595, 0.581, 0.608]",,UNRESOLVED,0.6261891438164522,0.1897034135422496,0.18074986010072747,1.0,MIXTURE,W-I/out/traj_e2afff1c.json,offsets[5].channel_content,8:sub_chance,reader=J;phase=int
V0709,WI,e2afff1ce40123fc,RELAY,S,o6,6,0.8011,0.7642,0.3771,0.3317,0.4233,CHANCE,,CHANCE_REL,CHANCE_REL,0.59,11,-0.32480433473810966,"[0.795, 0.781, 0.808]","[0.404, 0.39, 0.418]",,SITE,0.9927252378287633,0.0,0.006155567991046447,1.0,SITE,W-I/out/traj_e2afff1c.json,offsets[6].S,9:sub_chance,reader=S;phase=int
V0710,WI,e2afff1ce40123fc,RELAY,inbox,o6,6,0.8011,0.7642,0.5824,0.5341,0.6264,CHANCE,,CHANCE_REL,CHANCE_REL,0.59,11,0.3299217338952438,"[0.795, 0.781, 0.808]","[0.597, 0.584, 0.611]",,SITE,0.9927252378287633,0.0,0.006155567991046447,1.0,SITE,W-I/out/traj_e2afff1c.json,offsets[6].inbox,9:sub_chance,reader=S;phase=int
V0711,WI,e9196cae3d7537f1,RELAY,channel_all,o0,0,0.7926,0.7585,0.4602,0.4261,0.4957,CHANCE,,CHANCE_REL,CHANCE_REL,0.59,11,-0.16455696202531664,"[0.809, 0.798, 0.819]","[0.449, 0.439, 0.46]",,IDENTITY-BROKEN,0.0,0.5822784810126582,0.0,0.5822784810126582,IDENTITY-BROKEN,W-I/out/traj_e9196cae.json,offsets[0].channel_all,3:reader,reader=X;phase=cue
V0712,WI,e9196cae3d7537f1,RELAY,joint,o0,0,0.7926,0.7585,0.4602,0.4261,0.4957,CHANCE,,CHANCE_REL,CHANCE_REL,0.59,11,-0.16455696202531664,"[0.809, 0.798, 0.819]","[0.449, 0.439, 0.46]",,IDENTITY-BROKEN,0.0,0.5822784810126582,0.0,0.5822784810126582,IDENTITY-BROKEN,W-I/out/traj_e9196cae.json,offsets[0].joint,3:reader,reader=X;phase=cue
V0713,WI,e9196cae3d7537f1,RELAY,channel_content,o0,0,0.7926,0.7585,0.4602,0.4261,0.4957,CHANCE,,CHANCE_REL,CHANCE_REL,0.59,11,-0.16455696202531664,"[0.809, 0.798, 0.819]","[0.449, 0.439, 0.46]",,IDENTITY-BROKEN,0.0,0.5822784810126582,0.0,0.5822784810126582,IDENTITY-BROKEN,W-I/out/traj_e9196cae.json,offsets[0].channel_content,3:sub_chance,reader=X;phase=cue
V0714,WI,e9196cae3d7537f1,RELAY,site_all,o3,3,0.7926,0.7585,0.7344,0.6946,0.7713,CHANCE,,NO_EFFECT_REL,NO_EFFECT_REL,0.59,11,0.807825086306099,"[0.809, 0.798, 0.819]","[0.749, 0.736, 0.762]",,CHANNEL,0.03049482163406214,0.8383199079401611,0.13118527042577677,1.0,CHANNEL,W-I/out/traj_e9196cae.json,offsets[3].site_all,6:reader,reader=C;phase=int
V0715,WI,e9196cae3d7537f1,RELAY,inbox,o3,3,0.7926,0.7585,0.7344,0.6946,0.7713,CHANCE,,NO_EFFECT_REL,NO_EFFECT_REL,0.59,11,0.807825086306099,"[0.809, 0.798, 0.819]","[0.749, 0.736, 0.762]",,CHANNEL,0.03049482163406214,0.8383199079401611,0.13118527042577677,1.0,CHANNEL,W-I/out/traj_e9196cae.json,offsets[3].inbox,6:sub_chance,reader=C;phase=int
V0716,WI,e9196cae3d7537f1,RELAY,channel_all,o5,5,0.7926,0.7585,0.6449,0.6094,0.6804,CHANCE,,INDETERMINATE,INDETERMINATE,0.59,11,0.5155350978135791,"[0.809, 0.798, 0.819]","[0.659, 0.645, 0.673]",,UNRESOLVED,0.6478711162255466,0.1323360184119678,0.21979286536248563,1.0,UNRESOLVED,W-I/out/traj_e9196cae.json,offsets[5].channel_all,8:reader,reader=S;phase=int
V0717,WI,e9196cae3d7537f1,RELAY,S,o5,5,0.7926,0.7585,0.5398,0.5043,0.5739,CHANCE,,CHANCE_REL,CHANCE_REL,0.59,11,0.16455696202531644,"[0.809, 0.798, 0.819]","[0.551, 0.54, 0.561]",,UNRESOLVED,0.6478711162255466,0.1323360184119678,0.21979286536248563,1.0,UNRESOLVED,W-I/out/traj_e9196cae.json,offsets[5].S,8:sub_chance,reader=S;phase=int
V0718,WI,e9196cae3d7537f1,RELAY,inbox,o5,5,0.7926,0.7585,0.608,0.5682,0.6477,CHANCE,,CHANCE_REL,CHANCE_REL,0.59,11,0.31990794016110446,"[0.809, 0.798, 0.819]","[0.599, 0.585, 0.612]",,UNRESOLVED,0.6478711162255466,0.1323360184119678,0.21979286536248563,1.0,UNRESOLVED,W-I/out/traj_e9196cae.json,offsets[5].inbox,8:sub_chance,reader=S;phase=int
V0719,WI,e9196cae3d7537f1,RELAY,channel_content,o5,5,0.7926,0.7585,0.6449,0.6094,0.6804,CHANCE,,INDETERMINATE,INDETERMINATE,0.59,11,0.5155350978135791,"[0.809, 0.798, 0.819]","[0.659, 0.645, 0.673]",,UNRESOLVED,0.6478711162255466,0.1323360184119678,0.21979286536248563,1.0,UNRESOLVED,W-I/out/traj_e9196cae.json,offsets[5].channel_content,8:sub_chance,reader=S;phase=int
V0720,WI,ed16c5532e2398cd,RELAY,site_all,o0,0,0.7642,0.7358,0.5355,0.5107,0.5589,CHANCE,,CHANCE_REL,CHANCE_REL,0.59,11,0.1286438529784536,"[0.78, 0.77, 0.79]","[0.536, 0.527, 0.545]",,IDENTITY-BROKEN,0.2796780684104628,0.0,0.0,0.2796780684104628,IDENTITY-BROKEN,W-I/out/traj_ed16c553.json,offsets[0].site_all,3:reader,reader=X;phase=cue
V0721,WI,ed16c5532e2398cd,RELAY,joint,o0,0,0.7642,0.7358,0.5355,0.5107,0.5589,CHANCE,,CHANCE_REL,CHANCE_REL,0.59,11,0.1286438529784536,"[0.78, 0.77, 0.79]","[0.536, 0.527, 0.545]",,IDENTITY-BROKEN,0.2796780684104628,0.0,0.0,0.2796780684104628,IDENTITY-BROKEN,W-I/out/traj_ed16c553.json,offsets[0].joint,3:reader,reader=X;phase=cue
V0722,WI,ed16c5532e2398cd,RELAY,S,o0,0,0.7642,0.7358,0.5234,0.4986,0.5469,CHANCE,,CHANCE_REL,CHANCE_REL,0.59,11,0.1267427122940427,"[0.78, 0.77, 0.79]","[0.536, 0.526, 0.544]",,IDENTITY-BROKEN,0.2796780684104628,0.0,0.0,0.2796780684104628,IDENTITY-BROKEN,W-I/out/traj_ed16c553.json,offsets[0].S,3:sub_chance,reader=X;phase=cue
V0723,WI,ed16c5532e2398cd,RELAY,site_all,o2,2,0.7642,0.7358,0.4304,0.4013,0.4616,CHANCE,,CHANCE_REL,CHANCE_REL,0.59,11,-0.2702788339670469,"[0.78, 0.77, 0.79]","[0.424, 0.414, 0.435]",,MIXTURE,0.630784708249497,0.19517102615694165,0.0,1.0,MIXTURE,W-I/out/traj_ed16c553.json,offsets[2].site_all,5:reader,reader=M;phase=int
V0724,WI,ed16c5532e2398cd,RELAY,channel_all,o2,2,0.7642,0.7358,0.5739,0.5518,0.5966,CHANCE,,CHANCE_REL,CHANCE_REL,0.59,11,0.27027883396704705,"[0.78, 0.77, 0.79]","[0.576, 0.565, 0.586]",,MIXTURE,0.630784708249497,0.19517102615694165,0.0,1.0,MIXTURE,W-I/out/traj_ed16c553.json,offsets[2].channel_all,5:reader,reader=M;phase=int
V0725,WI,ed16c5532e2398cd,RELAY,S,o2,2,0.7642,0.7358,0.429,0.4077,0.4517,CHANCE,,CHANCE_REL,CHANCE_REL,0.59,11,-0.25538656527249687,"[0.78, 0.77, 0.79]","[0.428, 0.419, 0.439]",,MIXTURE,0.630784708249497,0.19517102615694165,0.0,1.0,MIXTURE,W-I/out/traj_ed16c553.json,offsets[2].S,5:sub_chance,reader=M;phase=int
V0726,WI,ed16c5532e2398cd,RELAY,channel_content,o2,2,0.7642,0.7358,0.5739,0.5518,0.5966,CHANCE,,CHANCE_REL,CHANCE_REL,0.59,11,0.27027883396704705,"[0.78, 0.77, 0.79]","[0.576, 0.565, 0.586]",,MIXTURE,0.630784708249497,0.19517102615694165,0.0,1.0,MIXTURE,W-I/out/traj_ed16c553.json,offsets[2].channel_content,5:sub_chance,reader=M;phase=int
V0727,WI,ed16c5532e2398cd,RELAY,S,o7,7,0.7642,0.7358,0.4311,0.4105,0.4524,CHANCE,,CHANCE_REL,CHANCE_REL,0.59,11,-0.17332065906210395,"[0.78, 0.77, 0.79]","[0.451, 0.442, 0.462]",,SITE,0.9154929577464789,0.0,0.0,1.0,SITE,W-I/out/traj_ed16c553.json,offsets[7].S,10:sub_chance,reader=S;phase=int
V0728,WI,ed16c5532e2398cd,RELAY,inbox,o7,7,0.7642,0.7358,0.5859,0.5554,0.6151,CHANCE,,CHANCE_REL,CHANCE_REL,0.59,11,0.3054499366286437,"[0.78, 0.77, 0.79]","[0.586, 0.574, 0.597]",,SITE,0.9154929577464789,0.0,0.0,1.0,SITE,W-I/out/traj_ed16c553.json,offsets[7].inbox,10:sub_chance,reader=S;phase=int
V0729,SCT,c16d5231,RELAY,sitestate,mid_sct,,0.8737,0.8333,0.7363,0.6784,0.793,CHANCE,,NO_EFFECT_REL,NO_EFFECT_REL,0.58,12,0.6407894736842106,"[0.871, 0.855, 0.886]","[0.738, 0.72, 0.755]",,MIXTURE,0.280370227535673,0.7142306209024296,0.0030852294639413806,1.0,MIXTURE,spikes/out/s_ct.json,401:c16d5231.sitestate,parent=c16d5231,W-E class input
V0730,SCT,4781b0a1,MAJ,inflight,mid_sct,,0.7734,0.7292,0.5208,0.4883,0.5534,CHANCE,,CHANCE_REL,CHANCE_REL,0.58,12,0.04718137254901933,"[0.766, 0.748, 0.782]","[0.513, 0.499, 0.527]",,NEITHER,0.2696800406297613,0.22244794311833418,0.5078720162519045,1.0,NEITHER,spikes/out/s_ct.json,458:4781b0a1.inflight,parent=4781b0a1,W-E class input
V0731,SCT,4781b0a1,MAJ,sitestate,mid_sct,,0.7734,0.7292,0.4831,0.4505,0.5169,CHANCE,,CHANCE_REL,CHANCE_REL,0.58,12,-0.04718137254901954,"[0.766, 0.748, 0.782]","[0.487, 0.473, 0.501]",,NEITHER,0.2696800406297613,0.22244794311833418,0.5078720162519045,1.0,NEITHER,spikes/out/s_ct.json,458:4781b0a1.sitestate,parent=4781b0a1,W-E class input
V0732,SCT,4781b0a1,MAJ,payload,mid_sct,,0.7734,0.7292,0.5208,0.4883,0.5534,CHANCE,,CHANCE_REL,CHANCE_REL,0.58,12,0.04718137254901933,"[0.766, 0.748, 0.782]","[0.513, 0.499, 0.527]",,NEITHER,0.2696800406297613,0.22244794311833418,0.5078720162519045,1.0,NEITHER,spikes/out/s_ct.json,458:4781b0a1.payload,parent=4781b0a1,W-E class input
