family,cell,wave,topology,update_mode,d,delta,decay_shift,prog_len,c_op,hplant_lc,w2d_tags,w2j_class,w2j_lc2,w2j_lc2_hi,w2l_class,w2s_class,w2s_epidemic,w2m_lc,w2m_placement,w2m_class,w2p_joint,w2p_inward,w2p_capped,w2u_joint,w2u_joint_held,w2u_thr,w2u_capped,w2t_class,w2t_marginal,w2t_combined,w2t_flags,w2o_class,w2i_verdict,w2q,p1b,p2_decay_artefact,rec_plant,rec_plant_acc,rec_plant_in_space,w2w_refresh,plant_tier,plant_src,plant_note,best_bound,best_bound_src,final_class,final_basis,admissible,eligible_strict,eligible_lenient,evidence_path
XOR,335052490666b094,A,smallworld,sync,3,16,3,16,1,0.9844,flat:no_selectable_gradient,UNDECIDED-ECONOMY,0.7253,0.8109,,,,,,,,,False,0.9883,0.9844,0.6140,False,FLAT,False,0.9844,flat,,,,,,relay_flood,0.5026,True,,NONE,,,0.8109,"W2-J LC2 99% upper, 64 fresh worlds",FLAT,max_acc over all generations <= .5,False,False,False,wave2/W2-T/out/table_t.json
XOR,93b9eeeb6b4c5eca,A,global,sync,5,16,6,8,1,1.0000,flat:no_selectable_gradient,UNDECIDED-ECONOMY,1.0000,1.0000,,,,,,,,,False,1.0000,1.0000,0.6140,False,FLAT,False,1.0000,flat,,,,,,relay_flood,0.4883,False,,NONE,,,1.0000,"W2-J LC2 99% upper, 64 fresh worlds",FLAT,max_acc over all generations <= .5,False,False,False,wave2/W2-T/out/table_t.json
XOR,2a226becc68041a1,A,random,async,2,16,6,16,0,1.0000,unplaced,UNDECIDED,0.8366,0.8779,,,,,,,,,False,0.9608,0.9608,0.6140,False,INERT,False,0.9687,inert,INERT,,,,,relay_flood,0.4974,True,,NONE,,,0.8779,"W2-J LC2 99% upper, 64 fresh worlds",INERT,readout dead in >= 48/64 held worlds,False,False,False,wave2/W2-T/out/table_t.json
XOR,48256f59e45e2072,C,global,async,5,16,3,8,0,1.0000,flat:no_selectable_gradient,PLANT-SOLVED,0.9590,0.9671,,,,,,,,,False,0.9608,0.9608,0.6140,False,INERT,False,0.9570,inert|flat,,,,,,relay_flood,0.4896,False,,OVERRIDE,W2-J,16-line C1-space plant lo99 0.751 (row genome raised),0.9570,"W2-T combined lc+exact-wake, held set",INERT,readout dead in >= 48/64 held worlds,False,False,False,wave2/W2-T/out/table_t.json
XOR,74a24d53956caf56,A,smallworld,async,1,16,3,8,0,1.0000,unplaced,CAPPED-LC2(point),0.5612,0.6025,,,,,,,,,False,0.7762,0.7775,0.6140,False,INERT,False,0.7552,inert,,,,,,relay_flood,0.5130,False,,NONE,,,0.6025,"W2-J LC2 99% upper, 64 fresh worlds",INERT,readout dead in >= 48/64 held worlds,False,False,False,wave2/W2-T/out/table_t.json
XOR,84cf905d302691e1,A,random,sync,5,16,1,16,0,0.9688,unplaced,PLANT-SOLVED,0.8574,0.9365,,,,,,,,,False,0.9268,0.9375,0.6140,False,INERT,False,0.9375,inert,,,,,,relay_flood,0.4688,True,,BEYOND_C1,W2-J,only a >16-line plant (lo99 0.776),0.9268,"W2-U joint, 1024 worlds",INERT,readout dead in >= 48/64 held worlds,False,False,False,wave2/W2-T/out/table_t.json
XOR,89a6a9cdf834c4e3,A,global,async,5,16,3,16,1,1.0000,unplaced,UNDECIDED-ECONOMY,0.8177,0.8343,,,,,,,,,False,0.9608,0.9608,0.6140,False,INERT,False,0.9688,inert,,,,,,relay_flood,0.5078,True,,NONE,,,0.8343,"W2-J LC2 99% upper, 64 fresh worlds",INERT,readout dead in >= 48/64 held worlds,False,False,False,wave2/W2-T/out/table_t.json
XOR,b3549a65e9dd367d,A,smallworld,sync,3,16,1,12,1,1.0000,flat:no_selectable_gradient,UNDECIDED-ECONOMY,0.7233,0.8014,,,,,,,,,False,1.0000,1.0000,0.6140,False,INERT,False,1.0000,inert|flat,,,,,,relay_flood,0.5000,True,,NONE,,,0.8014,"W2-J LC2 99% upper, 64 fresh worlds",INERT,readout dead in >= 48/64 held worlds,False,False,False,wave2/W2-T/out/table_t.json
XOR,d01883edd4f6eb7b,A,torus,sync,2,8,1,12,1,0.7656,flat:no_selectable_gradient,UNDECIDED-ECONOMY,0.7656,0.8906,,,,,,,,,False,0.7236,0.7656,0.6140,False,INERT,False,0.7656,inert,,,,,,relay_flood,0.5078,True,,NONE,,,0.7236,"W2-U joint, 1024 worlds",INERT,readout dead in >= 48/64 held worlds,False,False,False,wave2/W2-T/out/table_t.json
XOR,1974a9cf7f8ecb44,C,global,async,5,16,3,8,0,1.0000,unplaced,PLANT-SOLVED,0.9577,0.9668,,,,,,,,,False,0.9608,0.9608,0.6140,False,ADMISSIBLE,False,0.9453,,,,,,,relay_flood,0.5078,False,,OVERRIDE,W2-J,16-line C1-space plant lo99 0.717 (row genome raised),0.9453,"W2-T combined lc+exact-wake, held set",PLANT_SOLVED_OVERRIDE,16-line C1-space plant lo99 0.717 (row genome raised),True,False,False,wave2/W2-J/out/table.json
XOR,333d6b2b2ac20503,C,global,async,5,16,3,8,0,1.0000,unplaced,PLANT-SOLVED,0.9681,0.9772,,,,,,,,,False,0.9608,0.9608,0.6140,False,ADMISSIBLE,False,0.9648,,,,,,,relay_flood,0.4974,False,,OVERRIDE,W2-J,16-line C1-space plant lo99 0.670 (row genome raised),0.9608,"W2-U joint, 1024 worlds",PLANT_SOLVED_OVERRIDE,16-line C1-space plant lo99 0.670 (row genome raised),True,False,False,wave2/W2-J/out/table.json
XOR,4222a5f77275842c,C,global,sync,1,16,3,12,0,1.0000,unplaced,PLANT-SOLVED,1.0000,1.0000,,,,,,,,,False,1.0000,1.0000,0.6140,False,ADMISSIBLE,False,1.0000,,,,,,,relay_flood,0.5312,True,,OVERRIDE,W2-J,16-line C1-space plant lo99 0.633 (row genome raised),1.0000,"W2-J LC2 99% upper, 64 fresh worlds",PLANT_SOLVED_OVERRIDE,16-line C1-space plant lo99 0.633 (row genome raised),True,False,False,wave2/W2-J/out/table.json
XOR,e2fd1e07df85bde2,A,global,async,1,16,3,8,0,1.0000,unplaced,PLANT-SOLVED,0.7803,0.8011,,,,,,,,,False,0.7812,0.7812,0.6140,False,ADMISSIBLE,False,0.7799,,,,,,,relay_flood,0.5208,False,,OVERRIDE,W2-J,16-line C1-space plant lo99 0.568 (row genome raised),0.7799,"W2-T combined lc+exact-wake, held set",PLANT_SOLVED_OVERRIDE,16-line C1-space plant lo99 0.568 (row genome raised),True,False,False,wave2/W2-J/out/table.json
XOR,4ca24b85ab9ed49d,A,torus,sync,1,8,0,8,1,0.7500,unplaced,UNDECIDED-ECONOMY,0.6136,0.6777,,,,,,,,,False,0.7627,0.7500,0.6140,False,ADMISSIBLE,False,0.7500,,,,,,,relay_flood,0.4974,False,,NONE,,,0.6777,"W2-J LC2 99% upper, 64 fresh worlds",P_CANDIDATE,"a bound in [.60, 0.614) or W2-J LC2 point < .60 with CI straddling",True,False,False,wave2/W2-U/out/task1b_big.json
XOR,ab3e72d3e277bc77,A,global,sync,2,8,0,12,0,1.0000,unplaced,CAPPED-LC2(point),0.5924,0.6019,,,,,,,,,False,1.0000,1.0000,0.6140,False,ADMISSIBLE,False,1.0000,,,,,,,relay_flood,0.5013,True,,NONE,,,0.6019,"W2-J LC2 99% upper, 64 fresh worlds",P_CANDIDATE,"a bound in [.60, 0.614) or W2-J LC2 point < .60 with CI straddling",True,False,False,wave2/W2-U/out/task1b_big.json
XOR,d2b8816cb6e81a73,A,smallworld,async,2,16,6,12,0,1.0000,winners_curse:train_final>>held,CAPPED-LC2(point),0.5954,0.6383,,,,,,,,,False,0.7778,0.7772,0.6140,False,ADMISSIBLE,False,0.7552,,,,,,,relay_flood,0.5052,True,,NONE,,,0.6383,"W2-J LC2 99% upper, 64 fresh worlds",P_CANDIDATE,"a bound in [.60, 0.614) or W2-J LC2 point < .60 with CI straddling",True,False,False,wave2/W2-U/out/task1b_big.json
XOR,02dc972adc386798,C,global,async,3,16,3,8,0,1.0000,flat:no_selectable_gradient,CAPPED-LC2,0.5166,0.5215,,,,,,,,,False,0.9608,0.9608,0.6140,False,INERT,False,0.9714,inert|flat,,,,,,relay_flood,0.5091,False,,NONE,,,0.5215,"W2-J LC2 99% upper, 64 fresh worlds",P_PROVEN,"W2-J LC2 99% upper, 64 fresh worlds=0.521",False,False,False,wave2/W2-J/out/table.json
XOR,062b201823092cd4,A,torus,async,2,4,3,16,0,0.5000,P:lightcone<.60|winners_curse:train_final>>held,CAPPED-LC1,0.5049,0.5195,,,,,,,,,True,0.5013,0.5054,0.6140,True,CAPPED,False,0.5078,capped,,,,,,relay_flood,0.5078,True,,NONE,,,0.5013,"W2-U joint, 1024 worlds",P_PROVEN,"W2-T combined lc+exact-wake, held set=0.508; W2-U joint, 1024 worlds=0.501; W2-U joint, held set=0.505; W2-J LC2 99% upper, 64 fresh worlds=0.520",False,False,False,wave2/W2-J/out/table.json;wave2/W2-T/out/table_t.json;wave2/W2-U/out/task1b_big.json
XOR,06e194216fb457ce,A,torus,sync,1,8,3,16,1,0.9375,flat:no_selectable_gradient,CAPPED-LC2,0.5026,0.5052,,,,,,,,,False,0.9434,0.9219,0.6140,False,INERT,False,0.9219,inert|flat,,,,,,relay_flood,0.5000,True,,NONE,,,0.5052,"W2-J LC2 99% upper, 64 fresh worlds",P_PROVEN,"W2-J LC2 99% upper, 64 fresh worlds=0.505",False,False,False,wave2/W2-J/out/table.json
XOR,0e99a4bb1e4f2024,A,global,async,5,8,0,12,0,1.0000,unplaced,CAPPED-LC2,0.5013,0.5029,,,,,,,,,False,0.9605,0.9605,0.6140,False,ADMISSIBLE,False,0.9557,,,,,,,relay_flood,0.4870,True,,NONE,,,0.5029,"W2-J LC2 99% upper, 64 fresh worlds",P_PROVEN,"W2-J LC2 99% upper, 64 fresh worlds=0.503",True,False,False,wave2/W2-J/out/table.json
XOR,11252d52dc5ec285,A,torus,sync,3,16,6,8,0,1.0000,unplaced,CAPPED-LC2,0.5404,0.5654,,,,,,,,,False,1.0000,1.0000,0.6140,False,ADMISSIBLE,False,1.0000,,,,,,,relay_flood,0.5091,False,,NONE,,,0.5654,"W2-J LC2 99% upper, 64 fresh worlds",P_PROVEN,"W2-J LC2 99% upper, 64 fresh worlds=0.565",True,False,False,wave2/W2-J/out/table.json
XOR,14e33fce9c8c7e0c,A,ring,async,5,8,6,16,0,0.5000,P:lightcone<.60,CAPPED-LC1,0.5000,0.5000,,,,,,,,,True,0.5000,0.5000,0.6140,True,CAPPED,False,0.5000,capped,,,,,,relay_flood,0.5026,True,,NONE,,,0.5000,"W2-J LC2 99% upper, 64 fresh worlds",P_PROVEN,"W2-T combined lc+exact-wake, held set=0.500; W2-U joint, 1024 worlds=0.500; W2-U joint, held set=0.500; W2-J LC2 99% upper, 64 fresh worlds=0.500",False,False,False,wave2/W2-J/out/table.json;wave2/W2-T/out/table_t.json;wave2/W2-U/out/task1b_big.json
XOR,1916d8e9d75793a7,C,global,sync,2,8,6,16,0,1.0000,unplaced,CAPPED-LC2,0.5010,0.5026,,,,,,,,,False,1.0000,1.0000,0.6140,False,ADMISSIBLE,False,1.0000,,,,,,,relay_flood,0.4948,True,,NONE,,,0.5026,"W2-J LC2 99% upper, 64 fresh worlds",P_PROVEN,"W2-J LC2 99% upper, 64 fresh worlds=0.503",True,False,False,wave2/W2-J/out/table.json
XOR,2b867f4fdd99e5a6,C,global,sync,2,8,3,16,0,1.0000,unplaced,CAPPED-LC2,0.5016,0.5033,,,,,,,,,False,1.0000,1.0000,0.6140,False,ADMISSIBLE,False,1.0000,,,,,,,relay_flood,0.5000,True,,NONE,,,0.5033,"W2-J LC2 99% upper, 64 fresh worlds",P_PROVEN,"W2-J LC2 99% upper, 64 fresh worlds=0.503",True,False,False,wave2/W2-J/out/table.json
XOR,2c62d07ac6f2903e,A,smallworld,sync,3,8,1,8,1,0.5000,P:lightcone<.60|flat:no_selectable_gradient,CAPPED-LC1,0.5000,0.5000,,,,,,,,,True,0.5000,0.5000,0.6140,True,CAPPED,False,0.5000,inert|flat|capped,,,,,,relay_flood,0.5052,False,,NONE,,,0.5000,"W2-J LC2 99% upper, 64 fresh worlds",P_PROVEN,"W2-T combined lc+exact-wake, held set=0.500; W2-U joint, 1024 worlds=0.500; W2-U joint, held set=0.500; W2-J LC2 99% upper, 64 fresh worlds=0.500",False,False,False,wave2/W2-J/out/table.json;wave2/W2-T/out/table_t.json;wave2/W2-U/out/task1b_big.json
XOR,2ccc1a35b4c4d9b7,A,global,sync,1,4,0,12,1,1.0000,flat:no_selectable_gradient,CAPPED-LC2,0.5016,0.5036,,,,,,,,,False,1.0000,1.0000,0.6140,False,FLAT,False,1.0000,flat,,,,,,relay_flood,0.5026,True,,NONE,,,0.5036,"W2-J LC2 99% upper, 64 fresh worlds",P_PROVEN,"W2-J LC2 99% upper, 64 fresh worlds=0.504",False,False,False,wave2/W2-J/out/table.json
XOR,30a22556900fd7bb,A,ring,sync,3,16,0,12,1,0.5000,P:lightcone<.60,CAPPED-LC1,0.5000,0.5000,,,,,,,,,True,0.5068,0.5156,0.6140,True,CAPPED,False,0.5156,inert|capped,,,,,,relay_flood,0.5000,True,,NONE,,,0.5000,"W2-J LC2 99% upper, 64 fresh worlds",P_PROVEN,"W2-T combined lc+exact-wake, held set=0.516; W2-U joint, 1024 worlds=0.507; W2-U joint, held set=0.516; W2-J LC2 99% upper, 64 fresh worlds=0.500",False,False,False,wave2/W2-J/out/table.json;wave2/W2-T/out/table_t.json;wave2/W2-U/out/task1b_big.json
XOR,312b5cf6212a1241,A,ring,sync,1,16,0,12,0,0.5469,P:lightcone<.60,CAPPED-LC1,0.6016,0.6969,,,,,,,,,True,0.5889,0.5703,0.6140,True,CAPPED,False,0.5703,inert|capped,,,,,,relay_flood,0.5299,True,,NONE,,,0.5703,"W2-T combined lc+exact-wake, held set",P_PROVEN,"W2-T combined lc+exact-wake, held set=0.570; W2-U joint, 1024 worlds=0.589; W2-U joint, held set=0.570",False,False,False,wave2/W2-T/out/table_t.json;wave2/W2-U/out/task1b_big.json
XOR,384b5b8fe91971fb,A,smallworld,async,5,8,1,16,1,0.5000,P:lightcone<.60,CAPPED-LC1,0.5010,0.5039,,,,,,,,,True,0.5031,0.5000,0.6140,True,CAPPED,False,0.5000,capped,,,,,,relay_flood,0.5039,True,,NONE,,,0.5000,"W2-T combined lc+exact-wake, held set",P_PROVEN,"W2-T combined lc+exact-wake, held set=0.500; W2-U joint, 1024 worlds=0.503; W2-U joint, held set=0.500; W2-J LC2 99% upper, 64 fresh worlds=0.504",False,False,False,wave2/W2-J/out/table.json;wave2/W2-T/out/table_t.json;wave2/W2-U/out/task1b_big.json
XOR,498084da23977f5f,A,ring,async,1,8,1,16,0,0.5312,P:lightcone<.60,CAPPED-LC1,0.5036,0.5124,,,,,,,,,True,0.5202,0.5337,0.6140,True,CAPPED,False,0.5365,capped,,,,,,relay_flood,0.4948,True,,NONE,,,0.5124,"W2-J LC2 99% upper, 64 fresh worlds",P_PROVEN,"W2-T combined lc+exact-wake, held set=0.536; W2-U joint, 1024 worlds=0.520; W2-U joint, held set=0.534; W2-J LC2 99% upper, 64 fresh worlds=0.512",False,False,False,wave2/W2-J/out/table.json;wave2/W2-T/out/table_t.json;wave2/W2-U/out/task1b_big.json
XOR,4b2ca083d226a597,A,smallworld,async,1,4,6,8,0,0.5000,P:lightcone<.60,CAPPED-LC1,0.5000,0.5000,,,,,,,,,True,0.5000,0.5000,0.6140,True,CAPPED,False,0.5000,capped,,,,,,relay_flood,0.5039,False,,NONE,,,0.5000,"W2-J LC2 99% upper, 64 fresh worlds",P_PROVEN,"W2-T combined lc+exact-wake, held set=0.500; W2-U joint, 1024 worlds=0.500; W2-U joint, held set=0.500; W2-J LC2 99% upper, 64 fresh worlds=0.500",False,False,False,wave2/W2-J/out/table.json;wave2/W2-T/out/table_t.json;wave2/W2-U/out/task1b_big.json
XOR,4c562c0341d39d0c,A,random,sync,1,16,0,8,0,0.7109,flat:no_selectable_gradient,CAPPED-LC2,0.5244,0.5632,,,,,,,,,False,0.6782,0.6719,0.6140,False,INERT,True,0.6719,inert|flat,,,,,,relay_flood,0.5104,False,,NONE,,,0.5632,"W2-J LC2 99% upper, 64 fresh worlds",P_PROVEN,"W2-J LC2 99% upper, 64 fresh worlds=0.563",False,False,False,wave2/W2-J/out/table.json
XOR,4e7f932f0d32163c,A,smallworld,async,5,16,3,16,0,0.9219,unplaced,CAPPED-LC2,0.5205,0.5394,,,,,,,,,False,0.6966,0.7068,0.6140,False,ADMISSIBLE,True,0.6211,,,,,,,relay_flood,0.4844,True,,NONE,,,0.5394,"W2-J LC2 99% upper, 64 fresh worlds",P_PROVEN,"W2-J LC2 99% upper, 64 fresh worlds=0.539",True,False,False,wave2/W2-J/out/table.json
XOR,54b1bdf94714b5ed,A,smallworld,async,1,4,6,16,0,0.5000,P:lightcone<.60,CAPPED-LC1,0.5000,0.5000,,,,,,,,,True,0.5000,0.5000,0.6140,True,CAPPED,False,0.5000,inert|capped,,,,,,relay_flood,0.5156,True,,NONE,,,0.5000,"W2-J LC2 99% upper, 64 fresh worlds",P_PROVEN,"W2-T combined lc+exact-wake, held set=0.500; W2-U joint, 1024 worlds=0.500; W2-U joint, held set=0.500; W2-J LC2 99% upper, 64 fresh worlds=0.500",False,False,False,wave2/W2-J/out/table.json;wave2/W2-T/out/table_t.json;wave2/W2-U/out/task1b_big.json
XOR,55d449deea89a35e,A,random,sync,1,4,6,16,0,0.5000,P:lightcone<.60,CAPPED-LC1,0.5000,0.5000,,,,,,,,,True,0.5000,0.5000,0.6140,True,CAPPED,False,0.5000,capped,,,,,,relay_flood,0.5339,True,,NONE,,,0.5000,"W2-J LC2 99% upper, 64 fresh worlds",P_PROVEN,"W2-T combined lc+exact-wake, held set=0.500; W2-U joint, 1024 worlds=0.500; W2-U joint, held set=0.500; W2-J LC2 99% upper, 64 fresh worlds=0.500",False,False,False,wave2/W2-J/out/table.json;wave2/W2-T/out/table_t.json;wave2/W2-U/out/task1b_big.json
XOR,58f40dae270364ec,A,random,sync,1,4,6,12,0,0.5156,P:lightcone<.60,CAPPED-LC1,0.5000,0.5000,,,,,,,,,True,0.5225,0.5234,0.6140,True,CAPPED,False,0.5234,capped,,,,,,relay_flood,0.4896,True,,NONE,,,0.5000,"W2-J LC2 99% upper, 64 fresh worlds",P_PROVEN,"W2-T combined lc+exact-wake, held set=0.523; W2-U joint, 1024 worlds=0.522; W2-U joint, held set=0.523; W2-J LC2 99% upper, 64 fresh worlds=0.500",False,False,False,wave2/W2-J/out/table.json;wave2/W2-T/out/table_t.json;wave2/W2-U/out/task1b_big.json
XOR,5ff7ddf8aeee3678,A,smallworld,sync,1,4,0,16,1,0.5000,P:lightcone<.60,CAPPED-LC1,0.5000,0.5000,,,,,,,,,True,0.5000,0.5000,0.6140,True,CAPPED,False,0.5000,capped,,,,,,relay_flood,0.5000,True,,NONE,,,0.5000,"W2-J LC2 99% upper, 64 fresh worlds",P_PROVEN,"W2-T combined lc+exact-wake, held set=0.500; W2-U joint, 1024 worlds=0.500; W2-U joint, held set=0.500; W2-J LC2 99% upper, 64 fresh worlds=0.500",False,False,False,wave2/W2-J/out/table.json;wave2/W2-T/out/table_t.json;wave2/W2-U/out/task1b_big.json
XOR,667bb9bd63ff3489,A,global,async,2,4,6,12,1,1.0000,unplaced,CAPPED-LC2,0.5003,0.5013,,,,,,,,,False,0.7266,0.7266,0.6140,False,ADMISSIBLE,True,0.7409,,,,,,,relay_flood,0.5000,True,,NONE,,,0.5013,"W2-J LC2 99% upper, 64 fresh worlds",P_PROVEN,"W2-J LC2 99% upper, 64 fresh worlds=0.501",True,False,False,wave2/W2-J/out/table.json
XOR,69442376987c0419,A,ring,async,2,16,1,12,0,0.5312,P:lightcone<.60,CAPPED-LC1,0.5280,0.5846,,,,,,,,,True,0.5323,0.5238,0.6140,True,CAPPED,False,0.5078,inert|capped,,,,,,relay_flood,0.4479,True,,NONE,,,0.5078,"W2-T combined lc+exact-wake, held set",P_PROVEN,"W2-T combined lc+exact-wake, held set=0.508; W2-U joint, 1024 worlds=0.532; W2-U joint, held set=0.524; W2-J LC2 99% upper, 64 fresh worlds=0.585",False,False,False,wave2/W2-J/out/table.json;wave2/W2-T/out/table_t.json;wave2/W2-U/out/task1b_big.json
XOR,73d733c5e3478675,A,torus,async,2,8,0,12,0,0.7656,unplaced,CAPPED-LC2,0.5029,0.5062,,,,,,,,,False,0.5664,0.5804,0.6140,True,CAPPED,False,0.5508,capped,,,,,,relay_flood,0.4948,True,,NONE,,,0.5062,"W2-J LC2 99% upper, 64 fresh worlds",P_PROVEN,"W2-T combined lc+exact-wake, held set=0.551; W2-U joint, 1024 worlds=0.566; W2-U joint, held set=0.580; W2-J LC2 99% upper, 64 fresh worlds=0.506",False,False,False,wave2/W2-J/out/table.json;wave2/W2-T/out/table_t.json;wave2/W2-U/out/task1b_big.json
XOR,73ec2754a01970e2,A,torus,sync,3,4,0,16,0,0.5000,P:lightcone<.60,CAPPED-LC1,0.5000,0.5000,,,,,,,,,True,0.5073,0.5000,0.6140,True,CAPPED,False,0.5000,capped,,,,,,relay_flood,0.4987,True,,NONE,,,0.5000,"W2-J LC2 99% upper, 64 fresh worlds",P_PROVEN,"W2-T combined lc+exact-wake, held set=0.500; W2-U joint, 1024 worlds=0.507; W2-U joint, held set=0.500; W2-J LC2 99% upper, 64 fresh worlds=0.500",False,False,False,wave2/W2-J/out/table.json;wave2/W2-T/out/table_t.json;wave2/W2-U/out/task1b_big.json
XOR,74f96e8958d11b04,A,random,sync,1,4,1,12,1,0.7344,unplaced,CAPPED-LC2,0.5072,0.5241,,,,,,,,,False,0.6924,0.6719,0.6140,False,ADMISSIBLE,True,0.6719,,,,,,,relay_flood,0.4961,True,,NONE,,,0.5241,"W2-J LC2 99% upper, 64 fresh worlds",P_PROVEN,"W2-J LC2 99% upper, 64 fresh worlds=0.524",True,False,False,wave2/W2-J/out/table.json
XOR,75779d26d0efbc38,A,torus,sync,3,4,0,8,0,0.5000,P:lightcone<.60|flat:no_selectable_gradient,CAPPED-LC1,0.5000,0.5000,,,,,,,,,True,0.5000,0.5000,0.6140,True,CAPPED,False,0.5000,inert|flat|capped,CAPPED(+flat),,,,,relay_flood,0.5000,False,,NONE,,,0.5000,"W2-J LC2 99% upper, 64 fresh worlds",P_PROVEN,"W2-T combined lc+exact-wake, held set=0.500; W2-U joint, 1024 worlds=0.500; W2-U joint, held set=0.500; W2-J LC2 99% upper, 64 fresh worlds=0.500",False,False,False,wave2/W2-J/out/table.json;wave2/W2-T/out/table_t.json;wave2/W2-U/out/task1b_big.json
XOR,75c9349840e740b1,A,ring,async,5,4,1,12,1,0.5156,P:lightcone<.60,CAPPED-LC1,0.5016,0.5049,,,,,,,,,True,0.5031,0.5000,0.6140,True,CAPPED,False,0.5000,inert|capped,,,,,,relay_flood,0.4935,True,,NONE,,,0.5000,"W2-T combined lc+exact-wake, held set",P_PROVEN,"W2-T combined lc+exact-wake, held set=0.500; W2-U joint, 1024 worlds=0.503; W2-U joint, held set=0.500; W2-J LC2 99% upper, 64 fresh worlds=0.505",False,False,False,wave2/W2-J/out/table.json;wave2/W2-T/out/table_t.json;wave2/W2-U/out/task1b_big.json
XOR,78725ff5dac03e84,A,ring,async,1,4,1,16,0,0.5000,P:lightcone<.60,CAPPED-LC1,0.5000,0.5000,,,,,,,,,True,0.5036,0.5096,0.6140,True,CAPPED,False,0.5091,inert|capped,,,,,,relay_flood,0.4922,True,,NONE,,,0.5000,"W2-J LC2 99% upper, 64 fresh worlds",P_PROVEN,"W2-T combined lc+exact-wake, held set=0.509; W2-U joint, 1024 worlds=0.504; W2-U joint, held set=0.510; W2-J LC2 99% upper, 64 fresh worlds=0.500",False,False,False,wave2/W2-J/out/table.json;wave2/W2-T/out/table_t.json;wave2/W2-U/out/task1b_big.json
XOR,797c895715a777d1,A,ring,sync,3,16,3,8,0,0.5938,P:lightcone<.60|flat:no_selectable_gradient,CAPPED-LC1,0.5339,0.5872,,,,,,,,,True,0.6265,0.6250,0.6140,False,FLAT,True,0.6250,flat,,,,,,relay_flood,0.4948,False,,NONE,,,0.5872,"W2-J LC2 99% upper, 64 fresh worlds",P_PROVEN,"W2-J LC2 99% upper, 64 fresh worlds=0.587",False,False,False,wave2/W2-J/out/table.json
XOR,7f951945eca76fbe,A,ring,sync,3,16,6,16,0,0.5312,P:lightcone<.60,CAPPED-LC1,0.5202,0.5602,,,,,,,,,True,0.5547,0.5625,0.6140,True,CAPPED,False,0.5625,capped,,,,,,relay_flood,0.5026,True,,NONE,,,0.5547,"W2-U joint, 1024 worlds",P_PROVEN,"W2-T combined lc+exact-wake, held set=0.562; W2-U joint, 1024 worlds=0.555; W2-U joint, held set=0.562; W2-J LC2 99% upper, 64 fresh worlds=0.560",False,False,False,wave2/W2-J/out/table.json;wave2/W2-T/out/table_t.json;wave2/W2-U/out/task1b_big.json
XOR,87494b3d54a6c915,A,ring,async,2,16,1,16,0,0.5312,P:lightcone<.60,CAPPED-LC1,0.5762,0.6520,,,,,,,,,True,0.5620,0.5144,0.6140,True,CAPPED,False,0.5117,capped,,,,,,relay_flood,0.5104,True,,NONE,,,0.5117,"W2-T combined lc+exact-wake, held set",P_PROVEN,"W2-T combined lc+exact-wake, held set=0.512; W2-U joint, 1024 worlds=0.562; W2-U joint, held set=0.514",False,False,False,wave2/W2-T/out/table_t.json;wave2/W2-U/out/task1b_big.json
XOR,975fa549531e3173,A,random,sync,3,4,0,16,0,0.5156,P:lightcone<.60,CAPPED-LC1,0.5469,0.6250,,,,,,,,,True,0.5205,0.5156,0.6140,True,CAPPED,False,0.5156,capped,,,,,,relay_flood,0.5156,True,,NONE,,,0.5156,"W2-T combined lc+exact-wake, held set",P_PROVEN,"W2-T combined lc+exact-wake, held set=0.516; W2-U joint, 1024 worlds=0.521; W2-U joint, held set=0.516",False,False,False,wave2/W2-T/out/table_t.json;wave2/W2-U/out/task1b_big.json
XOR,9ace5d4546c644f1,A,random,async,2,4,0,16,0,0.5000,P:lightcone<.60,CAPPED-LC1,0.5000,0.5000,,,,,,,,,True,0.5000,0.5000,0.6140,True,CAPPED,False,0.5000,capped,,,,,,relay_flood,0.4987,True,,NONE,,,0.5000,"W2-J LC2 99% upper, 64 fresh worlds",P_PROVEN,"W2-T combined lc+exact-wake, held set=0.500; W2-U joint, 1024 worlds=0.500; W2-U joint, held set=0.500; W2-J LC2 99% upper, 64 fresh worlds=0.500",False,False,False,wave2/W2-J/out/table.json;wave2/W2-T/out/table_t.json;wave2/W2-U/out/task1b_big.json
XOR,9c941931628d9524,A,smallworld,sync,1,8,1,16,1,0.5000,P:lightcone<.60|flat:no_selectable_gradient,CAPPED-LC1,0.5020,0.5068,,,,,,,,,True,0.5215,0.5000,0.6140,True,CAPPED,False,0.5000,inert|capped,CAPPED,,,,,relay_flood,0.5078,True,,NONE,,,0.5000,"W2-T combined lc+exact-wake, held set",P_PROVEN,"W2-T combined lc+exact-wake, held set=0.500; W2-U joint, 1024 worlds=0.521; W2-U joint, held set=0.500; W2-J LC2 99% upper, 64 fresh worlds=0.507",False,False,False,wave2/W2-J/out/table.json;wave2/W2-T/out/table_t.json;wave2/W2-U/out/task1b_big.json
XOR,a0edfda5e3bcfb81,C,global,sync,2,8,3,16,0,1.0000,winners_curse:train_final>>held,CAPPED-LC2,0.5007,0.5020,,,,,,,,,False,1.0000,1.0000,0.6140,False,ADMISSIBLE,False,1.0000,,,,,,,relay_flood,0.4974,True,,NONE,,,0.5020,"W2-J LC2 99% upper, 64 fresh worlds",P_PROVEN,"W2-J LC2 99% upper, 64 fresh worlds=0.502",True,False,False,wave2/W2-J/out/table.json
XOR,a282df1933b6b538,A,smallworld,sync,1,16,1,8,0,0.8203,flat:no_selectable_gradient,CAPPED-LC2,0.5218,0.5426,,,,,,,,,False,0.8315,0.8203,0.6140,False,INERT,False,0.8203,inert|flat,,,,,,relay_flood,0.4935,False,,NONE,,,0.5426,"W2-J LC2 99% upper, 64 fresh worlds",P_PROVEN,"W2-J LC2 99% upper, 64 fresh worlds=0.543",False,False,False,wave2/W2-J/out/table.json
XOR,abb5fb8178ef6ce3,A,torus,sync,1,4,6,12,0,0.6250,unplaced,CAPPED-LC2,0.5023,0.5042,,,,,,,,,False,0.6299,0.7031,0.6140,False,ADMISSIBLE,True,0.7031,,ADMISSIBLE(LC marginal),,,,,relay_flood,0.4987,True,,NONE,,,0.5042,"W2-J LC2 99% upper, 64 fresh worlds",P_PROVEN,"W2-J LC2 99% upper, 64 fresh worlds=0.504",True,False,False,wave2/W2-J/out/table.json
XOR,aee70c906ff1f844,C,global,sync,2,8,3,16,0,1.0000,winners_curse:train_final>>held,CAPPED-LC2,0.5010,0.5026,,,,,,,,,False,1.0000,1.0000,0.6140,False,ADMISSIBLE,False,1.0000,,,,,,,relay_flood,0.4883,True,,NONE,,,0.5026,"W2-J LC2 99% upper, 64 fresh worlds",P_PROVEN,"W2-J LC2 99% upper, 64 fresh worlds=0.503",True,False,False,wave2/W2-J/out/table.json
XOR,b18077fcc955632a,A,torus,sync,5,8,3,16,1,0.5391,P:lightcone<.60,CAPPED-LC1,0.5026,0.5072,,,,,,,,,True,0.5571,0.5078,0.6140,True,CAPPED,False,0.5078,inert|capped,,,,,,relay_flood,0.5312,True,,NONE,,,0.5072,"W2-J LC2 99% upper, 64 fresh worlds",P_PROVEN,"W2-T combined lc+exact-wake, held set=0.508; W2-U joint, 1024 worlds=0.557; W2-U joint, held set=0.508; W2-J LC2 99% upper, 64 fresh worlds=0.507",False,False,False,wave2/W2-J/out/table.json;wave2/W2-T/out/table_t.json;wave2/W2-U/out/task1b_big.json
XOR,bc67e194a08a2d57,A,ring,async,1,8,0,16,0,0.5000,P:lightcone<.60,CAPPED-LC1,0.5107,0.5352,,,,,,,,,True,0.5147,0.5084,0.6140,True,CAPPED,False,0.5078,capped,,,,,,relay_flood,0.4922,True,,NONE,,,0.5078,"W2-T combined lc+exact-wake, held set",P_PROVEN,"W2-T combined lc+exact-wake, held set=0.508; W2-U joint, 1024 worlds=0.515; W2-U joint, held set=0.508; W2-J LC2 99% upper, 64 fresh worlds=0.535",False,False,False,wave2/W2-J/out/table.json;wave2/W2-T/out/table_t.json;wave2/W2-U/out/task1b_big.json
XOR,c72857892e63b66c,A,random,sync,5,4,1,12,1,0.5000,P:lightcone<.60|flat:no_selectable_gradient,CAPPED-LC1,0.5000,0.5000,,,,,,,,,True,0.5000,0.5000,0.6140,True,CAPPED,False,0.5000,capped,,,,,,relay_flood,0.4922,True,,NONE,,,0.5000,"W2-J LC2 99% upper, 64 fresh worlds",P_PROVEN,"W2-T combined lc+exact-wake, held set=0.500; W2-U joint, 1024 worlds=0.500; W2-U joint, held set=0.500; W2-J LC2 99% upper, 64 fresh worlds=0.500",False,False,False,wave2/W2-J/out/table.json;wave2/W2-T/out/table_t.json;wave2/W2-U/out/task1b_big.json
XOR,c83ce61511f79370,A,ring,async,2,8,3,16,1,0.5469,P:lightcone<.60,CAPPED-LC1,0.5026,0.5085,,,,,,,,,True,0.5962,0.6097,0.6140,True,INERT,True,0.6016,inert,,,,,,relay_flood,0.5052,True,,NONE,,,0.5085,"W2-J LC2 99% upper, 64 fresh worlds",P_PROVEN,"W2-U joint, 1024 worlds=0.596; W2-J LC2 99% upper, 64 fresh worlds=0.508",False,False,False,wave2/W2-J/out/table.json;wave2/W2-U/out/task1b_big.json
XOR,c878030f4cbcaa02,A,random,async,5,8,3,12,1,1.0000,flat:no_selectable_gradient,CAPPED-LC2,0.5381,0.5775,,,,,,,,,False,0.8970,0.8668,0.6140,False,INERT,False,0.8320,inert|flat,,,,,,relay_flood,0.5156,True,,NONE,,,0.5775,"W2-J LC2 99% upper, 64 fresh worlds",P_PROVEN,"W2-J LC2 99% upper, 64 fresh worlds=0.577",False,False,False,wave2/W2-J/out/table.json
XOR,c91daf4ad09a71c3,A,smallworld,sync,5,4,3,16,0,0.5000,P:lightcone<.60,CAPPED-LC1,0.5000,0.5000,,,,,,,,,True,0.5000,0.5000,0.6140,True,CAPPED,False,0.5000,capped,,,,,,relay_flood,0.4948,True,,NONE,,,0.5000,"W2-J LC2 99% upper, 64 fresh worlds",P_PROVEN,"W2-T combined lc+exact-wake, held set=0.500; W2-U joint, 1024 worlds=0.500; W2-U joint, held set=0.500; W2-J LC2 99% upper, 64 fresh worlds=0.500",False,False,False,wave2/W2-J/out/table.json;wave2/W2-T/out/table_t.json;wave2/W2-U/out/task1b_big.json
XOR,cc5f54069b85edc5,A,global,async,2,8,3,16,0,1.0000,unplaced,CAPPED-LC2,0.5003,0.5013,,,,,,,,,False,0.9605,0.9605,0.6140,False,ADMISSIBLE,False,0.9648,,,,,,,relay_flood,0.5169,True,,NONE,,,0.5013,"W2-J LC2 99% upper, 64 fresh worlds",P_PROVEN,"W2-J LC2 99% upper, 64 fresh worlds=0.501",True,False,False,wave2/W2-J/out/table.json
XOR,cd1b61b588575073,A,random,async,3,16,0,12,0,0.6406,unplaced,CAPPED-LC2,0.5000,0.5000,,,,,,,,,False,0.6187,0.5944,0.6140,False,CAPPED,False,0.5625,inert|capped,,,,,,relay_flood,0.4818,True,,NONE,,,0.5000,"W2-J LC2 99% upper, 64 fresh worlds",P_PROVEN,"W2-T combined lc+exact-wake, held set=0.562; W2-U joint, held set=0.594; W2-J LC2 99% upper, 64 fresh worlds=0.500",False,False,False,wave2/W2-J/out/table.json;wave2/W2-T/out/table_t.json;wave2/W2-U/out/task1b_big.json
XOR,d43ef071ff1df93a,A,smallworld,sync,1,16,0,12,0,0.5625,P:lightcone<.60,CAPPED-LC1,0.5973,0.6784,,,,,,,,,True,0.6143,0.5938,0.6140,False,CAPPED,False,0.5938,inert|capped,,,,,,relay_flood,0.4661,True,,NONE,,,0.5938,"W2-U joint, held set",P_PROVEN,"W2-T combined lc+exact-wake, held set=0.594; W2-U joint, held set=0.594",False,False,False,wave2/W2-T/out/table_t.json;wave2/W2-U/out/task1b_big.json
XOR,d519f4f920700ab5,A,smallworld,async,5,8,3,16,1,0.5000,P:lightcone<.60|flat:no_selectable_gradient,CAPPED-LC1,0.5000,0.5000,,,,,,,,,True,0.5030,0.5000,0.6140,True,CAPPED,False,0.5000,inert|capped,,,,,,relay_flood,0.5104,True,,NONE,,,0.5000,"W2-J LC2 99% upper, 64 fresh worlds",P_PROVEN,"W2-T combined lc+exact-wake, held set=0.500; W2-U joint, 1024 worlds=0.503; W2-U joint, held set=0.500; W2-J LC2 99% upper, 64 fresh worlds=0.500",False,False,False,wave2/W2-J/out/table.json;wave2/W2-T/out/table_t.json;wave2/W2-U/out/task1b_big.json
XOR,d64656f26736d37c,C,ring,sync,3,16,0,16,0,0.5312,P:lightcone<.60,CAPPED-LC1,0.5404,0.6055,,,,,,,,,True,0.5581,0.6172,0.6140,True,ADMISSIBLE,True,0.6172,,,,,,,relay_flood,0.4844,True,,NONE,,,0.5581,"W2-U joint, 1024 worlds",P_PROVEN,"W2-U joint, 1024 worlds=0.558",True,False,False,wave2/W2-U/out/task1b_big.json
XOR,d7cd4a5c64f09a6d,A,ring,async,2,8,0,12,1,0.5312,P:lightcone<.60,CAPPED-LC1,0.5007,0.5020,,,,,,,,,True,0.5106,0.5088,0.6140,True,CAPPED,False,0.5026,capped,,,,,,relay_flood,0.4948,True,,NONE,,,0.5020,"W2-J LC2 99% upper, 64 fresh worlds",P_PROVEN,"W2-T combined lc+exact-wake, held set=0.503; W2-U joint, 1024 worlds=0.511; W2-U joint, held set=0.509; W2-J LC2 99% upper, 64 fresh worlds=0.502",False,False,False,wave2/W2-J/out/table.json;wave2/W2-T/out/table_t.json;wave2/W2-U/out/task1b_big.json
XOR,db5d60c7f13cb61a,A,random,sync,3,4,1,12,1,0.5000,P:lightcone<.60,CAPPED-LC1,0.5000,0.5000,,,,,,,,,True,0.5000,0.5000,0.6140,True,CAPPED,False,0.5000,capped,,,,,,relay_flood,0.4688,True,,NONE,,,0.5000,"W2-J LC2 99% upper, 64 fresh worlds",P_PROVEN,"W2-T combined lc+exact-wake, held set=0.500; W2-U joint, 1024 worlds=0.500; W2-U joint, held set=0.500; W2-J LC2 99% upper, 64 fresh worlds=0.500",False,False,False,wave2/W2-J/out/table.json;wave2/W2-T/out/table_t.json;wave2/W2-U/out/task1b_big.json
XOR,e1fc5118c40c7c4b,A,smallworld,async,3,8,0,8,0,0.6719,flat:no_selectable_gradient,CAPPED-LC2,0.5068,0.5186,,,,,,,,,False,0.5465,0.5450,0.6140,True,CAPPED,False,0.5195,inert|flat|capped,,,,,,relay_flood,0.4948,False,,NONE,,,0.5186,"W2-J LC2 99% upper, 64 fresh worlds",P_PROVEN,"W2-T combined lc+exact-wake, held set=0.519; W2-U joint, 1024 worlds=0.546; W2-U joint, held set=0.545; W2-J LC2 99% upper, 64 fresh worlds=0.519",False,False,False,wave2/W2-J/out/table.json;wave2/W2-T/out/table_t.json;wave2/W2-U/out/task1b_big.json
XOR,e3fb8737eac52c63,A,global,sync,2,4,0,8,0,1.0000,unplaced,CAPPED-LC2,0.5101,0.5150,,,,,,,,,False,1.0000,1.0000,0.6140,False,ADMISSIBLE,False,1.0000,,,,,,,relay_flood,0.4635,False,,NONE,,,0.5150,"W2-J LC2 99% upper, 64 fresh worlds",P_PROVEN,"W2-J LC2 99% upper, 64 fresh worlds=0.515",True,False,False,wave2/W2-J/out/table.json
XOR,ea36d7b2d04325f0,A,ring,sync,5,8,3,8,1,0.5156,P:lightcone<.60,CAPPED-LC1,0.5046,0.5182,,,,,,,,,True,0.5078,0.5000,0.6140,True,CAPPED,False,0.5000,capped,,,,,,relay_flood,0.5000,False,,NONE,,,0.5000,"W2-T combined lc+exact-wake, held set",P_PROVEN,"W2-T combined lc+exact-wake, held set=0.500; W2-U joint, 1024 worlds=0.508; W2-U joint, held set=0.500; W2-J LC2 99% upper, 64 fresh worlds=0.518",False,False,False,wave2/W2-J/out/table.json;wave2/W2-T/out/table_t.json;wave2/W2-U/out/task1b_big.json
XOR,efc6f7c37ec6c6f4,A,random,sync,5,8,3,8,1,0.9922,unplaced,CAPPED-LC2,0.5029,0.5059,,,,,,,,,False,0.9795,0.9531,0.6140,False,ADMISSIBLE,False,0.9531,,,,,,,relay_flood,0.5208,False,,NONE,,,0.5059,"W2-J LC2 99% upper, 64 fresh worlds",P_PROVEN,"W2-J LC2 99% upper, 64 fresh worlds=0.506",True,False,False,wave2/W2-J/out/table.json
XOR,f64aafdeddb5121b,A,ring,async,1,8,1,16,1,0.5000,P:lightcone<.60,CAPPED-LC1,0.5023,0.5091,,,,,,,,,True,0.5128,0.5073,0.6140,True,CAPPED,False,0.5013,capped,,,,,,relay_flood,0.4935,True,,NONE,,,0.5013,"W2-T combined lc+exact-wake, held set",P_PROVEN,"W2-T combined lc+exact-wake, held set=0.501; W2-U joint, 1024 worlds=0.513; W2-U joint, held set=0.507; W2-J LC2 99% upper, 64 fresh worlds=0.509",False,False,False,wave2/W2-J/out/table.json;wave2/W2-T/out/table_t.json;wave2/W2-U/out/task1b_big.json
XOR,f6c66aafc6a5b688,A,global,sync,2,4,6,12,0,1.0000,unplaced,CAPPED-LC2,0.5007,0.5020,,,,,,,,,False,1.0000,1.0000,0.6140,False,INERT,False,1.0000,inert,,,,,,relay_flood,0.4922,True,,NONE,,,0.5020,"W2-J LC2 99% upper, 64 fresh worlds",P_PROVEN,"W2-J LC2 99% upper, 64 fresh worlds=0.502",False,False,False,wave2/W2-J/out/table.json
XOR,fafa4580821db3a0,A,ring,sync,2,16,1,16,0,0.5469,P:lightcone<.60,CAPPED-LC1,0.5801,0.6592,,,,,,,,,True,0.5967,0.6562,0.6140,True,ADMISSIBLE,True,0.6562,,,,,,,relay_flood,0.5443,True,,NONE,,,0.5967,"W2-U joint, 1024 worlds",P_PROVEN,"W2-U joint, 1024 worlds=0.597",True,False,False,wave2/W2-U/out/task1b_big.json
XOR,141c4310f9078c7c,A,smallworld,sync,2,16,1,12,0,0.6875,unplaced,UNDECIDED,0.6283,0.7142,,,,,,,,,False,0.6943,0.6484,0.6140,False,ADMISSIBLE,True,0.6484,,,,,,,relay_flood,0.5026,True,,NONE,,,0.6484,"W2-T combined lc+exact-wake, held set",UNDECIDED,UNDECIDED,True,False,False,wave2/W2-T/out/table_t.json
XOR,17dd70fa5b2d5676,C,torus,sync,3,16,1,16,0,0.7188,unplaced,UNDECIDED,0.7656,0.8594,,,,,,,,,False,0.7925,0.7578,0.6140,False,ADMISSIBLE,False,0.7578,,,,,,,relay_flood,0.5221,True,,NONE,,,0.7578,"W2-T combined lc+exact-wake, held set",UNDECIDED,UNDECIDED,True,False,False,wave2/W2-T/out/table_t.json
XOR,247e0d4372d09257,A,smallworld,async,2,16,1,16,1,0.6719,unplaced,UNDECIDED-ECONOMY,0.6673,0.7669,,,,,,,,,False,0.6990,0.7246,0.6140,False,ADMISSIBLE,True,0.7096,,,,,,,relay_flood,0.4948,True,,NONE,,,0.6990,"W2-U joint, 1024 worlds",UNDECIDED,UNDECIDED-ECONOMY,True,False,False,wave2/W2-T/out/table_t.json
XOR,51fa3ee0791223fb,A,ring,sync,2,16,1,8,0,0.6172,unplaced,UNDECIDED,0.6305,0.7292,,,,,,,,,False,0.6680,0.6250,0.6140,False,ADMISSIBLE,True,0.6250,,,,,,,relay_flood,0.4844,False,,NONE,,,0.6250,"W2-T combined lc+exact-wake, held set",UNDECIDED,UNDECIDED,True,False,False,wave2/W2-T/out/table_t.json
XOR,7a16eddd4f87f6b5,A,torus,async,5,8,1,8,0,1.0000,unplaced,UNDECIDED,0.9557,0.9632,,,,,,,,,False,0.9606,0.9606,0.6140,False,ADMISSIBLE,False,0.9596,,,,,,,relay_flood,0.5052,False,,NONE,,,0.9596,"W2-T combined lc+exact-wake, held set",UNDECIDED,UNDECIDED,True,False,False,wave2/W2-T/out/table_t.json
XOR,cd613e2b067c5a06,C,global,async,5,16,3,8,0,1.0000,unplaced,UNDECIDED,0.9619,0.9681,,,,,,,,,False,0.9608,0.9608,0.6140,False,ADMISSIBLE,False,0.9583,,,,,,,relay_flood,0.4818,False,,NONE,,,0.9583,"W2-T combined lc+exact-wake, held set",UNDECIDED,UNDECIDED,True,False,False,wave2/W2-T/out/table_t.json
XOR,e7d6ccb0f59e6f7d,A,torus,sync,3,4,0,16,0,0.7969,winners_curse:train_final>>held,UNDECIDED,0.8281,0.9375,,,,,,,,,False,0.8496,0.8594,0.6140,False,ADMISSIBLE,False,0.8594,,,,,,,relay_flood,0.5586,True,,NONE,,,0.8496,"W2-U joint, 1024 worlds",UNDECIDED,UNDECIDED,True,False,False,wave2/W2-T/out/table_t.json
XOR,f8f95cc439f5f019,A,torus,async,2,8,0,16,0,1.0000,V?:held_lo99>.5_but_not_SIGNAL,UNDECIDED,0.9456,0.9648,,,,,,,,,False,0.9331,0.9364,0.6140,False,ADMISSIBLE,False,0.9245,,,,,,,relay_flood,0.4818,True,,NONE,,,0.9245,"W2-T combined lc+exact-wake, held set",UNDECIDED,UNDECIDED,True,False,False,wave2/W2-T/out/table_t.json
FLIP,603723a7676b8e1d,A,smallworld,async,2,16,3,12,1,1.0000,flat:no_selectable_gradient,,,,UNDECIDED,"PLANT-DESIGN(econ, confirmed)",,,,,,,False,0.9766,0.9766,0.6140,False,FLAT,False,0.9844,flat,,,,,,relay_flood,0.5365,True,,NONE,,,0.9766,"W2-U joint, 1024 worlds",FLAT,max_acc over all generations <= .5,False,False,False,wave2/W2-T/out/table_t.json
FLIP,1dea05b393fc2da9,A,random,async,2,16,1,16,0,1.0000,unplaced,,,,UNDECIDED,UNDECIDED(plant inadequate),,,,,,,False,0.8482,0.8482,0.6140,False,INERT,False,0.8672,inert,,,,,,relay_flood,0.4857,True,,NONE,,,0.8482,"W2-U joint, 1024 worlds",INERT,readout dead in >= 48/64 held worlds,False,False,False,wave2/W2-T/out/table_t.json
FLIP,4b848d80ee0a7106,A,smallworld,async,3,16,1,8,1,1.0000,flat:no_selectable_gradient,,,,UNDECIDED,"PLANT-DESIGN(econ, confirmed)",,,,,,,False,0.9766,0.9766,0.6140,False,INERT,False,0.9805,inert,,,,,,relay_flood,0.5078,False,,NONE,,,0.9766,"W2-U joint, 1024 worlds",INERT,readout dead in >= 48/64 held worlds,False,False,False,wave2/W2-T/out/table_t.json
FLIP,a4d9f2e4c636234e,A,smallworld,sync,1,16,3,16,0,1.0000,unplaced,,,,R-CANDIDATE,"UNDECIDED(demoted R-CAND, copy-range)",,,,,,,False,1.0000,1.0000,0.6278,False,INERT,False,1.0000,inert,,,,,,relay_flood,0.5000,True,,NONE,,,1.0000,"W2-T combined lc+exact-wake, held set",INERT,readout dead in >= 48/64 held worlds,False,False,False,wave2/W2-T/out/table_t.json
FLIP,b283e1cec4e52e7e,C,global,async,3,16,3,8,0,1.0000,unplaced,,,,UNDECIDED,UNDECIDED(plant inadequate),0.7906,,,,,,False,0.9753,0.9753,0.6278,False,INERT,False,0.9766,inert,,,,,,relay_flood,0.5645,False,,NONE,,,0.7906,W2-S epidemic bound (analytic),INERT,readout dead in >= 48/64 held worlds,False,False,False,wave2/W2-T/out/table_t.json
FLIP,ecf3945df0ad6537,A,ring,sync,3,8,3,16,0,1.0000,unplaced,,,,UNDECIDED,UNDECIDED(plant inadequate),,,,,,,False,1.0000,1.0000,0.6140,False,INERT,False,1.0000,inert,,,,,,relay_flood,0.5156,True,,NONE,,,1.0000,"W2-T combined lc+exact-wake, held set",INERT,readout dead in >= 48/64 held worlds,False,False,False,wave2/W2-T/out/table_t.json
FLIP,50060cf95d2b41ae,A,random,async,2,8,0,16,1,1.0000,unplaced,,,,UNDECIDED,"PLANT-DESIGN(econ joint, screen only)",,,,,,,False,0.8351,0.8351,0.6278,False,ADMISSIBLE,False,0.8340,,,,,,,relay_flood,0.5039,True,,NONE,,,0.8340,"W2-T combined lc+exact-wake, held set",PLANT_DESIGN,"PLANT-DESIGN(econ joint, screen only)",True,False,False,wave2/W2-S/out/t2_table.md;wave2/W2-S/out/epidemic_bound.json
FLIP,56cdba0a6c46c1d3,A,global,async,1,16,6,8,1,1.0000,unplaced,,,,UNDECIDED,"PLANT-DESIGN(econ joint, screen only)",1.0000,,,,,,False,0.8518,0.8518,0.6140,False,ADMISSIBLE,False,0.8711,,,,,,,relay_flood,0.4635,False,,NONE,,,0.8518,"W2-U joint, 1024 worlds",PLANT_DESIGN,"PLANT-DESIGN(econ joint, screen only)",True,False,False,wave2/W2-S/out/t2_table.md;wave2/W2-S/out/epidemic_bound.json
FLIP,d3f360068a9aec81,A,ring,sync,3,16,6,12,1,1.0000,unplaced,,,,UNDECIDED,"PLANT-DESIGN(econ, confirmed)",,,,,,,False,1.0000,1.0000,0.6140,False,ADMISSIBLE,False,1.0000,,,,,,,relay_flood,0.5391,True,,NONE,,,1.0000,"W2-T combined lc+exact-wake, held set",PLANT_DESIGN,"PLANT-DESIGN(econ, confirmed)",True,False,False,wave2/W2-S/out/t2_table.md;wave2/W2-S/out/epidemic_bound.json
FLIP,d99833cbd7fad41d,A,ring,async,1,16,6,12,1,1.0000,unplaced,,,,UNDECIDED,"PLANT-DESIGN(econ joint, screen only)",,,,,,,False,0.8519,0.8519,0.6140,False,ADMISSIBLE,False,0.8711,,,,,,,relay_flood,0.5417,True,,NONE,,,0.8519,"W2-U joint, 1024 worlds",PLANT_DESIGN,"PLANT-DESIGN(econ joint, screen only)",True,False,False,wave2/W2-S/out/t2_table.md;wave2/W2-S/out/epidemic_bound.json
FLIP,f476a3cac974379b,A,global,async,1,4,0,16,1,1.0000,unplaced,,,,UNDECIDED,"PLANT-DESIGN(econ joint, screen only)",1.0000,,,,,,False,0.8205,0.8205,0.6278,False,ADMISSIBLE,False,0.8691,,,,,,,relay_flood,0.4766,True,,NONE,,,0.8205,"W2-U joint, 1024 worlds",PLANT_DESIGN,"PLANT-DESIGN(econ joint, screen only)",True,False,False,wave2/W2-S/out/t2_table.md;wave2/W2-S/out/epidemic_bound.json
FLIP,f4e59e6154ea0c5a,A,random,async,3,16,3,8,1,1.0000,unplaced,,,,UNDECIDED,"PLANT-DESIGN(econ joint, screen only)",,,,,,,False,0.9766,0.9766,0.6140,False,ADMISSIBLE,False,0.9753,,,,,,,relay_flood,0.3997,False,,NONE,,,0.9753,"W2-T combined lc+exact-wake, held set",PLANT_DESIGN,"PLANT-DESIGN(econ joint, screen only)",True,False,False,wave2/W2-S/out/t2_table.md;wave2/W2-S/out/epidemic_bound.json
FLIP,fc6972d4930ea3f4,A,torus,async,3,16,6,12,1,1.0000,unplaced,,,,UNDECIDED,"PLANT-DESIGN(econ joint, screen only)",,,,,,,False,0.8494,0.8494,0.6278,False,ADMISSIBLE,False,0.8750,,,,,,,relay_flood,0.4453,True,,NONE,,,0.8494,"W2-U joint, 1024 worlds",PLANT_DESIGN,"PLANT-DESIGN(econ joint, screen only)",True,False,False,wave2/W2-S/out/t2_table.md;wave2/W2-S/out/epidemic_bound.json
FLIP,64d33b89811637f7,A,torus,async,1,8,0,16,0,1.0000,unplaced,,,,PLANT-SOLVED,PLANT-SOLVED,,,,,,,False,0.9753,0.9753,0.6278,False,ADMISSIBLE,False,0.9766,,ADMISSIBLE,,,,,relay_flood,0.5000,True,,IN_SPACE,W2-L,P-FLIP in exact genome space,0.9753,"W2-U joint, 1024 worlds",PLANT_SOLVED_IN_SPACE,P-FLIP in exact genome space,True,True,True,wave2/W2-L/out/t1_table.md
FLIP,6f82f9c7d51bcef1,C,ring,sync,3,16,0,16,0,1.0000,winners_curse:train_final>>held,,,,PLANT-SOLVED,PLANT-SOLVED,,,,,,,False,1.0000,1.0000,0.6140,False,ADMISSIBLE,False,1.0000,,ADMISSIBLE,,,,,relay_flood,0.5729,True,,IN_SPACE,W2-L,P-FLIP in exact genome space,1.0000,"W2-T combined lc+exact-wake, held set",PLANT_SOLVED_IN_SPACE,P-FLIP in exact genome space,True,True,True,wave2/W2-L/out/t1_table.md
FLIP,996716ac46f73a43,A,torus,sync,1,8,0,16,0,1.0000,V?:held_lo99>.5_but_not_SIGNAL,,,,PLANT-SOLVED,PLANT-SOLVED,,,,,,,False,1.0000,1.0000,0.6140,False,ADMISSIBLE,False,1.0000,,,,,,,relay_flood,0.5625,True,,IN_SPACE,W2-L,P-FLIP in exact genome space,1.0000,"W2-T combined lc+exact-wake, held set",PLANT_SOLVED_IN_SPACE,P-FLIP in exact genome space,True,True,True,wave2/W2-L/out/t1_table.md
FLIP,07bde99b2b98a3bc,A,global,sync,2,8,0,8,0,1.0000,unplaced,,,,UNDECIDED,UNDECIDED(plant inadequate),0.6111,,,,,,False,1.0000,1.0000,0.6140,False,ADMISSIBLE,False,1.0000,,,,,,,relay_flood,0.5260,False,,NONE,,,0.6111,W2-S epidemic bound (analytic),P_CANDIDATE,"a bound in [.60, 0.614) or W2-J LC2 point < .60 with CI straddling",True,False,False,wave2/W2-U/out/task1b_big.json
FLIP,221042948e32063c,A,ring,sync,3,16,6,8,0,1.0000,winners_curse:train_final>>held,,,,UNDECIDED,P-CANDIDATE(single timing dial),,,,,,,False,1.0000,1.0000,0.6278,False,ADMISSIBLE,False,1.0000,,,,,,,relay_flood,0.4844,False,,NONE,,,1.0000,"W2-T combined lc+exact-wake, held set",P_CANDIDATE,P-CANDIDATE(single timing dial),True,False,False,wave2/W2-S/out/t2_table.md;wave2/W2-S/out/epidemic_bound.json
FLIP,5fbaa2ecc6981966,A,global,sync,1,16,6,8,0,1.0000,flat:no_selectable_gradient,,,,UNDECIDED,"P-CANDIDATE(joint, confirmed)",1.0000,,,,,,False,1.0000,1.0000,0.6278,False,ADMISSIBLE,False,1.0000,,,,,,,relay_flood,0.5156,False,,NONE,,,1.0000,W2-S epidemic bound (analytic),P_CANDIDATE,"P-CANDIDATE(joint, confirmed)",True,False,False,wave2/W2-S/out/t2_table.md;wave2/W2-S/out/epidemic_bound.json
FLIP,6e8fb3bb64c1f689,A,global,async,1,16,0,16,0,1.0000,unplaced,,,,UNDECIDED,"P-CANDIDATE(joint, confirmed)",1.0000,,,,,,False,0.8496,0.8496,0.6278,False,ADMISSIBLE,False,0.8633,,,,,,,relay_flood,0.6367,True,,NONE,,,0.8496,"W2-U joint, 1024 worlds",P_CANDIDATE,"P-CANDIDATE(joint, confirmed)",True,False,False,wave2/W2-S/out/t2_table.md;wave2/W2-S/out/epidemic_bound.json
FLIP,75e32ae0d386af47,A,random,async,3,16,1,16,0,1.0000,unplaced,,,,UNDECIDED,"P-CANDIDATE(joint, screen only)",,,,,,,False,0.9763,0.9763,0.6140,False,ADMISSIBLE,False,0.9766,,,,,,,relay_flood,0.5091,True,,NONE,,,0.9763,"W2-U joint, 1024 worlds",P_CANDIDATE,"P-CANDIDATE(joint, screen only)",True,False,False,wave2/W2-S/out/t2_table.md;wave2/W2-S/out/epidemic_bound.json
FLIP,7b6b7f6958c4405d,A,ring,sync,2,8,6,16,0,1.0000,unplaced,,,,UNDECIDED,"P-CANDIDATE(joint, confirmed)",,,,,,,False,1.0000,1.0000,0.6278,False,ADMISSIBLE,False,1.0000,,,,,,,relay_flood,0.5078,True,,NONE,,,1.0000,"W2-T combined lc+exact-wake, held set",P_CANDIDATE,"P-CANDIDATE(joint, confirmed)",True,False,False,wave2/W2-S/out/t2_table.md;wave2/W2-S/out/epidemic_bound.json
FLIP,891dbf32ca704fed,A,ring,sync,3,8,1,16,0,1.0000,unplaced,,,,UNDECIDED,"P-CANDIDATE(joint, confirmed)",,,,,,,False,1.0000,1.0000,0.6278,False,ADMISSIBLE,False,1.0000,,,,,,,relay_flood,0.5391,True,,NONE,,,1.0000,"W2-T combined lc+exact-wake, held set",P_CANDIDATE,"P-CANDIDATE(joint, confirmed)",True,False,False,wave2/W2-S/out/t2_table.md;wave2/W2-S/out/epidemic_bound.json
FLIP,9d67b56354697956,A,random,sync,5,16,6,12,0,1.0000,unplaced,,,,UNDECIDED,"P-CANDIDATE(joint, confirmed)",,,,,,,False,1.0000,1.0000,0.6140,False,ADMISSIBLE,False,1.0000,,,,,,,relay_flood,0.5260,True,,NONE,,,1.0000,"W2-T combined lc+exact-wake, held set",P_CANDIDATE,"P-CANDIDATE(joint, confirmed)",True,False,False,wave2/W2-S/out/t2_table.md;wave2/W2-S/out/epidemic_bound.json
FLIP,a467c0f81468bc01,A,ring,async,3,8,0,16,0,1.0000,winners_curse:train_final>>held,,,,UNDECIDED,"P-CANDIDATE(joint, screen only)",,,,,,,False,0.8424,0.8424,0.6278,False,ADMISSIBLE,False,0.8242,,,,,,,relay_flood,0.4375,True,,NONE,,,0.8242,"W2-T combined lc+exact-wake, held set",P_CANDIDATE,"P-CANDIDATE(joint, screen only)",True,False,False,wave2/W2-S/out/t2_table.md;wave2/W2-S/out/epidemic_bound.json
FLIP,ba09f3510be6c9f7,A,smallworld,sync,3,8,1,16,0,1.0000,winners_curse:train_final>>held,,,,UNDECIDED,P-CANDIDATE(single timing dial),,,,,,,False,1.0000,1.0000,0.6140,False,ADMISSIBLE,False,1.0000,,,,,,,relay_flood,0.4479,True,,NONE,,,1.0000,"W2-T combined lc+exact-wake, held set",P_CANDIDATE,P-CANDIDATE(single timing dial),True,False,False,wave2/W2-S/out/t2_table.md;wave2/W2-S/out/epidemic_bound.json
FLIP,e0c6650c66aaf2d1,A,ring,async,2,4,0,16,0,1.0000,unplaced,,,,UNDECIDED,"P-CANDIDATE(joint, screen only)",,,,,,,False,0.9436,0.9436,0.6278,False,ADMISSIBLE,False,0.9570,,,,,,,relay_flood,0.5000,True,,NONE,,,0.9436,"W2-U joint, 1024 worlds",P_CANDIDATE,"P-CANDIDATE(joint, screen only)",True,False,False,wave2/W2-S/out/t2_table.md;wave2/W2-S/out/epidemic_bound.json
FLIP,f53a428a92d430b5,A,global,async,1,4,6,8,0,1.0000,unplaced,,,,UNDECIDED,"P-CANDIDATE(joint, confirmed)",1.0000,,,,,,False,0.9753,0.9753,0.6140,False,ADMISSIBLE,False,0.9648,,,,,,,relay_flood,0.4948,False,,NONE,,,0.9648,"W2-T combined lc+exact-wake, held set",P_CANDIDATE,"P-CANDIDATE(joint, confirmed)",True,False,False,wave2/W2-S/out/t2_table.md;wave2/W2-S/out/epidemic_bound.json
FLIP,076d66f5821d6609,A,ring,sync,5,4,0,12,0,0.5000,P:lightcone<.60,,,,P(lightcone),P(lightcone),,,,,,,True,0.5000,0.5000,0.6278,True,CAPPED,False,0.5000,capped,,,,,,relay_flood,0.4688,True,,NONE,,,0.5000,"W2-T combined lc+exact-wake, held set",P_PROVEN,"W2-T combined lc+exact-wake, held set=0.500; W2-U joint, 1024 worlds=0.500; W2-U joint, held set=0.500",False,False,False,wave2/W2-T/out/table_t.json;wave2/W2-U/out/task1b_big.json
FLIP,1937a8c3a8ca4158,A,random,sync,5,8,0,8,0,0.5000,P:lightcone<.60,,,,P(lightcone),P(lightcone),,,,,,,True,0.5000,0.5000,0.6278,True,CAPPED,False,0.5000,inert|capped,,,,,,relay_flood,0.4805,False,,NONE,,,0.5000,"W2-T combined lc+exact-wake, held set",P_PROVEN,"W2-T combined lc+exact-wake, held set=0.500; W2-U joint, 1024 worlds=0.500; W2-U joint, held set=0.500",False,False,False,wave2/W2-T/out/table_t.json;wave2/W2-U/out/task1b_big.json
FLIP,2fb8feaab7973afc,A,torus,sync,5,8,1,16,1,0.5000,P:lightcone<.60,,,,P(lightcone),P(lightcone),,,,,,,True,0.5000,0.5000,0.6140,True,CAPPED,False,0.5000,capped,,,,,,relay_flood,0.4766,True,,NONE,,,0.5000,"W2-T combined lc+exact-wake, held set",P_PROVEN,"W2-T combined lc+exact-wake, held set=0.500; W2-U joint, 1024 worlds=0.500; W2-U joint, held set=0.500",False,False,False,wave2/W2-T/out/table_t.json;wave2/W2-U/out/task1b_big.json
FLIP,30e503008e81c9cf,A,torus,async,5,16,3,12,1,0.5000,P:lightcone<.60,,,,P(lightcone),P(lightcone),,,,,,,True,0.5000,0.5000,0.6278,True,CAPPED,False,0.5000,capped,,,,,,relay_flood,0.4395,True,,NONE,,,0.5000,"W2-T combined lc+exact-wake, held set",P_PROVEN,"W2-T combined lc+exact-wake, held set=0.500; W2-U joint, 1024 worlds=0.500; W2-U joint, held set=0.500",False,False,False,wave2/W2-T/out/table_t.json;wave2/W2-U/out/task1b_big.json
FLIP,31c7c8dcdbba9509,A,torus,sync,2,8,3,12,0,0.5000,P:lightcone<.60,,,,P(lightcone),P(lightcone),,,,,,,True,0.5000,0.5000,0.6278,True,CAPPED,False,0.5000,capped,,,,,,relay_flood,0.4688,True,,NONE,,,0.5000,"W2-T combined lc+exact-wake, held set",P_PROVEN,"W2-T combined lc+exact-wake, held set=0.500; W2-U joint, 1024 worlds=0.500; W2-U joint, held set=0.500",False,False,False,wave2/W2-T/out/table_t.json;wave2/W2-U/out/task1b_big.json
FLIP,34f84c6bc046bbd8,A,torus,async,5,8,3,16,1,0.5000,P:lightcone<.60|winners_curse:train_final>>held,,,,P(lightcone),P(lightcone),,,,,,,True,0.5000,0.5000,0.6140,True,CAPPED,False,0.5000,capped,,,,,,relay_flood,0.5391,True,,NONE,,,0.5000,"W2-T combined lc+exact-wake, held set",P_PROVEN,"W2-T combined lc+exact-wake, held set=0.500; W2-U joint, 1024 worlds=0.500; W2-U joint, held set=0.500",False,False,False,wave2/W2-T/out/table_t.json;wave2/W2-U/out/task1b_big.json
FLIP,46db1092df4a15c6,A,smallworld,async,3,8,3,12,0,0.5000,P:lightcone<.60,,,,P(lightcone),P(lightcone),,,,,,,True,0.5000,0.5000,0.6140,True,CAPPED,False,0.5000,capped,,,,,,relay_flood,0.4622,True,,NONE,,,0.5000,"W2-T combined lc+exact-wake, held set",P_PROVEN,"W2-T combined lc+exact-wake, held set=0.500; W2-U joint, 1024 worlds=0.500; W2-U joint, held set=0.500",False,False,False,wave2/W2-T/out/table_t.json;wave2/W2-U/out/task1b_big.json
FLIP,490fc571692ffbf1,A,torus,sync,5,8,1,8,0,0.5000,P:lightcone<.60|flat:no_selectable_gradient,,,,P(lightcone),P(lightcone),,,,,,,True,0.5000,0.5000,0.6140,True,CAPPED,False,0.5000,capped,,,,,,relay_flood,0.5000,False,,NONE,,,0.5000,"W2-T combined lc+exact-wake, held set",P_PROVEN,"W2-T combined lc+exact-wake, held set=0.500; W2-U joint, 1024 worlds=0.500; W2-U joint, held set=0.500",False,False,False,wave2/W2-T/out/table_t.json;wave2/W2-U/out/task1b_big.json
FLIP,545aff2fe1dae3f8,A,smallworld,sync,5,8,1,8,0,0.5000,P:lightcone<.60,,,,P(lightcone),P(lightcone),,,,,,,True,0.5000,0.5000,0.6278,True,CAPPED,False,0.5000,capped,,,,,,relay_flood,0.4492,False,,NONE,,,0.5000,"W2-T combined lc+exact-wake, held set",P_PROVEN,"W2-T combined lc+exact-wake, held set=0.500; W2-U joint, 1024 worlds=0.500; W2-U joint, held set=0.500",False,False,False,wave2/W2-T/out/table_t.json;wave2/W2-U/out/task1b_big.json
FLIP,61f1629cec9c2e0b,A,ring,async,5,4,0,8,1,0.5000,P:lightcone<.60,,,,P(lightcone),P(lightcone),,,,,,,True,0.5000,0.5000,0.6278,True,CAPPED,False,0.5000,capped,,,,,,relay_flood,0.5469,False,,NONE,,,0.5000,"W2-T combined lc+exact-wake, held set",P_PROVEN,"W2-T combined lc+exact-wake, held set=0.500; W2-U joint, 1024 worlds=0.500; W2-U joint, held set=0.500",False,False,False,wave2/W2-T/out/table_t.json;wave2/W2-U/out/task1b_big.json
FLIP,72b0369a7fb63ab5,A,smallworld,sync,5,16,0,12,0,0.5000,P:lightcone<.60|flat:no_selectable_gradient,,,,P(lightcone),P(lightcone),,,,,,,True,0.5000,0.5000,0.6140,True,CAPPED,False,0.5000,inert|capped,,,,,,relay_flood,0.5000,True,,NONE,,,0.5000,"W2-T combined lc+exact-wake, held set",P_PROVEN,"W2-T combined lc+exact-wake, held set=0.500; W2-U joint, 1024 worlds=0.500; W2-U joint, held set=0.500",False,False,False,wave2/W2-T/out/table_t.json;wave2/W2-U/out/task1b_big.json
FLIP,7fdbd83b1574c12e,A,global,async,3,4,0,16,0,0.5000,P:lightcone<.60|flat:no_selectable_gradient,,,,P(lightcone),P(lightcone),,,,,,,True,0.5000,0.5000,0.6140,True,CAPPED,False,0.5000,capped,,,,,,relay_flood,0.4714,True,,NONE,,,0.5000,"W2-T combined lc+exact-wake, held set",P_PROVEN,"W2-T combined lc+exact-wake, held set=0.500; W2-U joint, 1024 worlds=0.500; W2-U joint, held set=0.500",False,False,False,wave2/W2-T/out/table_t.json;wave2/W2-U/out/task1b_big.json
FLIP,89c8ef6ccb900ca8,A,smallworld,async,5,4,1,8,1,0.5000,P:lightcone<.60|flat:no_selectable_gradient,,,,P(lightcone),P(lightcone),,,,,,,True,0.5000,0.5000,0.6278,True,CAPPED,False,0.5000,inert|capped,,,,,,relay_flood,0.5215,False,,NONE,,,0.5000,"W2-T combined lc+exact-wake, held set",P_PROVEN,"W2-T combined lc+exact-wake, held set=0.500; W2-U joint, 1024 worlds=0.500; W2-U joint, held set=0.500",False,False,False,wave2/W2-T/out/table_t.json;wave2/W2-U/out/task1b_big.json
FLIP,8fcc7f9ba0373e81,A,torus,sync,5,8,3,8,1,0.5000,P:lightcone<.60|flat:no_selectable_gradient,,,,P(lightcone),P(lightcone),,,,,,,True,0.5000,0.5000,0.6278,True,CAPPED,False,0.5000,capped,,,,,,relay_flood,0.5273,False,,NONE,,,0.5000,"W2-T combined lc+exact-wake, held set",P_PROVEN,"W2-T combined lc+exact-wake, held set=0.500; W2-U joint, 1024 worlds=0.500; W2-U joint, held set=0.500",False,False,False,wave2/W2-T/out/table_t.json;wave2/W2-U/out/task1b_big.json
FLIP,964053bb4c9065fd,C,global,sync,2,8,3,16,0,1.0000,unplaced,,,,UNDECIDED,P(epidemic),0.5524,,,,,,False,1.0000,1.0000,0.6140,False,ADMISSIBLE,False,1.0000,,,,,,,relay_flood,0.5104,True,,NONE,,,0.5524,W2-S epidemic bound (analytic),P_PROVEN,W2-S epidemic bound (analytic)=0.552,True,False,False,wave2/W2-S/out/t2_table.md;wave2/W2-S/out/epidemic_bound.json
FLIP,96ba73949aeb69fe,A,random,sync,3,4,1,8,0,0.5000,P:lightcone<.60|flat:no_selectable_gradient,,,,P(lightcone),P(lightcone),,,,,,,True,0.5000,0.5000,0.6140,True,CAPPED,False,0.5000,capped,,,,,,relay_flood,0.4948,False,,NONE,,,0.5000,"W2-T combined lc+exact-wake, held set",P_PROVEN,"W2-T combined lc+exact-wake, held set=0.500; W2-U joint, 1024 worlds=0.500; W2-U joint, held set=0.500",False,False,False,wave2/W2-T/out/table_t.json;wave2/W2-U/out/task1b_big.json
FLIP,9b47d5378f2c9244,C,global,sync,2,8,3,16,0,1.0000,unplaced,,,,UNDECIDED,P(epidemic),0.5524,,,,,,False,1.0000,1.0000,0.6140,False,ADMISSIBLE,False,1.0000,,,,,,,relay_flood,0.4635,True,,NONE,,,0.5524,W2-S epidemic bound (analytic),P_PROVEN,W2-S epidemic bound (analytic)=0.552,True,False,False,wave2/W2-S/out/t2_table.md;wave2/W2-S/out/epidemic_bound.json
FLIP,b3e89ef5268383eb,A,smallworld,async,5,8,6,12,0,0.5000,P:lightcone<.60,,,,P(lightcone),P(lightcone),,,,,,,True,0.5000,0.5000,0.6140,True,CAPPED,False,0.5000,inert|capped,CAPPED,,,,,relay_flood,0.4948,True,,NONE,,,0.5000,"W2-T combined lc+exact-wake, held set",P_PROVEN,"W2-T combined lc+exact-wake, held set=0.500; W2-U joint, 1024 worlds=0.500; W2-U joint, held set=0.500",False,False,False,wave2/W2-T/out/table_t.json;wave2/W2-U/out/task1b_big.json
FLIP,b887f300d2b5cff7,A,random,sync,3,16,0,16,0,0.5000,P:lightcone<.60,,,,P(lightcone),P(lightcone),,,,,,,True,0.5000,0.5000,0.6140,True,CAPPED,False,0.5000,capped,,,,,,relay_flood,0.4167,True,,NONE,,,0.5000,"W2-T combined lc+exact-wake, held set",P_PROVEN,"W2-T combined lc+exact-wake, held set=0.500; W2-U joint, 1024 worlds=0.500; W2-U joint, held set=0.500",False,False,False,wave2/W2-T/out/table_t.json;wave2/W2-U/out/task1b_big.json
FLIP,cabf14291d28a3d7,C,global,sync,2,8,3,16,0,1.0000,unplaced,,,,UNDECIDED,P(epidemic),0.5524,,,,,,False,1.0000,1.0000,0.6140,False,ADMISSIBLE,False,1.0000,,,,,,,relay_flood,0.5312,True,,NONE,,,0.5524,W2-S epidemic bound (analytic),P_PROVEN,W2-S epidemic bound (analytic)=0.552,True,False,False,wave2/W2-S/out/t2_table.md;wave2/W2-S/out/epidemic_bound.json
FLIP,cdc9405d347c3f22,A,global,sync,3,4,6,16,0,1.0000,flat:no_selectable_gradient,,,,UNDECIDED,P(epidemic),0.5317,,,,,,False,1.0000,1.0000,0.6140,False,ADMISSIBLE,False,1.0000,,,,,,,relay_flood,0.5234,True,,NONE,,,0.5317,W2-S epidemic bound (analytic),P_PROVEN,W2-S epidemic bound (analytic)=0.532,True,False,False,wave2/W2-S/out/t2_table.md;wave2/W2-S/out/epidemic_bound.json
FLIP,d5e2a324073efa45,A,smallworld,async,3,4,1,16,0,0.5000,P:lightcone<.60,,,,P(lightcone),P(lightcone),,,,,,,True,0.5000,0.5000,0.6140,True,CAPPED,False,0.5000,capped,,,,,,relay_flood,0.5651,True,,NONE,,,0.5000,"W2-T combined lc+exact-wake, held set",P_PROVEN,"W2-T combined lc+exact-wake, held set=0.500; W2-U joint, 1024 worlds=0.500; W2-U joint, held set=0.500",False,False,False,wave2/W2-T/out/table_t.json;wave2/W2-U/out/task1b_big.json
FLIP,e92dc04df59e574b,A,random,sync,5,16,3,12,0,0.5000,P:lightcone<.60,,,,P(lightcone),P(lightcone),,,,,,,True,0.5000,0.5000,0.6278,True,CAPPED,False,0.5000,capped,,,,,,relay_flood,0.5781,True,,NONE,,,0.5000,"W2-T combined lc+exact-wake, held set",P_PROVEN,"W2-T combined lc+exact-wake, held set=0.500; W2-U joint, 1024 worlds=0.500; W2-U joint, held set=0.500",False,False,False,wave2/W2-T/out/table_t.json;wave2/W2-U/out/task1b_big.json
FLIP,ebdbe504129fe914,A,global,async,3,8,3,12,1,1.0000,unplaced,,,,UNDECIDED,P(epidemic),0.5725,,,,,,False,0.9766,0.9766,0.6140,False,ADMISSIBLE,False,0.9857,,,,,,,relay_flood,0.5052,True,,NONE,,,0.5725,W2-S epidemic bound (analytic),P_PROVEN,W2-S epidemic bound (analytic)=0.573,True,False,False,wave2/W2-S/out/t2_table.md;wave2/W2-S/out/epidemic_bound.json
FLIP,ec89b3d5b8bd2a31,A,global,async,3,4,6,16,0,1.0000,winners_curse:train_final>>held,,,,UNDECIDED,P(epidemic),0.5584,,,,,,False,0.9689,0.9689,0.6278,False,ADMISSIBLE,False,0.9629,,,,,,,relay_flood,0.4805,True,,NONE,,,0.5584,W2-S epidemic bound (analytic),P_PROVEN,W2-S epidemic bound (analytic)=0.558,True,False,False,wave2/W2-S/out/t2_table.md;wave2/W2-S/out/epidemic_bound.json
FLIP,f30f89b05b289c5c,A,random,sync,2,4,6,8,1,0.5000,P:lightcone<.60,,,,P(lightcone),P(lightcone),,,,,,,True,0.5000,0.5000,0.6140,True,CAPPED,False,0.5000,capped,CAPPED,,,,,relay_flood,0.4479,False,,NONE,,,0.5000,"W2-T combined lc+exact-wake, held set",P_PROVEN,"W2-T combined lc+exact-wake, held set=0.500; W2-U joint, 1024 worlds=0.500; W2-U joint, held set=0.500",False,False,False,wave2/W2-T/out/table_t.json;wave2/W2-U/out/task1b_big.json
FLIP,f3e99f332406b1d3,C,global,sync,2,8,6,16,0,1.0000,unplaced,,,,UNDECIDED,P(epidemic),0.5524,,,,,,False,1.0000,1.0000,0.6140,False,ADMISSIBLE,False,1.0000,,,,,,,relay_flood,0.4714,True,,NONE,,,0.5524,W2-S epidemic bound (analytic),P_PROVEN,W2-S epidemic bound (analytic)=0.552,True,False,False,wave2/W2-S/out/t2_table.md;wave2/W2-S/out/epidemic_bound.json
FLIP,f6419bbefeb295be,A,global,sync,5,4,0,8,1,0.5000,P:lightcone<.60|flat:no_selectable_gradient,,,,P(lightcone),P(lightcone),,,,,,,True,0.5000,0.5000,0.6140,True,CAPPED,False,0.5000,inert|flat|capped,,,,,,relay_flood,0.4896,False,,NONE,,,0.5000,"W2-T combined lc+exact-wake, held set",P_PROVEN,"W2-T combined lc+exact-wake, held set=0.500; W2-U joint, 1024 worlds=0.500; W2-U joint, held set=0.500",False,False,False,wave2/W2-T/out/table_t.json;wave2/W2-U/out/task1b_big.json
FLIP,f6d6783461af8e95,A,smallworld,async,5,4,1,12,1,0.5000,P:lightcone<.60,,,,P(lightcone),P(lightcone),,,,,,,True,0.5000,0.5000,0.6140,True,CAPPED,False,0.5000,capped,,,,,,relay_flood,0.4635,True,,NONE,,,0.5000,"W2-T combined lc+exact-wake, held set",P_PROVEN,"W2-T combined lc+exact-wake, held set=0.500; W2-U joint, 1024 worlds=0.500; W2-U joint, held set=0.500",False,False,False,wave2/W2-T/out/table_t.json;wave2/W2-U/out/task1b_big.json
FLIP,f9413b6b11a311ad,A,smallworld,async,3,8,6,16,0,0.5000,P:lightcone<.60,,,,P(lightcone),P(lightcone),,,,,,,True,0.5000,0.5000,0.6278,True,CAPPED,False,0.5000,capped,,,,,,relay_flood,0.4922,True,,NONE,,,0.5000,"W2-T combined lc+exact-wake, held set",P_PROVEN,"W2-T combined lc+exact-wake, held set=0.500; W2-U joint, 1024 worlds=0.500; W2-U joint, held set=0.500",False,False,False,wave2/W2-T/out/table_t.json;wave2/W2-U/out/task1b_big.json
FLIP,f9fea7c895f9fbd0,A,torus,async,2,4,0,16,0,0.5000,P:lightcone<.60,,,,P(lightcone),P(lightcone),,,,,,,True,0.5000,0.5000,0.6140,True,CAPPED,False,0.5000,capped,,,,,,relay_flood,0.4661,True,,NONE,,,0.5000,"W2-T combined lc+exact-wake, held set",P_PROVEN,"W2-T combined lc+exact-wake, held set=0.500; W2-U joint, 1024 worlds=0.500; W2-U joint, held set=0.500",False,False,False,wave2/W2-T/out/table_t.json;wave2/W2-U/out/task1b_big.json
FLIP,05fea1b55336dedf,A,smallworld,sync,5,16,3,16,0,1.0000,unplaced,,,,R-CANDIDATE,R-CANDIDATE,,,,,,,False,1.0000,1.0000,0.6278,False,ADMISSIBLE,False,1.0000,,,,,,,relay_flood,0.5078,True,,BEYOND_C1,W2-S,only 22-28-line refresh plants (> C1 prog_len 16),1.0000,"W2-T combined lc+exact-wake, held set",R_CANDIDATE,only 22-28-line refresh plants (> C1 prog_len 16),True,False,False,wave2/W2-S/out/t2_table.md;wave2/W2-S/out/epidemic_bound.json
FLIP,0ad0988d7b7e0076,A,global,async,5,16,6,8,0,1.0000,unplaced,,,,R-CANDIDATE,R-CANDIDATE,,,,,,,False,0.9766,0.9766,0.6140,False,ADMISSIBLE,False,0.9740,,,,,,,relay_flood,0.5104,False,,BEYOND_C1,W2-S,only 22-28-line refresh plants (> C1 prog_len 16),0.9740,"W2-T combined lc+exact-wake, held set",R_CANDIDATE,only 22-28-line refresh plants (> C1 prog_len 16),True,False,False,wave2/W2-S/out/t2_table.md;wave2/W2-S/out/epidemic_bound.json
FLIP,158bdd9a126414e5,C,global,async,5,16,3,8,0,1.0000,unplaced,,,,R-CANDIDATE,R-CANDIDATE,,,,,,,False,0.9766,0.9766,0.6140,False,ADMISSIBLE,False,0.9831,,,,,,,relay_flood,0.5000,False,,BEYOND_C1,W2-S,only 22-28-line refresh plants (> C1 prog_len 16),0.9766,"W2-U joint, 1024 worlds",R_CANDIDATE,only 22-28-line refresh plants (> C1 prog_len 16),True,False,False,wave2/W2-S/out/t2_table.md;wave2/W2-S/out/epidemic_bound.json
FLIP,299a681d2e3cbee1,A,random,async,2,16,6,16,0,1.0000,winners_curse:train_final>>held,,,,R-CANDIDATE,R-CANDIDATE,,,,,,,False,0.9753,0.9753,0.6278,False,ADMISSIBLE,False,0.9844,,,,,,,relay_flood,0.5078,True,,BEYOND_C1,W2-S,only 22-28-line refresh plants (> C1 prog_len 16),0.9753,"W2-U joint, 1024 worlds",R_CANDIDATE,only 22-28-line refresh plants (> C1 prog_len 16),True,False,False,wave2/W2-S/out/t2_table.md;wave2/W2-S/out/epidemic_bound.json
FLIP,394743d78562ab5f,C,global,sync,1,16,3,12,0,1.0000,winners_curse:train_final>>held,,,,R-CANDIDATE,R-CANDIDATE,,,,,,,False,1.0000,1.0000,0.6278,False,ADMISSIBLE,False,1.0000,,,,,,,relay_flood,0.4766,True,,BEYOND_C1,W2-S,only 22-28-line refresh plants (> C1 prog_len 16),1.0000,"W2-T combined lc+exact-wake, held set",R_CANDIDATE,only 22-28-line refresh plants (> C1 prog_len 16),True,False,False,wave2/W2-S/out/t2_table.md;wave2/W2-S/out/epidemic_bound.json
FLIP,bda1a1bf2f3a927a,C,global,async,5,16,3,8,0,1.0000,winners_curse:train_final>>held,,,,R-CANDIDATE,R-CANDIDATE,,,,,,,False,0.9766,0.9766,0.6140,False,ADMISSIBLE,False,0.9753,,,,,,,relay_flood,0.4635,False,,BEYOND_C1,W2-S,only 22-28-line refresh plants (> C1 prog_len 16),0.9753,"W2-T combined lc+exact-wake, held set",R_CANDIDATE,only 22-28-line refresh plants (> C1 prog_len 16),True,False,False,wave2/W2-S/out/t2_table.md;wave2/W2-S/out/epidemic_bound.json
FLIP,c5bceddafac4dc7b,C,global,async,5,16,3,8,0,1.0000,unplaced,,,,R-CANDIDATE,R-CANDIDATE,,,,,,,False,0.9766,0.9766,0.6140,False,ADMISSIBLE,False,0.9688,,,,,,,relay_flood,0.5365,False,,BEYOND_C1,W2-S,only 22-28-line refresh plants (> C1 prog_len 16),0.9688,"W2-T combined lc+exact-wake, held set",R_CANDIDATE,only 22-28-line refresh plants (> C1 prog_len 16),True,False,False,wave2/W2-S/out/t2_table.md;wave2/W2-S/out/epidemic_bound.json
FLIP,d957d95c3a86fe53,C,global,async,5,16,3,8,0,1.0000,unplaced,,,,R-CANDIDATE,R-CANDIDATE,,,,,,,False,0.9766,0.9766,0.6140,False,ADMISSIBLE,False,0.9870,,,,,,,relay_flood,0.5312,False,,BEYOND_C1,W2-S,only 22-28-line refresh plants (> C1 prog_len 16),0.9766,"W2-U joint, 1024 worlds",R_CANDIDATE,only 22-28-line refresh plants (> C1 prog_len 16),True,False,False,wave2/W2-S/out/t2_table.md;wave2/W2-S/out/epidemic_bound.json
FLIP,eb076f0d822f52c1,C,torus,sync,3,16,1,16,0,1.0000,unplaced,,,,R-CANDIDATE,R-CANDIDATE,,,,,,,False,1.0000,1.0000,0.6140,False,ADMISSIBLE,False,1.0000,,,,,,,relay_flood,0.5026,True,,BEYOND_C1,W2-S,only 22-28-line refresh plants (> C1 prog_len 16),1.0000,"W2-T combined lc+exact-wake, held set",R_CANDIDATE,only 22-28-line refresh plants (> C1 prog_len 16),True,False,False,wave2/W2-S/out/t2_table.md;wave2/W2-S/out/epidemic_bound.json
FLIP,06e99bf21c0aca14,A,ring,sync,2,4,6,12,1,1.0000,unplaced,,,,UNDECIDED,UNDECIDED(plant inadequate),,,,,,,False,1.0000,1.0000,0.6140,False,ADMISSIBLE,False,1.0000,,,,,,,relay_flood,0.4818,True,,NONE,,,1.0000,"W2-T combined lc+exact-wake, held set",UNDECIDED,UNDECIDED(plant inadequate),True,False,False,wave2/W2-T/out/table_t.json
FLIP,124923338e434d70,A,ring,sync,1,4,6,12,0,0.6667,unplaced,,,,UNDECIDED,UNDECIDED(fails at 32 pairs),,,,,,,False,0.6667,0.6667,0.6140,False,ADMISSIBLE,True,0.6667,,,,,,,relay_flood,0.4948,True,,NONE,,,0.6667,"W2-U joint, 1024 worlds",UNDECIDED,UNDECIDED(fails at 32 pairs),True,False,False,wave2/W2-T/out/table_t.json
FLIP,17b093a7886431d8,A,torus,sync,1,8,1,16,0,1.0000,unplaced,,,,R-CANDIDATE,"UNDECIDED(demoted R-CAND, copy-range)",,,,,,,False,1.0000,1.0000,0.6140,False,ADMISSIBLE,False,1.0000,,,,,,,relay_flood,0.4844,True,,NONE,,,1.0000,"W2-T combined lc+exact-wake, held set",UNDECIDED,"UNDECIDED(demoted R-CAND, copy-range)",True,False,False,wave2/W2-T/out/table_t.json
FLIP,2aefc9fef958812a,A,random,async,3,16,1,16,0,1.0000,winners_curse:train_final>>held,,,,R-CANDIDATE,"UNDECIDED(demoted R-CAND, copy-range)",,,,,,,False,0.9753,0.9753,0.6278,False,ADMISSIBLE,False,0.9707,,,,,,,relay_flood,0.4844,True,,NONE,,,0.9707,"W2-T combined lc+exact-wake, held set",UNDECIDED,"UNDECIDED(demoted R-CAND, copy-range)",True,False,False,wave2/W2-T/out/table_t.json
FLIP,3f78ee89d5d6fb3c,A,global,sync,2,4,1,12,0,1.0000,unplaced,,,,UNDECIDED,UNDECIDED(plant inadequate),0.6905,,,,,,False,1.0000,1.0000,0.6140,False,ADMISSIBLE,False,1.0000,,,,,,,relay_flood,0.4727,True,,NONE,,,0.6905,W2-S epidemic bound (analytic),UNDECIDED,UNDECIDED(plant inadequate),True,False,False,wave2/W2-T/out/table_t.json
FLIP,79bc73b022e5d826,A,global,sync,5,8,3,8,0,1.0000,unplaced,,,,UNDECIDED,UNDECIDED(plant inadequate),0.7222,,,,,,False,1.0000,1.0000,0.6140,False,ADMISSIBLE,False,1.0000,,,,,,,relay_flood,0.5156,False,,NONE,,,0.7222,W2-S epidemic bound (analytic),UNDECIDED,UNDECIDED(plant inadequate),True,False,False,wave2/W2-T/out/table_t.json
FLIP,7da1d985912ef131,A,random,async,5,4,3,16,0,1.0000,unplaced,,,,UNDECIDED,UNDECIDED(plant inadequate),,,,,,,False,0.8275,0.8208,0.6278,False,ADMISSIBLE,False,0.8105,,,,,,,relay_flood,0.5312,True,,NONE,,,0.8105,"W2-T combined lc+exact-wake, held set",UNDECIDED,UNDECIDED(plant inadequate),True,False,False,wave2/W2-T/out/table_t.json
FLIP,bfa85a55ee67f7fb,A,smallworld,sync,1,4,3,12,0,1.0000,unplaced,,,,R-CANDIDATE,"UNDECIDED(demoted R-CAND, copy-range)",,,,,,,False,1.0000,1.0000,0.6140,False,ADMISSIBLE,False,1.0000,,,,,,,relay_flood,0.5208,True,,NONE,,,1.0000,"W2-T combined lc+exact-wake, held set",UNDECIDED,"UNDECIDED(demoted R-CAND, copy-range)",True,False,False,wave2/W2-T/out/table_t.json
FLIP,c9998fe48f9341a8,A,global,sync,1,8,6,8,0,1.0000,winners_curse:train_final>>held,,,,UNDECIDED,UNDECIDED(plant inadequate),0.9196,,,,,,False,1.0000,1.0000,0.6140,False,ADMISSIBLE,False,1.0000,,,,,,,relay_flood,0.5026,False,,NONE,,,0.9196,W2-S epidemic bound (analytic),UNDECIDED,UNDECIDED(plant inadequate),True,False,False,wave2/W2-T/out/table_t.json
FLIP,cc9858540c527326,A,global,sync,5,4,3,16,1,1.0000,unplaced,,,,UNDECIDED,UNDECIDED(plant inadequate),0.6212,,,,,,False,1.0000,1.0000,0.6140,False,ADMISSIBLE,False,1.0000,,,,,,,relay_flood,0.4714,True,,NONE,,,0.6212,W2-S epidemic bound (analytic),UNDECIDED,UNDECIDED(plant inadequate),True,False,False,wave2/W2-T/out/table_t.json
FLIP,d09510b3e567a37d,A,global,sync,5,16,3,8,0,1.0000,flat:no_selectable_gradient,,,,UNDECIDED,UNDECIDED(plant inadequate),1.0000,,,,,,False,1.0000,1.0000,0.6140,False,ADMISSIBLE,False,1.0000,,,,,,,relay_flood,0.4896,False,,NONE,,,1.0000,W2-S epidemic bound (analytic),UNDECIDED,UNDECIDED(plant inadequate),True,False,False,wave2/W2-T/out/table_t.json
FLIP,d8bcfce07262128e,A,ring,sync,1,4,1,12,0,1.0000,flat:no_selectable_gradient,,,,UNDECIDED,UNDECIDED(plant inadequate),,,,,,,False,1.0000,1.0000,0.6140,False,ADMISSIBLE,False,1.0000,,,,,,,relay_flood,0.5104,True,,NONE,,,1.0000,"W2-T combined lc+exact-wake, held set",UNDECIDED,UNDECIDED(plant inadequate),True,False,False,wave2/W2-T/out/table_t.json
FLIP,f6cfdf8240aa339a,A,ring,async,3,16,3,16,0,1.0000,winners_curse:train_final>>held,,,,R-CANDIDATE,"UNDECIDED(demoted R-CAND, copy-range)",,,,,,,False,0.8518,0.8518,0.6140,False,ADMISSIBLE,False,0.8763,,,,,,,relay_flood,0.5156,True,,NONE,,,0.8518,"W2-U joint, 1024 worlds",UNDECIDED,"UNDECIDED(demoted R-CAND, copy-range)",True,False,False,wave2/W2-T/out/table_t.json
FLIP,f867ff454ef28ca9,A,global,async,5,8,6,16,0,1.0000,winners_curse:train_final>>held,,,,UNDECIDED,UNDECIDED(plant inadequate),0.6270,,,,,,False,0.8226,0.8226,0.6140,False,ADMISSIBLE,False,0.8464,,,,,,,relay_flood,0.4922,True,,NONE,,,0.6270,W2-S epidemic bound (analytic),UNDECIDED,UNDECIDED(plant inadequate),True,False,False,wave2/W2-T/out/table_t.json
RELAY,dca299c515ff80d1,A,random,async,3,16,3,16,0,1.0000,flat:no_selectable_gradient,,,,,,,,,,0.8748,,False,0.8748,0.8748,0.6140,False,FLAT,False,0.8646,flat,,,,multi-hop/plant-fail,True,relay_flood,0.5326,True,0.500[lo0.448]/flood_d0 0.500,NONE,,,0.8646,"W2-T combined lc+exact-wake, held set",FLAT,max_acc over all generations <= .5,False,False,False,wave2/W2-T/out/table_t.json
RELAY,e2b9ebb9eba11dfd,A,torus,async,3,4,3,8,0,1.0000,flat:no_selectable_gradient,,,,,,,,,,0.8125,,False,0.8125,0.8125,0.6140,False,FLAT,False,0.8099,flat,,,,one-hop/plant-fail,True,relay_flood,0.5573,False,0.542[lo0.453]/flood_d0 0.542,NONE,,,0.8099,"W2-T combined lc+exact-wake, held set",FLAT,max_acc over all generations <= .5,False,False,False,wave2/W2-T/out/table_t.json
RELAY,016d00fdb747b064,A,smallworld,async,2,16,3,12,1,1.0000,flat:no_selectable_gradient,,,,,,,,,,0.9800,,False,0.9800,0.9800,0.6140,False,INERT,False,0.9714,inert,,,,multi-hop/plant-fail,True,relay_flood,0.5365,True,0.547[lo0.479]/flood_d0 0.555,NONE,,,0.9714,"W2-T combined lc+exact-wake, held set",INERT,readout dead in >= 48/64 held worlds,False,False,False,wave2/W2-T/out/table_t.json
RELAY,0d788a0e63242b23,A,smallworld,async,2,4,0,16,0,1.0000,unplaced,,,,,,,,,,0.8200,,False,0.8200,0.8200,0.6140,False,INERT,False,0.7799,inert,,,,multi-hop/plant-fail,False,relay_flood,0.5339,True,,NONE,,,0.7799,"W2-T combined lc+exact-wake, held set",INERT,readout dead in >= 48/64 held worlds,False,False,False,wave2/W2-T/out/table_t.json
RELAY,1a9f8db57b100a85,A,smallworld,async,3,8,1,8,0,1.0000,flat:no_selectable_gradient,,,,,,,,,,0.8125,,False,0.8125,0.8125,0.6140,False,INERT,True,0.6862,inert|flat,,,,multi-hop/plant-fail,True,relay_flood,0.4961,False,0.508[lo0.474]/flood_d0 0.510,NONE,,,0.6862,"W2-T combined lc+exact-wake, held set",INERT,readout dead in >= 48/64 held worlds,False,False,False,wave2/W2-T/out/table_t.json
RELAY,21b64fd1d11b5c20,A,ring,async,1,4,1,8,0,1.0000,flat:no_selectable_gradient,,,,,,,,,,0.9736,,False,0.9736,0.9736,0.6140,False,INERT,False,0.9714,inert|flat,,,,one-hop/plant-ok,False,relay_flood,0.6055,False,,OVERRIDE,C1,recorded relay_flood acc 0.605 only at prog_len 12 > own 8,0.9714,"W2-T combined lc+exact-wake, held set",INERT,readout dead in >= 48/64 held worlds,False,False,False,wave2/W2-T/out/table_t.json
RELAY,2682069a6abee363,B2,smallworld,async,1,16,0,12,0,1.0000,flat:no_selectable_gradient,,,,,,,,,,0.9800,,False,0.9800,0.9800,0.6140,False,INERT,False,0.9805,inert|flat,,,,one-hop/plant-ok,False,relay_flood,0.6589,True,,IN_SPACE,C1,recorded relay_flood acc 0.659 at own prog_len,0.9800,"W2-U joint, 1024 worlds",INERT,readout dead in >= 48/64 held worlds,False,False,False,wave2/W2-T/out/table_t.json
RELAY,2c6d07c4900dec33,A,random,async,2,8,6,12,1,1.0000,flat:no_selectable_gradient,,,,,,,,,,0.8200,,False,0.8200,0.8200,0.6140,False,INERT,False,0.7773,inert|flat,,,,multi-hop/plant-fail,True,relay_flood,0.5260,True,0.526[lo0.430]/flood_d0 0.526,NONE,,,0.7773,"W2-T combined lc+exact-wake, held set",INERT,readout dead in >= 48/64 held worlds,False,False,False,wave2/W2-T/out/table_t.json
RELAY,2f22e505584c2d5a,A,torus,sync,1,4,6,12,0,1.0000,V?:held_lo99>.5_but_not_SIGNAL,,,,,,,,,,1.0000,,False,1.0000,1.0000,0.6140,False,INERT,False,1.0000,inert,,,,one-hop/plant-fail,True,relay_flood,0.5182,True,0.581[lo0.523]/flood_d0 0.581,NONE,,,1.0000,"W2-T combined lc+exact-wake, held set",INERT,readout dead in >= 48/64 held worlds,False,False,False,wave2/W2-T/out/table_t.json
RELAY,4b2662aa9d6d1751,A,global,async,3,16,1,16,1,1.0000,flat:no_selectable_gradient,,,,,,,,,,0.9800,,False,0.9800,0.9800,0.6140,False,INERT,False,0.9831,inert|flat,,,,one-hop/plant-fail,True,relay_flood,0.5078,True,0.495[lo0.458]/flood_d0 0.497,NONE,,,0.9800,"W2-U joint, 1024 worlds",INERT,readout dead in >= 48/64 held worlds,False,False,False,wave2/W2-T/out/table_t.json
RELAY,5346c141a6e8b6cb,A,global,async,2,16,6,16,0,1.0000,flat:no_selectable_gradient,,,,,,,,,,0.9800,,False,0.9800,0.9800,0.6140,False,INERT,False,0.9805,inert,,,,one-hop/plant-fail,True,relay_flood,0.5273,True,0.510[lo0.500]/flood_d0 0.510,NONE,,,0.9800,"W2-U joint, 1024 worlds",INERT,readout dead in >= 48/64 held worlds,False,False,False,wave2/W2-T/out/table_t.json
RELAY,6e651c506d4f819b,A,torus,async,1,16,0,16,0,1.0000,flat:no_selectable_gradient,,,,,,,,,,0.9800,,False,0.9800,0.9800,0.6140,False,INERT,False,0.9727,inert|flat,,,,one-hop/plant-fail,False,relay_flood,0.5260,True,,NONE,,,0.9727,"W2-T combined lc+exact-wake, held set",INERT,readout dead in >= 48/64 held worlds,False,False,False,wave2/W2-T/out/table_t.json
RELAY,76d4aa3d598321b0,C,global,sync,2,8,3,16,0,1.0000,flat:no_selectable_gradient,,,,,,,,,,1.0000,,False,1.0000,1.0000,0.6140,False,INERT,False,1.0000,inert,,,,one-hop/plant-fail,True,relay_flood,0.5430,True,0.508[lo0.500]/flood_d0 0.508,NONE,,,1.0000,"W2-T combined lc+exact-wake, held set",INERT,readout dead in >= 48/64 held worlds,False,False,False,wave2/W2-T/out/table_t.json
RELAY,7742c97ac4d7bb5d,A,random,sync,3,16,1,16,1,1.0000,flat:no_selectable_gradient,,,,,,,,,,1.0000,,False,1.0000,1.0000,0.6140,False,INERT,False,1.0000,inert|flat,,,,multi-hop/plant-fail,True,relay_flood,0.5247,True,0.500[lo0.500]/flood_d0 0.562,NONE,,,1.0000,"W2-T combined lc+exact-wake, held set",INERT,readout dead in >= 48/64 held worlds,False,False,False,wave2/W2-T/out/table_t.json
RELAY,79e645409b673965,A,smallworld,async,1,8,3,16,0,1.0000,unplaced,,,,,,,,,,0.9787,,False,0.9787,0.9787,0.6140,False,INERT,False,0.9792,inert,,,,one-hop/plant-fail,True,relay_flood,0.5729,True,0.618[lo0.542]/flood_d0 0.618,NONE,,,0.9787,"W2-U joint, 1024 worlds",INERT,readout dead in >= 48/64 held worlds,False,False,False,wave2/W2-T/out/table_t.json
RELAY,838435947498a6a0,B,global,async,1,16,0,12,0,1.0000,unplaced,,,,,,,,,,0.9800,,False,0.9800,0.9800,0.6140,False,INERT,False,0.9792,inert,,,,one-hop/plant-fail,False,relay_flood,0.4740,True,,NONE,,,0.9792,"W2-T combined lc+exact-wake, held set",INERT,readout dead in >= 48/64 held worlds,False,False,False,wave2/W2-T/out/table_t.json
RELAY,89d31852e141bd7a,A,random,async,2,16,6,8,0,1.0000,unplaced,,,,,,,,,,0.8748,,False,0.8748,0.8748,0.6140,False,INERT,False,0.8854,inert,,,,multi-hop/plant-fail,True,relay_flood,0.5586,False,0.591[lo0.490]/flood_d0 0.591,NONE,,,0.8748,"W2-U joint, 1024 worlds",INERT,readout dead in >= 48/64 held worlds,False,False,False,wave2/W2-T/out/table_t.json
RELAY,8d5ba838dc790311,C,global,async,5,16,3,8,0,1.0000,flat:no_selectable_gradient,,,,,,,,,,0.9800,,False,0.9800,0.9800,0.6140,False,INERT,False,0.9818,inert|flat,,,,one-hop/plant-fail,True,relay_flood,0.5521,False,0.872[lo0.750]/flood_d0 0.872,OVERRIDE,W2-W,relay_refresh (15 lines) 0.872 [lo99 0.750]; decay-0 relay_flood 0.872,0.9800,"W2-U joint, 1024 worlds",INERT,readout dead in >= 48/64 held worlds,False,False,False,wave2/W2-T/out/table_t.json
RELAY,93000073a40f6369,C,global,async,3,16,3,8,0,1.0000,flat:no_selectable_gradient,,,,,,,,,,0.9800,,False,0.9800,0.9800,0.6140,False,INERT,False,0.9857,inert|flat,,,,one-hop/plant-fail,True,relay_flood,0.5013,False,0.479[lo0.443]/flood_d0 0.479,NONE,,,0.9800,"W2-U joint, 1024 worlds",INERT,readout dead in >= 48/64 held worlds,False,False,False,wave2/W2-T/out/table_t.json
RELAY,9a7a6f571d8ed334,C,global,async,5,16,3,8,0,1.0000,flat:no_selectable_gradient,,,,,,,,,,0.9800,,False,0.9800,0.9800,0.6140,False,INERT,False,0.9844,inert|flat,,,,one-hop/plant-fail,True,relay_flood,0.5469,False,0.969[lo0.945]/flood_d0 0.969,OVERRIDE,W2-W,relay_refresh (15 lines) 0.969 [lo99 0.945]; decay-0 relay_flood 0.969,0.9800,"W2-U joint, 1024 worlds",INERT,readout dead in >= 48/64 held worlds,False,False,False,wave2/W2-T/out/table_t.json
RELAY,9f6ff12323d971fe,A,random,sync,5,16,1,12,1,1.0000,flat:no_selectable_gradient,,,,,,,,,,1.0000,,False,1.0000,1.0000,0.6140,False,INERT,False,1.0000,inert,,,,multi-hop/plant-fail,True,relay_flood,0.4987,True,0.500[lo0.500]/flood_d0 0.495,NONE,,,1.0000,"W2-T combined lc+exact-wake, held set",INERT,readout dead in >= 48/64 held worlds,False,False,False,wave2/W2-T/out/table_t.json
RELAY,de3e81f67a7152cd,A,ring,sync,5,8,0,16,1,0.7500,unplaced,,,,,,,,,,0.7500,,False,0.7500,0.7500,0.6140,False,INERT,False,0.7500,inert,,,,multi-hop/plant-fail/lc<.95,False,relay_flood,0.5417,True,,NONE,,,0.7500,"W2-T combined lc+exact-wake, held set",INERT,readout dead in >= 48/64 held worlds,False,False,False,wave2/W2-T/out/table_t.json
RELAY,e4dbd183261c805d,A,global,async,3,4,0,12,0,1.0000,flat:no_selectable_gradient,,,,,,,,,,0.8200,,False,0.8200,0.8200,0.6140,False,INERT,False,0.8164,inert,,,,one-hop/plant-fail,False,relay_flood,0.4896,True,,NONE,,,0.8164,"W2-T combined lc+exact-wake, held set",INERT,readout dead in >= 48/64 held worlds,False,False,False,wave2/W2-T/out/table_t.json
RELAY,e553999d10c319e8,A,smallworld,async,3,16,3,8,1,1.0000,flat:no_selectable_gradient,,,,,,,,,,0.9797,,False,0.9797,0.9797,0.6140,False,INERT,False,0.9870,inert|flat,INERT+flat,,,multi-hop/plant-fail,True,relay_flood,0.5000,False,0.500[lo0.500]/flood_d0 0.500,NONE,,,0.9797,"W2-U joint, 1024 worlds",INERT,readout dead in >= 48/64 held worlds,False,False,False,wave2/W2-T/out/table_t.json
RELAY,f4f6eb4358efda45,B,smallworld,async,1,4,0,12,0,1.0000,flat:no_selectable_gradient,,,,,,,,,,0.9480,,False,0.9480,0.9480,0.6140,False,INERT,False,0.9518,inert,,,,one-hop/plant-fail,False,relay_flood,0.5938,True,,NONE,,,0.9480,"W2-U joint, 1024 worlds",INERT,readout dead in >= 48/64 held worlds,False,False,False,wave2/W2-T/out/table_t.json
RELAY,0dcdb6698519fdc2,B,random,sync,3,16,0,16,0,1.0000,notRP:family_plant>=.75|V?:held_lo99>.5_but_not_SIGNAL,,,,,,,,,,1.0000,,False,1.0000,1.0000,0.6140,False,TRUNCATED,False,1.0000,,,,,multi-hop/plant-ok,False,relay_flood,0.9844,True,,IN_SPACE,C1,recorded relay_flood acc 0.984 at own prog_len,1.0000,"W2-T combined lc+exact-wake, held set",LATCHED_PARTIAL,early-latch champion (W2-T F4),False,False,False,wave2/W2-T/out/table_t.json
RELAY,2c141a10588d63be,B2,ring,async,1,16,0,12,0,1.0000,notRP:family_plant>=.75|V?:held_lo99>.5_but_not_SIGNAL,,,,,,,,,,0.9800,,False,0.9800,0.9800,0.6140,False,TRUNCATED,False,0.9792,,,,,one-hop/plant-ok,False,relay_flood,0.7734,True,,IN_SPACE,C1,recorded relay_flood acc 0.773 at own prog_len,0.9792,"W2-T combined lc+exact-wake, held set",LATCHED_PARTIAL,early-latch champion (W2-T F4),False,False,False,wave2/W2-T/out/table_t.json
RELAY,2d0a16a809c1dcd5,B,ring,sync,3,16,0,16,0,1.0000,notRP:family_plant>=.75|V?:held_lo99>.5_but_not_SIGNAL,,,,,,,,,,1.0000,,False,1.0000,1.0000,0.6140,False,TRUNCATED,False,1.0000,,,,,one-hop/plant-ok,False,relay_flood,0.9792,True,,IN_SPACE,C1,recorded relay_flood acc 0.979 at own prog_len,1.0000,"W2-T combined lc+exact-wake, held set",LATCHED_PARTIAL,early-latch champion (W2-T F4),False,False,False,wave2/W2-T/out/table_t.json
RELAY,362815f908114ebe,B2,ring,async,1,16,0,12,0,1.0000,V?:held_lo99>.5_but_not_SIGNAL,,,,,,,,,,0.9800,,False,0.9800,0.9800,0.6140,False,TRUNCATED,False,0.9753,,,,,one-hop/plant-ok,False,relay_flood,0.7474,True,,IN_SPACE,C1,recorded relay_flood acc 0.747 at own prog_len,0.9753,"W2-T combined lc+exact-wake, held set",LATCHED_PARTIAL,early-latch champion (W2-T F4),False,False,False,wave2/W2-T/out/table_t.json
RELAY,3e88548b43f585a2,B,ring,sync,3,16,0,16,0,1.0000,unplaced,,,,,,,,,,1.0000,,False,1.0000,1.0000,0.6140,False,TRUNCATED,False,1.0000,,,,,one-hop/plant-ok,False,relay_flood,0.6302,True,,IN_SPACE,C1,recorded relay_flood acc 0.630 at own prog_len,1.0000,"W2-T combined lc+exact-wake, held set",LATCHED_PARTIAL,early-latch champion (W2-T F4),False,False,False,wave2/W2-T/out/table_t.json
RELAY,5bb3fd92c5d92b73,B,smallworld,async,1,16,0,12,0,1.0000,V?:held_lo99>.5_but_not_SIGNAL,,,,,,,,,,0.9800,,False,0.9800,0.9800,0.6140,False,TRUNCATED,False,0.9766,,,,,one-hop/plant-ok,False,relay_flood,0.7135,True,,IN_SPACE,C1,recorded relay_flood acc 0.714 at own prog_len,0.9766,"W2-T combined lc+exact-wake, held set",LATCHED_PARTIAL,early-latch champion (W2-T F4),False,False,False,wave2/W2-T/out/table_t.json
RELAY,8282d70e914c14a6,B,torus,async,1,16,0,12,0,1.0000,notRP:family_plant>=.75|V?:held_lo99>.5_but_not_SIGNAL,,,,,,,,,,0.9800,,False,0.9800,0.9800,0.6140,False,TRUNCATED,False,0.9818,,,,,one-hop/plant-ok,False,relay_flood,0.9323,True,,IN_SPACE,C1,recorded relay_flood acc 0.932 at own prog_len,0.9800,"W2-U joint, 1024 worlds",LATCHED_PARTIAL,early-latch champion (W2-T F4),False,False,False,wave2/W2-T/out/table_t.json
RELAY,adecce567dec5085,B,smallworld,async,1,16,0,12,0,1.0000,V?:held_lo99>.5_but_not_SIGNAL,,,,,,,,,,0.9800,,False,0.9800,0.9800,0.6140,False,TRUNCATED,False,0.9818,,,,,one-hop/plant-ok,False,relay_flood,0.6536,True,,IN_SPACE,C1,recorded relay_flood acc 0.654 at own prog_len,0.9800,"W2-U joint, 1024 worlds",LATCHED_PARTIAL,early-latch champion (W2-T F4),False,False,False,wave2/W2-T/out/table_t.json
RELAY,cbbfc88c23444a64,B,smallworld,async,1,16,0,12,0,1.0000,V?:held_lo99>.5_but_not_SIGNAL,,,,,,,,,,0.9800,,False,0.9800,0.9800,0.6140,False,TRUNCATED,False,0.9779,,,,,one-hop/plant-ok,False,relay_flood,0.6380,True,,IN_SPACE,C1,recorded relay_flood acc 0.638 at own prog_len,0.9779,"W2-T combined lc+exact-wake, held set",LATCHED_PARTIAL,early-latch champion (W2-T F4),False,False,False,wave2/W2-T/out/table_t.json
RELAY,dbd5c558656a4005,B,ring,async,1,16,0,12,0,1.0000,notRP:family_plant>=.75|V?:held_lo99>.5_but_not_SIGNAL,,,,,,,,,,0.9800,,False,0.9800,0.9800,0.6140,False,TRUNCATED,False,0.9792,,,,,one-hop/plant-ok,False,relay_flood,0.8438,True,,IN_SPACE,C1,recorded relay_flood acc 0.844 at own prog_len,0.9792,"W2-T combined lc+exact-wake, held set",LATCHED_PARTIAL,early-latch champion (W2-T F4),False,False,False,wave2/W2-T/out/table_t.json
RELAY,e8b67ccee08d2f71,B,smallworld,async,1,16,0,12,0,1.0000,V?:held_lo99>.5_but_not_SIGNAL,,,,,,,,,,0.9800,,False,0.9800,0.9800,0.6140,False,TRUNCATED,False,0.9805,,,,,one-hop/plant-ok,False,relay_flood,0.6484,True,,IN_SPACE,C1,recorded relay_flood acc 0.648 at own prog_len,0.9800,"W2-U joint, 1024 worlds",LATCHED_PARTIAL,early-latch champion (W2-T F4),False,False,False,wave2/W2-T/out/table_t.json
RELAY,056d8e0d3a27b0f9,B,smallworld,async,1,16,0,12,0,1.0000,unplaced,,,,,,,,,,0.9800,,False,0.9800,0.9800,0.6140,False,ADMISSIBLE,False,0.9805,,,,,one-hop/plant-ok,False,relay_flood,0.7005,True,,IN_SPACE,C1,recorded relay_flood acc 0.701 at own prog_len,0.9800,"W2-U joint, 1024 worlds",PLANT_SOLVED_IN_SPACE,recorded relay_flood acc 0.701 at own prog_len,True,True,True,roles/Ananke/pte/c1_rows/cells.jsonl.gz(result.plant)
RELAY,07528af06af647e4,B2,random,async,1,16,0,12,0,1.0000,V?:held_lo99>.5_but_not_SIGNAL,,,,,,,,,,0.9800,,False,0.9800,0.9800,0.6140,False,ADMISSIBLE,False,0.9779,,,,,one-hop/plant-ok,False,relay_flood,0.6589,True,,IN_SPACE,C1,recorded relay_flood acc 0.659 at own prog_len,0.9779,"W2-T combined lc+exact-wake, held set",PLANT_SOLVED_IN_SPACE,recorded relay_flood acc 0.659 at own prog_len,True,True,True,roles/Ananke/pte/c1_rows/cells.jsonl.gz(result.plant)
RELAY,12f7f754e3afb04a,B,smallworld,async,1,16,0,12,0,1.0000,V?:held_lo99>.5_but_not_SIGNAL,,,,,,,,,,0.9800,,False,0.9800,0.9800,0.6140,False,ADMISSIBLE,False,0.9805,,,,,one-hop/plant-ok,False,relay_flood,0.7422,True,,IN_SPACE,C1,recorded relay_flood acc 0.742 at own prog_len,0.9800,"W2-U joint, 1024 worlds",PLANT_SOLVED_IN_SPACE,recorded relay_flood acc 0.742 at own prog_len,True,True,True,roles/Ananke/pte/c1_rows/cells.jsonl.gz(result.plant)
RELAY,14176fce145a1c30,B,random,async,1,16,0,12,0,1.0000,unplaced,,,,,,,,,,0.9800,,False,0.9800,0.9800,0.6140,False,ADMISSIBLE,False,0.9753,,,,,one-hop/plant-ok,False,relay_flood,0.6380,True,,IN_SPACE,C1,recorded relay_flood acc 0.638 at own prog_len,0.9753,"W2-T combined lc+exact-wake, held set",PLANT_SOLVED_IN_SPACE,recorded relay_flood acc 0.638 at own prog_len,True,True,True,roles/Ananke/pte/c1_rows/cells.jsonl.gz(result.plant)
RELAY,15148d69a974b407,B,ring,sync,3,16,0,16,0,1.0000,notRP:family_plant>=.75|V?:held_lo99>.5_but_not_SIGNAL,,,,,,,,,,1.0000,,False,1.0000,1.0000,0.6140,False,ADMISSIBLE,False,1.0000,,,,,one-hop/plant-ok,False,relay_flood,0.9896,True,,IN_SPACE,C1,recorded relay_flood acc 0.990 at own prog_len,1.0000,"W2-T combined lc+exact-wake, held set",PLANT_SOLVED_IN_SPACE,recorded relay_flood acc 0.990 at own prog_len,True,True,True,roles/Ananke/pte/c1_rows/cells.jsonl.gz(result.plant)
RELAY,1d64df5ab275e039,B,torus,sync,3,16,0,16,0,1.0000,notRP:family_plant>=.75|V?:held_lo99>.5_but_not_SIGNAL,,,,,,,,,,1.0000,,False,1.0000,1.0000,0.6140,False,ADMISSIBLE,False,1.0000,,,,,one-hop/plant-ok,False,relay_flood,0.9089,True,,IN_SPACE,C1,recorded relay_flood acc 0.909 at own prog_len,1.0000,"W2-T combined lc+exact-wake, held set",PLANT_SOLVED_IN_SPACE,recorded relay_flood acc 0.909 at own prog_len,True,True,True,roles/Ananke/pte/c1_rows/cells.jsonl.gz(result.plant)
RELAY,253c106e5f21cbba,A,ring,sync,2,16,0,12,0,1.0000,unplaced,,,,,,,,,,1.0000,,False,1.0000,1.0000,0.6140,False,ADMISSIBLE,False,1.0000,,,,,one-hop/plant-ok,False,relay_flood,0.6224,True,,IN_SPACE,C1,recorded relay_flood acc 0.622 at own prog_len,1.0000,"W2-T combined lc+exact-wake, held set",PLANT_SOLVED_IN_SPACE,recorded relay_flood acc 0.622 at own prog_len,True,True,True,roles/Ananke/pte/c1_rows/cells.jsonl.gz(result.plant)
RELAY,25a07dbfd388951e,B2,random,async,1,16,0,12,0,1.0000,unplaced,,,,,,,,,,0.9800,,False,0.9800,0.9800,0.6140,False,ADMISSIBLE,False,0.9844,,,,,one-hop/plant-ok,False,relay_flood,0.6589,True,,IN_SPACE,C1,recorded relay_flood acc 0.659 at own prog_len,0.9800,"W2-U joint, 1024 worlds",PLANT_SOLVED_IN_SPACE,recorded relay_flood acc 0.659 at own prog_len,True,True,True,roles/Ananke/pte/c1_rows/cells.jsonl.gz(result.plant)
RELAY,3916a19df8b41c2b,B,ring,sync,3,16,0,16,0,1.0000,unplaced,,,,,,,,,,1.0000,,False,1.0000,1.0000,0.6140,False,ADMISSIBLE,False,1.0000,,,,,one-hop/plant-ok,False,relay_flood,0.6302,True,,IN_SPACE,C1,recorded relay_flood acc 0.630 at own prog_len,1.0000,"W2-T combined lc+exact-wake, held set",PLANT_SOLVED_IN_SPACE,recorded relay_flood acc 0.630 at own prog_len,True,True,True,roles/Ananke/pte/c1_rows/cells.jsonl.gz(result.plant)
RELAY,3a9073efb66f759e,B,smallworld,async,1,16,0,12,0,1.0000,unplaced,,,,,,,,,,0.9800,,False,0.9800,0.9800,0.6140,False,ADMISSIBLE,False,0.9831,,,,,one-hop/plant-ok,False,relay_flood,0.6484,True,,IN_SPACE,C1,recorded relay_flood acc 0.648 at own prog_len,0.9800,"W2-U joint, 1024 worlds",PLANT_SOLVED_IN_SPACE,recorded relay_flood acc 0.648 at own prog_len,True,True,True,roles/Ananke/pte/c1_rows/cells.jsonl.gz(result.plant)
RELAY,3d7b5ccf1238e9cd,B,smallworld,async,1,16,0,12,0,1.0000,unplaced,,,,,,,,,,0.9800,,False,0.9800,0.9800,0.6140,False,ADMISSIBLE,False,0.9779,,,,,one-hop/plant-ok,False,relay_flood,0.6406,True,,IN_SPACE,C1,recorded relay_flood acc 0.641 at own prog_len,0.9779,"W2-T combined lc+exact-wake, held set",PLANT_SOLVED_IN_SPACE,recorded relay_flood acc 0.641 at own prog_len,True,True,True,roles/Ananke/pte/c1_rows/cells.jsonl.gz(result.plant)
RELAY,3d8d3070a1a9870f,B2,smallworld,async,1,16,0,12,0,1.0000,V?:held_lo99>.5_but_not_SIGNAL,,,,,,,,,,0.9800,,False,0.9800,0.9800,0.6140,False,ADMISSIBLE,False,0.9857,,,,,one-hop/plant-ok,False,relay_flood,0.6875,True,,IN_SPACE,C1,recorded relay_flood acc 0.688 at own prog_len,0.9800,"W2-U joint, 1024 worlds",PLANT_SOLVED_IN_SPACE,recorded relay_flood acc 0.688 at own prog_len,True,True,True,roles/Ananke/pte/c1_rows/cells.jsonl.gz(result.plant)
RELAY,3e627a008485184f,B2,smallworld,async,1,8,0,12,0,1.0000,V?:held_lo99>.5_but_not_SIGNAL,,,,,,,,,,0.9799,,False,0.9799,0.9799,0.6140,False,ADMISSIBLE,False,0.9805,,,,,one-hop/plant-ok,False,relay_flood,0.6380,True,,IN_SPACE,C1,recorded relay_flood acc 0.638 at own prog_len,0.9799,"W2-U joint, 1024 worlds",PLANT_SOLVED_IN_SPACE,recorded relay_flood acc 0.638 at own prog_len,True,True,True,roles/Ananke/pte/c1_rows/cells.jsonl.gz(result.plant)
RELAY,405e5c5621e75010,D,ring,sync,3,16,0,16,0,1.0000,notRP:family_plant>=.75,,,,,,,,,,1.0000,,False,1.0000,1.0000,0.6140,False,ADMISSIBLE,False,1.0000,,,INDETERMINATE (no native signal),,one-hop/plant-ok,False,relay_flood,0.9896,True,,IN_SPACE,C1,recorded relay_flood acc 0.990 at own prog_len,1.0000,"W2-T combined lc+exact-wake, held set",PLANT_SOLVED_IN_SPACE,recorded relay_flood acc 0.990 at own prog_len,True,True,True,roles/Ananke/pte/c1_rows/cells.jsonl.gz(result.plant)
RELAY,42a75ad4057f2542,B,random,sync,3,16,0,16,0,1.0000,notRP:family_plant>=.75|V?:held_lo99>.5_but_not_SIGNAL,,,,,,,,,,1.0000,,False,1.0000,1.0000,0.6140,False,ADMISSIBLE,False,1.0000,,,,,multi-hop/plant-ok,False,relay_flood,0.9635,True,,IN_SPACE,C1,recorded relay_flood acc 0.964 at own prog_len,1.0000,"W2-T combined lc+exact-wake, held set",PLANT_SOLVED_IN_SPACE,recorded relay_flood acc 0.964 at own prog_len,True,True,True,roles/Ananke/pte/c1_rows/cells.jsonl.gz(result.plant)
RELAY,52a9a36a446e8f13,B,smallworld,async,1,16,0,12,0,1.0000,winners_curse:train_final>>held,,,,,,,,,,0.9800,,False,0.9800,0.9800,0.6140,False,ADMISSIBLE,False,0.9870,,,,,one-hop/plant-ok,False,relay_flood,0.6042,True,,IN_SPACE,C1,recorded relay_flood acc 0.604 at own prog_len,0.9800,"W2-U joint, 1024 worlds",PLANT_SOLVED_IN_SPACE,recorded relay_flood acc 0.604 at own prog_len,True,True,True,roles/Ananke/pte/c1_rows/cells.jsonl.gz(result.plant)
RELAY,59f1df7622330db7,B2,smallworld,async,1,16,0,12,0,1.0000,V?:held_lo99>.5_but_not_SIGNAL,,,,,,,,,,0.9800,,False,0.9800,0.9800,0.6140,False,ADMISSIBLE,False,0.9831,,,,,one-hop/plant-ok,False,relay_flood,0.7005,True,,IN_SPACE,C1,recorded relay_flood acc 0.701 at own prog_len,0.9800,"W2-U joint, 1024 worlds",PLANT_SOLVED_IN_SPACE,recorded relay_flood acc 0.701 at own prog_len,True,True,True,roles/Ananke/pte/c1_rows/cells.jsonl.gz(result.plant)
RELAY,5b7e399542f15c87,B,smallworld,async,1,8,0,12,0,1.0000,V?:held_lo99>.5_but_not_SIGNAL,,,,,,,,,,0.9799,,False,0.9799,0.9799,0.6140,False,ADMISSIBLE,False,0.9831,,,,,one-hop/plant-ok,False,relay_flood,0.6198,True,,IN_SPACE,C1,recorded relay_flood acc 0.620 at own prog_len,0.9799,"W2-U joint, 1024 worlds",PLANT_SOLVED_IN_SPACE,recorded relay_flood acc 0.620 at own prog_len,True,True,True,roles/Ananke/pte/c1_rows/cells.jsonl.gz(result.plant)
RELAY,5c21db9edbe9901a,B2,smallworld,async,1,16,0,12,0,1.0000,V?:held_lo99>.5_but_not_SIGNAL,,,,,,,,,,0.9800,,False,0.9800,0.9800,0.6140,False,ADMISSIBLE,False,0.9922,,,,,one-hop/plant-ok,False,relay_flood,0.6250,True,,IN_SPACE,C1,recorded relay_flood acc 0.625 at own prog_len,0.9800,"W2-U joint, 1024 worlds",PLANT_SOLVED_IN_SPACE,recorded relay_flood acc 0.625 at own prog_len,True,True,True,roles/Ananke/pte/c1_rows/cells.jsonl.gz(result.plant)
RELAY,5dfc4ca0e25feda6,B,smallworld,async,1,16,0,12,0,1.0000,V?:held_lo99>.5_but_not_SIGNAL,,,,,,,,,,0.9800,,False,0.9800,0.9800,0.6140,False,ADMISSIBLE,False,0.9857,,,,,one-hop/plant-ok,False,relay_flood,0.6797,True,,IN_SPACE,C1,recorded relay_flood acc 0.680 at own prog_len,0.9800,"W2-U joint, 1024 worlds",PLANT_SOLVED_IN_SPACE,recorded relay_flood acc 0.680 at own prog_len,True,True,True,roles/Ananke/pte/c1_rows/cells.jsonl.gz(result.plant)
RELAY,61e15583141a5143,B,torus,sync,3,16,0,16,0,1.0000,notRP:family_plant>=.75|V?:held_lo99>.5_but_not_SIGNAL,,,,,,,,,,1.0000,,False,1.0000,1.0000,0.6140,False,ADMISSIBLE,False,1.0000,,,,,one-hop/plant-ok,False,relay_flood,0.9010,True,,IN_SPACE,C1,recorded relay_flood acc 0.901 at own prog_len,1.0000,"W2-T combined lc+exact-wake, held set",PLANT_SOLVED_IN_SPACE,recorded relay_flood acc 0.901 at own prog_len,True,True,True,roles/Ananke/pte/c1_rows/cells.jsonl.gz(result.plant)
RELAY,666bdeaec27cb092,A,random,sync,2,16,0,12,0,1.0000,V?:held_lo99>.5_but_not_SIGNAL,,,,,,,,,,1.0000,,False,1.0000,1.0000,0.6140,False,ADMISSIBLE,False,1.0000,,,,,multi-hop/plant-ok,False,relay_flood,0.6615,True,,IN_SPACE,C1,recorded relay_flood acc 0.661 at own prog_len,1.0000,"W2-T combined lc+exact-wake, held set",PLANT_SOLVED_IN_SPACE,recorded relay_flood acc 0.661 at own prog_len,True,True,True,roles/Ananke/pte/c1_rows/cells.jsonl.gz(result.plant)
RELAY,66c1d67a17ee5cda,B,smallworld,sync,3,16,0,16,0,1.0000,notRP:family_plant>=.75|V?:held_lo99>.5_but_not_SIGNAL,,,,,,,,,,1.0000,,False,1.0000,1.0000,0.6140,False,ADMISSIBLE,False,1.0000,,,,,multi-hop/plant-ok,False,relay_flood,0.9479,True,,IN_SPACE,C1,recorded relay_flood acc 0.948 at own prog_len,1.0000,"W2-T combined lc+exact-wake, held set",PLANT_SOLVED_IN_SPACE,recorded relay_flood acc 0.948 at own prog_len,True,True,True,roles/Ananke/pte/c1_rows/cells.jsonl.gz(result.plant)
RELAY,679284c6eee670f0,A,random,async,1,16,1,16,0,1.0000,unplaced,,,,,,,,,,0.8750,,False,0.8750,0.8750,0.6140,False,ADMISSIBLE,False,0.8685,,,,,one-hop/plant-fail,True,relay_flood,0.5781,True,0.684[lo0.612]/flood_d0 0.677,IN_SPACE,W2-W,relay_refresh (15 lines) 0.684 [lo99 0.612]; decay-0 relay_flood 0.677,0.8685,"W2-T combined lc+exact-wake, held set",PLANT_SOLVED_IN_SPACE,relay_refresh (15 lines) 0.684 [lo99 0.612]; decay-0 relay_flood 0.677,True,True,True,wave2/W2-W/out/refresh_check.json
RELAY,6b91d25afff6d17e,B,smallworld,async,1,16,0,12,0,1.0000,unplaced,,,,,,,,,,0.9800,,False,0.9800,0.9800,0.6140,False,ADMISSIBLE,False,0.9896,,,,,one-hop/plant-ok,False,relay_flood,0.6120,True,,IN_SPACE,C1,recorded relay_flood acc 0.612 at own prog_len,0.9800,"W2-U joint, 1024 worlds",PLANT_SOLVED_IN_SPACE,recorded relay_flood acc 0.612 at own prog_len,True,True,True,roles/Ananke/pte/c1_rows/cells.jsonl.gz(result.plant)
RELAY,6e22f6730608db07,A,global,async,5,16,6,16,0,1.0000,unplaced,,,,,,,,,,0.8750,,False,0.8750,0.8750,0.6140,False,ADMISSIBLE,False,0.8659,,,,,one-hop/plant-fail,True,relay_flood,0.5469,True,0.740[lo0.646]/flood_d0 0.740,IN_SPACE,W2-W,relay_refresh (15 lines) 0.740 [lo99 0.646]; decay-0 relay_flood 0.740,0.8659,"W2-T combined lc+exact-wake, held set",PLANT_SOLVED_IN_SPACE,relay_refresh (15 lines) 0.740 [lo99 0.646]; decay-0 relay_flood 0.740,True,True,True,wave2/W2-W/out/refresh_check.json
RELAY,6f9fb4125e5b4dab,B,random,async,1,16,0,12,0,1.0000,V?:held_lo99>.5_but_not_SIGNAL,,,,,,,,,,0.9800,,False,0.9800,0.9800,0.6140,False,ADMISSIBLE,False,0.9844,,,,,one-hop/plant-ok,False,relay_flood,0.6432,True,,IN_SPACE,C1,recorded relay_flood acc 0.643 at own prog_len,0.9800,"W2-U joint, 1024 worlds",PLANT_SOLVED_IN_SPACE,recorded relay_flood acc 0.643 at own prog_len,True,True,True,roles/Ananke/pte/c1_rows/cells.jsonl.gz(result.plant)
RELAY,70d9709ee525bc36,B2,torus,async,1,16,0,12,0,1.0000,notRP:family_plant>=.75|V?:held_lo99>.5_but_not_SIGNAL,,,,,,,,,,0.9800,,False,0.9800,0.9800,0.6140,False,ADMISSIBLE,False,0.9844,,,,,one-hop/plant-ok,False,relay_flood,0.9036,True,,IN_SPACE,C1,recorded relay_flood acc 0.904 at own prog_len,0.9800,"W2-U joint, 1024 worlds",PLANT_SOLVED_IN_SPACE,recorded relay_flood acc 0.904 at own prog_len,True,True,True,roles/Ananke/pte/c1_rows/cells.jsonl.gz(result.plant)
RELAY,726a2b4f9375a7a1,B2,ring,async,1,16,0,12,0,1.0000,notRP:family_plant>=.75|V?:held_lo99>.5_but_not_SIGNAL,,,,,,,,,,0.9800,,False,0.9800,0.9800,0.6140,False,ADMISSIBLE,False,0.9818,,,,,one-hop/plant-ok,False,relay_flood,0.7656,True,,IN_SPACE,C1,recorded relay_flood acc 0.766 at own prog_len,0.9800,"W2-U joint, 1024 worlds",PLANT_SOLVED_IN_SPACE,recorded relay_flood acc 0.766 at own prog_len,True,True,True,roles/Ananke/pte/c1_rows/cells.jsonl.gz(result.plant)
RELAY,7b9698f163036a83,B,smallworld,sync,3,16,0,16,0,1.0000,notRP:family_plant>=.75|V?:held_lo99>.5_but_not_SIGNAL,,,,,,,,,,1.0000,,False,1.0000,1.0000,0.6140,False,ADMISSIBLE,False,1.0000,,,,,multi-hop/plant-ok,False,relay_flood,0.9557,True,,IN_SPACE,C1,recorded relay_flood acc 0.956 at own prog_len,1.0000,"W2-T combined lc+exact-wake, held set",PLANT_SOLVED_IN_SPACE,recorded relay_flood acc 0.956 at own prog_len,True,True,True,roles/Ananke/pte/c1_rows/cells.jsonl.gz(result.plant)
RELAY,8cb1e962f96dad0d,B,smallworld,async,1,16,0,12,0,1.0000,V?:held_lo99>.5_but_not_SIGNAL,,,,,,,,,,0.9800,,False,0.9800,0.9800,0.6140,False,ADMISSIBLE,False,0.9818,,,,,one-hop/plant-ok,False,relay_flood,0.6406,True,,IN_SPACE,C1,recorded relay_flood acc 0.641 at own prog_len,0.9800,"W2-U joint, 1024 worlds",PLANT_SOLVED_IN_SPACE,recorded relay_flood acc 0.641 at own prog_len,True,True,True,roles/Ananke/pte/c1_rows/cells.jsonl.gz(result.plant)
RELAY,9a5c2c46c1f43728,B,random,sync,3,16,0,16,0,1.0000,notRP:family_plant>=.75|V?:held_lo99>.5_but_not_SIGNAL,,,,,,,,,,1.0000,,False,1.0000,1.0000,0.6140,False,ADMISSIBLE,False,1.0000,,,,,multi-hop/plant-ok,False,relay_flood,0.9948,True,,IN_SPACE,C1,recorded relay_flood acc 0.995 at own prog_len,1.0000,"W2-T combined lc+exact-wake, held set",PLANT_SOLVED_IN_SPACE,recorded relay_flood acc 0.995 at own prog_len,True,True,True,roles/Ananke/pte/c1_rows/cells.jsonl.gz(result.plant)
RELAY,9b34c3c5bde89002,C,torus,sync,3,16,1,16,0,1.0000,V?:held_lo99>.5_but_not_SIGNAL,,,,,,,,,,1.0000,,False,1.0000,1.0000,0.6140,False,ADMISSIBLE,False,1.0000,,,,,multi-hop/plant-fail,True,relay_flood,0.5508,True,0.745[lo0.625]/flood_d0 0.745,IN_SPACE,W2-W,relay_refresh (15 lines) 0.745 [lo99 0.625]; decay-0 relay_flood 0.745,1.0000,"W2-T combined lc+exact-wake, held set",PLANT_SOLVED_IN_SPACE,relay_refresh (15 lines) 0.745 [lo99 0.625]; decay-0 relay_flood 0.745,True,True,True,wave2/W2-W/out/refresh_check.json
RELAY,b52c4c30e2427ecf,B,ring,sync,3,16,0,16,0,1.0000,notRP:family_plant>=.75|V?:held_lo99>.5_but_not_SIGNAL,,,,,,,,,,1.0000,,False,1.0000,1.0000,0.6140,False,ADMISSIBLE,False,1.0000,,,,,one-hop/plant-ok,False,relay_flood,0.9635,True,,IN_SPACE,C1,recorded relay_flood acc 0.964 at own prog_len,1.0000,"W2-T combined lc+exact-wake, held set",PLANT_SOLVED_IN_SPACE,recorded relay_flood acc 0.964 at own prog_len,True,True,True,roles/Ananke/pte/c1_rows/cells.jsonl.gz(result.plant)
RELAY,b6a1e13a5f39d087,B,ring,async,1,16,0,12,0,1.0000,notRP:family_plant>=.75|V?:held_lo99>.5_but_not_SIGNAL,,,,,,,,,,0.9800,,False,0.9800,0.9800,0.6140,False,ADMISSIBLE,False,0.9857,,,,,one-hop/plant-ok,False,relay_flood,0.7578,True,,IN_SPACE,C1,recorded relay_flood acc 0.758 at own prog_len,0.9800,"W2-U joint, 1024 worlds",PLANT_SOLVED_IN_SPACE,recorded relay_flood acc 0.758 at own prog_len,True,True,True,roles/Ananke/pte/c1_rows/cells.jsonl.gz(result.plant)
RELAY,b79587f9b01d909e,B,ring,sync,3,16,0,16,0,1.0000,V?:held_lo99>.5_but_not_SIGNAL,,,,,,,,,,1.0000,,False,1.0000,1.0000,0.6140,False,ADMISSIBLE,False,1.0000,,,,,one-hop/plant-ok,False,relay_flood,0.6901,True,,IN_SPACE,C1,recorded relay_flood acc 0.690 at own prog_len,1.0000,"W2-T combined lc+exact-wake, held set",PLANT_SOLVED_IN_SPACE,recorded relay_flood acc 0.690 at own prog_len,True,True,True,roles/Ananke/pte/c1_rows/cells.jsonl.gz(result.plant)
RELAY,b8f9309a74dc117a,B2,random,async,1,16,0,12,0,1.0000,V?:held_lo99>.5_but_not_SIGNAL,,,,,,,,,,0.9800,,False,0.9800,0.9800,0.6140,False,ADMISSIBLE,False,0.9870,,,,,one-hop/plant-ok,False,relay_flood,0.6094,True,,IN_SPACE,C1,recorded relay_flood acc 0.609 at own prog_len,0.9800,"W2-U joint, 1024 worlds",PLANT_SOLVED_IN_SPACE,recorded relay_flood acc 0.609 at own prog_len,True,True,True,roles/Ananke/pte/c1_rows/cells.jsonl.gz(result.plant)
RELAY,bbf2ebab0e14411a,A,smallworld,async,3,16,0,12,0,1.0000,notRP:family_plant>=.75,,,,,,,,,,0.8748,,False,0.8748,0.8748,0.6140,False,ADMISSIBLE,False,0.8633,,,,,multi-hop/plant-ok,False,relay_flood,0.8281,True,,IN_SPACE,C1,recorded relay_flood acc 0.828 at own prog_len,0.8633,"W2-T combined lc+exact-wake, held set",PLANT_SOLVED_IN_SPACE,recorded relay_flood acc 0.828 at own prog_len,True,True,True,roles/Ananke/pte/c1_rows/cells.jsonl.gz(result.plant)
RELAY,bf10f055f0127d21,B2,smallworld,async,1,16,0,12,0,1.0000,unplaced,,,,,,,,,,0.9800,,False,0.9800,0.9800,0.6140,False,ADMISSIBLE,False,0.9831,,,,,one-hop/plant-ok,False,relay_flood,0.6484,True,,IN_SPACE,C1,recorded relay_flood acc 0.648 at own prog_len,0.9800,"W2-U joint, 1024 worlds",PLANT_SOLVED_IN_SPACE,recorded relay_flood acc 0.648 at own prog_len,True,True,True,roles/Ananke/pte/c1_rows/cells.jsonl.gz(result.plant)
RELAY,bf34b65cb6954227,B,ring,sync,3,16,0,16,0,1.0000,notRP:family_plant>=.75|V?:held_lo99>.5_but_not_SIGNAL,,,,,,,,,,1.0000,,False,1.0000,1.0000,0.6140,False,ADMISSIBLE,False,1.0000,,,,,one-hop/plant-ok,False,relay_flood,0.9479,True,,IN_SPACE,C1,recorded relay_flood acc 0.948 at own prog_len,1.0000,"W2-T combined lc+exact-wake, held set",PLANT_SOLVED_IN_SPACE,recorded relay_flood acc 0.948 at own prog_len,True,True,True,roles/Ananke/pte/c1_rows/cells.jsonl.gz(result.plant)
RELAY,c3d2d69751b1d41c,D,ring,sync,3,16,0,16,0,1.0000,notRP:family_plant>=.75|V?:held_lo99>.5_but_not_SIGNAL,,,,,,,,,,1.0000,,False,1.0000,1.0000,0.6140,False,ADMISSIBLE,False,1.0000,,,INDETERMINATE (no native signal),,one-hop/plant-ok,False,relay_flood,0.9479,True,,IN_SPACE,C1,recorded relay_flood acc 0.948 at own prog_len,1.0000,"W2-T combined lc+exact-wake, held set",PLANT_SOLVED_IN_SPACE,recorded relay_flood acc 0.948 at own prog_len,True,True,True,roles/Ananke/pte/c1_rows/cells.jsonl.gz(result.plant)
RELAY,c570eb98ddb3af05,B,global,sync,3,16,0,16,0,1.0000,notRP:family_plant>=.75|winners_curse:train_final>>held,,,,,,,,,,1.0000,,False,1.0000,1.0000,0.6140,False,ADMISSIBLE,False,1.0000,,,,,one-hop/plant-ok,False,relay_flood,1.0000,True,,IN_SPACE,C1,recorded relay_flood acc 1.000 at own prog_len,1.0000,"W2-T combined lc+exact-wake, held set",PLANT_SOLVED_IN_SPACE,recorded relay_flood acc 1.000 at own prog_len,True,True,True,roles/Ananke/pte/c1_rows/cells.jsonl.gz(result.plant)
RELAY,c65e4c9ccdb5a26b,B,smallworld,async,1,16,0,12,0,1.0000,unplaced,,,,,,,,,,0.9800,,False,0.9800,0.9800,0.6140,False,ADMISSIBLE,False,0.9779,,,,,one-hop/plant-ok,False,relay_flood,0.6042,True,,IN_SPACE,C1,recorded relay_flood acc 0.604 at own prog_len,0.9779,"W2-T combined lc+exact-wake, held set",PLANT_SOLVED_IN_SPACE,recorded relay_flood acc 0.604 at own prog_len,True,True,True,roles/Ananke/pte/c1_rows/cells.jsonl.gz(result.plant)
RELAY,cb70c3968e965926,B,ring,sync,3,16,0,16,0,1.0000,V?:held_lo99>.5_but_not_SIGNAL,,,,,,,,,,1.0000,,False,1.0000,1.0000,0.6140,False,ADMISSIBLE,False,1.0000,,,,,one-hop/plant-ok,False,relay_flood,0.6094,True,,IN_SPACE,C1,recorded relay_flood acc 0.609 at own prog_len,1.0000,"W2-T combined lc+exact-wake, held set",PLANT_SOLVED_IN_SPACE,recorded relay_flood acc 0.609 at own prog_len,True,True,True,roles/Ananke/pte/c1_rows/cells.jsonl.gz(result.plant)
RELAY,d4bd91153a91c768,B,smallworld,async,1,16,0,12,0,1.0000,V?:held_lo99>.5_but_not_SIGNAL,,,,,,,,,,0.9800,,False,0.9800,0.9800,0.6140,False,ADMISSIBLE,False,0.9831,,,,,one-hop/plant-ok,False,relay_flood,0.6901,True,,IN_SPACE,C1,recorded relay_flood acc 0.690 at own prog_len,0.9800,"W2-U joint, 1024 worlds",PLANT_SOLVED_IN_SPACE,recorded relay_flood acc 0.690 at own prog_len,True,True,True,roles/Ananke/pte/c1_rows/cells.jsonl.gz(result.plant)
RELAY,d660b97aa8847497,B,smallworld,async,1,8,0,12,0,1.0000,unplaced,,,,,,,,,,0.9799,,False,0.9799,0.9799,0.6140,False,ADMISSIBLE,False,0.9844,,,,,one-hop/plant-ok,False,relay_flood,0.6667,True,,IN_SPACE,C1,recorded relay_flood acc 0.667 at own prog_len,0.9799,"W2-U joint, 1024 worlds",PLANT_SOLVED_IN_SPACE,recorded relay_flood acc 0.667 at own prog_len,True,True,True,roles/Ananke/pte/c1_rows/cells.jsonl.gz(result.plant)
RELAY,d90dc92f9d98c133,B2,ring,sync,3,16,0,16,0,1.0000,notRP:family_plant>=.75|V?:held_lo99>.5_but_not_SIGNAL,,,,,,,,,,1.0000,,False,1.0000,1.0000,0.6140,False,ADMISSIBLE,False,1.0000,,,,,one-hop/plant-ok,False,relay_flood,0.9844,True,,IN_SPACE,C1,recorded relay_flood acc 0.984 at own prog_len,1.0000,"W2-T combined lc+exact-wake, held set",PLANT_SOLVED_IN_SPACE,recorded relay_flood acc 0.984 at own prog_len,True,True,True,roles/Ananke/pte/c1_rows/cells.jsonl.gz(result.plant)
RELAY,dee9d363bf739ff5,B,smallworld,async,1,16,0,12,0,1.0000,unplaced,,,,,,,,,,0.9800,,False,0.9800,0.9800,0.6140,False,ADMISSIBLE,False,0.9766,,,,,one-hop/plant-ok,False,relay_flood,0.6667,True,,IN_SPACE,C1,recorded relay_flood acc 0.667 at own prog_len,0.9766,"W2-T combined lc+exact-wake, held set",PLANT_SOLVED_IN_SPACE,recorded relay_flood acc 0.667 at own prog_len,True,True,True,roles/Ananke/pte/c1_rows/cells.jsonl.gz(result.plant)
RELAY,e63b968f414fbf01,B,ring,sync,3,16,0,16,0,1.0000,notRP:family_plant>=.75|winners_curse:train_final>>held,,,,,,,,,,1.0000,,False,1.0000,1.0000,0.6140,False,ADMISSIBLE,False,1.0000,,,,,one-hop/plant-ok,False,relay_flood,0.8594,True,,IN_SPACE,C1,recorded relay_flood acc 0.859 at own prog_len,1.0000,"W2-T combined lc+exact-wake, held set",PLANT_SOLVED_IN_SPACE,recorded relay_flood acc 0.859 at own prog_len,True,True,True,roles/Ananke/pte/c1_rows/cells.jsonl.gz(result.plant)
RELAY,ee4a2674f0f89106,B,random,async,1,16,0,12,0,1.0000,unplaced,,,,,,,,,,0.9800,,False,0.9800,0.9800,0.6140,False,ADMISSIBLE,False,0.9805,,,,,one-hop/plant-ok,False,relay_flood,0.6693,True,,IN_SPACE,C1,recorded relay_flood acc 0.669 at own prog_len,0.9800,"W2-U joint, 1024 worlds",PLANT_SOLVED_IN_SPACE,recorded relay_flood acc 0.669 at own prog_len,True,True,True,roles/Ananke/pte/c1_rows/cells.jsonl.gz(result.plant)
RELAY,f81c6edd846850d4,A,random,async,1,16,0,16,0,1.0000,notRP:family_plant>=.75,,,,,,,,,,0.8750,,False,0.8750,0.8750,0.6140,False,ADMISSIBLE,False,0.8724,,,,,one-hop/plant-ok,False,relay_flood,0.8698,True,,IN_SPACE,C1,recorded relay_flood acc 0.870 at own prog_len,0.8724,"W2-T combined lc+exact-wake, held set",PLANT_SOLVED_IN_SPACE,recorded relay_flood acc 0.870 at own prog_len,True,True,True,roles/Ananke/pte/c1_rows/cells.jsonl.gz(result.plant)
RELAY,f822f93985e2b5d6,B,smallworld,async,1,16,0,12,0,1.0000,V?:held_lo99>.5_but_not_SIGNAL,,,,,,,,,,0.9800,,False,0.9800,0.9800,0.6140,False,ADMISSIBLE,False,0.9766,,,,,one-hop/plant-ok,False,relay_flood,0.6458,True,,IN_SPACE,C1,recorded relay_flood acc 0.646 at own prog_len,0.9766,"W2-T combined lc+exact-wake, held set",PLANT_SOLVED_IN_SPACE,recorded relay_flood acc 0.646 at own prog_len,True,True,True,roles/Ananke/pte/c1_rows/cells.jsonl.gz(result.plant)
RELAY,fa692af8df509228,B2,smallworld,async,1,8,0,12,0,1.0000,unplaced,,,,,,,,,,0.9799,,False,0.9799,0.9799,0.6140,False,ADMISSIBLE,False,0.9831,,,,,one-hop/plant-ok,False,relay_flood,0.6719,True,,IN_SPACE,C1,recorded relay_flood acc 0.672 at own prog_len,0.9799,"W2-U joint, 1024 worlds",PLANT_SOLVED_IN_SPACE,recorded relay_flood acc 0.672 at own prog_len,True,True,True,roles/Ananke/pte/c1_rows/cells.jsonl.gz(result.plant)
RELAY,fc08ea851044d202,B,ring,sync,3,16,0,16,0,1.0000,notRP:family_plant>=.75|V?:held_lo99>.5_but_not_SIGNAL|flat:no_selectable_gradient,,,,,,,,,,1.0000,,False,1.0000,1.0000,0.6140,False,ADMISSIBLE,False,1.0000,,,,,one-hop/plant-ok,False,relay_flood,0.8281,True,,IN_SPACE,C1,recorded relay_flood acc 0.828 at own prog_len,1.0000,"W2-T combined lc+exact-wake, held set",PLANT_SOLVED_IN_SPACE,recorded relay_flood acc 0.828 at own prog_len,True,True,True,roles/Ananke/pte/c1_rows/cells.jsonl.gz(result.plant)
RELAY,14f5aac891963eba,A,torus,sync,2,16,0,8,0,1.0000,notRP:family_plant>=.75|V?:held_lo99>.5_but_not_SIGNAL,,,,,,,,,,1.0000,,False,1.0000,1.0000,0.6140,False,ADMISSIBLE,False,1.0000,,,,,one-hop/plant-ok,False,relay_flood,0.7552,False,,OVERRIDE,C1,recorded relay_flood acc 0.755 only at prog_len 12 > own 8,1.0000,"W2-T combined lc+exact-wake, held set",PLANT_SOLVED_OVERRIDE,recorded relay_flood acc 0.755 only at prog_len 12 > own 8,True,False,False,roles/Ananke/pte/c1_rows/cells.jsonl.gz(result.plant)
RELAY,217fc391f1da683e,C,global,async,5,16,3,8,0,1.0000,V?:held_lo99>.5_but_not_SIGNAL,,,,,,,,,,0.9800,,False,0.9800,0.9800,0.6140,False,ADMISSIBLE,False,0.9818,,,,,one-hop/plant-fail,True,relay_flood,0.4870,False,0.971[lo0.945]/flood_d0 0.971,OVERRIDE,W2-W,relay_refresh (15 lines) 0.971 [lo99 0.945]; decay-0 relay_flood 0.971,0.9800,"W2-U joint, 1024 worlds",PLANT_SOLVED_OVERRIDE,relay_refresh (15 lines) 0.971 [lo99 0.945]; decay-0 relay_flood 0.971,True,False,False,wave2/W2-W/out/refresh_check.json
RELAY,b8bc699c94d5ead7,A,ring,sync,1,16,3,8,0,1.0000,V?:held_lo99>.5_but_not_SIGNAL,,,,,,,,,,1.0000,,False,1.0000,1.0000,0.6140,False,ADMISSIBLE,False,1.0000,,,,,one-hop/plant-ok,False,relay_flood,0.7435,False,,OVERRIDE,C1,recorded relay_flood acc 0.743 only at prog_len 12 > own 8,1.0000,"W2-T combined lc+exact-wake, held set",PLANT_SOLVED_OVERRIDE,recorded relay_flood acc 0.743 only at prog_len 12 > own 8,True,False,False,roles/Ananke/pte/c1_rows/cells.jsonl.gz(result.plant)
RELAY,055286f81c853697,A,random,sync,1,4,3,16,0,0.5000,P:lightcone<.60,,,,,,,,,,0.5000,,True,0.5000,0.5000,0.6140,True,CAPPED,False,0.5000,capped,,,,one-hop/plant-fail/lc<.95,True,relay_flood,0.4974,True,,NONE,,,0.5000,"W2-T combined lc+exact-wake, held set",P_PROVEN,"W2-T combined lc+exact-wake, held set=0.500; W2-U joint, 1024 worlds=0.500; W2-U joint, held set=0.500",False,False,False,wave2/W2-T/out/table_t.json;wave2/W2-U/out/task1b_big.json
RELAY,3c372b39accaa31a,A,smallworld,sync,3,4,6,12,0,0.5000,P:lightcone<.60,,,,,,,,,,0.5000,,True,0.5000,0.5000,0.6140,True,CAPPED,False,0.5000,inert|capped,,,,multi-hop/plant-fail/lc<.95,True,relay_flood,0.5026,True,,NONE,,,0.5000,"W2-T combined lc+exact-wake, held set",P_PROVEN,"W2-T combined lc+exact-wake, held set=0.500; W2-U joint, 1024 worlds=0.500; W2-U joint, held set=0.500",False,False,False,wave2/W2-T/out/table_t.json;wave2/W2-U/out/task1b_big.json
RELAY,3ee1df85307ea3b2,A,smallworld,sync,3,8,1,16,0,0.5000,P:lightcone<.60,,,,,,,,,,0.5000,,True,0.5000,0.5000,0.6140,True,CAPPED,False,0.5000,capped,,,,multi-hop/plant-fail/lc<.95,True,relay_flood,0.4818,True,,NONE,,,0.5000,"W2-T combined lc+exact-wake, held set",P_PROVEN,"W2-T combined lc+exact-wake, held set=0.500; W2-U joint, 1024 worlds=0.500; W2-U joint, held set=0.500",False,False,False,wave2/W2-T/out/table_t.json;wave2/W2-U/out/task1b_big.json
RELAY,526da0c0bb81de42,A,random,async,5,8,0,8,0,0.5000,P:lightcone<.60|flat:no_selectable_gradient,,,,,,,,,,0.5000,,True,0.5000,0.5000,0.6140,True,CAPPED,False,0.5000,inert|flat|capped,,,,multi-hop/plant-fail/lc<.95,False,relay_flood,0.4740,False,,NONE,,,0.5000,"W2-T combined lc+exact-wake, held set",P_PROVEN,"W2-T combined lc+exact-wake, held set=0.500; W2-U joint, 1024 worlds=0.500; W2-U joint, held set=0.500",False,False,False,wave2/W2-T/out/table_t.json;wave2/W2-U/out/task1b_big.json
RELAY,58f97ecf265a2c64,A,random,sync,5,4,0,8,0,0.5000,P:lightcone<.60|flat:no_selectable_gradient,,,,,,,,,,0.5000,,True,0.5000,0.5000,0.6140,True,CAPPED,False,0.5000,inert|capped,,,,multi-hop/plant-fail/lc<.95,False,relay_flood,0.4688,False,,NONE,,,0.5000,"W2-T combined lc+exact-wake, held set",P_PROVEN,"W2-T combined lc+exact-wake, held set=0.500; W2-U joint, 1024 worlds=0.500; W2-U joint, held set=0.500",False,False,False,wave2/W2-T/out/table_t.json;wave2/W2-U/out/task1b_big.json
RELAY,6d0eab4b121fee71,A,smallworld,sync,3,4,6,16,0,0.5000,P:lightcone<.60,,,,,,,,,,0.5000,,True,0.5000,0.5000,0.6140,True,CAPPED,False,0.5000,capped,,,,multi-hop/plant-fail/lc<.95,True,relay_flood,0.4896,True,,NONE,,,0.5000,"W2-T combined lc+exact-wake, held set",P_PROVEN,"W2-T combined lc+exact-wake, held set=0.500; W2-U joint, 1024 worlds=0.500; W2-U joint, held set=0.500",False,False,False,wave2/W2-T/out/table_t.json;wave2/W2-U/out/task1b_big.json
RELAY,8a47a64b229e3f61,A,torus,sync,3,16,1,12,0,0.5000,P:lightcone<.60,,,,,,,,,,0.5000,,True,0.5000,0.5000,0.6140,True,CAPPED,False,0.5000,capped,,,,multi-hop/plant-fail/lc<.95,True,relay_flood,0.4987,True,,NONE,,,0.5000,"W2-T combined lc+exact-wake, held set",P_PROVEN,"W2-T combined lc+exact-wake, held set=0.500; W2-U joint, 1024 worlds=0.500; W2-U joint, held set=0.500",False,False,False,wave2/W2-T/out/table_t.json;wave2/W2-U/out/task1b_big.json
RELAY,900ec359d68a6c27,A,ring,sync,1,4,3,12,1,0.5000,P:lightcone<.60|flat:no_selectable_gradient,,,,,,,,,,0.5000,,True,0.5000,0.5000,0.6140,True,CAPPED,False,0.5000,inert|capped,,,,one-hop/plant-fail/lc<.95,True,relay_flood,0.4766,True,,NONE,,,0.5000,"W2-T combined lc+exact-wake, held set",P_PROVEN,"W2-T combined lc+exact-wake, held set=0.500; W2-U joint, 1024 worlds=0.500; W2-U joint, held set=0.500",False,False,False,wave2/W2-T/out/table_t.json;wave2/W2-U/out/task1b_big.json
RELAY,9d374e18205e1393,A,torus,async,2,4,1,12,0,0.5000,P:lightcone<.60,,,,,,,,,,0.5000,,True,0.5000,0.5000,0.6140,True,CAPPED,False,0.5000,capped,,,,one-hop/plant-fail/lc<.95,True,relay_flood,0.4870,True,,NONE,,,0.5000,"W2-T combined lc+exact-wake, held set",P_PROVEN,"W2-T combined lc+exact-wake, held set=0.500; W2-U joint, 1024 worlds=0.500; W2-U joint, held set=0.500",False,False,False,wave2/W2-T/out/table_t.json;wave2/W2-U/out/task1b_big.json
RELAY,9e5842f95e60cc52,A,ring,sync,5,8,0,8,1,0.5000,P:lightcone<.60|flat:no_selectable_gradient,,,,,,,,,,0.5000,,True,0.5000,0.5000,0.6140,True,CAPPED,False,0.5000,inert|flat|capped,,,,multi-hop/plant-fail/lc<.95,False,relay_flood,0.5729,False,,NONE,,,0.5000,"W2-T combined lc+exact-wake, held set",P_PROVEN,"W2-T combined lc+exact-wake, held set=0.500; W2-U joint, 1024 worlds=0.500; W2-U joint, held set=0.500",False,False,False,wave2/W2-T/out/table_t.json;wave2/W2-U/out/task1b_big.json
RELAY,c90a8d57af552d34,A,random,sync,5,4,1,16,0,0.5000,P:lightcone<.60|V?:held_lo99>.5_but_not_SIGNAL,,,,,,,,,,0.5000,,True,0.5000,0.5000,0.6140,True,CAPPED,False,0.5000,capped,,,,multi-hop/plant-fail/lc<.95,True,relay_flood,0.5026,True,,NONE,,,0.5000,"W2-T combined lc+exact-wake, held set",P_PROVEN,"W2-T combined lc+exact-wake, held set=0.500; W2-U joint, 1024 worlds=0.500; W2-U joint, held set=0.500",False,False,False,wave2/W2-T/out/table_t.json;wave2/W2-U/out/task1b_big.json
RELAY,db8782d52b306807,A,smallworld,async,3,4,1,16,1,0.5000,P:lightcone<.60,,,,,,,,,,0.5000,,True,0.5000,0.5000,0.6140,True,CAPPED,False,0.5000,inert|capped,,,,multi-hop/plant-fail/lc<.95,True,relay_flood,0.5156,True,,NONE,,,0.5000,"W2-T combined lc+exact-wake, held set",P_PROVEN,"W2-T combined lc+exact-wake, held set=0.500; W2-U joint, 1024 worlds=0.500; W2-U joint, held set=0.500",False,False,False,wave2/W2-T/out/table_t.json;wave2/W2-U/out/task1b_big.json
RELAY,de5ad87be5dfb207,A,random,sync,5,16,0,16,1,0.6094,flat:no_selectable_gradient,,,,,,,,,,0.6055,,True,0.5938,0.5625,0.6140,True,CAPPED,False,0.5625,flat|capped,,,,multi-hop/plant-fail/lc<.95,False,relay_flood,0.5260,True,,NONE,,,0.5625,"W2-T combined lc+exact-wake, held set",P_PROVEN,"W2-T combined lc+exact-wake, held set=0.562; W2-U joint, 1024 worlds=0.594; W2-U joint, held set=0.562",False,False,False,wave2/W2-T/out/table_t.json;wave2/W2-U/out/task1b_big.json
RELAY,e23633ea71f2fc77,A,torus,async,2,8,3,12,1,0.5000,P:lightcone<.60,,,,,,,,,,0.5000,,True,0.5000,0.5000,0.6140,True,CAPPED,False,0.5000,capped,,,,multi-hop/plant-fail/lc<.95,True,relay_flood,0.4961,True,,NONE,,,0.5000,"W2-T combined lc+exact-wake, held set",P_PROVEN,"W2-T combined lc+exact-wake, held set=0.500; W2-U joint, 1024 worlds=0.500; W2-U joint, held set=0.500",False,False,False,wave2/W2-T/out/table_t.json;wave2/W2-U/out/task1b_big.json
RELAY,ea5fca037b05d22b,A,smallworld,sync,2,4,1,8,0,0.5000,P:lightcone<.60,,,,,,,,,,0.5000,,True,0.5000,0.5000,0.6140,True,CAPPED,False,0.5000,capped,,,,multi-hop/plant-fail/lc<.95,True,relay_flood,0.5456,False,,NONE,,,0.5000,"W2-T combined lc+exact-wake, held set",P_PROVEN,"W2-T combined lc+exact-wake, held set=0.500; W2-U joint, 1024 worlds=0.500; W2-U joint, held set=0.500",False,False,False,wave2/W2-T/out/table_t.json;wave2/W2-U/out/task1b_big.json
RELAY,eb081d9bd034fb32,A,smallworld,async,5,16,0,16,1,0.5000,P:lightcone<.60|flat:no_selectable_gradient,,,,,,,,,,0.5000,,True,0.5000,0.5000,0.6140,True,CAPPED,False,0.5000,inert|flat|capped,,,,multi-hop/plant-fail/lc<.95,False,relay_flood,0.5000,True,,NONE,,,0.5000,"W2-T combined lc+exact-wake, held set",P_PROVEN,"W2-T combined lc+exact-wake, held set=0.500; W2-U joint, 1024 worlds=0.500; W2-U joint, held set=0.500",False,False,False,wave2/W2-T/out/table_t.json;wave2/W2-U/out/task1b_big.json
RELAY,ffbd28b0c1e69ab7,A,smallworld,sync,5,8,1,12,0,0.5312,P:lightcone<.60,,,,,,,,,,0.5078,,True,0.5146,0.5156,0.6140,True,CAPPED,False,0.5156,capped,,,,multi-hop/plant-fail/lc<.95,True,relay_flood,0.5260,True,,NONE,,,0.5146,"W2-U joint, 1024 worlds",P_PROVEN,"W2-T combined lc+exact-wake, held set=0.516; W2-U joint, 1024 worlds=0.515; W2-U joint, held set=0.516",False,False,False,wave2/W2-T/out/table_t.json;wave2/W2-U/out/task1b_big.json
RELAY,004b051f615478a4,B,ring,sync,3,16,0,16,0,1.0000,unplaced,,,,,,,,,,1.0000,,False,1.0000,1.0000,0.6140,False,ADMISSIBLE,False,1.0000,,,,,one-hop/plant-fail,False,relay_flood,0.5729,True,,NONE,,,1.0000,"W2-T combined lc+exact-wake, held set",UNDECIDED,"no plant, no cap",True,False,False,wave2/W2-T/out/table_t.json
RELAY,0e7bb02afcc58bff,A,global,async,3,8,6,16,0,1.0000,unplaced,,,,,,,,,,0.8711,,False,0.8711,0.8711,0.6140,False,ADMISSIBLE,False,0.8659,,,,,one-hop/plant-fail,True,relay_flood,0.5026,True,0.542[lo0.474]/flood_d0 0.542,NONE,,,0.8659,"W2-T combined lc+exact-wake, held set",UNDECIDED,"relay_flood and relay_refresh both fail (refresh 0.542, decay-0 flood 0.542): decay is not the binding dial",True,False,False,wave2/W2-W/out/refresh_check.json
RELAY,2af2583be34ae2d5,A,smallworld,sync,1,4,6,8,1,0.7500,V?:held_lo99>.5_but_not_SIGNAL,,,,,,,,,,0.7500,,False,0.7500,0.7500,0.6140,False,ADMISSIBLE,False,0.7500,,,,,one-hop/plant-fail/lc<.95,True,relay_flood,0.5273,False,0.573[lo0.492]/flood_d0 0.529,NONE,,,0.7500,"W2-T combined lc+exact-wake, held set",UNDECIDED,"relay_flood and relay_refresh both fail (refresh 0.573, decay-0 flood 0.529): decay is not the binding dial",True,False,False,wave2/W2-W/out/refresh_check.json
RELAY,2c6a95479502d69b,A,global,async,3,8,6,12,1,1.0000,unplaced,,,,,,,,,,0.9800,,False,0.9800,0.9800,0.6140,False,ADMISSIBLE,False,0.9857,,,,,one-hop/plant-fail,True,relay_flood,0.5065,True,0.508[lo0.500]/flood_d0 0.508,NONE,,,0.9800,"W2-U joint, 1024 worlds",UNDECIDED,"relay_flood and relay_refresh both fail (refresh 0.508, decay-0 flood 0.508): decay is not the binding dial",True,False,False,wave2/W2-W/out/refresh_check.json
RELAY,3222a6ff42287488,A,ring,async,3,16,0,12,1,1.0000,V?:held_lo99>.5_but_not_SIGNAL,,,,,,,,,,0.8749,,False,0.8749,0.8749,0.6140,False,ADMISSIBLE,False,0.8737,,ADMISSIBLE,,,multi-hop/plant-fail,False,relay_flood,0.5521,True,,NONE,,,0.8737,"W2-T combined lc+exact-wake, held set",UNDECIDED,"no plant, no cap",True,False,False,wave2/W2-T/out/table_t.json
RELAY,415b054a7a93f157,A,smallworld,sync,3,16,6,12,1,1.0000,unplaced,,,,,,,,,,1.0000,,False,1.0000,1.0000,0.6140,False,ADMISSIBLE,False,1.0000,,,,,multi-hop/plant-fail,True,relay_flood,0.4870,True,0.469[lo0.391]/flood_d0 0.469,NONE,,,1.0000,"W2-T combined lc+exact-wake, held set",UNDECIDED,"relay_flood and relay_refresh both fail (refresh 0.469, decay-0 flood 0.469): decay is not the binding dial",True,False,False,wave2/W2-W/out/refresh_check.json
RELAY,446db43c86b70408,A,global,async,1,4,6,16,0,1.0000,unplaced,,,,,,,,,,0.6250,,False,0.6250,0.6250,0.6140,False,ADMISSIBLE,True,0.6276,,,,,one-hop/plant-fail,True,relay_flood,0.5326,True,0.542[lo0.461]/flood_d0 0.542,NONE,,,0.6250,"W2-U joint, 1024 worlds",UNDECIDED,"relay_flood and relay_refresh both fail (refresh 0.542, decay-0 flood 0.542): decay is not the binding dial",True,False,False,wave2/W2-W/out/refresh_check.json
RELAY,46da8a020f53ffb4,A,smallworld,sync,2,4,1,16,1,0.7500,unplaced,,,,,,,,,,0.7500,,False,0.7500,0.7500,0.6140,False,ADMISSIBLE,False,0.7500,,,,,multi-hop/plant-fail/lc<.95,True,relay_flood,0.5091,True,0.508[lo0.453]/flood_d0 0.503,NONE,,,0.7500,"W2-T combined lc+exact-wake, held set",UNDECIDED,"relay_flood and relay_refresh both fail (refresh 0.508, decay-0 flood 0.503): decay is not the binding dial",True,False,False,wave2/W2-W/out/refresh_check.json
RELAY,4c367b91d6ffd74a,C,global,sync,2,8,3,16,0,1.0000,unplaced,,,,,,,,,,1.0000,,False,1.0000,1.0000,0.6140,False,ADMISSIBLE,False,1.0000,,,,,one-hop/plant-fail,True,relay_flood,0.5104,True,0.500[lo0.477]/flood_d0 0.500,NONE,,,1.0000,"W2-T combined lc+exact-wake, held set",UNDECIDED,"relay_flood and relay_refresh both fail (refresh 0.500, decay-0 flood 0.500): decay is not the binding dial",True,False,False,wave2/W2-W/out/refresh_check.json
RELAY,51942344d4e423f3,A,global,async,2,4,6,16,0,1.0000,unplaced,,,,,,,,,,0.8125,,False,0.8125,0.8125,0.6140,False,ADMISSIBLE,False,0.8138,,,,,one-hop/plant-fail,True,relay_flood,0.5156,True,0.490[lo0.432]/flood_d0 0.490,NONE,,,0.8125,"W2-U joint, 1024 worlds",UNDECIDED,"relay_flood and relay_refresh both fail (refresh 0.490, decay-0 flood 0.490): decay is not the binding dial",True,False,False,wave2/W2-W/out/refresh_check.json
RELAY,5b394e515e7af9dc,B2,global,async,1,16,0,12,0,1.0000,unplaced,,,,,,,,,,0.9800,,False,0.9800,0.9800,0.6140,False,ADMISSIBLE,False,0.9792,,,,,one-hop/plant-fail,False,relay_flood,0.4870,True,,NONE,,,0.9792,"W2-T combined lc+exact-wake, held set",UNDECIDED,"no plant, no cap",True,False,False,wave2/W2-T/out/table_t.json
RELAY,5ccd25c1161b581d,A,global,sync,3,8,3,8,0,1.0000,flat:no_selectable_gradient,,,,,,,,,,1.0000,,False,1.0000,1.0000,0.6140,False,ADMISSIBLE,False,1.0000,,,,,one-hop/plant-fail,True,relay_flood,0.4987,False,0.510[lo0.500]/flood_d0 0.510,NONE,,,1.0000,"W2-T combined lc+exact-wake, held set",UNDECIDED,"relay_flood and relay_refresh both fail (refresh 0.510, decay-0 flood 0.510): decay is not the binding dial",True,False,False,wave2/W2-W/out/refresh_check.json
RELAY,5de88012804af551,B,smallworld,async,1,8,0,12,0,1.0000,unplaced,,,,,,,,,,0.9799,,False,0.9799,0.9799,0.6140,False,ADMISSIBLE,False,0.9740,,,,,one-hop/plant-fail,False,relay_flood,0.5651,True,,NONE,,,0.9740,"W2-T combined lc+exact-wake, held set",UNDECIDED,"no plant, no cap",True,False,False,wave2/W2-T/out/table_t.json
RELAY,66b7727e3f8d732f,B2,global,async,1,16,0,12,0,1.0000,unplaced,,,,,,,,,,0.9800,,False,0.9800,0.9800,0.6140,False,ADMISSIBLE,False,0.9831,,,,,one-hop/plant-fail,False,relay_flood,0.5026,True,,NONE,,,0.9800,"W2-U joint, 1024 worlds",UNDECIDED,"no plant, no cap",True,False,False,wave2/W2-T/out/table_t.json
RELAY,6ecee4860f230043,A,torus,async,1,16,0,8,0,1.0000,flat:no_selectable_gradient,,,,,,,,,,0.8750,,False,0.8750,0.8750,0.6140,False,ADMISSIBLE,False,0.8724,,,,,one-hop/plant-fail,False,relay_flood,0.5234,False,,NONE,,,0.8724,"W2-T combined lc+exact-wake, held set",UNDECIDED,"no plant, no cap",True,False,False,wave2/W2-T/out/table_t.json
RELAY,7b6c7047d8b8d252,A,ring,sync,2,4,6,12,0,0.7500,V?:held_lo99>.5_but_not_SIGNAL,,,,,,,,,,0.7500,,False,0.7500,0.7500,0.6140,False,ADMISSIBLE,False,0.7500,,,,,one-hop/plant-fail/lc<.95,True,relay_flood,0.5339,True,0.495[lo0.453]/flood_d0 0.495,NONE,,,0.7500,"W2-T combined lc+exact-wake, held set",UNDECIDED,"relay_flood and relay_refresh both fail (refresh 0.495, decay-0 flood 0.495): decay is not the binding dial",True,False,False,wave2/W2-W/out/refresh_check.json
RELAY,7bf8c5e4a3260bd2,B2,smallworld,async,1,8,0,12,0,1.0000,V?:held_lo99>.5_but_not_SIGNAL,,,,,,,,,,0.9799,,False,0.9799,0.9799,0.6140,False,ADMISSIBLE,False,0.9792,,,,,one-hop/plant-fail,False,relay_flood,0.5964,True,,NONE,,,0.9792,"W2-T combined lc+exact-wake, held set",UNDECIDED,"no plant, no cap",True,False,False,wave2/W2-T/out/table_t.json
RELAY,7e370212c4e86e07,A,random,sync,2,4,1,12,0,1.0000,unplaced,,,,,,,,,,1.0000,,False,1.0000,1.0000,0.6140,False,ADMISSIBLE,False,1.0000,,,,,multi-hop/plant-fail,True,relay_flood,0.5156,True,0.536[lo0.474]/flood_d0 0.536,NONE,,,1.0000,"W2-T combined lc+exact-wake, held set",UNDECIDED,"relay_flood and relay_refresh both fail (refresh 0.536, decay-0 flood 0.536): decay is not the binding dial",True,False,False,wave2/W2-W/out/refresh_check.json
RELAY,7f149dc0df537205,A,smallworld,async,3,16,3,16,0,1.0000,unplaced,,,,,,,,,,0.9800,,False,0.9800,0.9800,0.6140,False,ADMISSIBLE,False,0.9818,,,,,multi-hop/plant-fail,True,relay_flood,0.5573,True,0.620[lo0.503]/flood_d0 0.620,NONE,,,0.9800,"W2-U joint, 1024 worlds",UNDECIDED,"relay_flood and relay_refresh both fail (refresh 0.620, decay-0 flood 0.620): decay is not the binding dial",True,False,False,wave2/W2-W/out/refresh_check.json
RELAY,828fde314ac2bf96,A,smallworld,async,2,16,1,12,0,1.0000,V?:held_lo99>.5_but_not_SIGNAL,,,,,,,,,,0.8711,,False,0.8711,0.8711,0.6140,False,ADMISSIBLE,False,0.8464,,,,,multi-hop/plant-fail,True,relay_flood,0.5312,True,0.529[lo0.466]/flood_d0 0.503,NONE,,,0.8464,"W2-T combined lc+exact-wake, held set",UNDECIDED,"relay_flood and relay_refresh both fail (refresh 0.529, decay-0 flood 0.503): decay is not the binding dial",True,False,False,wave2/W2-W/out/refresh_check.json
RELAY,88a05b4b52f7955c,C,global,sync,2,8,3,16,0,1.0000,unplaced,,,,,,,,,,1.0000,,False,1.0000,1.0000,0.6140,False,ADMISSIBLE,False,1.0000,,,,,one-hop/plant-fail,True,relay_flood,0.4909,True,0.497[lo0.487]/flood_d0 0.497,NONE,,,1.0000,"W2-T combined lc+exact-wake, held set",UNDECIDED,"relay_flood and relay_refresh both fail (refresh 0.497, decay-0 flood 0.497): decay is not the binding dial",True,False,False,wave2/W2-W/out/refresh_check.json
RELAY,89a1f99066fa916e,B,global,async,1,16,0,12,0,1.0000,flat:no_selectable_gradient,,,,,,,,,,0.9800,,False,0.9800,0.9800,0.6140,False,ADMISSIBLE,False,0.9857,,,,,one-hop/plant-fail,False,relay_flood,0.5130,True,,NONE,,,0.9800,"W2-U joint, 1024 worlds",UNDECIDED,"no plant, no cap",True,False,False,wave2/W2-T/out/table_t.json
RELAY,89bd6fdb1b66ce96,A,torus,sync,5,8,6,16,1,1.0000,unplaced,,,,,,,,,,1.0000,,False,1.0000,1.0000,0.6140,False,ADMISSIBLE,False,1.0000,,ADMISSIBLE(energy death),,,multi-hop/plant-fail,True,relay_flood,0.4961,True,0.516[lo0.417]/flood_d0 0.497,NONE,,,1.0000,"W2-T combined lc+exact-wake, held set",UNDECIDED,"relay_flood and relay_refresh both fail (refresh 0.516, decay-0 flood 0.497): decay is not the binding dial",True,False,False,wave2/W2-W/out/refresh_check.json
RELAY,94ced72f76bb52c9,A,random,sync,2,16,0,8,1,1.0000,flat:no_selectable_gradient,,,,,,,,,,1.0000,,False,1.0000,1.0000,0.6140,False,ADMISSIBLE,False,1.0000,,ADMISSIBLE(partly inert),,,multi-hop/plant-fail,False,relay_flood,0.5026,False,,NONE,,,1.0000,"W2-T combined lc+exact-wake, held set",UNDECIDED,"no plant, no cap",True,False,False,wave2/W2-T/out/table_t.json
RELAY,9a63f82aefc971ad,A,global,async,2,8,0,16,1,1.0000,flat:no_selectable_gradient,,,,,,,,,,0.8730,,False,0.8730,0.8730,0.6140,False,ADMISSIBLE,False,0.8737,,,,,one-hop/plant-fail,False,relay_flood,0.5026,True,,NONE,,,0.8730,"W2-U joint, 1024 worlds",UNDECIDED,"no plant, no cap",True,False,False,wave2/W2-T/out/table_t.json
RELAY,9d4027897dced73b,B,ring,sync,3,16,0,16,0,1.0000,V?:held_lo99>.5_but_not_SIGNAL,,,,,,,,,,1.0000,,False,1.0000,1.0000,0.6140,False,ADMISSIBLE,False,1.0000,,,,,one-hop/plant-fail,False,relay_flood,0.5156,True,,NONE,,,1.0000,"W2-T combined lc+exact-wake, held set",UNDECIDED,"no plant, no cap",True,False,False,wave2/W2-T/out/table_t.json
RELAY,a168243cdfce54d2,A,smallworld,sync,3,16,6,12,1,1.0000,unplaced,,,,,,,,,,1.0000,,False,1.0000,1.0000,0.6140,False,ADMISSIBLE,False,1.0000,,,,,multi-hop/plant-fail,True,relay_flood,0.5208,True,0.500[lo0.500]/flood_d0 0.516,NONE,,,1.0000,"W2-T combined lc+exact-wake, held set",UNDECIDED,"relay_flood and relay_refresh both fail (refresh 0.500, decay-0 flood 0.516): decay is not the binding dial",True,False,False,wave2/W2-W/out/refresh_check.json
RELAY,b0da5696e43ed032,B,global,async,1,16,0,12,0,1.0000,unplaced,,,,,,,,,,0.9800,,False,0.9800,0.9800,0.6140,False,ADMISSIBLE,False,0.9792,,,,,one-hop/plant-fail,False,relay_flood,0.5052,True,,NONE,,,0.9792,"W2-T combined lc+exact-wake, held set",UNDECIDED,"no plant, no cap",True,False,False,wave2/W2-T/out/table_t.json
RELAY,c93d420fa50025a5,B2,global,async,1,16,0,12,0,1.0000,unplaced,,,,,,,,,,0.9800,,False,0.9800,0.9800,0.6140,False,ADMISSIBLE,False,0.9857,,,,,one-hop/plant-fail,False,relay_flood,0.5234,True,,NONE,,,0.9800,"W2-U joint, 1024 worlds",UNDECIDED,"no plant, no cap",True,False,False,wave2/W2-T/out/table_t.json
RELAY,cb4204e706f120ba,A,random,async,2,4,0,12,0,1.0000,unplaced,,,,,,,,,,0.8200,,False,0.8200,0.8200,0.6140,False,ADMISSIBLE,False,0.7695,,,,,multi-hop/plant-fail,False,relay_flood,0.4844,True,,NONE,,,0.7695,"W2-T combined lc+exact-wake, held set",UNDECIDED,"no plant, no cap",True,False,False,wave2/W2-T/out/table_t.json
RELAY,e4600b4ede467c10,A,global,async,3,8,6,12,0,1.0000,winners_curse:train_final>>held,,,,,,,,,,0.9800,,False,0.9800,0.9800,0.6140,False,ADMISSIBLE,False,0.9805,,,,,one-hop/plant-fail,True,relay_flood,0.5143,True,0.534[lo0.471]/flood_d0 0.534,NONE,,,0.9800,"W2-U joint, 1024 worlds",UNDECIDED,"relay_flood and relay_refresh both fail (refresh 0.534, decay-0 flood 0.534): decay is not the binding dial",True,False,False,wave2/W2-W/out/refresh_check.json
RELAY,e846beb493023667,A,ring,async,5,16,0,8,1,1.0000,flat:no_selectable_gradient,,,,,,,,,,0.9800,,False,0.9800,0.9800,0.6140,False,ADMISSIBLE,False,0.9818,,,,,multi-hop/plant-fail,False,relay_flood,0.5859,False,,NONE,,,0.9800,"W2-U joint, 1024 worlds",UNDECIDED,"no plant, no cap",True,False,False,wave2/W2-T/out/table_t.json
RELAY,ebb078eb3e54ba3b,A,smallworld,sync,3,4,6,16,0,1.0000,unplaced,,,,,,,,,,1.0000,,False,1.0000,1.0000,0.6140,False,ADMISSIBLE,False,1.0000,,,,,multi-hop/plant-fail,True,relay_flood,0.5286,True,0.599[lo0.523]/flood_d0 0.599,NONE,,,1.0000,"W2-T combined lc+exact-wake, held set",UNDECIDED,"relay_flood and relay_refresh both fail (refresh 0.599, decay-0 flood 0.599): decay is not the binding dial",True,False,False,wave2/W2-W/out/refresh_check.json
RELAY,f4f208bb80152eb0,C,global,sync,2,8,6,16,0,1.0000,unplaced,,,,,,,,,,1.0000,,False,1.0000,1.0000,0.6140,False,ADMISSIBLE,False,1.0000,,,,,one-hop/plant-fail,True,relay_flood,0.5026,True,0.505[lo0.484]/flood_d0 0.505,NONE,,,1.0000,"W2-T combined lc+exact-wake, held set",UNDECIDED,"relay_flood and relay_refresh both fail (refresh 0.505, decay-0 flood 0.505): decay is not the binding dial",True,False,False,wave2/W2-W/out/refresh_check.json
RELAY,fda98c54178232d5,A,smallworld,sync,1,4,1,16,1,1.0000,unplaced,,,,,,,,,,1.0000,,False,1.0000,1.0000,0.6140,False,ADMISSIBLE,False,1.0000,,,,,one-hop/plant-fail,True,relay_flood,0.5612,True,0.576[lo0.508]/flood_d0 0.562,NONE,,,1.0000,"W2-T combined lc+exact-wake, held set",UNDECIDED,"relay_flood and relay_refresh both fail (refresh 0.576, decay-0 flood 0.562): decay is not the binding dial",True,False,False,wave2/W2-W/out/refresh_check.json
RELAY,ff3cbd2c5235a058,A,torus,sync,1,8,0,16,0,1.0000,unplaced,,,,,,,,,,1.0000,,False,1.0000,1.0000,0.6140,False,ADMISSIBLE,False,1.0000,,,,,one-hop/plant-fail,False,relay_flood,0.5469,True,,NONE,,,1.0000,"W2-T combined lc+exact-wake, held set",UNDECIDED,"no plant, no cap",True,False,False,wave2/W2-T/out/table_t.json
MAJ,0327a9ab4568fd05,A,smallworld,sync,2,4,3,8,0,,flat:no_selectable_gradient,,,,,,,0.6046,multi_all,UNDECIDED[INT-UNATTAINABLE(LC)],0.6068,0.6700,True,0.6097,0.6046,0.6140,True,INERT,True,0.6046,inert|flat,INERT+flat,,,,,relay_flood,0.4922,False,,NONE,,,0.6046,"W2-M k-sensor light cone, held set",CONSTRUCTION_PLACEMENT,capped as placed (min bound 0.605); inward 0.670,False,False,False,wave2/W2-P/out/task2_timing.json;wave2/W2-P/REPORT.md(TASK1 inward)
MAJ,09c6dc85b98d84c4,B,random,sync,1,8,3,8,1,,unplaced,,,,,,,0.5875,multi_some,,0.5844,0.8140,True,0.5723,0.5875,0.6140,True,CAPPED,False,0.5875,capped,,,,,,relay_flood,0.5260,False,,NONE,,,0.5723,"W2-U joint, 1024 worlds",CONSTRUCTION_PLACEMENT,capped as placed (min bound 0.572); inward 0.814,False,False,False,wave2/W2-P/out/task2_timing.json;wave2/W2-P/REPORT.md(TASK1 inward)
MAJ,5edb4474c352b07e,B,random,sync,1,8,3,8,1,,unplaced,,,,,,,0.5688,one_hop,,0.5687,0.8190,True,0.5707,0.5688,0.6140,True,CAPPED,False,0.5688,capped,,,,,,relay_flood,0.5078,False,,NONE,,,0.5688,"W2-M k-sensor light cone, held set",CONSTRUCTION_PLACEMENT,capped as placed (min bound 0.569); inward 0.819,False,False,False,wave2/W2-P/out/task2_timing.json;wave2/W2-P/REPORT.md(TASK1 inward)
MAJ,699c8b2a187a1b9b,A,random,async,2,4,6,12,0,,unplaced,,,,,,,0.5803,multi_all,,0.5767,0.7320,True,0.5768,0.5583,0.6140,True,CAPPED,False,0.5541,capped,,,,,,relay_flood,0.5130,True,,NONE,,,0.5541,"W2-T combined lc+exact-wake, held set",CONSTRUCTION_PLACEMENT,capped as placed (min bound 0.554); inward 0.732,False,False,False,wave2/W2-P/out/task2_timing.json;wave2/W2-P/REPORT.md(TASK1 inward)
MAJ,e41b7b138e503512,B,random,sync,1,8,3,8,1,,flat:no_selectable_gradient,,,,,,,0.5625,one_hop,,0.5531,0.8110,True,0.5715,0.5625,0.6140,True,CAPPED,False,0.5625,inert|flat|capped,,,,,,relay_flood,0.4987,False,,NONE,,,0.5625,"W2-M k-sensor light cone, held set",CONSTRUCTION_PLACEMENT,capped as placed (min bound 0.562); inward 0.811,False,False,False,wave2/W2-P/out/task2_timing.json;wave2/W2-P/REPORT.md(TASK1 inward)
MAJ,fb97ede1d62862ae,B,ring,sync,1,8,3,8,1,,flat:no_selectable_gradient,,,,,,,0.8105,one_hop,,0.8105,,False,0.8105,0.8105,0.6140,False,FLAT,False,0.8105,flat,,,,,,relay_flood,0.5547,False,,NONE,,,0.8105,"W2-M k-sensor light cone, held set",FLAT,max_acc over all generations <= .5,False,False,False,wave2/W2-T/out/table_t.json
MAJ,1657efc52ae7333b,D,global,async,5,16,3,8,0,,flat:no_selectable_gradient,,,,,,,0.8369,one_hop,,0.8271,,False,0.8271,0.8271,0.6140,False,INERT,False,0.8270,inert|flat,,,,,,relay_flood,0.4844,False,,NONE,,,0.8270,"W2-T combined lc+exact-wake, held set",INERT,readout dead in >= 48/64 held worlds,False,False,False,wave2/W2-T/out/table_t.json
MAJ,1690338d4985de15,B,ring,sync,3,8,3,8,1,,flat:no_selectable_gradient,,,,,,,0.8105,one_hop,,0.8105,,False,0.8105,0.8105,0.6140,False,INERT,False,0.8105,inert|flat,,,,,,relay_flood,0.5078,False,,NONE,,,0.8105,"W2-M k-sensor light cone, held set",INERT,readout dead in >= 48/64 held worlds,False,False,False,wave2/W2-T/out/table_t.json
MAJ,23cd5528a36d8cbc,C,global,async,3,16,3,8,0,,unplaced,,,,,,,0.8369,one_hop,UNDECIDED,0.8271,,False,0.8271,0.8271,0.6140,False,INERT,False,0.8284,inert,,,,,,relay_flood,0.5820,False,,NONE,,,0.8271,"W2-U joint, 1024 worlds",INERT,readout dead in >= 48/64 held worlds,False,False,False,wave2/W2-T/out/table_t.json
MAJ,2c9c63d5a0218aaf,B,ring,sync,1,8,3,8,1,,flat:no_selectable_gradient,,,,,,,0.8105,one_hop,,0.8105,,False,0.8105,0.8105,0.6140,False,INERT,False,0.8105,inert|flat,,,,,,relay_flood,0.5391,False,,NONE,,,0.8105,"W2-M k-sensor light cone, held set",INERT,readout dead in >= 48/64 held worlds,False,False,False,wave2/W2-T/out/table_t.json
MAJ,4a06cfed8cb264fb,A,random,async,3,8,1,8,0,,flat:no_selectable_gradient,,,,,,,0.7769,multi_all,,0.6586,0.7390,False,0.6605,0.6739,0.6140,False,INERT,True,0.6219,inert|flat,,,,,,relay_flood,0.5339,False,,NONE,,,0.6219,"W2-T combined lc+exact-wake, held set",INERT,readout dead in >= 48/64 held worlds,False,False,False,wave2/W2-T/out/table_t.json
MAJ,5cf5e989c99da6a9,A,global,sync,1,4,0,12,1,,flat:no_selectable_gradient,,,,,,,0.8369,one_hop,,0.8369,,False,0.8369,0.8369,0.6140,False,INERT,False,0.8369,inert,,,,,,relay_flood,0.5312,True,,NONE,,,0.8369,"W2-T combined lc+exact-wake, held set",INERT,readout dead in >= 48/64 held worlds,False,False,False,wave2/W2-T/out/table_t.json
MAJ,81c3013444835406,B,smallworld,sync,1,8,3,8,1,,flat:no_selectable_gradient,,,,,,,0.7761,multi_all,,0.7809,0.7940,False,0.7770,0.7761,0.6140,False,INERT,False,0.7761,inert|flat,,,,,,relay_flood,0.4922,False,,NONE,,,0.7761,"W2-T combined lc+exact-wake, held set",INERT,readout dead in >= 48/64 held worlds,False,False,False,wave2/W2-T/out/table_t.json
MAJ,8bf069cf05f425e1,A,smallworld,async,3,16,0,12,1,,unplaced,,,,,,,0.7555,multi_all,UNDECIDED,0.6903,0.7030,False,0.6821,0.6873,0.6140,False,INERT,True,0.6513,inert,,,,,,relay_flood,0.5625,True,,NONE,,,0.6513,"W2-T combined lc+exact-wake, held set",INERT,readout dead in >= 48/64 held worlds,False,False,False,wave2/W2-T/out/table_t.json
MAJ,8c802392619e7dbc,B,ring,sync,5,8,3,8,1,,flat:no_selectable_gradient,,,,,,,0.6000,multi_all,UNDECIDED[INT-UNATTAINABLE(LC)],0.6000,,True,0.6000,0.6000,0.6140,True,INERT,True,0.6000,inert|flat,,,,,,relay_flood,0.4974,False,,NONE,,,0.6000,"W2-M k-sensor light cone, held set",INERT,readout dead in >= 48/64 held worlds,False,False,False,wave2/W2-T/out/table_t.json
MAJ,8e605914b43217c5,B,torus,sync,1,8,3,8,1,,flat:no_selectable_gradient,,,,,,,0.8369,one_hop,,0.8369,,False,0.8369,0.8369,0.6140,False,INERT,False,0.8369,inert|flat,,,,,,relay_flood,0.5677,False,,NONE,,,0.8369,"W2-T combined lc+exact-wake, held set",INERT,readout dead in >= 48/64 held worlds,False,False,False,wave2/W2-T/out/table_t.json
MAJ,93aa754370aad5fa,B,ring,sync,1,8,3,8,1,,flat:no_selectable_gradient,,,,,,,0.8105,one_hop,,0.8105,,False,0.8105,0.8105,0.6140,False,INERT,False,0.8105,inert|flat,,,,,,relay_flood,0.5104,False,,NONE,,,0.8105,"W2-M k-sensor light cone, held set",INERT,readout dead in >= 48/64 held worlds,False,False,False,wave2/W2-T/out/table_t.json
MAJ,a1fb06d4c1cdcaa0,C,global,async,5,16,3,8,0,,flat:no_selectable_gradient,,,,,,,0.8369,one_hop,,0.8271,,False,0.8271,0.8271,0.6140,False,INERT,False,0.8260,inert|flat,,,,,,relay_flood,0.5260,False,,NONE,,,0.8260,"W2-T combined lc+exact-wake, held set",INERT,readout dead in >= 48/64 held worlds,False,False,False,wave2/W2-T/out/table_t.json
MAJ,b518e997df93ee56,A,global,sync,5,8,3,8,0,,flat:no_selectable_gradient,,,,,,,0.8369,one_hop,UNDECIDED,0.8369,,False,0.8369,0.8369,0.6140,False,INERT,False,0.8369,inert|flat,,,,,,relay_flood,0.5000,False,,NONE,,,0.8369,"W2-T combined lc+exact-wake, held set",INERT,readout dead in >= 48/64 held worlds,False,False,False,wave2/W2-T/out/table_t.json
MAJ,b654f3f24a6324d6,B,ring,sync,1,8,3,8,1,,flat:no_selectable_gradient,,,,,,,0.8105,one_hop,,0.8105,,False,0.8105,0.8105,0.6140,False,INERT,False,0.8105,inert|flat,,,,,,relay_flood,0.5547,False,,NONE,,,0.8105,"W2-M k-sensor light cone, held set",INERT,readout dead in >= 48/64 held worlds,False,False,False,wave2/W2-T/out/table_t.json
MAJ,c7ec809750bd4748,A,smallworld,sync,2,16,3,12,0,,flat:no_selectable_gradient,,,,,,,0.8369,multi_all,UNDECIDED,0.8369,0.8370,False,0.8349,0.8369,0.6140,False,INERT,False,0.8369,inert,,,,,,relay_flood,0.4844,True,,OVERRIDE,W2-M,"INT_2 at prog_len 14, payload 2 (C1 space), lo99 .636",0.8349,"W2-U joint, 1024 worlds",INERT,readout dead in >= 48/64 held worlds,False,False,False,wave2/W2-T/out/table_t.json
MAJ,d41d86f9d149cbb9,A,global,async,3,4,1,16,1,,unplaced,,,,,,,0.8369,one_hop,,0.7454,,False,0.7454,0.7454,0.6140,False,INERT,True,0.7455,inert,,,,,,relay_flood,0.5391,True,,NONE,,,0.7454,"W2-U joint, 1024 worlds",INERT,readout dead in >= 48/64 held worlds,False,False,False,wave2/W2-T/out/table_t.json
MAJ,e0380d906974923d,B,ring,sync,1,8,3,8,1,,flat:no_selectable_gradient,,,,,,,0.8105,one_hop,,0.8105,,False,0.8105,0.8105,0.6140,False,INERT,False,0.8105,inert,,,,,,relay_flood,0.5104,False,,NONE,,,0.8105,"W2-M k-sensor light cone, held set",INERT,readout dead in >= 48/64 held worlds,False,False,False,wave2/W2-T/out/table_t.json
MAJ,e47d964642576eec,B,global,sync,1,8,3,8,1,,flat:no_selectable_gradient,,,,,,,0.8369,one_hop,,0.8369,,False,0.8369,0.8369,0.6140,False,INERT,False,0.8369,inert,,,,,,relay_flood,0.4974,False,,NONE,,,0.8369,"W2-T combined lc+exact-wake, held set",INERT,readout dead in >= 48/64 held worlds,False,False,False,wave2/W2-T/out/table_t.json
MAJ,f3bb35e45a6819ba,B,ring,sync,1,8,3,8,1,,flat:no_selectable_gradient,,,,,,,0.8105,one_hop,,0.8105,,False,0.8105,0.8105,0.6140,False,INERT,False,0.8105,inert|flat,,,,,,relay_flood,0.5677,False,,NONE,,,0.8105,"W2-M k-sensor light cone, held set",INERT,readout dead in >= 48/64 held worlds,False,False,False,wave2/W2-T/out/table_t.json
MAJ,f9a1c59e65633cbf,A,ring,async,2,4,0,8,0,,unplaced,,,,,,,0.7840,one_hop,,0.6576,,False,0.6576,0.6576,0.6140,False,INERT,True,0.6616,inert,,,,,,relay_flood,0.5000,False,,NONE,,,0.6576,"W2-U joint, 1024 worlds",INERT,readout dead in >= 48/64 held worlds,False,False,False,wave2/W2-T/out/table_t.json
MAJ,fbf87c2920fbc3dc,B,ring,sync,2,8,3,8,1,,unplaced,,,,,,,0.8105,one_hop,,0.8105,,False,0.8105,0.8105,0.6140,False,INERT,False,0.8105,inert,,,,,,relay_flood,0.5130,False,,NONE,,,0.8105,"W2-M k-sensor light cone, held set",INERT,readout dead in >= 48/64 held worlds,False,False,False,wave2/W2-T/out/table_t.json
MAJ,c959e1a2de656afa,B,global,sync,1,8,3,8,1,,V?:held_lo99>.5_but_not_SIGNAL|flat:no_selectable_gradient,,,,,,,0.8369,one_hop,,0.8369,,False,0.8369,0.8369,0.6140,False,TRUNCATED,False,0.8369,inert,,,,,,relay_flood,0.4909,False,,NONE,,,0.8369,"W2-T combined lc+exact-wake, held set",LATCHED_PARTIAL,early-latch champion (W2-T F4),False,False,False,wave2/W2-T/out/table_t.json
MAJ,070257d7a8c0ca6f,B,ring,sync,1,8,3,8,1,,V?:held_lo99>.5_but_not_SIGNAL,,,,,,,0.8105,one_hop,PLANT-SOLVED(weak),0.8105,,False,0.8105,0.8105,0.6140,False,ADMISSIBLE,False,0.8105,,,,,,,relay_flood,0.4974,False,,IN_SPACE,W2-M,MAJ integrator member fitting the row genome (weak/post hoc),0.8105,"W2-M k-sensor light cone, held set",PLANT_SOLVED_IN_SPACE,MAJ integrator member fitting the row genome (weak/post hoc),True,True,True,wave2/W2-M/out/classification.json;wave2/W2-M/out/lc_maj.json
MAJ,13a086e911f052ce,B,ring,sync,2,8,3,8,1,,unplaced,,,,,,,0.8105,one_hop,PLANT-SOLVED(weak),0.8105,,False,0.8105,0.8105,0.6140,False,ADMISSIBLE,False,0.8105,,,,,,,relay_flood,0.5312,False,,IN_SPACE,W2-M,MAJ integrator member fitting the row genome (weak/post hoc),0.8105,"W2-M k-sensor light cone, held set",PLANT_SOLVED_IN_SPACE,MAJ integrator member fitting the row genome (weak/post hoc),True,True,True,wave2/W2-M/out/classification.json;wave2/W2-M/out/lc_maj.json
MAJ,1448cd7d2eba30a8,B,ring,async,3,4,3,16,0,,V?:held_lo99>.5_but_not_SIGNAL,,,,,,,0.8369,one_hop,PLANT-SOLVED,0.7371,,False,0.7371,0.7371,0.6140,False,ADMISSIBLE,True,0.7404,,,,,,,relay_flood,0.5052,True,,IN_SPACE,W2-M,MAJ integrator member fitting the row genome,0.7371,"W2-U joint, 1024 worlds",PLANT_SOLVED_IN_SPACE,MAJ integrator member fitting the row genome,True,False,True,wave2/W2-M/out/classification.json;wave2/W2-M/out/lc_maj.json
MAJ,15e58864edb122bc,D,ring,async,3,4,3,16,0,,unplaced,,,,,,,0.8369,one_hop,PLANT-SOLVED,0.7371,,False,0.7371,0.7371,0.6140,False,ADMISSIBLE,True,0.7352,,,INDETERMINATE (no native signal),,,,relay_flood,0.5130,True,,IN_SPACE,W2-M,MAJ integrator member fitting the row genome,0.7352,"W2-T combined lc+exact-wake, held set",PLANT_SOLVED_IN_SPACE,MAJ integrator member fitting the row genome,True,False,True,wave2/W2-M/out/classification.json;wave2/W2-M/out/lc_maj.json
MAJ,3d20243abaf721e8,B,ring,sync,1,8,3,8,1,,V?:held_lo99>.5_but_not_SIGNAL,,,,,,,0.8105,one_hop,PLANT-SOLVED(weak),0.8105,,False,0.8105,0.8105,0.6140,False,ADMISSIBLE,False,0.8105,,,,,,,relay_flood,0.5039,False,,IN_SPACE,W2-M,MAJ integrator member fitting the row genome (weak/post hoc),0.8105,"W2-M k-sensor light cone, held set",PLANT_SOLVED_IN_SPACE,MAJ integrator member fitting the row genome (weak/post hoc),True,True,True,wave2/W2-M/out/classification.json;wave2/W2-M/out/lc_maj.json
MAJ,437ca0ac6ccc5b93,A,ring,sync,1,8,1,16,0,,V?:held_lo99>.5_but_not_SIGNAL,,,,,,,0.8369,one_hop,PLANT-SOLVED(weak),0.8369,,False,0.8369,0.8369,0.6140,False,ADMISSIBLE,False,0.8369,,,,"lottery-panel (rules=2, near-SIGNAL NULL)",,,relay_flood,0.5182,True,,IN_SPACE,W2-M,MAJ integrator member fitting the row genome (weak/post hoc),0.8369,"W2-T combined lc+exact-wake, held set",PLANT_SOLVED_IN_SPACE,MAJ integrator member fitting the row genome (weak/post hoc),True,True,True,wave2/W2-M/out/classification.json;wave2/W2-M/out/lc_maj.json
MAJ,48dbe2a190030f09,B,ring,async,3,4,3,16,0,,V?:held_lo99>.5_but_not_SIGNAL,,,,,,,0.8369,one_hop,PLANT-SOLVED,0.7371,,False,0.7371,0.7371,0.6140,False,ADMISSIBLE,True,0.7366,,,,,,,relay_flood,0.5677,True,,IN_SPACE,W2-M,MAJ integrator member fitting the row genome,0.7366,"W2-T combined lc+exact-wake, held set",PLANT_SOLVED_IN_SPACE,MAJ integrator member fitting the row genome,True,False,True,wave2/W2-M/out/classification.json;wave2/W2-M/out/lc_maj.json
MAJ,8051dc5ec4d7d143,C,global,sync,1,16,3,12,0,,V?:held_lo99>.5_but_not_SIGNAL,,,,,,,0.8369,one_hop,PLANT-SOLVED,0.8369,,False,0.8369,0.8369,0.6140,False,ADMISSIBLE,False,0.8369,,,,,,,relay_flood,0.4844,True,,IN_SPACE,W2-M,MAJ integrator member fitting the row genome,0.8369,"W2-T combined lc+exact-wake, held set",PLANT_SOLVED_IN_SPACE,MAJ integrator member fitting the row genome,True,True,True,wave2/W2-M/out/classification.json;wave2/W2-M/out/lc_maj.json
MAJ,45d695e0b31d5ce4,B,ring,sync,5,8,3,8,1,,unplaced,,,,,,,0.6000,multi_all,UNDECIDED[INT-UNATTAINABLE(LC)],0.6000,,True,0.6000,0.6000,0.6140,True,ADMISSIBLE,True,0.6000,,,,,,,relay_flood,0.5195,False,,NONE,,,0.6000,"W2-M k-sensor light cone, held set",P_CANDIDATE,"a bound in [.60, 0.614) or W2-J LC2 point < .60 with CI straddling",True,False,False,wave2/W2-U/out/task1b_big.json
MAJ,937703a8f4261b50,B,ring,sync,5,8,3,8,1,,V?:held_lo99>.5_but_not_SIGNAL,,,,,,,0.6000,multi_all,,0.6000,,True,0.6000,0.6000,0.6140,True,ADMISSIBLE,True,0.6000,,,,,,,relay_flood,0.5078,False,,NONE,,,0.6000,"W2-M k-sensor light cone, held set",P_CANDIDATE,"a bound in [.60, 0.614) or W2-J LC2 point < .60 with CI straddling",True,False,False,wave2/W2-U/out/task1b_big.json
MAJ,0677e0ae71c3bc64,A,smallworld,async,2,4,6,16,0,,unplaced,,,,,,,0.7867,multi_all,,0.6046,0.6190,True,0.6010,0.6036,0.6140,True,CAPPED,False,0.5730,capped,,,,,,relay_flood,0.5078,True,,NONE,,,0.5730,"W2-T combined lc+exact-wake, held set",P_PROVEN,"W2-T combined lc+exact-wake, held set=0.573",False,False,False,wave2/W2-T/out/table_t.json
MAJ,15d2a3e9e094b209,A,global,async,1,4,6,8,0,,flat:no_selectable_gradient,,,,,,,0.5000,one_hop,UNDECIDED[LC-P],0.5000,,True,0.5000,0.5000,0.6140,True,CAPPED,False,0.5000,capped,,,,,,relay_flood,0.5117,False,,NONE,,,0.5000,"W2-U joint, 1024 worlds",P_PROVEN,"W2-T combined lc+exact-wake, held set=0.500; W2-U joint, 1024 worlds=0.500; W2-U joint, held set=0.500; W2-M k-sensor light cone, held set=0.500",False,False,False,wave2/W2-M/out/classification.json;wave2/W2-M/out/lc_maj.json;wave2/W2-T/out/table_t.json;wave2/W2-U/out/task1b_big.json
MAJ,16e48268e24cd3f0,B,smallworld,async,3,4,3,16,0,,unplaced,,,,,,,0.5250,multi_all,,0.5120,0.5000,True,0.5173,0.5160,0.6140,True,CAPPED,False,0.5135,capped,,,,,,relay_flood,0.4375,True,,NONE,,,0.5135,"W2-T combined lc+exact-wake, held set",P_PROVEN,"W2-T combined lc+exact-wake, held set=0.513; W2-U joint, 1024 worlds=0.517; W2-U joint, held set=0.516; W2-M k-sensor light cone, held set=0.525",False,False,False,wave2/W2-M/out/classification.json;wave2/W2-M/out/lc_maj.json;wave2/W2-T/out/table_t.json;wave2/W2-U/out/task1b_big.json
MAJ,19df30b98692cf37,A,smallworld,async,3,4,6,12,0,,winners_curse:train_final>>held,,,,,,,0.5188,multi_all,UNDECIDED[LC-P],0.5219,0.5000,True,0.5203,0.5094,0.6140,True,CAPPED,False,0.5057,capped,,,,,,relay_flood,0.5104,True,,NONE,,,0.5057,"W2-T combined lc+exact-wake, held set",P_PROVEN,"W2-T combined lc+exact-wake, held set=0.506; W2-U joint, 1024 worlds=0.520; W2-U joint, held set=0.509; W2-M k-sensor light cone, held set=0.519",False,False,False,wave2/W2-M/out/classification.json;wave2/W2-M/out/lc_maj.json;wave2/W2-T/out/table_t.json;wave2/W2-U/out/task1b_big.json
MAJ,3ee88ab63fd0d2fc,A,torus,sync,5,4,0,12,0,,flat:no_selectable_gradient,,,,,,,0.5000,multi_all,UNDECIDED[LC-P],0.5000,,True,0.5000,0.5000,0.6140,True,CAPPED,False,0.5000,inert|capped,,,,,,relay_flood,0.4896,True,,NONE,,,0.5000,"W2-M k-sensor light cone, held set",P_PROVEN,"W2-T combined lc+exact-wake, held set=0.500; W2-U joint, 1024 worlds=0.500; W2-U joint, held set=0.500; W2-M k-sensor light cone, held set=0.500",False,False,False,wave2/W2-M/out/classification.json;wave2/W2-M/out/lc_maj.json;wave2/W2-T/out/table_t.json;wave2/W2-U/out/task1b_big.json
MAJ,44a3159d47c56344,A,smallworld,sync,2,4,3,12,1,,flat:no_selectable_gradient,,,,,,,0.5000,multi_all,,0.5000,0.5000,True,0.5000,0.5000,0.6140,True,CAPPED,False,0.5000,inert|capped,,,,,,relay_flood,0.5065,True,,NONE,,,0.5000,"W2-M k-sensor light cone, held set",P_PROVEN,"W2-T combined lc+exact-wake, held set=0.500; W2-U joint, 1024 worlds=0.500; W2-U joint, held set=0.500; W2-M k-sensor light cone, held set=0.500",False,False,False,wave2/W2-M/out/classification.json;wave2/W2-M/out/lc_maj.json;wave2/W2-T/out/table_t.json;wave2/W2-U/out/task1b_big.json
MAJ,4704ff70df1b4992,B,random,async,3,4,3,16,0,,unplaced,,,,,,,0.5250,multi_all,,0.5220,0.5040,True,0.5167,0.5168,0.6140,True,CAPPED,False,0.5172,capped|degraded,,,,,,relay_flood,0.5104,True,,NONE,,,0.5167,"W2-U joint, 1024 worlds",P_PROVEN,"W2-T combined lc+exact-wake, held set=0.517; W2-U joint, 1024 worlds=0.517; W2-U joint, held set=0.517; W2-M k-sensor light cone, held set=0.525",False,False,False,wave2/W2-M/out/classification.json;wave2/W2-M/out/lc_maj.json;wave2/W2-T/out/table_t.json;wave2/W2-U/out/task1b_big.json
MAJ,67e459d74a2a15ab,A,smallworld,sync,3,4,0,16,1,,flat:no_selectable_gradient,,,,,,,0.5375,multi_all,,0.5281,0.5000,True,0.5273,0.5375,0.6140,True,CAPPED,False,0.5375,inert|capped,,,,,,relay_flood,0.5078,True,,NONE,,,0.5273,"W2-U joint, 1024 worlds",P_PROVEN,"W2-T combined lc+exact-wake, held set=0.537; W2-U joint, 1024 worlds=0.527; W2-U joint, held set=0.538; W2-M k-sensor light cone, held set=0.538",False,False,False,wave2/W2-M/out/classification.json;wave2/W2-M/out/lc_maj.json;wave2/W2-T/out/table_t.json;wave2/W2-U/out/task1b_big.json
MAJ,6f9bd0886ed4d2bd,B,smallworld,async,3,4,3,16,0,,unplaced,,,,,,,0.5563,multi_all,,0.5184,0.5000,True,0.5124,0.5368,0.6140,True,CAPPED,False,0.5349,capped,,,,,,relay_flood,0.5130,True,,NONE,,,0.5124,"W2-U joint, 1024 worlds",P_PROVEN,"W2-T combined lc+exact-wake, held set=0.535; W2-U joint, 1024 worlds=0.512; W2-U joint, held set=0.537; W2-M k-sensor light cone, held set=0.556",False,False,False,wave2/W2-M/out/classification.json;wave2/W2-M/out/lc_maj.json;wave2/W2-T/out/table_t.json;wave2/W2-U/out/task1b_big.json
MAJ,773e7fa3ef984f6f,A,smallworld,async,2,4,1,12,1,,unplaced,,,,,,,0.5000,multi_all,,0.5000,0.5000,True,0.5000,0.5000,0.6140,True,CAPPED,False,0.5000,capped,,,,,,relay_flood,0.5443,True,,NONE,,,0.5000,"W2-M k-sensor light cone, held set",P_PROVEN,"W2-T combined lc+exact-wake, held set=0.500; W2-U joint, 1024 worlds=0.500; W2-U joint, held set=0.500; W2-M k-sensor light cone, held set=0.500",False,False,False,wave2/W2-M/out/classification.json;wave2/W2-M/out/lc_maj.json;wave2/W2-T/out/table_t.json;wave2/W2-U/out/task1b_big.json
MAJ,7977cef54ce2e720,B,random,async,3,4,3,16,0,,unplaced,,,,,,,0.5375,multi_all,,0.5280,0.5000,True,0.5162,0.5240,0.6140,True,CAPPED,False,0.5250,capped,,,,,,relay_flood,0.4792,True,,NONE,,,0.5162,"W2-U joint, 1024 worlds",P_PROVEN,"W2-T combined lc+exact-wake, held set=0.525; W2-U joint, 1024 worlds=0.516; W2-U joint, held set=0.524; W2-M k-sensor light cone, held set=0.537",False,False,False,wave2/W2-M/out/classification.json;wave2/W2-M/out/lc_maj.json;wave2/W2-T/out/table_t.json;wave2/W2-U/out/task1b_big.json
MAJ,911e70489fb820e6,A,smallworld,async,2,4,3,12,0,,unplaced,,,,,,,0.5000,multi_all,,0.5000,0.5000,True,0.5000,0.5000,0.6140,True,CAPPED,False,0.5000,capped,,,,,,relay_flood,0.4609,True,,NONE,,,0.5000,"W2-M k-sensor light cone, held set",P_PROVEN,"W2-T combined lc+exact-wake, held set=0.500; W2-U joint, 1024 worlds=0.500; W2-U joint, held set=0.500; W2-M k-sensor light cone, held set=0.500",False,False,False,wave2/W2-M/out/classification.json;wave2/W2-M/out/lc_maj.json;wave2/W2-T/out/table_t.json;wave2/W2-U/out/task1b_big.json
MAJ,9279672760c5132c,B,smallworld,async,3,4,3,16,0,,unplaced,,,,,,,0.5312,multi_all,UNDECIDED[LC-P],0.5240,0.5000,True,0.5136,0.5200,0.6140,True,CAPPED,False,0.5245,capped,,,,,,relay_flood,0.4974,True,,NONE,,,0.5136,"W2-U joint, 1024 worlds",P_PROVEN,"W2-T combined lc+exact-wake, held set=0.524; W2-U joint, 1024 worlds=0.514; W2-U joint, held set=0.520; W2-M k-sensor light cone, held set=0.531",False,False,False,wave2/W2-M/out/classification.json;wave2/W2-M/out/lc_maj.json;wave2/W2-T/out/table_t.json;wave2/W2-U/out/task1b_big.json
MAJ,a4685b67e340ca2b,A,random,async,3,4,3,12,1,,flat:no_selectable_gradient,,,,,,,0.5188,multi_all,UNDECIDED[LC-P],0.5023,0.5020,True,0.5049,0.5047,0.6140,True,CAPPED,False,0.5078,capped|degraded,,,,,,relay_flood,0.5143,True,,NONE,,,0.5047,"W2-U joint, held set",P_PROVEN,"W2-T combined lc+exact-wake, held set=0.508; W2-U joint, 1024 worlds=0.505; W2-U joint, held set=0.505; W2-M k-sensor light cone, held set=0.519",False,False,False,wave2/W2-M/out/classification.json;wave2/W2-M/out/lc_maj.json;wave2/W2-T/out/table_t.json;wave2/W2-U/out/task1b_big.json
MAJ,ab5c2944884a70c4,A,random,sync,3,4,0,16,1,,unplaced,,,,,,,0.5281,multi_all,,0.5234,0.5000,True,0.5184,0.5281,0.6140,True,CAPPED,False,0.5281,capped,,,,,,relay_flood,0.4766,True,,NONE,,,0.5184,"W2-U joint, 1024 worlds",P_PROVEN,"W2-T combined lc+exact-wake, held set=0.528; W2-U joint, 1024 worlds=0.518; W2-U joint, held set=0.528; W2-M k-sensor light cone, held set=0.528",False,False,False,wave2/W2-M/out/classification.json;wave2/W2-M/out/lc_maj.json;wave2/W2-T/out/table_t.json;wave2/W2-U/out/task1b_big.json
MAJ,adbca0073396f2bd,A,torus,async,3,8,1,8,0,,flat:no_selectable_gradient,,,,,,,0.5000,multi_all,,0.5000,,True,0.5000,0.5000,0.6140,True,CAPPED,False,0.5000,inert|capped,,,,,,relay_flood,0.5299,False,,NONE,,,0.5000,"W2-M k-sensor light cone, held set",P_PROVEN,"W2-T combined lc+exact-wake, held set=0.500; W2-U joint, 1024 worlds=0.500; W2-U joint, held set=0.500; W2-M k-sensor light cone, held set=0.500",False,False,False,wave2/W2-M/out/classification.json;wave2/W2-M/out/lc_maj.json;wave2/W2-T/out/table_t.json;wave2/W2-U/out/task1b_big.json
MAJ,afc07cc5b7ac209a,A,smallworld,sync,3,4,1,8,0,,flat:no_selectable_gradient,,,,,,,0.5062,multi_all,UNDECIDED[LC-P],0.5094,0.5000,True,0.5047,0.5062,0.6140,True,CAPPED,False,0.5062,inert|capped,,,,,,relay_flood,0.4609,False,,NONE,,,0.5047,"W2-U joint, 1024 worlds",P_PROVEN,"W2-T combined lc+exact-wake, held set=0.506; W2-U joint, 1024 worlds=0.505; W2-U joint, held set=0.506; W2-M k-sensor light cone, held set=0.506",False,False,False,wave2/W2-M/out/classification.json;wave2/W2-M/out/lc_maj.json;wave2/W2-T/out/table_t.json;wave2/W2-U/out/task1b_big.json
MAJ,b75a498190609744,A,random,async,3,4,0,16,1,,flat:no_selectable_gradient,,,,,,,0.5000,multi_all,,0.5000,0.5000,True,0.5000,0.5000,0.6140,True,CAPPED,False,0.5000,inert|capped|degraded,,,,,,relay_flood,0.5130,True,,NONE,,,0.5000,"W2-M k-sensor light cone, held set",P_PROVEN,"W2-T combined lc+exact-wake, held set=0.500; W2-U joint, 1024 worlds=0.500; W2-U joint, held set=0.500; W2-M k-sensor light cone, held set=0.500",False,False,False,wave2/W2-M/out/classification.json;wave2/W2-M/out/lc_maj.json;wave2/W2-T/out/table_t.json;wave2/W2-U/out/task1b_big.json
MAJ,b8057a11aa7d774f,A,torus,async,5,8,0,12,0,,flat:no_selectable_gradient,,,,,,,0.5000,multi_all,,0.5000,,True,0.5000,0.5000,0.6140,True,CAPPED,False,0.5000,capped,,,,,,relay_flood,0.4844,True,,NONE,,,0.5000,"W2-M k-sensor light cone, held set",P_PROVEN,"W2-T combined lc+exact-wake, held set=0.500; W2-U joint, 1024 worlds=0.500; W2-U joint, held set=0.500; W2-M k-sensor light cone, held set=0.500",False,False,False,wave2/W2-M/out/classification.json;wave2/W2-M/out/lc_maj.json;wave2/W2-T/out/table_t.json;wave2/W2-U/out/task1b_big.json
MAJ,bc5e4f11aa1c3911,A,global,async,2,4,6,8,0,,unplaced,,,,,,,0.5000,one_hop,,0.5000,,True,0.5000,0.5000,0.6140,True,CAPPED,False,0.5000,capped,,,,,,relay_flood,0.5039,False,,NONE,,,0.5000,"W2-U joint, 1024 worlds",P_PROVEN,"W2-T combined lc+exact-wake, held set=0.500; W2-U joint, 1024 worlds=0.500; W2-U joint, held set=0.500; W2-M k-sensor light cone, held set=0.500",False,False,False,wave2/W2-M/out/classification.json;wave2/W2-M/out/lc_maj.json;wave2/W2-T/out/table_t.json;wave2/W2-U/out/task1b_big.json
MAJ,c6a06b8764c959b8,A,ring,async,5,4,1,16,0,,unplaced,,,,,,,0.5000,multi_all,,0.5000,,True,0.5000,0.5000,0.6140,True,CAPPED,False,0.5000,capped,,,,,,relay_flood,0.4505,True,,NONE,,,0.5000,"W2-M k-sensor light cone, held set",P_PROVEN,"W2-T combined lc+exact-wake, held set=0.500; W2-U joint, 1024 worlds=0.500; W2-U joint, held set=0.500; W2-M k-sensor light cone, held set=0.500",False,False,False,wave2/W2-M/out/classification.json;wave2/W2-M/out/lc_maj.json;wave2/W2-T/out/table_t.json;wave2/W2-U/out/task1b_big.json
MAJ,c9d2ff6e919b0da4,A,random,async,5,4,6,8,1,,flat:no_selectable_gradient,,,,,,,0.5250,multi_all,,0.5450,0.5000,True,0.5302,0.5224,0.6140,True,CAPPED,False,0.5240,inert|flat|capped,INERT+flat,,,,,relay_flood,0.5104,False,,NONE,,,0.5224,"W2-U joint, held set",P_PROVEN,"W2-T combined lc+exact-wake, held set=0.524; W2-U joint, 1024 worlds=0.530; W2-U joint, held set=0.522; W2-M k-sensor light cone, held set=0.525",False,False,False,wave2/W2-M/out/classification.json;wave2/W2-M/out/lc_maj.json;wave2/W2-T/out/table_t.json;wave2/W2-U/out/task1b_big.json
MAJ,cf195eaf67f49dcc,A,smallworld,sync,3,8,6,8,0,,unplaced,,,,,,,0.5062,multi_all,,0.5156,0.5000,True,0.5086,0.5062,0.6140,True,CAPPED,False,0.5062,capped,,,,,,relay_flood,0.4596,False,,NONE,,,0.5062,"W2-T combined lc+exact-wake, held set",P_PROVEN,"W2-T combined lc+exact-wake, held set=0.506; W2-U joint, 1024 worlds=0.509; W2-U joint, held set=0.506; W2-M k-sensor light cone, held set=0.506",False,False,False,wave2/W2-M/out/classification.json;wave2/W2-M/out/lc_maj.json;wave2/W2-T/out/table_t.json;wave2/W2-U/out/task1b_big.json
MAJ,de60a65c3f0d93a7,A,random,sync,5,4,3,12,0,,winners_curse:train_final>>held,,,,,,,0.5000,multi_all,,0.5000,0.5000,True,0.5000,0.5000,0.6140,True,CAPPED,False,0.5000,capped,,,,,,relay_flood,0.5104,True,,NONE,,,0.5000,"W2-M k-sensor light cone, held set",P_PROVEN,"W2-T combined lc+exact-wake, held set=0.500; W2-U joint, 1024 worlds=0.500; W2-U joint, held set=0.500; W2-M k-sensor light cone, held set=0.500",False,False,False,wave2/W2-M/out/classification.json;wave2/W2-M/out/lc_maj.json;wave2/W2-T/out/table_t.json;wave2/W2-U/out/task1b_big.json
MAJ,f1bd05cd543ded86,A,ring,async,5,4,6,12,0,,unplaced,,,,,,,0.7840,multi_all,,0.6266,,False,0.6266,0.6266,0.6140,False,CAPPED,False,0.5502,capped,,,,,,relay_flood,0.5065,True,,NONE,,,0.5502,"W2-T combined lc+exact-wake, held set",P_PROVEN,"W2-T combined lc+exact-wake, held set=0.550",False,False,False,wave2/W2-T/out/table_t.json
MAJ,f80a21d39fc35f0a,A,torus,sync,3,4,0,8,0,,unplaced,,,,,,,0.5000,multi_all,,0.5000,,True,0.5000,0.5000,0.6140,True,CAPPED,False,0.5000,capped,,,,,,relay_flood,0.4870,False,,NONE,,,0.5000,"W2-M k-sensor light cone, held set",P_PROVEN,"W2-T combined lc+exact-wake, held set=0.500; W2-U joint, 1024 worlds=0.500; W2-U joint, held set=0.500; W2-M k-sensor light cone, held set=0.500",False,False,False,wave2/W2-M/out/classification.json;wave2/W2-M/out/lc_maj.json;wave2/W2-T/out/table_t.json;wave2/W2-U/out/task1b_big.json
MAJ,f88e529974e24202,B,random,async,3,4,3,16,0,,unplaced,,,,,,,0.5250,multi_all,,0.5140,0.5000,True,0.5145,0.5168,0.6140,True,CAPPED,False,0.5161,capped|degraded,,,,,,relay_flood,0.5391,True,,NONE,,,0.5145,"W2-U joint, 1024 worlds",P_PROVEN,"W2-T combined lc+exact-wake, held set=0.516; W2-U joint, 1024 worlds=0.515; W2-U joint, held set=0.517; W2-M k-sensor light cone, held set=0.525",False,False,False,wave2/W2-M/out/classification.json;wave2/W2-M/out/lc_maj.json;wave2/W2-T/out/table_t.json;wave2/W2-U/out/task1b_big.json
MAJ,02662a50ce1903de,B,torus,sync,1,8,3,8,1,,V?:held_lo99>.5_but_not_SIGNAL,,,,,,,0.8369,one_hop,,0.8369,,False,0.8369,0.8369,0.6140,False,ADMISSIBLE,False,0.8369,,,,,,,relay_flood,0.5208,False,,NONE,,,0.8369,"W2-T combined lc+exact-wake, held set",UNDECIDED,"no plant, no cap",True,False,False,wave2/W2-T/out/table_t.json
MAJ,057941f350d54c75,B,ring,async,3,4,3,16,0,,V?:held_lo99>.5_but_not_SIGNAL,,,,,,,0.8369,one_hop,,0.7371,,False,0.7371,0.7371,0.6140,False,ADMISSIBLE,True,0.7351,,,,,,,relay_flood,0.5365,True,,NONE,,,0.7351,"W2-T combined lc+exact-wake, held set",UNDECIDED,"no plant, no cap",True,False,False,wave2/W2-T/out/table_t.json
MAJ,070bdcea3347c060,A,ring,sync,2,4,1,8,0,,V?:held_lo99>.5_but_not_SIGNAL,,,,,,,0.8105,multi_all,,0.8105,,False,0.8105,0.8105,0.6140,False,ADMISSIBLE,False,0.8105,,,,,,,relay_flood,0.5990,False,,NONE,,,0.8105,"W2-M k-sensor light cone, held set",UNDECIDED,"no plant, no cap",True,False,False,wave2/W2-T/out/table_t.json
MAJ,074166b9942c6c3f,C,global,sync,2,8,3,16,0,,unplaced,,,,,,,0.8369,one_hop,,0.8369,,False,0.8369,0.8369,0.6140,False,ADMISSIBLE,False,0.8369,,,,,,,relay_flood,0.4648,True,,NONE,,,0.8369,"W2-T combined lc+exact-wake, held set",UNDECIDED,"no plant, no cap",True,False,False,wave2/W2-T/out/table_t.json
MAJ,083fde9f3fbbeddb,B,ring,async,3,4,3,16,0,,V?:held_lo99>.5_but_not_SIGNAL,,,,,,,0.8369,one_hop,,0.7371,,False,0.7371,0.7371,0.6140,False,ADMISSIBLE,True,0.7270,,,,,,,relay_flood,0.5052,True,,NONE,,,0.7270,"W2-T combined lc+exact-wake, held set",UNDECIDED,"no plant, no cap",True,False,False,wave2/W2-T/out/table_t.json
MAJ,08d8f0c51f1cad2f,B,ring,async,3,4,3,16,0,,V?:held_lo99>.5_but_not_SIGNAL,,,,,,,0.8369,one_hop,,0.7371,,False,0.7371,0.7371,0.6140,False,ADMISSIBLE,True,0.7387,,,,,,,relay_flood,0.5703,True,,NONE,,,0.7371,"W2-U joint, 1024 worlds",UNDECIDED,"no plant, no cap",True,False,False,wave2/W2-T/out/table_t.json
MAJ,093eebedddab2de7,A,global,sync,2,8,6,12,0,,unplaced,,,,,,,0.8369,one_hop,,0.8369,,False,0.8369,0.8369,0.6140,False,ADMISSIBLE,False,0.8369,,,,,,,relay_flood,0.5169,True,,NONE,,,0.8369,"W2-T combined lc+exact-wake, held set",UNDECIDED,"no plant, no cap",True,False,False,wave2/W2-T/out/table_t.json
MAJ,0f1969774985a933,B,ring,async,3,4,3,16,0,,V?:held_lo99>.5_but_not_SIGNAL,,,,,,,0.8369,one_hop,,0.7371,,False,0.7371,0.7371,0.6140,False,ADMISSIBLE,True,0.7335,,,,,,,relay_flood,0.5755,True,,NONE,,,0.7335,"W2-T combined lc+exact-wake, held set",UNDECIDED,"no plant, no cap",True,False,False,wave2/W2-T/out/table_t.json
MAJ,11fb94dd01b3e78e,B,global,sync,1,8,3,8,1,,winners_curse:train_final>>held,,,,,,,0.8369,one_hop,,0.8369,,False,0.8369,0.8369,0.6140,False,ADMISSIBLE,False,0.8369,,,,,,,relay_flood,0.5365,False,,NONE,,,0.8369,"W2-T combined lc+exact-wake, held set",UNDECIDED,"no plant, no cap",True,False,False,wave2/W2-T/out/table_t.json
MAJ,14e62ff559e4906d,A,random,async,1,16,3,12,0,,flat:no_selectable_gradient,,,,,,,0.7921,multi_all,UNDECIDED,0.7959,0.8120,False,0.7973,0.7817,0.6140,False,DEGRADED,False,0.7712,inert|degraded,,,,,,relay_flood,0.5312,True,,NONE,,,0.7712,"W2-T combined lc+exact-wake, held set",UNDECIDED,UNDECIDED,True,False,False,wave2/W2-T/out/table_t.json
MAJ,199b4cc61fc9fb74,B,torus,async,3,4,3,16,0,,V?:held_lo99>.5_but_not_SIGNAL,,,,,,,0.8369,one_hop,,0.7371,,False,0.7371,0.7371,0.6140,False,ADMISSIBLE,True,0.7401,,,,,,,relay_flood,0.5312,True,,NONE,,,0.7371,"W2-U joint, 1024 worlds",UNDECIDED,"no plant, no cap",True,False,False,wave2/W2-T/out/table_t.json
MAJ,1c12d5607f4fcea9,D,ring,async,2,4,3,16,0,,V?:held_lo99>.5_but_not_SIGNAL,,,,,,,0.8369,one_hop,,0.7371,,False,0.7371,0.7371,0.6140,False,ADMISSIBLE,True,0.7311,,,INDETERMINATE (no native signal),,,,relay_flood,0.5911,True,,NONE,,,0.7311,"W2-T combined lc+exact-wake, held set",UNDECIDED,"no plant, no cap",True,False,False,wave2/W2-T/out/table_t.json
MAJ,1d5988cd8b128e66,C,global,async,5,16,3,8,0,,unplaced,,,,,,,0.8369,one_hop,,0.8271,,False,0.8271,0.8271,0.6140,False,ADMISSIBLE,False,0.8281,,,,,,,relay_flood,0.4635,False,,NONE,,,0.8271,"W2-U joint, 1024 worlds",UNDECIDED,"no plant, no cap",True,False,False,wave2/W2-T/out/table_t.json
MAJ,23585a9c08c34b62,A,ring,sync,5,16,1,8,0,,unplaced,,,,,,,0.8369,multi_all,,0.8369,,False,0.8369,0.8369,0.6140,False,ADMISSIBLE,False,0.8369,,,,,,,relay_flood,0.5729,False,,NONE,,,0.8369,"W2-T combined lc+exact-wake, held set",UNDECIDED,"no plant, no cap",True,False,False,wave2/W2-T/out/table_t.json
MAJ,266dd0605e3e8ba8,B,ring,sync,1,8,3,8,1,,V?:held_lo99>.5_but_not_SIGNAL,,,,,,,0.8105,one_hop,,0.8105,,False,0.8105,0.8105,0.6140,False,ADMISSIBLE,False,0.8105,,,,,,,relay_flood,0.5104,False,,NONE,,,0.8105,"W2-M k-sensor light cone, held set",UNDECIDED,"no plant, no cap",True,False,False,wave2/W2-T/out/table_t.json
MAJ,266f35840cc7a562,A,torus,sync,2,4,1,12,1,,unplaced,,,,,,,0.6685,one_hop,,0.6685,,False,0.6685,0.6685,0.6140,False,ADMISSIBLE,True,0.6685,,,,,,,relay_flood,0.5273,True,,NONE,,,0.6685,"W2-M k-sensor light cone, held set",UNDECIDED,"no plant, no cap",True,False,False,wave2/W2-T/out/table_t.json
MAJ,2bf1839353c5d544,A,global,sync,1,4,3,16,1,,unplaced,,,,,,,0.8369,one_hop,UNDECIDED,0.8369,,False,0.8369,0.8369,0.6140,False,ADMISSIBLE,False,0.8369,,,,,,,relay_flood,0.5039,True,,NONE,,,0.8369,"W2-T combined lc+exact-wake, held set",UNDECIDED,UNDECIDED,True,False,False,wave2/W2-T/out/table_t.json
MAJ,2e80387accc94cfe,A,ring,async,3,16,3,12,0,,unplaced,,,,,,,0.8369,multi_all,,0.8228,,False,0.8228,0.8228,0.6140,False,ADMISSIBLE,False,0.8096,,,,,,,relay_flood,0.5208,True,,NONE,,,0.8096,"W2-T combined lc+exact-wake, held set",UNDECIDED,"no plant, no cap",True,False,False,wave2/W2-T/out/table_t.json
MAJ,2eefc45b9adddead,A,global,async,2,8,6,16,1,,unplaced,,,,,,,0.8369,one_hop,,0.7863,,False,0.7863,0.7863,0.6140,False,ADMISSIBLE,False,0.7889,,,,,,,relay_flood,0.5104,True,,NONE,,,0.7863,"W2-U joint, 1024 worlds",UNDECIDED,"no plant, no cap",True,False,False,wave2/W2-T/out/table_t.json
MAJ,308d6488ba1291f8,B,ring,async,3,4,3,16,0,,V?:held_lo99>.5_but_not_SIGNAL,,,,,,,0.8369,one_hop,,0.7371,,False,0.7371,0.7371,0.6140,False,ADMISSIBLE,True,0.7342,,,,,,,relay_flood,0.5365,True,,NONE,,,0.7342,"W2-T combined lc+exact-wake, held set",UNDECIDED,"no plant, no cap",True,False,False,wave2/W2-T/out/table_t.json
MAJ,32c3fba3d353a8d8,B,ring,async,5,4,3,16,0,,V?:held_lo99>.5_but_not_SIGNAL,,,,,,,0.7000,multi_all,,0.6280,,False,0.6280,0.6280,0.6140,False,ADMISSIBLE,True,0.6292,,,,,,,relay_flood,0.4844,True,,NONE,,,0.6280,"W2-U joint, 1024 worlds",UNDECIDED,"no plant, no cap",True,False,False,wave2/W2-T/out/table_t.json
MAJ,377640d2c2930c3c,A,torus,sync,3,16,6,16,0,,unplaced,,,,,,,0.8369,one_hop,,0.8369,,False,0.8369,0.8369,0.6140,False,ADMISSIBLE,False,0.8369,,,,,,,relay_flood,0.5169,True,,NONE,,,0.8369,"W2-T combined lc+exact-wake, held set",UNDECIDED,"no plant, no cap",True,False,False,wave2/W2-T/out/table_t.json
MAJ,3a2f01523a2b139c,A,smallworld,sync,1,16,3,12,1,,unplaced,,,,,,,0.8369,multi_all,,0.8369,0.8370,False,0.8369,0.8369,0.6140,False,ADMISSIBLE,False,0.8369,,,,,,,relay_flood,0.5065,True,,NONE,,,0.8369,"W2-T combined lc+exact-wake, held set",UNDECIDED,"no plant, no cap",True,False,False,wave2/W2-T/out/table_t.json
MAJ,3dfdd7145e6e9a91,C,global,sync,2,8,3,16,0,,unplaced,,,,,,,0.8369,one_hop,UNDECIDED,0.8369,,False,0.8369,0.8369,0.6140,False,ADMISSIBLE,False,0.8369,,,,,,,relay_flood,0.5169,True,,NONE,,,0.8369,"W2-T combined lc+exact-wake, held set",UNDECIDED,UNDECIDED,True,False,False,wave2/W2-T/out/table_t.json
MAJ,3f548f988775fcf1,A,ring,async,3,4,1,16,0,,unplaced,,,,,,,0.7840,one_hop,,0.6266,,False,0.6266,0.6266,0.6140,False,ADMISSIBLE,True,0.6186,,,,,,,relay_flood,0.4648,True,,NONE,,,0.6186,"W2-T combined lc+exact-wake, held set",UNDECIDED,"no plant, no cap",True,False,False,wave2/W2-T/out/table_t.json
MAJ,3fd0dbcd746033bd,A,random,async,2,16,0,12,0,,unplaced,,,,,,,0.8369,multi_all,UNDECIDED,0.7877,0.7880,False,0.7877,0.7877,0.6140,False,ADMISSIBLE,False,0.7897,,,,,,,relay_flood,0.5104,True,,NONE,,,0.7877,"W2-U joint, held set",UNDECIDED,UNDECIDED,True,False,False,wave2/W2-T/out/table_t.json
MAJ,423d8365d36830ae,A,ring,sync,2,4,6,12,1,,unplaced,,,,,,,0.7420,multi_all,,0.7420,,False,0.7420,0.7420,0.6140,False,ADMISSIBLE,True,0.7420,,,,,,,relay_flood,0.5260,True,,NONE,,,0.7420,"W2-M k-sensor light cone, held set",UNDECIDED,"no plant, no cap",True,False,False,wave2/W2-T/out/table_t.json
MAJ,4512732fbf2429ff,B,global,async,3,4,3,16,0,,winners_curse:train_final>>held,,,,,,,0.8369,one_hop,,0.7371,,False,0.7371,0.7371,0.6140,False,ADMISSIBLE,True,0.7411,,,,,,,relay_flood,0.4922,True,,NONE,,,0.7371,"W2-U joint, 1024 worlds",UNDECIDED,"no plant, no cap",True,False,False,wave2/W2-T/out/table_t.json
MAJ,488b426bb05c2256,B,ring,sync,1,8,3,8,1,,V?:held_lo99>.5_but_not_SIGNAL,,,,,,,0.8105,one_hop,,0.8105,,False,0.8105,0.8105,0.6140,False,ADMISSIBLE,False,0.8105,,,,,,,relay_flood,0.5208,False,,NONE,,,0.8105,"W2-M k-sensor light cone, held set",UNDECIDED,"no plant, no cap",True,False,False,wave2/W2-T/out/table_t.json
MAJ,493a85d25c9c9a29,C,torus,sync,3,16,1,16,0,,winners_curse:train_final>>held,,,,,,,0.8369,multi_all,,0.8369,,False,0.8369,0.8369,0.6140,False,ADMISSIBLE,False,0.8369,,,,,,,relay_flood,0.5664,True,,NONE,,,0.8369,"W2-T combined lc+exact-wake, held set",UNDECIDED,"no plant, no cap",True,False,False,wave2/W2-T/out/table_t.json
MAJ,514b30bd91e647a4,A,ring,async,1,16,0,12,1,,V?:held_lo99>.5_but_not_SIGNAL,,,,,,,0.8369,multi_all,UNDECIDED,0.8271,,False,0.8271,0.8271,0.6140,False,ADMISSIBLE,False,0.8275,,,,,,,relay_flood,0.5052,True,,NONE,,,0.8271,"W2-U joint, 1024 worlds",UNDECIDED,UNDECIDED,True,False,False,wave2/W2-T/out/table_t.json
MAJ,52215437c9e21dd3,B,ring,async,5,4,3,16,0,,V?:held_lo99>.5_but_not_SIGNAL,,,,,,,0.7000,multi_all,,0.6280,,False,0.6280,0.6280,0.6140,False,ADMISSIBLE,True,0.6328,,,,,,,relay_flood,0.5156,True,,NONE,,,0.6280,"W2-U joint, 1024 worlds",UNDECIDED,"no plant, no cap",True,False,False,wave2/W2-T/out/table_t.json
MAJ,528879c08ea8713a,B,ring,sync,1,8,3,8,1,,V?:held_lo99>.5_but_not_SIGNAL,,,,,,,0.8105,one_hop,,0.8105,,False,0.8105,0.8105,0.6140,False,ADMISSIBLE,False,0.8105,,,,,,,relay_flood,0.5117,False,,NONE,,,0.8105,"W2-M k-sensor light cone, held set",UNDECIDED,"no plant, no cap",True,False,False,wave2/W2-T/out/table_t.json
MAJ,575be1c957dbad22,A,global,async,3,4,1,16,1,,unplaced,,,,,,,0.8369,one_hop,,0.8235,,False,0.8235,0.8235,0.6140,False,ADMISSIBLE,False,0.8247,,,,,,,relay_flood,0.4896,True,,NONE,,,0.8235,"W2-U joint, 1024 worlds",UNDECIDED,"no plant, no cap",True,False,False,wave2/W2-T/out/table_t.json
MAJ,57c0009092c80ab0,B,ring,async,2,4,3,16,0,,V?:held_lo99>.5_but_not_SIGNAL,,,,,,,0.8369,one_hop,,0.7371,,False,0.7371,0.7371,0.6140,False,ADMISSIBLE,True,0.7312,,,,,,,relay_flood,0.5469,True,,NONE,,,0.7312,"W2-T combined lc+exact-wake, held set",UNDECIDED,"no plant, no cap",True,False,False,wave2/W2-T/out/table_t.json
MAJ,59834a01e8830265,A,ring,async,3,8,1,16,0,,unplaced,,,,,,,0.8369,one_hop,,0.8271,,False,0.8271,0.8271,0.6140,False,ADMISSIBLE,False,0.8273,,,,,,,relay_flood,0.4740,True,,NONE,,,0.8271,"W2-U joint, 1024 worlds",UNDECIDED,"no plant, no cap",True,False,False,wave2/W2-T/out/table_t.json
MAJ,5ace0dc811ebca0f,B,ring,sync,1,8,3,8,1,,V?:held_lo99>.5_but_not_SIGNAL,,,,,,,0.8105,one_hop,,0.8105,,False,0.8105,0.8105,0.6140,False,ADMISSIBLE,False,0.8105,,,,,,,relay_flood,0.4831,False,,NONE,,,0.8105,"W2-M k-sensor light cone, held set",UNDECIDED,"no plant, no cap",True,False,False,wave2/W2-T/out/table_t.json
MAJ,5c35b832e12863e4,A,torus,sync,3,16,0,8,0,,unplaced,,,,,,,0.8369,multi_all,UNDECIDED,0.8369,,False,0.8369,0.8369,0.6140,False,ADMISSIBLE,False,0.8369,,,,,,,relay_flood,0.5234,False,,NONE,,,0.8369,"W2-T combined lc+exact-wake, held set",UNDECIDED,UNDECIDED,True,False,False,wave2/W2-T/out/table_t.json
MAJ,612db08fdf75173f,C,global,sync,2,8,6,16,0,,winners_curse:train_final>>held,,,,,,,0.8369,one_hop,,0.8369,,False,0.8369,0.8369,0.6140,False,ADMISSIBLE,False,0.8369,,,,,,,relay_flood,0.5104,True,,NONE,,,0.8369,"W2-T combined lc+exact-wake, held set",UNDECIDED,"no plant, no cap",True,False,False,wave2/W2-T/out/table_t.json
MAJ,61fcdc37fa1f5e7c,D,global,async,5,16,3,8,0,,unplaced,,,,,,,0.8369,one_hop,,0.8271,,False,0.8271,0.8271,0.6140,False,ADMISSIBLE,False,0.8277,,,,,,,relay_flood,0.5339,False,,NONE,,,0.8271,"W2-U joint, 1024 worlds",UNDECIDED,"no plant, no cap",True,False,False,wave2/W2-T/out/table_t.json
MAJ,66d9101b9e965d66,A,torus,async,2,8,1,8,0,,unplaced,,,,,,,0.8369,one_hop,,0.8271,,False,0.8271,0.8271,0.6140,False,ADMISSIBLE,False,0.8274,,,,,,,relay_flood,0.5365,False,,NONE,,,0.8271,"W2-U joint, 1024 worlds",UNDECIDED,"no plant, no cap",True,False,False,wave2/W2-T/out/table_t.json
MAJ,68962f19cd2f0512,A,ring,sync,3,16,1,16,1,,flat:no_selectable_gradient,,,,,,,0.8369,one_hop,,0.8369,,False,0.8369,0.8369,0.6140,False,ADMISSIBLE,False,0.8369,,,,,,,relay_flood,0.4844,True,,NONE,,,0.8369,"W2-T combined lc+exact-wake, held set",UNDECIDED,"no plant, no cap",True,False,False,wave2/W2-T/out/table_t.json
MAJ,6b602a1943146426,B,ring,async,3,4,3,16,0,,unplaced,,,,,,,0.8369,one_hop,,0.7371,,False,0.7371,0.7371,0.6140,False,ADMISSIBLE,True,0.7393,,,,,,,relay_flood,0.4974,True,,NONE,,,0.7371,"W2-U joint, 1024 worlds",UNDECIDED,"no plant, no cap",True,False,False,wave2/W2-T/out/table_t.json
MAJ,6c5608770a7b1fcc,C,global,async,5,16,3,8,0,,unplaced,,,,,,,0.8369,one_hop,,0.8271,,False,0.8271,0.8271,0.6140,False,ADMISSIBLE,False,0.8274,,,,,,,relay_flood,0.4766,False,,NONE,,,0.8271,"W2-U joint, 1024 worlds",UNDECIDED,"no plant, no cap",True,False,False,wave2/W2-T/out/table_t.json
MAJ,6dd65b5afd66f16b,A,smallworld,sync,3,16,1,12,1,,flat:no_selectable_gradient,,,,,,,0.8369,multi_all,,0.8369,0.8370,False,0.8369,0.8369,0.6140,False,ADMISSIBLE,False,0.8369,,,,,,,relay_flood,0.5026,True,,NONE,,,0.8369,"W2-T combined lc+exact-wake, held set",UNDECIDED,"no plant, no cap",True,False,False,wave2/W2-T/out/table_t.json
MAJ,6e0ca7255b6b3473,B,ring,sync,1,8,3,8,1,,unplaced,,,,,,,0.8105,one_hop,,0.8105,,False,0.8105,0.8105,0.6140,False,ADMISSIBLE,False,0.8105,,ADMISSIBLE(transient),,,,,relay_flood,0.5078,False,,NONE,,,0.8105,"W2-M k-sensor light cone, held set",UNDECIDED,"no plant, no cap",True,False,False,wave2/W2-T/out/table_t.json
MAJ,772ae210dada0de3,D,ring,sync,3,16,0,16,0,,unplaced,,,,,,,0.8369,one_hop,,0.8369,,False,0.8369,0.8369,0.6140,False,ADMISSIBLE,False,0.8369,,,INDETERMINATE (no native signal),,,,relay_flood,0.4505,True,,NONE,,,0.8369,"W2-T combined lc+exact-wake, held set",UNDECIDED,"no plant, no cap",True,False,False,wave2/W2-T/out/table_t.json
MAJ,7e2affed17ce5db1,B,ring,async,3,4,3,16,0,,unplaced,,,,,,,0.8369,one_hop,,0.7371,,False,0.7371,0.7371,0.6140,False,ADMISSIBLE,True,0.7288,,,,,,,relay_flood,0.5365,True,,NONE,,,0.7288,"W2-T combined lc+exact-wake, held set",UNDECIDED,"no plant, no cap",True,False,False,wave2/W2-T/out/table_t.json
MAJ,839b39c79ec65b56,B,ring,async,3,4,3,16,0,,V?:held_lo99>.5_but_not_SIGNAL,,,,,,,0.8369,one_hop,,0.7371,,False,0.7371,0.7371,0.6140,False,ADMISSIBLE,False,0.7518,,,,,,,relay_flood,0.5547,True,,NONE,,,0.7371,"W2-U joint, 1024 worlds",UNDECIDED,"no plant, no cap",True,False,False,wave2/W2-T/out/table_t.json
MAJ,87216808c80c8921,B,torus,sync,1,8,3,8,1,,V?:held_lo99>.5_but_not_SIGNAL,,,,,,,0.8369,one_hop,,0.8369,,False,0.8369,0.8369,0.6140,False,ADMISSIBLE,False,0.8369,,ADMISSIBLE,,,,,relay_flood,0.4922,False,,NONE,,,0.8369,"W2-T combined lc+exact-wake, held set",UNDECIDED,"no plant, no cap",True,False,False,wave2/W2-T/out/table_t.json
MAJ,8a6454f096d7166a,A,torus,async,1,4,1,12,0,,V?:held_lo99>.5_but_not_SIGNAL,,,,,,,0.8369,one_hop,,0.8235,,False,0.8235,0.8235,0.6140,False,ADMISSIBLE,False,0.8229,,,,,,,relay_flood,0.5000,True,,NONE,,,0.8229,"W2-T combined lc+exact-wake, held set",UNDECIDED,"no plant, no cap",True,False,False,wave2/W2-T/out/table_t.json
MAJ,8b1626389a342a51,A,global,sync,1,16,6,12,0,,unplaced,,,,,,,0.8369,one_hop,,0.8369,,False,0.8369,0.8369,0.6140,False,ADMISSIBLE,False,0.8369,,,,,,,relay_flood,0.5234,True,,NONE,,,0.8369,"W2-T combined lc+exact-wake, held set",UNDECIDED,"no plant, no cap",True,False,False,wave2/W2-T/out/table_t.json
MAJ,8c5eba065b9853bc,B,ring,async,3,4,3,16,0,,V?:held_lo99>.5_but_not_SIGNAL,,,,,,,0.8369,one_hop,UNDECIDED,0.7371,,False,0.7371,0.7371,0.6140,False,ADMISSIBLE,True,0.7380,,,,,,,relay_flood,0.5417,True,,NONE,,,0.7371,"W2-U joint, 1024 worlds",UNDECIDED,UNDECIDED,True,False,False,wave2/W2-T/out/table_t.json
MAJ,8ee21e1c33f0efa7,A,global,sync,1,8,6,8,0,,unplaced,,,,,,,0.8369,one_hop,,0.8369,,False,0.8369,0.8369,0.6140,False,ADMISSIBLE,False,0.8369,,,,,,,relay_flood,0.5260,False,,NONE,,,0.8369,"W2-T combined lc+exact-wake, held set",UNDECIDED,"no plant, no cap",True,False,False,wave2/W2-T/out/table_t.json
MAJ,99cef8e68ad5bedb,B,ring,sync,3,8,3,8,1,,flat:no_selectable_gradient,,,,,,,0.8105,one_hop,,0.8105,,False,0.8105,0.8105,0.6140,False,ADMISSIBLE,False,0.8105,,,,,,,relay_flood,0.5495,False,,NONE,,,0.8105,"W2-M k-sensor light cone, held set",UNDECIDED,"no plant, no cap",True,False,False,wave2/W2-T/out/table_t.json
MAJ,a4a70e0298366704,A,ring,sync,1,8,1,12,0,,V?:held_lo99>.5_but_not_SIGNAL,,,,,,,0.8369,one_hop,,0.8369,,False,0.8369,0.8369,0.6140,False,ADMISSIBLE,False,0.8369,,,,,,,relay_flood,0.5182,True,,NONE,,,0.8369,"W2-T combined lc+exact-wake, held set",UNDECIDED,"no plant, no cap",True,False,False,wave2/W2-T/out/table_t.json
MAJ,a56b60ba6e51fb10,B,global,async,3,4,3,16,0,,unplaced,,,,,,,0.8369,one_hop,,0.7371,,False,0.7371,0.7371,0.6140,False,ADMISSIBLE,True,0.7377,,,,,,,relay_flood,0.4635,True,,NONE,,,0.7371,"W2-U joint, 1024 worlds",UNDECIDED,"no plant, no cap",True,False,False,wave2/W2-T/out/table_t.json
MAJ,a5c7b8e00575a72f,A,global,async,2,4,0,16,0,,V?:held_lo99>.5_but_not_SIGNAL,,,,,,,0.8369,one_hop,UNDECIDED,0.7665,,False,0.7665,0.7665,0.6140,False,ADMISSIBLE,False,0.7595,,,,,,,relay_flood,0.4922,True,,NONE,,,0.7595,"W2-T combined lc+exact-wake, held set",UNDECIDED,UNDECIDED,True,False,False,wave2/W2-T/out/table_t.json
MAJ,a8b007fe525fbbf9,A,torus,sync,1,8,0,16,1,,flat:no_selectable_gradient,,,,,,,0.8369,multi_all,,0.8369,,False,0.8369,0.8369,0.6140,False,ADMISSIBLE,False,0.8369,,,,,,,relay_flood,0.4635,True,,NONE,,,0.8369,"W2-T combined lc+exact-wake, held set",UNDECIDED,"no plant, no cap",True,False,False,wave2/W2-T/out/table_t.json
MAJ,aad7e1b3cf8e87c0,A,torus,async,1,16,3,16,1,,flat:no_selectable_gradient,,,,,,,0.8369,one_hop,,0.7877,,False,0.7877,0.7877,0.6140,False,ADMISSIBLE,False,0.7843,,,,,,,relay_flood,0.5156,True,,NONE,,,0.7843,"W2-T combined lc+exact-wake, held set",UNDECIDED,"no plant, no cap",True,False,False,wave2/W2-T/out/table_t.json
MAJ,ab0a4290d68114ca,A,ring,async,5,4,3,16,0,,unplaced,,,,,,,0.8369,multi_all,,0.6746,,False,0.6746,0.6746,0.6140,False,ADMISSIBLE,True,0.6708,,,,,,,relay_flood,0.5534,True,,NONE,,,0.6708,"W2-T combined lc+exact-wake, held set",UNDECIDED,"no plant, no cap",True,False,False,wave2/W2-T/out/table_t.json
MAJ,acf58f3434a3cc93,B,smallworld,sync,1,8,3,8,1,,V?:held_lo99>.5_but_not_SIGNAL,,,,,,,0.7787,multi_all,,0.7743,0.7880,False,0.7783,0.7787,0.6140,False,ADMISSIBLE,False,0.7787,,,,,,,relay_flood,0.5260,False,,NONE,,,0.7783,"W2-U joint, 1024 worlds",UNDECIDED,"no plant, no cap",True,False,False,wave2/W2-T/out/table_t.json
MAJ,bb1ab84c2e00274e,B,torus,async,3,4,3,16,0,,V?:held_lo99>.5_but_not_SIGNAL,,,,,,,0.8369,one_hop,,0.7371,,False,0.7371,0.7371,0.6140,False,ADMISSIBLE,True,0.7292,,,,,,,relay_flood,0.5521,True,,NONE,,,0.7292,"W2-T combined lc+exact-wake, held set",UNDECIDED,"no plant, no cap",True,False,False,wave2/W2-T/out/table_t.json
MAJ,bf1f3a100b294455,A,smallworld,async,3,4,3,12,0,,unplaced,,,,,,,0.7960,multi_all,UNDECIDED,0.6831,0.7030,False,0.6849,0.6794,0.6140,False,ADMISSIBLE,True,0.6152,,,,,,,relay_flood,0.5286,True,,NONE,,,0.6152,"W2-T combined lc+exact-wake, held set",UNDECIDED,UNDECIDED,True,False,False,wave2/W2-T/out/table_t.json
MAJ,c95282846851ccdb,A,torus,async,5,8,3,12,1,,flat:no_selectable_gradient,,,,,,,0.8369,multi_all,,0.7032,,False,0.7032,0.7032,0.6140,False,ADMISSIBLE,True,0.7015,,,,,,,relay_flood,0.4648,True,,NONE,,,0.7015,"W2-T combined lc+exact-wake, held set",UNDECIDED,"no plant, no cap",True,False,False,wave2/W2-T/out/table_t.json
MAJ,cae5c670a97673c3,B,torus,async,3,4,3,16,0,,V?:held_lo99>.5_but_not_SIGNAL,,,,,,,0.8369,one_hop,,0.7371,,False,0.7371,0.7371,0.6140,False,ADMISSIBLE,True,0.7324,,,,,,,relay_flood,0.5260,True,,NONE,,,0.7324,"W2-T combined lc+exact-wake, held set",UNDECIDED,"no plant, no cap",True,False,False,wave2/W2-T/out/table_t.json
MAJ,cd9620ef015c1e80,C,global,sync,2,8,3,16,0,,unplaced,,,,,,,0.8369,one_hop,,0.8369,,False,0.8369,0.8369,0.6140,False,ADMISSIBLE,False,0.8369,,,,,,,relay_flood,0.5312,True,,NONE,,,0.8369,"W2-T combined lc+exact-wake, held set",UNDECIDED,"no plant, no cap",True,False,False,wave2/W2-T/out/table_t.json
MAJ,d606cb4e7daccfaf,B,global,async,3,4,3,16,0,,winners_curse:train_final>>held,,,,,,,0.8369,one_hop,,0.7371,,False,0.7371,0.7371,0.6140,False,ADMISSIBLE,True,0.7247,,,,,,,relay_flood,0.4974,True,,NONE,,,0.7247,"W2-T combined lc+exact-wake, held set",UNDECIDED,"no plant, no cap",True,False,False,wave2/W2-T/out/table_t.json
MAJ,db507824a3d58b78,A,global,sync,1,8,3,16,0,,unplaced,,,,,,,0.8369,one_hop,,0.8369,,False,0.8369,0.8369,0.6140,False,ADMISSIBLE,False,0.8369,,,,,,,relay_flood,0.5469,True,,NONE,,,0.8369,"W2-T combined lc+exact-wake, held set",UNDECIDED,"no plant, no cap",True,False,False,wave2/W2-T/out/table_t.json
MAJ,de8665867394ffc5,B,ring,async,2,4,3,16,0,,unplaced,,,,,,,0.8369,one_hop,,0.7371,,False,0.7371,0.7371,0.6140,False,ADMISSIBLE,True,0.7440,,,,,,,relay_flood,0.5130,True,,NONE,,,0.7371,"W2-U joint, 1024 worlds",UNDECIDED,"no plant, no cap",True,False,False,wave2/W2-T/out/table_t.json
MAJ,e0202dc0e24c4598,A,torus,sync,2,4,1,12,0,,V?:held_lo99>.5_but_not_SIGNAL,,,,,,,0.8369,one_hop,,0.8369,,False,0.8369,0.8369,0.6140,False,ADMISSIBLE,False,0.8369,,,,,,,relay_flood,0.5078,True,,NONE,,,0.8369,"W2-T combined lc+exact-wake, held set",UNDECIDED,"no plant, no cap",True,False,False,wave2/W2-T/out/table_t.json
MAJ,e163e9ea07ec0b1f,A,global,sync,1,16,6,8,0,,unplaced,,,,,,,0.8369,one_hop,,0.8369,,False,0.8369,0.8369,0.6140,False,ADMISSIBLE,False,0.8369,,,,,,,relay_flood,0.5156,False,,NONE,,,0.8369,"W2-T combined lc+exact-wake, held set",UNDECIDED,"no plant, no cap",True,False,False,wave2/W2-T/out/table_t.json
MAJ,e5dfac9b5c346531,A,global,async,3,16,0,16,1,,winners_curse:train_final>>held,,,,,,,0.8369,one_hop,,0.8271,,False,0.8271,0.8271,0.6140,False,ADMISSIBLE,False,0.8266,,,,,,,relay_flood,0.5156,True,,NONE,,,0.8266,"W2-T combined lc+exact-wake, held set",UNDECIDED,"no plant, no cap",True,False,False,wave2/W2-T/out/table_t.json
MAJ,f0645585b0567ccc,A,global,sync,5,16,0,8,0,,flat:no_selectable_gradient,,,,,,,0.8369,one_hop,,0.8369,,False,0.8369,0.8369,0.6140,False,ADMISSIBLE,False,0.8369,,,,,,,relay_flood,0.5534,False,,NONE,,,0.8369,"W2-T combined lc+exact-wake, held set",UNDECIDED,"no plant, no cap",True,False,False,wave2/W2-T/out/table_t.json
MAJ,f22be86f17b87d0e,B,ring,async,5,4,3,16,0,,V?:held_lo99>.5_but_not_SIGNAL,,,,,,,0.7000,multi_all,,0.6280,,False,0.6280,0.6280,0.6140,False,ADMISSIBLE,True,0.6234,,,,,,,relay_flood,0.4792,True,,NONE,,,0.6234,"W2-T combined lc+exact-wake, held set",UNDECIDED,"no plant, no cap",True,False,False,wave2/W2-T/out/table_t.json
MAJ,f29ca123a2beb542,B,smallworld,sync,1,8,3,8,1,,unplaced,,,,,,,0.7787,multi_all,,0.7814,0.7930,False,0.7783,0.7787,0.6140,False,ADMISSIBLE,False,0.7787,,,,,,,relay_flood,0.5039,False,,NONE,,,0.7783,"W2-U joint, 1024 worlds",UNDECIDED,"no plant, no cap",True,False,False,wave2/W2-T/out/table_t.json
MAJ,f74f80d1f3fbad3f,B,ring,sync,1,8,3,8,1,,V?:held_lo99>.5_but_not_SIGNAL,,,,,,,0.8105,one_hop,,0.8105,,False,0.8105,0.8105,0.6140,False,ADMISSIBLE,False,0.8105,,,,,,,relay_flood,0.4896,False,,NONE,,,0.8105,"W2-M k-sensor light cone, held set",UNDECIDED,"no plant, no cap",True,False,False,wave2/W2-T/out/table_t.json
MAJ,fc9a57cafac8c77c,A,torus,sync,1,4,3,8,0,,V?:held_lo99>.5_but_not_SIGNAL,,,,,,,0.6420,multi_all,,0.6420,,False,0.6420,0.6420,0.6140,False,ADMISSIBLE,True,0.6420,,,,,,,relay_flood,0.5286,False,,NONE,,,0.6420,"W2-M k-sensor light cone, held set",UNDECIDED,"no plant, no cap",True,False,False,wave2/W2-T/out/table_t.json
HOLD,30a60437030bf394,A,global,sync,5,8,0,8,0,,notRP:family_plant>=.75|flat:no_selectable_gradient,,,,,,,,,,,,,,,,,INERT,False,1.0000,inert,,,,,,hold_latch,0.9219,False,,OVERRIDE,C1,recorded hold_latch acc 0.922 only at prog_len 12 > own 8,1.0000,"W2-T combined lc+exact-wake, held set",INERT,readout dead in >= 48/64 held worlds,False,False,False,wave2/W2-T/out/table_t.json
HOLD,565018238ea6ba38,A,torus,async,2,16,0,16,0,,notRP:family_plant>=.75|flat:no_selectable_gradient,,,,,,,,,,,,,,,,,INERT,False,0.9779,inert,,,,,,hold_latch,0.9583,True,,IN_SPACE,C1,recorded hold_latch acc 0.958 at own prog_len,0.9779,"W2-T combined lc+exact-wake, held set",INERT,readout dead in >= 48/64 held worlds,False,False,False,wave2/W2-T/out/table_t.json
HOLD,6748fce8427c0652,A,random,sync,2,16,1,8,0,,notRP:family_plant>=.75|flat:no_selectable_gradient,,,,,,,,,,,,,,,,,INERT,False,1.0000,inert,,,,,,hold_latch,1.0000,False,,OVERRIDE,C1,recorded hold_latch acc 1.000 only at prog_len 12 > own 8,1.0000,"W2-T combined lc+exact-wake, held set",INERT,readout dead in >= 48/64 held worlds,False,False,False,wave2/W2-T/out/table_t.json
HOLD,6e2614613ffc95d3,A,global,sync,5,8,3,8,0,,notRP:family_plant>=.75|flat:no_selectable_gradient,,,,,,,,,,,,,,,,,INERT,False,1.0000,inert,,,,,,hold_latch,1.0000,False,,OVERRIDE,C1,recorded hold_latch acc 1.000 only at prog_len 12 > own 8,1.0000,"W2-T combined lc+exact-wake, held set",INERT,readout dead in >= 48/64 held worlds,False,False,False,wave2/W2-T/out/table_t.json
HOLD,a5e461d8006b07f8,A,global,async,1,16,3,8,0,,notRP:family_plant>=.75|V?:held_lo99>.5_but_not_SIGNAL|flat:no_selectable_gradient,,,,,,,,,,,,,,,,,INERT,False,0.9779,inert,,,"lottery-panel (rules=4, near-SIGNAL NULL)",,,hold_latch,0.9870,False,,OVERRIDE,C1,recorded hold_latch acc 0.987 only at prog_len 12 > own 8,0.9779,"W2-T combined lc+exact-wake, held set",INERT,readout dead in >= 48/64 held worlds,False,False,False,wave2/W2-T/out/table_t.json
HOLD,e31dfa3f254d1511,A,ring,async,3,16,6,12,0,,notRP:family_plant>=.75|flat:no_selectable_gradient,,,,,,,,,,,,,,,,,INERT,False,0.9831,inert,,,,,,hold_latch,0.9844,True,,IN_SPACE,C1,recorded hold_latch acc 0.984 at own prog_len,0.9831,"W2-T combined lc+exact-wake, held set",INERT,readout dead in >= 48/64 held worlds,False,False,False,wave2/W2-T/out/table_t.json
HOLD,194b3be3fae8f796,A,smallworld,sync,5,8,0,12,1,,notRP:family_plant>=.75|flat:no_selectable_gradient,,,,,,,,,,,,,,,,,ADMISSIBLE,False,1.0000,,,,,,,hold_latch,1.0000,True,,IN_SPACE,C1,recorded hold_latch acc 1.000 at own prog_len,1.0000,"W2-T combined lc+exact-wake, held set",PLANT_SOLVED_IN_SPACE,recorded hold_latch acc 1.000 at own prog_len,True,True,True,roles/Ananke/pte/c1_rows/cells.jsonl.gz(result.plant)
HOLD,28d5cb331baeb3a6,A,ring,sync,5,16,1,16,0,,notRP:family_plant>=.75|flat:no_selectable_gradient,,,,,,,,,,,,,,,,,ADMISSIBLE,False,1.0000,,,,,,,hold_latch,0.7500,True,,IN_SPACE,C1,recorded hold_latch acc 0.750 at own prog_len,1.0000,"W2-T combined lc+exact-wake, held set",PLANT_SOLVED_IN_SPACE,recorded hold_latch acc 0.750 at own prog_len,True,True,True,roles/Ananke/pte/c1_rows/cells.jsonl.gz(result.plant)
HOLD,388905bb7ed0d60a,B,global,sync,2,8,3,16,0,,notRP:family_plant>=.75|V?:held_lo99>.5_but_not_SIGNAL,,,,,,,,,,,,,,,,,ADMISSIBLE,False,1.0000,,,,,,,hold_latch,1.0000,True,,IN_SPACE,C1,recorded hold_latch acc 1.000 at own prog_len,1.0000,"W2-T combined lc+exact-wake, held set",PLANT_SOLVED_IN_SPACE,recorded hold_latch acc 1.000 at own prog_len,True,True,True,roles/Ananke/pte/c1_rows/cells.jsonl.gz(result.plant)
HOLD,3c0ea627ab69756d,A,torus,async,1,16,6,12,0,,notRP:family_plant>=.75|flat:no_selectable_gradient,,,,,,,,,,,,,,,,,ADMISSIBLE,False,0.9883,,,,,,,hold_latch,0.9414,True,,IN_SPACE,C1,recorded hold_latch acc 0.941 at own prog_len,0.9883,"W2-T combined lc+exact-wake, held set",PLANT_SOLVED_IN_SPACE,recorded hold_latch acc 0.941 at own prog_len,True,True,True,roles/Ananke/pte/c1_rows/cells.jsonl.gz(result.plant)
HOLD,3eb81c1cf7f2f415,B,global,sync,2,8,1,16,0,,notRP:family_plant>=.75|V?:held_lo99>.5_but_not_SIGNAL|flat:no_selectable_gradient,,,,,,,,,,,,,,,,,ADMISSIBLE,False,1.0000,,,,,,,hold_latch,0.7500,True,,IN_SPACE,C1,recorded hold_latch acc 0.750 at own prog_len,1.0000,"W2-T combined lc+exact-wake, held set",PLANT_SOLVED_IN_SPACE,recorded hold_latch acc 0.750 at own prog_len,True,True,True,roles/Ananke/pte/c1_rows/cells.jsonl.gz(result.plant)
HOLD,4442b1d058a87494,A,global,sync,2,8,3,12,0,,notRP:family_plant>=.75|flat:no_selectable_gradient,,,,,,,,,,,,,,,,,ADMISSIBLE,False,1.0000,,,,,,,hold_latch,1.0000,True,,IN_SPACE,C1,recorded hold_latch acc 1.000 at own prog_len,1.0000,"W2-T combined lc+exact-wake, held set",PLANT_SOLVED_IN_SPACE,recorded hold_latch acc 1.000 at own prog_len,True,True,True,roles/Ananke/pte/c1_rows/cells.jsonl.gz(result.plant)
HOLD,46fc241e08c968a0,B,global,sync,2,8,0,16,0,,notRP:family_plant>=.75|winners_curse:train_final>>held,,,,,,,,,,,,,,,,,ADMISSIBLE,False,1.0000,,,,,,,hold_latch,1.0000,True,,IN_SPACE,C1,recorded hold_latch acc 1.000 at own prog_len,1.0000,"W2-T combined lc+exact-wake, held set",PLANT_SOLVED_IN_SPACE,recorded hold_latch acc 1.000 at own prog_len,True,True,True,roles/Ananke/pte/c1_rows/cells.jsonl.gz(result.plant)
HOLD,5124b22c3f730b90,A,torus,async,5,4,6,16,0,,notRP:family_plant>=.75|V?:held_lo99>.5_but_not_SIGNAL,,,,,,,,,,,,,,,,,ADMISSIBLE,False,0.8802,,,,,,,hold_latch,0.8724,True,,IN_SPACE,C1,recorded hold_latch acc 0.872 at own prog_len,0.8802,"W2-T combined lc+exact-wake, held set",PLANT_SOLVED_IN_SPACE,recorded hold_latch acc 0.872 at own prog_len,True,True,True,roles/Ananke/pte/c1_rows/cells.jsonl.gz(result.plant)
HOLD,52dafed3808be5e0,B2,global,sync,2,8,3,16,0,,notRP:family_plant>=.75|V?:held_lo99>.5_but_not_SIGNAL,,,,,,,,,,,,,,,,,ADMISSIBLE,False,1.0000,,,,,,,hold_latch,1.0000,True,,IN_SPACE,C1,recorded hold_latch acc 1.000 at own prog_len,1.0000,"W2-T combined lc+exact-wake, held set",PLANT_SOLVED_IN_SPACE,recorded hold_latch acc 1.000 at own prog_len,True,True,True,roles/Ananke/pte/c1_rows/cells.jsonl.gz(result.plant)
HOLD,60eb1738143506cd,D,global,sync,2,8,1,16,0,,notRP:family_plant>=.75,,,,,,,,,,,,,,,,,ADMISSIBLE,False,1.0000,,,,,,,hold_latch,0.7500,True,,IN_SPACE,C1,recorded hold_latch acc 0.750 at own prog_len,1.0000,"W2-T combined lc+exact-wake, held set",PLANT_SOLVED_IN_SPACE,recorded hold_latch acc 0.750 at own prog_len,True,True,True,roles/Ananke/pte/c1_rows/cells.jsonl.gz(result.plant)
HOLD,618d4e586b37ef26,A,ring,sync,1,4,3,12,0,,notRP:family_plant>=.75|flat:no_selectable_gradient|winners_curse:train_final>>held,,,,,,,,,,,,,,,,,ADMISSIBLE,False,1.0000,,,,,,,hold_latch,1.0000,True,,IN_SPACE,C1,recorded hold_latch acc 1.000 at own prog_len,1.0000,"W2-T combined lc+exact-wake, held set",PLANT_SOLVED_IN_SPACE,recorded hold_latch acc 1.000 at own prog_len,True,True,True,roles/Ananke/pte/c1_rows/cells.jsonl.gz(result.plant)
HOLD,6597c043ddd0c362,D,global,sync,2,8,3,16,0,,notRP:family_plant>=.75|V?:held_lo99>.5_but_not_SIGNAL|flat:no_selectable_gradient,,,,,,,,,,,,,,,,,ADMISSIBLE,False,1.0000,,,,,,,hold_latch,1.0000,True,,IN_SPACE,C1,recorded hold_latch acc 1.000 at own prog_len,1.0000,"W2-T combined lc+exact-wake, held set",PLANT_SOLVED_IN_SPACE,recorded hold_latch acc 1.000 at own prog_len,True,True,True,roles/Ananke/pte/c1_rows/cells.jsonl.gz(result.plant)
HOLD,6d2571cda44dd2b5,A,global,sync,2,4,0,12,0,,notRP:family_plant>=.75|V?:held_lo99>.5_but_not_SIGNAL|U?:peak_then_drop,,,,,,,,,,,,,,,,,ADMISSIBLE,False,1.0000,,,,,,,hold_latch,1.0000,True,,IN_SPACE,C1,recorded hold_latch acc 1.000 at own prog_len,1.0000,"W2-T combined lc+exact-wake, held set",PLANT_SOLVED_IN_SPACE,recorded hold_latch acc 1.000 at own prog_len,True,True,True,roles/Ananke/pte/c1_rows/cells.jsonl.gz(result.plant)
HOLD,6f36069476c2e4d4,A,global,sync,5,4,0,12,1,,notRP:family_plant>=.75|V?:held_lo99>.5_but_not_SIGNAL,,,,,,,,,,,,,,,,,ADMISSIBLE,False,1.0000,,,,"lottery-panel (rules=4, near-SIGNAL NULL)",,,hold_latch,1.0000,True,,IN_SPACE,C1,recorded hold_latch acc 1.000 at own prog_len,1.0000,"W2-T combined lc+exact-wake, held set",PLANT_SOLVED_IN_SPACE,recorded hold_latch acc 1.000 at own prog_len,True,True,True,roles/Ananke/pte/c1_rows/cells.jsonl.gz(result.plant)
HOLD,7b939a4224fa1129,A,random,sync,3,8,3,16,0,,notRP:family_plant>=.75|V?:held_lo99>.5_but_not_SIGNAL,,,,,,,,,,,,,,,,,ADMISSIBLE,False,1.0000,,,,,,,hold_latch,1.0000,True,,IN_SPACE,C1,recorded hold_latch acc 1.000 at own prog_len,1.0000,"W2-T combined lc+exact-wake, held set",PLANT_SOLVED_IN_SPACE,recorded hold_latch acc 1.000 at own prog_len,True,True,True,roles/Ananke/pte/c1_rows/cells.jsonl.gz(result.plant)
HOLD,90674379a02e129c,B,global,sync,2,8,3,16,0,,notRP:family_plant>=.75|V?:held_lo99>.5_but_not_SIGNAL,,,,,,,,,,,,,,,,,ADMISSIBLE,False,1.0000,,,,,,,hold_latch,1.0000,True,,IN_SPACE,C1,recorded hold_latch acc 1.000 at own prog_len,1.0000,"W2-T combined lc+exact-wake, held set",PLANT_SOLVED_IN_SPACE,recorded hold_latch acc 1.000 at own prog_len,True,True,True,roles/Ananke/pte/c1_rows/cells.jsonl.gz(result.plant)
HOLD,920bbd5a9a1ba4ac,A,ring,sync,3,4,3,16,0,,notRP:family_plant>=.75|flat:no_selectable_gradient,,,,,,,,,,,,,,,,,ADMISSIBLE,False,1.0000,,,,,,,hold_latch,1.0000,True,,IN_SPACE,C1,recorded hold_latch acc 1.000 at own prog_len,1.0000,"W2-T combined lc+exact-wake, held set",PLANT_SOLVED_IN_SPACE,recorded hold_latch acc 1.000 at own prog_len,True,True,True,roles/Ananke/pte/c1_rows/cells.jsonl.gz(result.plant)
HOLD,9e0a342f0883cda2,A,torus,async,3,4,1,12,0,,flat:no_selectable_gradient,,,,,,,,,,,,,,,,,ADMISSIBLE,False,0.9779,,,,,,,hold_latch,0.7148,True,,IN_SPACE,C1,recorded hold_latch acc 0.715 at own prog_len,0.9779,"W2-T combined lc+exact-wake, held set",PLANT_SOLVED_IN_SPACE,recorded hold_latch acc 0.715 at own prog_len,True,True,True,roles/Ananke/pte/c1_rows/cells.jsonl.gz(result.plant)
HOLD,ac9281358f72282f,A,ring,async,3,8,6,16,1,,notRP:family_plant>=.75|V?:held_lo99>.5_but_not_SIGNAL,,,,,,,,,,,,,,,,,ADMISSIBLE,False,0.9661,,,,"lottery-panel (rules=4, near-SIGNAL NULL)",,,hold_latch,0.9401,True,,IN_SPACE,C1,recorded hold_latch acc 0.940 at own prog_len,0.9661,"W2-T combined lc+exact-wake, held set",PLANT_SOLVED_IN_SPACE,recorded hold_latch acc 0.940 at own prog_len,True,True,True,roles/Ananke/pte/c1_rows/cells.jsonl.gz(result.plant)
HOLD,b87aa64f1a820af5,A,random,async,3,16,0,12,0,,notRP:family_plant>=.75|V?:held_lo99>.5_but_not_SIGNAL,,,,,,,,,,,,,,,,,ADMISSIBLE,False,0.8815,,,,"lottery-panel (rules=2, near-SIGNAL NULL)",,,hold_latch,0.8698,True,,IN_SPACE,C1,recorded hold_latch acc 0.870 at own prog_len,0.8815,"W2-T combined lc+exact-wake, held set",PLANT_SOLVED_IN_SPACE,recorded hold_latch acc 0.870 at own prog_len,True,True,True,roles/Ananke/pte/c1_rows/cells.jsonl.gz(result.plant)
HOLD,c0244972f9758022,A,smallworld,async,2,16,0,12,0,,notRP:family_plant>=.75,,,,,,,,,,,,,,,,,ADMISSIBLE,False,0.8841,,,,,,,hold_latch,0.8880,True,,IN_SPACE,C1,recorded hold_latch acc 0.888 at own prog_len,0.8841,"W2-T combined lc+exact-wake, held set",PLANT_SOLVED_IN_SPACE,recorded hold_latch acc 0.888 at own prog_len,True,True,True,roles/Ananke/pte/c1_rows/cells.jsonl.gz(result.plant)
HOLD,c7c60c428afdfb03,A,smallworld,async,2,4,0,16,0,,notRP:family_plant>=.75,,,,,,,,,,,,,,,,,ADMISSIBLE,False,0.9818,,,,,,,hold_latch,0.9635,True,,IN_SPACE,C1,recorded hold_latch acc 0.964 at own prog_len,0.9818,"W2-T combined lc+exact-wake, held set",PLANT_SOLVED_IN_SPACE,recorded hold_latch acc 0.964 at own prog_len,True,True,True,roles/Ananke/pte/c1_rows/cells.jsonl.gz(result.plant)
HOLD,ce12e730e642c65a,A,ring,sync,2,4,6,16,1,,notRP:family_plant>=.75|V?:held_lo99>.5_but_not_SIGNAL|flat:no_selectable_gradient,,,,,,,,,,,,,,,,,ADMISSIBLE,False,1.0000,,,,"lottery-panel (rules=2, near-SIGNAL NULL)",,,hold_latch,1.0000,True,,IN_SPACE,C1,recorded hold_latch acc 1.000 at own prog_len,1.0000,"W2-T combined lc+exact-wake, held set",PLANT_SOLVED_IN_SPACE,recorded hold_latch acc 1.000 at own prog_len,True,True,True,roles/Ananke/pte/c1_rows/cells.jsonl.gz(result.plant)
HOLD,cf137b446c25df9a,A,smallworld,sync,3,4,6,16,0,,notRP:family_plant>=.75|flat:no_selectable_gradient,,,,,,,,,,,,,,,,,ADMISSIBLE,False,1.0000,,,,,,,hold_latch,1.0000,True,,IN_SPACE,C1,recorded hold_latch acc 1.000 at own prog_len,1.0000,"W2-T combined lc+exact-wake, held set",PLANT_SOLVED_IN_SPACE,recorded hold_latch acc 1.000 at own prog_len,True,True,True,roles/Ananke/pte/c1_rows/cells.jsonl.gz(result.plant)
HOLD,d6bfd83ad1dfd8ad,A,smallworld,sync,3,4,3,12,0,,notRP:family_plant>=.75|flat:no_selectable_gradient,,,,,,,,,,,,,,,,,ADMISSIBLE,False,1.0000,,,,,,,hold_latch,1.0000,True,,IN_SPACE,C1,recorded hold_latch acc 1.000 at own prog_len,1.0000,"W2-T combined lc+exact-wake, held set",PLANT_SOLVED_IN_SPACE,recorded hold_latch acc 1.000 at own prog_len,True,True,True,roles/Ananke/pte/c1_rows/cells.jsonl.gz(result.plant)
HOLD,d8e7e83026b10ad0,A,smallworld,async,2,16,6,16,1,,notRP:family_plant>=.75|V?:held_lo99>.5_but_not_SIGNAL|U?:peak_then_drop,,,,,,,,,,,,,,,,,ADMISSIBLE,False,0.8672,,,,"lottery-panel (rules=2, near-SIGNAL NULL)",,,hold_latch,0.8516,True,,IN_SPACE,C1,recorded hold_latch acc 0.852 at own prog_len,0.8672,"W2-T combined lc+exact-wake, held set",PLANT_SOLVED_IN_SPACE,recorded hold_latch acc 0.852 at own prog_len,True,True,True,roles/Ananke/pte/c1_rows/cells.jsonl.gz(result.plant)
HOLD,e544cd3fc32b0576,A,global,sync,2,16,6,12,0,,notRP:family_plant>=.75,,,,,,,,,,,,,,,,,ADMISSIBLE,False,1.0000,,,,,,,hold_latch,0.9531,True,,IN_SPACE,C1,recorded hold_latch acc 0.953 at own prog_len,1.0000,"W2-T combined lc+exact-wake, held set",PLANT_SOLVED_IN_SPACE,recorded hold_latch acc 0.953 at own prog_len,True,True,True,roles/Ananke/pte/c1_rows/cells.jsonl.gz(result.plant)
HOLD,f4ed42fe34bf7938,A,torus,async,5,16,6,12,0,,notRP:family_plant>=.75|flat:no_selectable_gradient,,,,,,,,,,,,,,,,,ADMISSIBLE,False,0.9805,,,,,,,hold_latch,0.9688,True,,IN_SPACE,C1,recorded hold_latch acc 0.969 at own prog_len,0.9805,"W2-T combined lc+exact-wake, held set",PLANT_SOLVED_IN_SPACE,recorded hold_latch acc 0.969 at own prog_len,True,True,True,roles/Ananke/pte/c1_rows/cells.jsonl.gz(result.plant)
HOLD,f694455c7f47cd79,A,torus,async,2,16,0,12,0,,notRP:family_plant>=.75|V?:held_lo99>.5_but_not_SIGNAL,,,,,,,,,,,,,,,,,ADMISSIBLE,False,0.9635,,,,,,,hold_latch,0.9714,True,,IN_SPACE,C1,recorded hold_latch acc 0.971 at own prog_len,0.9635,"W2-T combined lc+exact-wake, held set",PLANT_SOLVED_IN_SPACE,recorded hold_latch acc 0.971 at own prog_len,True,True,True,roles/Ananke/pte/c1_rows/cells.jsonl.gz(result.plant)
HOLD,ffbdec4001539a0b,A,global,async,5,8,1,16,1,,flat:no_selectable_gradient,,,,,,,,,,,,,,,,,ADMISSIBLE,False,0.8685,,,,,,,hold_latch,0.6862,True,,IN_SPACE,C1,recorded hold_latch acc 0.686 at own prog_len,0.8685,"W2-T combined lc+exact-wake, held set",PLANT_SOLVED_IN_SPACE,recorded hold_latch acc 0.686 at own prog_len,True,True,True,roles/Ananke/pte/c1_rows/cells.jsonl.gz(result.plant)
HOLD,01411874984497ab,B,global,async,5,16,3,8,0,,notRP:family_plant>=.75|flat:no_selectable_gradient,,,,,,,,,,,,,,,,,ADMISSIBLE,False,0.9831,,,,,,,hold_latch,0.9896,False,,OVERRIDE,C1,recorded hold_latch acc 0.990 only at prog_len 12 > own 8,0.9831,"W2-T combined lc+exact-wake, held set",PLANT_SOLVED_OVERRIDE,recorded hold_latch acc 0.990 only at prog_len 12 > own 8,True,False,False,roles/Ananke/pte/c1_rows/cells.jsonl.gz(result.plant)
HOLD,0fa41a3ec06f89d2,B,global,async,5,16,6,8,0,,notRP:family_plant>=.75|V?:held_lo99>.5_but_not_SIGNAL|flat:no_selectable_gradient,,,,,,,,,,,,,,,,,ADMISSIBLE,False,0.9805,,,,,,,hold_latch,0.9792,False,,OVERRIDE,C1,recorded hold_latch acc 0.979 only at prog_len 12 > own 8,0.9805,"W2-T combined lc+exact-wake, held set",PLANT_SOLVED_OVERRIDE,recorded hold_latch acc 0.979 only at prog_len 12 > own 8,True,False,False,roles/Ananke/pte/c1_rows/cells.jsonl.gz(result.plant)
HOLD,413feb8118836020,B,global,async,5,16,3,8,0,,notRP:family_plant>=.75|V?:held_lo99>.5_but_not_SIGNAL,,,,,,,,,,,,,,,,,ADMISSIBLE,False,0.9622,,,,,,,hold_latch,0.9661,False,,OVERRIDE,C1,recorded hold_latch acc 0.966 only at prog_len 12 > own 8,0.9622,"W2-T combined lc+exact-wake, held set",PLANT_SOLVED_OVERRIDE,recorded hold_latch acc 0.966 only at prog_len 12 > own 8,True,False,False,roles/Ananke/pte/c1_rows/cells.jsonl.gz(result.plant)
HOLD,427faaa3db1035e2,B,global,async,5,16,1,8,0,,notRP:family_plant>=.75|flat:no_selectable_gradient,,,,,,,,,,,,,,,,,ADMISSIBLE,False,0.9870,,,,,,,hold_latch,0.9896,False,,OVERRIDE,C1,recorded hold_latch acc 0.990 only at prog_len 12 > own 8,0.9870,"W2-T combined lc+exact-wake, held set",PLANT_SOLVED_OVERRIDE,recorded hold_latch acc 0.990 only at prog_len 12 > own 8,True,False,False,roles/Ananke/pte/c1_rows/cells.jsonl.gz(result.plant)
HOLD,4a760c6e88f051d5,A,smallworld,sync,1,8,1,8,0,,notRP:family_plant>=.75|flat:no_selectable_gradient,,,,,,,,,,,,,,,,,ADMISSIBLE,False,1.0000,,,,,,,hold_latch,1.0000,False,,OVERRIDE,C1,recorded hold_latch acc 1.000 only at prog_len 12 > own 8,1.0000,"W2-T combined lc+exact-wake, held set",PLANT_SOLVED_OVERRIDE,recorded hold_latch acc 1.000 only at prog_len 12 > own 8,True,False,False,roles/Ananke/pte/c1_rows/cells.jsonl.gz(result.plant)
HOLD,4e35e77672f48dad,B,global,async,5,16,0,8,0,,notRP:family_plant>=.75|V?:held_lo99>.5_but_not_SIGNAL,,,,,,,,,,,,,,,,,ADMISSIBLE,False,0.9701,,,,,,,hold_latch,0.9766,False,,OVERRIDE,C1,recorded hold_latch acc 0.977 only at prog_len 12 > own 8,0.9701,"W2-T combined lc+exact-wake, held set",PLANT_SOLVED_OVERRIDE,recorded hold_latch acc 0.977 only at prog_len 12 > own 8,True,False,False,roles/Ananke/pte/c1_rows/cells.jsonl.gz(result.plant)
HOLD,5358736c4b506dba,B,global,async,5,16,6,8,0,,notRP:family_plant>=.75|flat:no_selectable_gradient,,,,,,,,,,,,,,,,,ADMISSIBLE,False,0.9857,,,,,,,hold_latch,1.0000,False,,OVERRIDE,C1,recorded hold_latch acc 1.000 only at prog_len 12 > own 8,0.9857,"W2-T combined lc+exact-wake, held set",PLANT_SOLVED_OVERRIDE,recorded hold_latch acc 1.000 only at prog_len 12 > own 8,True,False,False,roles/Ananke/pte/c1_rows/cells.jsonl.gz(result.plant)
HOLD,6bca6faa6bf10d31,B,global,async,5,16,3,8,0,,notRP:family_plant>=.75|flat:no_selectable_gradient,,,,,,,,,,,,,,,,,ADMISSIBLE,False,0.9740,,,,,,,hold_latch,0.9740,False,,OVERRIDE,C1,recorded hold_latch acc 0.974 only at prog_len 12 > own 8,0.9740,"W2-T combined lc+exact-wake, held set",PLANT_SOLVED_OVERRIDE,recorded hold_latch acc 0.974 only at prog_len 12 > own 8,True,False,False,roles/Ananke/pte/c1_rows/cells.jsonl.gz(result.plant)
HOLD,6c48a6492da69dc1,A,random,sync,3,4,6,8,0,,notRP:family_plant>=.75|flat:no_selectable_gradient,,,,,,,,,,,,,,,,,ADMISSIBLE,False,1.0000,,,,,,,hold_latch,1.0000,False,,OVERRIDE,C1,recorded hold_latch acc 1.000 only at prog_len 12 > own 8,1.0000,"W2-T combined lc+exact-wake, held set",PLANT_SOLVED_OVERRIDE,recorded hold_latch acc 1.000 only at prog_len 12 > own 8,True,False,False,roles/Ananke/pte/c1_rows/cells.jsonl.gz(result.plant)
HOLD,71e6b06eece536ff,B,global,async,5,16,1,8,0,,notRP:family_plant>=.75|flat:no_selectable_gradient|winners_curse:train_final>>held,,,,,,,,,,,,,,,,,ADMISSIBLE,False,0.9831,,,,,,,hold_latch,0.9844,False,,OVERRIDE,C1,recorded hold_latch acc 0.984 only at prog_len 12 > own 8,0.9831,"W2-T combined lc+exact-wake, held set",PLANT_SOLVED_OVERRIDE,recorded hold_latch acc 0.984 only at prog_len 12 > own 8,True,False,False,roles/Ananke/pte/c1_rows/cells.jsonl.gz(result.plant)
HOLD,85da1114ebc4e19b,B,global,async,5,16,3,8,0,,notRP:family_plant>=.75|flat:no_selectable_gradient,,,,,,,,,,,,,,,,,ADMISSIBLE,False,0.9753,,,,,,,hold_latch,0.9922,False,,OVERRIDE,C1,recorded hold_latch acc 0.992 only at prog_len 12 > own 8,0.9753,"W2-T combined lc+exact-wake, held set",PLANT_SOLVED_OVERRIDE,recorded hold_latch acc 0.992 only at prog_len 12 > own 8,True,False,False,roles/Ananke/pte/c1_rows/cells.jsonl.gz(result.plant)
HOLD,95c36dd27a4ceae2,B,global,async,5,16,3,8,0,,notRP:family_plant>=.75|flat:no_selectable_gradient,,,,,,,,,,,,,,,,,ADMISSIBLE,False,0.9818,,,,,,,hold_latch,0.9688,False,,OVERRIDE,C1,recorded hold_latch acc 0.969 only at prog_len 12 > own 8,0.9818,"W2-T combined lc+exact-wake, held set",PLANT_SOLVED_OVERRIDE,recorded hold_latch acc 0.969 only at prog_len 12 > own 8,True,False,False,roles/Ananke/pte/c1_rows/cells.jsonl.gz(result.plant)
HOLD,ace4b5999e620830,A,torus,async,5,16,3,8,0,,notRP:family_plant>=.75|flat:no_selectable_gradient,,,,,,,,,,,,,,,,,ADMISSIBLE,False,0.9831,,,,,,,hold_latch,0.9570,False,,OVERRIDE,C1,recorded hold_latch acc 0.957 only at prog_len 12 > own 8,0.9831,"W2-T combined lc+exact-wake, held set",PLANT_SOLVED_OVERRIDE,recorded hold_latch acc 0.957 only at prog_len 12 > own 8,True,False,False,roles/Ananke/pte/c1_rows/cells.jsonl.gz(result.plant)
HOLD,b0b440ebff793446,A,torus,sync,1,4,6,8,0,,notRP:family_plant>=.75|flat:no_selectable_gradient,,,,,,,,,,,,,,,,,ADMISSIBLE,False,1.0000,,,,,,,hold_latch,1.0000,False,,OVERRIDE,C1,recorded hold_latch acc 1.000 only at prog_len 12 > own 8,1.0000,"W2-T combined lc+exact-wake, held set",PLANT_SOLVED_OVERRIDE,recorded hold_latch acc 1.000 only at prog_len 12 > own 8,True,False,False,roles/Ananke/pte/c1_rows/cells.jsonl.gz(result.plant)
HOLD,bc0ef6a1ee68fcce,A,smallworld,sync,3,8,1,8,1,,notRP:family_plant>=.75|flat:no_selectable_gradient,,,,,,,,,,,,,,,,,ADMISSIBLE,False,1.0000,,,,,,,hold_latch,0.7500,False,,OVERRIDE,C1,recorded hold_latch acc 0.750 only at prog_len 12 > own 8,1.0000,"W2-T combined lc+exact-wake, held set",PLANT_SOLVED_OVERRIDE,recorded hold_latch acc 0.750 only at prog_len 12 > own 8,True,False,False,roles/Ananke/pte/c1_rows/cells.jsonl.gz(result.plant)
HOLD,c09951f4bf41ff7d,B,global,async,5,16,3,8,0,,notRP:family_plant>=.75|V?:held_lo99>.5_but_not_SIGNAL|flat:no_selectable_gradient,,,,,,,,,,,,,,,,,ADMISSIBLE,False,0.9805,,,,,,,hold_latch,0.9740,False,,OVERRIDE,C1,recorded hold_latch acc 0.974 only at prog_len 12 > own 8,0.9805,"W2-T combined lc+exact-wake, held set",PLANT_SOLVED_OVERRIDE,recorded hold_latch acc 0.974 only at prog_len 12 > own 8,True,False,False,roles/Ananke/pte/c1_rows/cells.jsonl.gz(result.plant)
HOLD,c2bbc9d84715a3ce,B,global,async,5,16,3,8,0,,notRP:family_plant>=.75|flat:no_selectable_gradient,,,,,,,,,,,,,,,,,ADMISSIBLE,False,0.9727,,,,,,,hold_latch,0.9896,False,,OVERRIDE,C1,recorded hold_latch acc 0.990 only at prog_len 12 > own 8,0.9727,"W2-T combined lc+exact-wake, held set",PLANT_SOLVED_OVERRIDE,recorded hold_latch acc 0.990 only at prog_len 12 > own 8,True,False,False,roles/Ananke/pte/c1_rows/cells.jsonl.gz(result.plant)
HOLD,c5e3a645e418ad3e,B,global,async,5,16,6,8,0,,notRP:family_plant>=.75|flat:no_selectable_gradient|winners_curse:train_final>>held,,,,,,,,,,,,,,,,,ADMISSIBLE,False,0.9805,,,,,,,hold_latch,0.9766,False,,OVERRIDE,C1,recorded hold_latch acc 0.977 only at prog_len 12 > own 8,0.9805,"W2-T combined lc+exact-wake, held set",PLANT_SOLVED_OVERRIDE,recorded hold_latch acc 0.977 only at prog_len 12 > own 8,True,False,False,roles/Ananke/pte/c1_rows/cells.jsonl.gz(result.plant)
HOLD,ebaea8aa631ab452,A,torus,sync,1,16,0,8,0,,notRP:family_plant>=.75,,,,,,,,,,,,,,,,,ADMISSIBLE,False,1.0000,,,,,,,hold_latch,1.0000,False,,OVERRIDE,C1,recorded hold_latch acc 1.000 only at prog_len 12 > own 8,1.0000,"W2-T combined lc+exact-wake, held set",PLANT_SOLVED_OVERRIDE,recorded hold_latch acc 1.000 only at prog_len 12 > own 8,True,False,False,roles/Ananke/pte/c1_rows/cells.jsonl.gz(result.plant)
HOLD,f355264a0ac47301,B,global,async,5,16,3,8,0,,notRP:family_plant>=.75|flat:no_selectable_gradient|winners_curse:train_final>>held,,,,,,,,,,,,,,,,,ADMISSIBLE,False,0.9870,,,,,,,hold_latch,0.9922,False,,OVERRIDE,C1,recorded hold_latch acc 0.992 only at prog_len 12 > own 8,0.9870,"W2-T combined lc+exact-wake, held set",PLANT_SOLVED_OVERRIDE,recorded hold_latch acc 0.992 only at prog_len 12 > own 8,True,False,False,roles/Ananke/pte/c1_rows/cells.jsonl.gz(result.plant)
HOLD,f60ed5d12e038ba4,B,global,async,5,16,3,8,0,,notRP:family_plant>=.75|flat:no_selectable_gradient,,,,,,,,,,,,,,,,,ADMISSIBLE,False,0.9740,,,,,,,hold_latch,0.9688,False,,OVERRIDE,C1,recorded hold_latch acc 0.969 only at prog_len 12 > own 8,0.9740,"W2-T combined lc+exact-wake, held set",PLANT_SOLVED_OVERRIDE,recorded hold_latch acc 0.969 only at prog_len 12 > own 8,True,False,False,roles/Ananke/pte/c1_rows/cells.jsonl.gz(result.plant)
HOLD,f7613ec4bb78979f,A,global,async,2,4,3,8,1,,notRP:family_plant>=.75|V?:held_lo99>.5_but_not_SIGNAL,,,,,,,,,,,,,,,,,ADMISSIBLE,False,0.8802,,,,,,,hold_latch,0.8620,False,,OVERRIDE,C1,recorded hold_latch acc 0.862 only at prog_len 12 > own 8,0.8802,"W2-T combined lc+exact-wake, held set",PLANT_SOLVED_OVERRIDE,recorded hold_latch acc 0.862 only at prog_len 12 > own 8,True,False,False,roles/Ananke/pte/c1_rows/cells.jsonl.gz(result.plant)
