{
  "experiment_5": {
    "experiment": "5_ST_arithmetic_coding",
    "n_curves": 30779,
    "spearman_surprise_rank": {
      "rho": -0.039774057571868186,
      "p": 2.9430453156591088e-12
    },
    "partial_spearman_surprise_rank_cond": {
      "rho": -0.03359719047684846,
      "p": 3.73102051205422e-09
    },
    "spearman_excess_entropy_rank": {
      "rho": 0.03302801546669574,
      "p": 6.801142896847075e-09
    },
    "conductor_bin_analysis": [
      {
        "bin": 0,
        "log_cond_range": [
          1.0791812460476249,
          3.159266331093494
        ],
        "n": 7691,
        "rho": -0.0012692329051136337,
        "p": 0.9113851322462492
      },
      {
        "bin": 1,
        "log_cond_range": [
          3.159266331093494,
          3.4243915544102776
        ],
        "n": 7697,
        "rho": -0.05472554762356589,
        "p": 1.5550193834872462e-06
      },
      {
        "bin": 2,
        "log_cond_range": [
          3.4243915544102776,
          3.585573518622731
        ],
        "n": 7681,
        "rho": -0.0627004933341648,
        "p": 3.805008343916688e-08
      },
      {
        "bin": 3,
        "log_cond_range": [
          3.585573518622731,
          3.69888313675259
        ],
        "n": 7710,
        "rho": -0.028282349986240272,
        "p": 0.013010883729822707
      }
    ],
    "f33_null": {
      "mean": -0.00043238503967459643,
      "std": 0.005786925463036652,
      "z": -6.798372084915524
    },
    "f34_null": {
      "mean": -0.00015191758858184722,
      "std": 0.005691162832206404,
      "z": -6.962046447186823
    },
    "rank_summary": {
      "0": {
        "n": 15447,
        "mean_surprise": 0.8989895447055181,
        "std_surprise": 0.06606593097523264,
        "mean_excess_entropy": -0.7402426314295021
      },
      "1": {
        "n": 14643,
        "mean_surprise": 0.889497089340436,
        "std_surprise": 0.0677871348414903,
        "mean_excess_entropy": -0.7161118673062967
      },
      "2": {
        "n": 689,
        "mean_surprise": 0.9429093549148775,
        "std_surprise": 0.06583329849381983,
        "mean_excess_entropy": -0.773979551627135
      }
    },
    "elapsed_s": 12.049482822418213
  },
  "experiment_6": {
    "experiment": "6_cross_form_resonance",
    "n_ec": 5000,
    "n_maass": 5000,
    "n_pairs": 50000,
    "lag0_corr_stats": {
      "mean": 0.002178291279861768,
      "std": 0.20221462326118786,
      "median": 0.0021649216427508562
    },
    "max_corr_stats": {
      "mean": 0.4091343065000205,
      "std": 0.09358770277354544,
      "p95": 0.5726816601899224,
      "p99": 0.6446128568523893,
      "max": 0.8467652067461212
    },
    "null_max_corr_stats": {
      "mean": 0.41277152216406365,
      "std": 0.09509084974622067
    },
    "n_anomalous_z5": 0,
    "anomalous_pairs": [],
    "spearman_max_corr_vs_rank": {
      "rho": -0.00029138276106783497,
      "p": 0.9480517533036855
    },
    "dtw_analysis": {
      "n_pairs": 1000,
      "dtw_mean": 4.495974230669706,
      "dtw_std": 0.5855408312076571,
      "euclidean_mean": 7.035036632757136,
      "euclidean_std": 0.7135588976135049,
      "spearman_dtw_euc": {
        "rho": 0.28193305793305795,
        "p": 9.96180646910472e-20
      },
      "n_shape_similar": 5,
      "shape_similar_pairs": [
        {
          "ec_label": "486.d1",
          "maass_id": "53224021acf7561258808cfe",
          "dtw_dist": 3.572488464650906,
          "euc_dist": 7.944453423913412,
          "pearson_r": -0.26228680409459093
        },
        {
          "ec_label": "192.d6",
          "maass_id": "53223d72acf7561258808949",
          "dtw_dist": 3.4356195124450406,
          "euc_dist": 8.353904455088653,
          "pearson_r": -0.3957543928950011
        },
        {
          "ec_label": "873.c2",
          "maass_id": "53238971acf7561c22dbc6b8",
          "dtw_dist": 3.51418298777772,
          "euc_dist": 7.841854225845104,
          "pearson_r": -0.22989355398809458
        },
        {
          "ec_label": "598.a1",
          "maass_id": "532237b0acf7561258808165",
          "dtw_dist": 3.322533055183843,
          "euc_dist": 7.881729127341243,
          "pearson_r": -0.2424330807355872
        },
        {
          "ec_label": "874.d1",
          "maass_id": "53223a02acf756125880848d",
          "dtw_dist": 3.268249326578003,
          "euc_dist": 7.753621985976719,
          "pearson_r": -0.2023730780284303
        }
      ]
    },
    "elapsed_s": 19.05319380760193
  }
}