{
  "n_curves": 31073,
  "rank_distribution": {
    "0": 15599,
    "1": 14783,
    "2": 691
  },
  "metrics": {
    "gzip_ratio": {
      "spearman_rho_rank": 0.03550486453928054,
      "spearman_p_rank": 3.841034982747204e-10,
      "eta2_rank": 0.0014347569995332566,
      "spearman_rho_conductor": 0.011539030215220366,
      "spearman_p_conductor": 0.04194831820159634,
      "eta2_conductor": 0.0021938871006570906,
      "conductor_dominates": false,
      "rho_after_sign_control": 0.1894060826089395,
      "sign_bias_explains_70pct": false,
      "within_conductor_median_rho": 0.0459979082548493,
      "within_conductor_n_bins": 11,
      "ks_r0_vs_r1": 0.03261443818540577,
      "ks_p": 1.894882620412321e-07,
      "cohens_d_r0_vs_r1": -0.06941358758770882,
      "mean_r0": 1.1902429642925827,
      "mean_r1": 1.1931867685855373,
      "permutation_p": 0.0,
      "f33_ordinal_artifact": false,
      "verdict": "SURVIVES",
      "kill_reasons": []
    },
    "shannon_entropy": {
      "spearman_rho_rank": 0.07652075685699396,
      "spearman_p_rank": 1.4030278857437173e-41,
      "eta2_rank": 0.005982993155075121,
      "spearman_rho_conductor": 0.030728616921748525,
      "spearman_p_conductor": 6.035063293186104e-08,
      "eta2_conductor": 0.0037215947957666994,
      "conductor_dominates": false,
      "rho_after_sign_control": 0.24226622135164447,
      "sign_bias_explains_70pct": false,
      "within_conductor_median_rho": 0.07985432655509521,
      "within_conductor_n_bins": 11,
      "ks_r0_vs_r1": 0.05814101913097436,
      "ks_p": 9.607569315993915e-23,
      "cohens_d_r0_vs_r1": -0.11348455749386625,
      "mean_r0": 3.5204336367153624,
      "mean_r1": 3.5533074330935706,
      "permutation_p": 0.0,
      "f33_ordinal_artifact": false,
      "verdict": "SURVIVES",
      "kill_reasons": []
    },
    "kolmogorov_proxy": {
      "spearman_rho_rank": 0.03550486453928054,
      "spearman_p_rank": 3.841034982747204e-10,
      "eta2_rank": 0.001434756999533245,
      "spearman_rho_conductor": 0.011539030215220366,
      "spearman_p_conductor": 0.04194831820159634,
      "eta2_conductor": 0.002193887100657178,
      "conductor_dominates": false,
      "rho_after_sign_control": 0.1894060826089395,
      "sign_bias_explains_70pct": false,
      "within_conductor_median_rho": 0.0459979082548493,
      "within_conductor_n_bins": 11,
      "ks_r0_vs_r1": 0.03261443818540577,
      "ks_p": 1.894882620412321e-07,
      "cohens_d_r0_vs_r1": -0.06941358758770884,
      "mean_r0": 0.9502429642925828,
      "mean_r1": 0.9531867685855374,
      "permutation_p": 0.0,
      "f33_ordinal_artifact": false,
      "verdict": "SURVIVES",
      "kill_reasons": []
    },
    "lz_complexity": {
      "spearman_rho_rank": -0.17967027715571163,
      "spearman_p_rank": 1.0133733280779007e-223,
      "eta2_rank": 0.06237900565417006,
      "spearman_rho_conductor": 0.00304852522047177,
      "spearman_p_conductor": 0.591019320514582,
      "eta2_conductor": 0.0006689926965861357,
      "conductor_dominates": false,
      "rho_after_sign_control": 0.05023927754426208,
      "sign_bias_explains_70pct": true,
      "within_conductor_median_rho": -0.19913184098822215,
      "within_conductor_n_bins": 11,
      "ks_r0_vs_r1": 0.1114594844110528,
      "ks_p": 1.38756479948197e-82,
      "cohens_d_r0_vs_r1": 0.2795878616679238,
      "mean_r0": 1.8917425014936657,
      "mean_r1": 1.8376640195959517,
      "permutation_p": 0.0,
      "f33_ordinal_artifact": false,
      "verdict": "KILLED",
      "kill_reasons": [
        "sign bias explains >70%"
      ]
    },
    "recurrence_residual": {
      "spearman_rho_rank": 0.013247568880167957,
      "spearman_p_rank": 0.019531492379827438,
      "eta2_rank": 0.0033431653788607244,
      "spearman_rho_conductor": 0.004925302015181766,
      "spearman_p_conductor": 0.3852959716140453,
      "eta2_conductor": 0.002686582063128574,
      "conductor_dominates": false,
      "rho_after_sign_control": 0.0004416841627608831,
      "sign_bias_explains_70pct": true,
      "within_conductor_median_rho": 0.0232305356322431,
      "within_conductor_n_bins": 11,
      "ks_r0_vs_r1": 0.01417260086325145,
      "ks_p": 0.0938979831767488,
      "cohens_d_r0_vs_r1": 0.021324874077905964,
      "mean_r0": 0.87904830797503,
      "mean_r1": 0.87713587628607,
      "permutation_p": 0.016,
      "f33_ordinal_artifact": false,
      "verdict": "KILLED",
      "kill_reasons": [
        "sign bias explains >70%"
      ]
    }
  },
  "kill_prediction_confirmed": false
}