{
  "base": "e",
  "megethos": {
    "equation": "M(x) = ln N(x)"
  },
  "bathos_sigmoid": {
    "a": 0.3890641710155207,
    "a_err": 0.03217751688611113,
    "b": 2.9035216496847855,
    "b_err": 0.21863804221660743,
    "r2": 0.6962752723607215,
    "M_50": 7.462834838032302,
    "N_50": 1742.0795774573457,
    "closest_a": "gamma/2",
    "closest_b": "2*ln(3)"
  },
  "arithmos_independence": {
    "spearman_r": -0.08936227625578722,
    "r2": 0.007985616417615632
  }
}