{
  "claim": "Megethos (log-magnitude) is a universal axis accounting for 44% of cross-domain structure",
  "f24": {
    "verdict": "STRONG_EFFECT",
    "eta_squared": 0.8697131276130676,
    "f_statistic": 261545.21118880875,
    "n": 313454,
    "n_groups": 9,
    "ss_between": 272615.0625,
    "ss_total": 313454.0,
    "group_stats": {
      "0": {
        "n": 31073,
        "mean": 0.010163647122681141,
        "std": 0.32646644115448
      },
      "1": {
        "n": 50000,
        "mean": -0.46055513620376587,
        "std": 0.19411388039588928
      },
      "2": {
        "n": 50000,
        "mean": -0.3854701519012451,
        "std": 0.24776801466941833
      },
      "3": {
        "n": 9116,
        "mean": 0.24999436736106873,
        "std": 0.366190105676651
      },
      "6": {
        "n": 66000,
        "mean": 1.6984859704971313,
        "std": 0.540521502494812
      },
      "7": {
        "n": 50000,
        "mean": -0.8236015439033508,
        "std": 0.1043834239244461
      },
      "8": {
        "n": 2977,
        "mean": -1.189094066619873,
        "std": 0.33563244342803955
      },
      "9": {
        "n": 39293,
        "mean": -0.22698402404785156,
        "std": 0.3342210650444031
      },
      "10": {
        "n": 14995,
        "mean": -1.2507297992706299,
        "std": 0.67343670129776
      }
    }
  },
  "f25": {
    "verdict": "NOT_TRANSPORTABLE",
    "weighted_oos_r2": -3.658091106012322,
    "per_group": {
      "0": {
        "n_test": 31073,
        "oos_r2": -3.031918525695801
      },
      "1": {
        "n_test": 50000,
        "oos_r2": 0.5007714033126831
      },
      "2": {
        "n_test": 50000,
        "oos_r2": 0.7196605801582336
      },
      "3": {
        "n_test": 9116,
        "oos_r2": -4.908579349517822
      },
      "6": {
        "n_test": 66000,
        "oos_r2": -5.747130393981934
      },
      "7": {
        "n_test": 50000,
        "oos_r2": -14.226804733276367
      },
      "8": {
        "n_test": 2977,
        "oos_r2": -0.4757145643234253
      },
      "9": {
        "n_test": 39293,
        "oos_r2": 0.6662391424179077
      },
      "10": {
        "n_test": 14995,
        "oos_r2": -0.18799364566802979
      }
    }
  },
  "f1": {
    "verdict": "SURVIVES",
    "p_value": 9.999000099990002e-05,
    "z_score": 8640.625818611445,
    "real_eta2": 0.8672956824302673,
    "null_mean_eta2": 0.00020221623708494008,
    "null_std_eta2": 0.0001003507713903673,
    "n_permutations": 10000
  },
  "rotation": {
    "verdict": "COORDINATE_DEPENDENT",
    "mean_fractional_change": 1.4159178853034973,
    "std_change": 0.14494163545085084,
    "n_rotations": 50
  },
  "arithmetic_to_geometric_r2": -0.37730205059051514,
  "classification": "PARTIAL: Strong effect, significant, but weaker than 44% claim"
}