{
  "2": {
    "error": 0.8753120303153992,
    "compression": 54.4312410296773,
    "bonds": [
      2
    ]
  },
  "3": {
    "error": 0.8351696133613586,
    "compression": 36.287494019784866,
    "bonds": [
      3
    ]
  },
  "5": {
    "error": 0.7653483748435974,
    "compression": 21.77249641187092,
    "bonds": [
      5
    ]
  },
  "8": {
    "error": 0.6926002502441406,
    "compression": 13.607810257419326,
    "bonds": [
      8
    ]
  },
  "10": {
    "error": 0.6463024020195007,
    "compression": 10.88624820593546,
    "bonds": [
      10
    ]
  },
  "15": {
    "error": 0.5433543920516968,
    "compression": 7.257498803956973,
    "bonds": [
      15
    ]
  },
  "20": {
    "error": 0.4702502489089966,
    "compression": 5.44312410296773,
    "bonds": [
      20
    ]
  },
  "30": {
    "error": 0.3614214062690735,
    "compression": 3.6287494019784865,
    "bonds": [
      30
    ]
  },
  "50": {
    "error": 0.2086879462003708,
    "compression": 2.177249641187092,
    "bonds": [
      50
    ]
  }
}