file,line,token,cell_id,kind,wave,family,flagged,severity,terms,nearest_term_chars,kind_named_in_window,context
roles/Ananke/research/harvest/H-PLANT/PLAN.md,120,fac4aaa23a0bdcb2,fac4aaa23a0bdcb2,transfer,C,RELAY,1,HIGH,NULL|held,6,0,"NOP; adopt sign(SENSE+IN0_0), re-emit only on change: every site that changes is a relay). Env: RELAY d=5 at ring radius 3 (ring distance 5 > 3: at least 2 hops, forced), delta 16, block 4 = C1 cell fac4aaa23a0bdcb2 (NULL, held .5). C1-sampled point: d9cc exactly. Chosen physics M0: d9cc lossless variant (loss 0, jitter 0, cap 0, collision none). Extra (off-census env): d=6 = 2*radius as the parent plan literall"
roles/Ananke/research/harvest/H-PLANT/REPORT.md,29,1b26026fc846d03d,1b26026fc846d03d,transfer,C,XOR,1,HIGH,search,40,0,"ll of a pre-declared screen over all 18 C1 XOR rows the plant can run on (screen accuracy .841). Accuracy .805 [.784, .826]. - d9cc, the one XOR point where C1 searched (C1 cells d64656f26736d37c and 1b26026fc846d03d): analytic light-cone bound. With the fastest possible transport and no loss or caps, both cues can reach the actuator by readout in only 14.84% of scored trials. So any program scores at most .574,"
roles/Ananke/research/harvest/H-PLANT/REPORT.md,50,ef77ef2e,ef77ef2e0a1026c2,transfer,C,FLIP,1,HIGH,held|search,6,0,"[.491,.500] lossless. Reading: PHYSICS ALLOWS, at the exact physics where C1 searched FLIP. Implication for H6: supports ""search, not physics"" for the d9cc FLIP NULLs (cells 6f82f9c7, held .479, and ef77ef2e, held .507). A 16-line program inside C1's own genome space solves FLIP at about .98. 4. P-MULTIHOP Program: plants.relay_flood, unchanged. 0 ADD T0 = SENSE+IN0_0 1 GT T2 = T0>0 2 GT T3 = 0>T0"
roles/Ananke/research/harvest/H-PLANT/REPORT.md,59,fac4aaa23a0bdcb2,fac4aaa23a0bdcb2,transfer,C,RELAY,1,HIGH,NULL|held|search,10,0,"MOV PAY0 = T1 9 SUB T3 = T1-S0 10 MULQ T3 = T3*T2 11 ADD S0 = S0+T3 Every site that changes its value relays it. Physics and results: - d9cc exactly as C1 sampled it, env of C1 RELAY NULL cell fac4aaa23a0bdcb2 (d5 delta16; ring distance 5 > radius 3, so at least 2 hops are forced; C1 search held .5). Accuracy .984 [.969, .995]. - d9cc, d6 (= 2*radius, outside the census env levels). Accuracy .978 [.962, .9"
roles/Ananke/research/harvest/wave2/W2-G/REPORT.md,253,f7e62fe3,f7e62fe3c7c78ca5,adjudicate,D,RELAY,1,HIGH,search,93,0,"A0 kinds; XOR evolve 36/83 | high | bound itself not re-implemented | P3 power | NQ2 Q: transfers cited as search NULLs | id->kind map over roles/Ananke docs | fac4aaa2, ef77ef2e, 1b26026f (H-PLANT); f7e62fe3 naming; designed_echoes in H6 | high | doc regex may miss ids <8 hex | other H6 citations | NQ4 Q: one-hop 35+4+9/50, 19/19 | rows topology/radius/d + topology.py/envs.py | MATCH; 17 distinct conditi"
roles/Ananke/research/BACKLOG_V2.md,14,f7e62fe3,f7e62fe3c7c78ca5,adjudicate,D,RELAY,1,NAMING,champion,200,0,"champion keep a cue past its query at L1 present / L2 decodable / L3 effective / L4 available? | Decides SI01 and whether PTE has any persistent-memory lens | W-E NO (preregistered), scars, the f7e62fe3 integrator (exploratory) | scars inert? integrator real? | an adversarial prereg with a confirmation namespace | PTE CPU | ANSWERED (W-G): NO retention regime (L3/L4 all adj p = 1.0 in both names"
roles/Ananke/research/BACKLOG_V2.md,16,f7e62fe3,f7e62fe3c7c78ca5,adjudicate,D,RELAY,1,NAMING,evolved,182,0,"rial prereg with a confirmation namespace | PTE CPU | ANSWERED (W-G): NO retention regime (L3/L4 all adj p = 1.0 in both namespaces; 5 controls valid, incl. a latent Kp store the L4 probes detect). f7e62fe3 = an ACCUMULATION trace (L2, replicated), inert. fresh2/3 w-scar READ but sign-scrambled (interference). The substrate CAN retain (plants C-EFF, C-AVL); the NO is about what evolved. SI01 CLOSED for"
roles/Ananke/research/harvest/wave2/W2-G/sub_arc3/NOTES.txt,9,e79e72df,e79e72df8f04e836,adjudicate,D,RELAY,1,NAMING,champion,167,0,"rows; merge_rows.py builds arc3_claims.csv. Detail and full suggested wording: notes_groupA.txt, notes_groupB.txt, notes_groupC.txt. (a) MISMATCHES (raw out/ disagrees with report or doc) - 1e W-G: ""e79e72df BLANK raw p .022 (0x5EB) ... did not replicate"": raw p is .0225 in 0x5EC too. Verdict unaffected (adj 1.0). - 7d SYN-0927 s2 ""M2 at chance at gap >= 12"": 3/4 champions above chance at gap 12 (.53-.58"
roles/Ananke/research/harvest/wave2/W2-G/sub_arc3/NOTES.txt,29,f7e62fe3,f7e62fe3c7c78ca5,adjudicate,D,RELAY,1,NAMING,champion,199,0,"champions of one lineage. - W-E/ARC2 ""no recoverable retention past the query"": preregistered NO reproduces (min adj p .149/112 tests) but W-E calls it power-limited and its post-hoc decoder recovers f7e62fe3's trace -> ""no answer-changing retention"". - ARC3_PRIORITIES ""14/14 phase mixtures"" still used to demote T-DM-2 with no pointer to ARC3 s2 retraction; W-I ""3/7 mixtures by phi"" is 2/7 after W-O 512-w"
roles/Ananke/research/harvest/wave2/W2-G/sub_arc3/notes_groupA.txt,19,544f3d24,544f3d24e7b684d6,adjudicate,D,MAJ,1,NAMING,champion,52,0,".58). W-A's independent base curves agree (lo99 .51-.55 in 3/4). Chance holds only from gap 16. - Minor, report-internal (inside 11a): W-E ""all 16 champions decode cue k at j=0 (p at the floor)"": D_544f3d24 has raw p 2e-4, so only 15/16 pass Holm. - Engine card (inside 8a): ""bootstrap into the zero-default rule variant in ~64%"". Only 24/42 (57%) are UNIFORM_BOOT/ZERO. The 64% (27/42) also includes 1 c"
roles/Ananke/research/harvest/wave2/W2-G/sub_arc3/notes_groupA.txt,40,f7e62fe3,f7e62fe3c7c78ca5,adjudicate,D,RELAY,1,NAMING,champion,124,0,"n = 3 per arm"". - 11a ARC2 ""no recoverable retention past the query"" -> ""no champion's cue is recoverable by the preregistered single-world decoder (a power limit, per W-E). One accumulation trace (f7e62fe3 w) is recoverable post hoc (later confirmed as L2 by W-G) and never changes an answer"". - 14b ""used across 166 cells with 0 errors"" -> ""0 runtime errors over 166 cells"". W-O later revised 9-21 W-"
roles/Ananke/research/workers/W-E/REPORT.md,14,f7e62fe3,f7e62fe3c7c78ca5,adjudicate,D,RELAY,1,NAMING,champion,37,0,"irs, k=3, lags j=0..6, CPU. VERDICT (preregistered rule): NO. No champion is RETAINS-RECOVERABLE under the primary single-world decoder (Holm over 112 tests at j >= 2; smallest adjusted p = 0.149, D_f7e62fe3). The decoder works: all 16 champions decode cue k at j=0 (p at the floor), and the trial-(k+1) control decodes in 16/16. The NO is mostly a POWER limit, which the positive control (C-POS) predicted"
roles/Ananke/research/workers/W-E/REPORT.md,26,67ddd858,67ddd8585a9bce72,adjudicate,D,HOLD,1,NAMING,champion,24,0,"dules differ only at the cue ticks; G5 a full-state swap gives the twin's baseline answer in every world; G6 noise calibration p < .05 in 5.0% (single) and 3.0% (paired). PER CHAMPION FORGETS (7): D_67ddd858, D_223acaee, D_a8f4ea11, D_023539c4, D_feadc823, M2_4ab2ba01, M2_fresh1. Twins are bit-identical 1-11 ticks after the readout; decoders are exactly 0.5 afterwards. DIVERGES-UNRECOVERABLE (5, prer"
roles/Ananke/research/workers/W-E/REPORT.md,26,223acaee,223acaee725c709a,adjudicate,D,RELAY,1,NAMING,champion,36,0,"only at the cue ticks; G5 a full-state swap gives the twin's baseline answer in every world; G6 noise calibration p < .05 in 5.0% (single) and 3.0% (paired). PER CHAMPION FORGETS (7): D_67ddd858, D_223acaee, D_a8f4ea11, D_023539c4, D_feadc823, M2_4ab2ba01, M2_fresh1. Twins are bit-identical 1-11 ticks after the readout; decoders are exactly 0.5 afterwards. DIVERGES-UNRECOVERABLE (5, preregistered la"
roles/Ananke/research/workers/W-E/REPORT.md,26,a8f4ea11,a8f4ea115520ae71,adjudicate,D,RELAY,1,NAMING,champion,48,0,"cue ticks; G5 a full-state swap gives the twin's baseline answer in every world; G6 noise calibration p < .05 in 5.0% (single) and 3.0% (paired). PER CHAMPION FORGETS (7): D_67ddd858, D_223acaee, D_a8f4ea11, D_023539c4, D_feadc823, M2_4ab2ba01, M2_fresh1. Twins are bit-identical 1-11 ticks after the readout; decoders are exactly 0.5 afterwards. DIVERGES-UNRECOVERABLE (5, preregistered label). In 4,"
roles/Ananke/research/workers/W-E/REPORT.md,26,023539c4,023539c40c3280dd,adjudicate,D,MAJ,1,NAMING,champion,60,0,"G5 a full-state swap gives the twin's baseline answer in every world; G6 noise calibration p < .05 in 5.0% (single) and 3.0% (paired). PER CHAMPION FORGETS (7): D_67ddd858, D_223acaee, D_a8f4ea11, D_023539c4, D_feadc823, M2_4ab2ba01, M2_fresh1. Twins are bit-identical 1-11 ticks after the readout; decoders are exactly 0.5 afterwards. DIVERGES-UNRECOVERABLE (5, preregistered label). In 4, the PAIRED"
roles/Ananke/research/workers/W-E/REPORT.md,26,feadc823,feadc823383aa6a1,adjudicate,D,MAJ,1,NAMING,champion,72,0,"ate swap gives the twin's baseline answer in every world; G6 noise calibration p < .05 in 5.0% (single) and 3.0% (paired). PER CHAMPION FORGETS (7): D_67ddd858, D_223acaee, D_a8f4ea11, D_023539c4, D_feadc823, M2_4ab2ba01, M2_fresh1. Twins are bit-identical 1-11 ticks after the readout; decoders are exactly 0.5 afterwards. DIVERGES-UNRECOVERABLE (5, preregistered label). In 4, the PAIRED (twin-diffe"
roles/Ananke/research/workers/W-E/REPORT.md,50,f7e62fe3,f7e62fe3c7c78ca5,adjudicate,D,RELAY,1,NAMING,champion,105,0,"S integrator: single 0.59-0.64, paired 1.0; f7e62fe3 the same). 3 EXPLORATORY, post hoc (Addendum B): a single-world decoder that regresses out the known other trials' targets recovers cue k from D_f7e62fe3's w_sum at 0.97/0.97/0.94/0.89/0.88/0.89 for j=1..6 (Holm p = 0.0056 at each lag). No other champion passes at j >= 2. C-POS reaches 0.67-0.80 with the same decoder. f7e62fe3's routing weights"
roles/Ananke/research/workers/W-E/REPORT.md,53,f7e62fe3,f7e62fe3c7c78ca5,adjudicate,D,RELAY,1,NAMING,champion,76,0,"overs cue k from D_f7e62fe3's w_sum at 0.97/0.97/0.94/0.89/0.88/0.89 for j=1..6 (Holm p = 0.0056 at each lag). No other champion passes at j >= 2. C-POS reaches 0.67-0.80 with the same decoder. f7e62fe3's routing weights act as an INTEGRATOR of the cue history. WHO RETAINS: the s_ct site/in-flight labels do NOT predict retention. PHYSICS does. Decay-0 rings with plastic_route=1 retain in w, and w"
roles/Ananke/research/workers/W-G/REPORT.md,57,f7e62fe3,f7e62fe3c7c78ca5,adjudicate,D,RELAY,1,NAMING,champion,101,0,"cribed as a signed w offset driving chaos. ANSWER: NO nontrivial retention regime among these 16 champions. - The decision rule was met by no specimen, with every control valid. - L2-only retention (f7e62fe3; fresh2 unreplicated) is ""trace, not memory"" under the preregistered rule. MECHANISMS (exploratory, 0x5EB, explore.py; post hoc) - f7e62fe3: the w trace is a frozen additive offset (identical at k+2"
roles/Ananke/research/workers/W-G/REPORT.md,80,f7e62fe3,f7e62fe3c7c78ca5,adjudicate,D,RELAY,1,NAMING,evolved,75,0,"ble retention: L3 in S, and L4 through a Kp/WIMM store that survives a wipe of all fast state. That was shown at M2 physics widened to state_dim 4; C-AVL fits the 16-line program length exactly. - f7e62fe3's w is itself a persistent store. - The NO is a fact about what evolved under tasks that never reward cross-trial memory, not about the substrate. 3. W-E / synthesis ""f7e62fe3 w-integrator (explor"
roles/Ananke/research/workers/W-G/REPORT.md,82,f7e62fe3,f7e62fe3c7c78ca5,adjudicate,D,RELAY,1,NAMING,evolved,103,0,"length exactly. - f7e62fe3's w is itself a persistent store. - The NO is a fact about what evolved under tasks that never reward cross-trial memory, not about the substrate. 3. W-E / synthesis ""f7e62fe3 w-integrator (exploratory)"": confirmed as L2, preregistered and replicated (D2 adj 0.0016 in both namespaces). It should be called an accumulation trace (every cue weighted equally), not retention of"
roles/Ananke/research/harvest/H-PLANT/PRINCIPAL_REVIEW.md,19,ef77ef2e,ef77ef2e0a1026c2,transfer,C,FLIP,1,LOW,NULL|champion|search,65,1,"max_contrast .25. A 16-line program in the same genome space scores about .97. That is first direct evidence that this FLIP NULL is search-limited, not physics-limited. It covers one cell (plus ef77ef2e per the worker, which I did not re-check), not FLIP in general. 2. **MULTIHOP: QUALIFIED.** fac4aaa23a0bdcb2 is kind `transfer`, not `evolve`: the RELAY d3 champion bbef66a1 was evaluated at d5"
roles/Ananke/research/harvest/H-PLANT/PRINCIPAL_REVIEW.md,21,fac4aaa23a0bdcb2,fac4aaa23a0bdcb2,transfer,C,RELAY,1,LOW,NULL|champion|search,56,1,"vidence that this FLIP NULL is search-limited, not physics-limited. It covers one cell (plus ef77ef2e per the worker, which I did not re-check), not FLIP in general. 2. **MULTIHOP: QUALIFIED.** fac4aaa23a0bdcb2 is kind `transfer`, not `evolve`: the RELAY d3 champion bbef66a1 was evaluated at d5, and no search ran. Across all C1 rows there are ZERO RELAY multi-hop `evolve` cells at d9cc (1 transfer; 9"
roles/Ananke/research/harvest/H-PLANT/PRINCIPAL_REVIEW.md,27,aa2b8d68,aa2b8d6805a15ec6,census,A0,XOR,1,LOW,champion|search,122,1,"allows multi-hop at d9cc and that the one-hop champion does not transfer. H6 for multi-hop remains UNTESTED at d9cc. 3. **XOR: as the worker says.** XOR is plant-reachable at a C1 census point (aa2b8d68, strict no-override, lo99 .636; that strict scoring was added post-screen, addendum A6). At d9cc, where C1 searched XOR, the light-cone bound caps any program at .574. So H6 is FALSE for d9cc X"
roles/Ananke/research/harvest/H-PLANT/REPORT.md,32,aa2b8d68,aa2b8d6805a15ec6,census,A0,XOR,1,LOW,search,188,1,"500] at X0, .4997 [.498,.501] at 4eeca9f1, .500 [.500,.500] at aa2b8d68. PASS everywhere. - Diagnostic, MF-XOR-b: Q zeroed in the readout, i.e. ""+ iff P"". Result .237 at X0, .340 at 4eeca9f1, .412 at aa2b8d68. Far from .5 (see Disagreements, item 4). Reading: PHYSICS ALLOWS. lo99 > .60 at X0 and at a C1-sampled full dial vector. The caveat is that aa2b8d68 is an A0 census point where no search ran. Implic"
roles/Ananke/research/harvest/H-PLANT/REPORT.md,33,aa2b8d68,aa2b8d6805a15ec6,census,A0,XOR,1,LOW,search,38,1,"P"". Result .237 at X0, .340 at 4eeca9f1, .412 at aa2b8d68. Far from .5 (see Disagreements, item 4). Reading: PHYSICS ALLOWS. lo99 > .60 at X0 and at a C1-sampled full dial vector. The caveat is that aa2b8d68 is an A0 census point where no search ran. Implication for H6: XOR is reachable inside C1's physics census, so it is not ruled out by physics in general. But ""C1 NULLs are search"" is FALSE for d9cc X"
roles/Ananke/research/harvest/INFERENCE_HARVEST_HANDOFF.md,117,ef77ef2e,ef77ef2e0a1026c2,transfer,C,FLIP,1,LOW,held|search,25,1,"pal review H-PLANT/PRINCIPAL_REVIEW.md) Item 5.1 and part of 5.2 were run. These results update s4's ""XOR/FLIP/multi-hop: undecidable"": - **FLIP @ d9cc: search-limited** (one searched cell, 6f82f9c7; ef77ef2e, cited by H-PLANT, is a TRANSFER, W2-G F4). A 16-line plant scores .97-.98 (replicated on disjoint seeds) where C1's evolve cell 6f82f9c7 held .479. This is the first direct H6 evidence, for one ce"
roles/Ananke/research/harvest/INFERENCE_HARVEST_HANDOFF.md,120,aa2b8d68,aa2b8d6805a15ec6,census,A0,XOR,1,LOW,held,192,1,"f82f9c7 held .479. This is the first direct H6 evidence, for one cell. - **XOR @ d9cc: physics-limited.** The light-cone bound caps any program at .574. XOR is reachable elsewhere in the C1 census (aa2b8d68, lo99 .636). CORRECTED (W2-G F3): 36/83 = 43% of C1 XOR evolve rows (FLIP 24/82, RELAY 16/196) are light-cone-capped below .60; the earlier ""17%"" counted all non-A0 row kinds (H-PLANT/out/lc_cens"
roles/Ananke/research/harvest/INFERENCE_HARVEST_HANDOFF.md,123,fac4aaa2,fac4aaa23a0bdcb2,transfer,C,RELAY,1,LOW,champion|search,15,1,"ight-cone-capped below .60; the earlier ""17%"" counted all non-A0 row kinds (H-PLANT/out/lc_census_by_kind.json). - **Multi-hop @ d9cc: physics allows it (plant .97-.98), but C1 never searched it.** fac4aaa2 is a transfer of a one-hop champion. H6 for multi-hop is untested there. - **New gap:** a one-flag readout passes C1's XOR SIGNAL rule (.763). XOR claims need that control. - Remaining from s5: 5.2"
roles/Ananke/research/harvest/wave2/INFERENCE_LEDGER.md,60,ef77ef2e,ef77ef2e0a1026c2,transfer,C,FLIP,1,LOW,search,39,1,"andom task. At d=1 all 4 laws keep SIGNAL. ""Topology-bound"" is a KILL candidate. Principal verified the code basis. - F2: size-free = one unreproduced law, one-hop at every N. - F4: transfers ef77ef2e and 1b26026f were also cited as search outcomes in H-PLANT (in addition to fac4aaa2). The principal review missed ef77ef2e. - F5: one-hop = 17 distinct conditions; A1 one-hop 3/18 vs multi-hop"
roles/Ananke/research/harvest/wave2/INFERENCE_LEDGER.md,60,1b26026f,1b26026fc846d03d,transfer,C,XOR,1,LOW,search,26,1,"t d=1 all 4 laws keep SIGNAL. ""Topology-bound"" is a KILL candidate. Principal verified the code basis. - F2: size-free = one unreproduced law, one-hop at every N. - F4: transfers ef77ef2e and 1b26026f were also cited as search outcomes in H-PLANT (in addition to fac4aaa2). The principal review missed ef77ef2e. - F5: one-hop = 17 distinct conditions; A1 one-hop 3/18 vs multi-hop 1/26 (p = .29"
roles/Ananke/research/harvest/wave2/INFERENCE_LEDGER.md,61,fac4aaa2,fac4aaa23a0bdcb2,transfer,C,RELAY,1,LOW,search,47,1,"al verified the code basis. - F2: size-free = one unreproduced law, one-hop at every N. - F4: transfers ef77ef2e and 1b26026f were also cited as search outcomes in H-PLANT (in addition to fac4aaa2). The principal review missed ef77ef2e. - F5: one-hop = 17 distinct conditions; A1 one-hop 3/18 vs multi-hop 1/26 (p = .29). - F6: COMM_DEPENDENT == SIGNAL in comm families; CAUSAL_SUPPORT rests"
roles/Ananke/research/harvest/wave2/INFERENCE_LEDGER.md,61,ef77ef2e,ef77ef2e0a1026c2,transfer,C,FLIP,1,LOW,search,86,1,"size-free = one unreproduced law, one-hop at every N. - F4: transfers ef77ef2e and 1b26026f were also cited as search outcomes in H-PLANT (in addition to fac4aaa2). The principal review missed ef77ef2e. - F5: one-hop = 17 distinct conditions; A1 one-hop 3/18 vs multi-hop 1/26 (p = .29). - F6: COMM_DEPENDENT == SIGNAL in comm families; CAUSAL_SUPPORT rests on packet_ablation alone. - F7: poole"
roles/Ananke/research/harvest/wave2/W2-A2/REPORT.md,146,fac4aaa2,fac4aaa23a0bdcb2,transfer,C,RELAY,1,LOW,NULL,36,1,"region's eligibility"") is implemented nowhere in code: 0 rows have a NULL or INCONCLUSIVE key. A transfer row therefore cannot satisfy the NULL contract. - This is the root cause of the H-PLANT slip (fac4aaa2 was a transfer cell, cited as ""NULL""). - report.py itself does NOT mix kinds: EV filter at line 88; C_transfer and E are separated. - Fix: patches/classify_transfer_reach_none.diff (NEUTRAL; it recor"
roles/Ananke/research/harvest/wave2/W2-A2/REPORT.md,212,fac4aaa2,fac4aaa23a0bdcb2,transfer,C,RELAY,1,LOW,NULL|held,144,1,"erdicts | |---|---|---|---|---| | M1 | NULL label | s7: NULL reported with region eligibility | not implemented; transfer rows have no eligibility fields | none mechanical; prose NULLs (incl. H-PLANT fac4aaa2) unsupported by a code label (F4) | | M2 | INCONCLUSIVE for censored cells | s7 | censored cells simply absent; A1 denominator 352, not 400 | P4 8/352 = 2.3% (8/400 = 2.0%): still HELD | | M3 | REACH"
roles/Ananke/research/harvest/wave2/W2-G/REPORT.md,82,fac4aaa2,fac4aaa23a0bdcb2,transfer,C,RELAY,1,LOW,NULL|held|search,93,1,"he handoff's ""evolve"". ### F4 [V] Transfers cited as search outcomes: 3 instances, all in H-PLANT Confidence: high. Found by mapping every 8-hex cell id cited in roles/Ananke to its row kind. 1. **fac4aaa2:** a transfer, already known. - H-PLANT REPORT L59 and PLAN L120 still say ""C1 RELAY NULL cell ... C1 search held .5"". - The handoff s8 is correct. 2. **ef77ef2e:** a C transfer (bbef66a1 -> FL"
roles/Ananke/research/harvest/wave2/W2-G/REPORT.md,85,ef77ef2e,ef77ef2e0a1026c2,transfer,C,FLIP,1,LOW,NULL|held|search,47,1,"s/Ananke to its row kind. 1. **fac4aaa2:** a transfer, already known. - H-PLANT REPORT L59 and PLAN L120 still say ""C1 RELAY NULL cell ... C1 search held .5"". - The handoff s8 is correct. 2. **ef77ef2e:** a C transfer (bbef66a1 -> FLIP, .507). - H-PLANT REPORT L50 cites it as a second d9cc ""FLIP NULL"" supporting ""search, not physics"". - The principal review did not re-check it. 3. **1b26026f:"
roles/Ananke/research/harvest/wave2/W2-G/REPORT.md,88,1b26026f,1b26026fc846d03d,transfer,C,XOR,1,LOW,NULL|search,74,1,"*ef77ef2e:** a C transfer (bbef66a1 -> FLIP, .507). - H-PLANT REPORT L50 cites it as a second d9cc ""FLIP NULL"" supporting ""search, not physics"". - The principal review did not re-check it. 3. **1b26026f:** a C transfer (bbef66a1 -> XOR, .505). - REPORT L29 calls it a cell ""where C1 searched"" XOR at d9cc. Only d64656f2 (an evolve row, .487) was searched there. Related findings: - **f7e62fe3** is"
roles/Ananke/research/harvest/wave2/W2-G/REPORT.md,92,f7e62fe3,f7e62fe3c7c78ca5,adjudicate,D,RELAY,1,LOW,evolved|search,39,1,"3. **1b26026f:** a C transfer (bbef66a1 -> XOR, .505). - REPORT L29 calls it a cell ""where C1 searched"" XOR at d9cc. Only d64656f2 (an evolve row, .487) was searched there. Related findings: - **f7e62fe3** is the D-wave adjudicate row of RELAY 62a7fff9, not an evolved cell. It is a naming and provenance hole across ARC2, ARC3_PRIORITIES, BACKLOG_V2 and W-E/W-G: one genome carries two ids. - From sub_"
roles/Ananke/research/harvest/wave2/W2-G/REPORT.md,210,1b26026f,1b26026fc846d03d,transfer,C,XOR,1,LOW,NULL|search,66,1,".py`'s filter to `kind == ""evolve""` as a NEUTRAL diff in the principal's copy. The intended one-line change: `if r[""kind""] != ""evolve"" or ...`. 4. **H-PLANT REPORT L29, L50, L59 and PLAN L120:** mark 1b26026f, ef77ef2e and fac4aaa2 as transfers. FLIP @ d9cc has one searched NULL (6f82f9c7). 5. **Harvest 1.2:** > ""48 of 50 RELAY SIGNAL evolve rows (17 distinct conditions) are one-hop; A1: 3/18 one-hop v"
roles/Ananke/research/harvest/wave2/W2-G/REPORT.md,210,ef77ef2e,ef77ef2e0a1026c2,transfer,C,FLIP,1,LOW,NULL|search,56,1,"ter to `kind == ""evolve""` as a NEUTRAL diff in the principal's copy. The intended one-line change: `if r[""kind""] != ""evolve"" or ...`. 4. **H-PLANT REPORT L29, L50, L59 and PLAN L120:** mark 1b26026f, ef77ef2e and fac4aaa2 as transfers. FLIP @ d9cc has one searched NULL (6f82f9c7). 5. **Harvest 1.2:** > ""48 of 50 RELAY SIGNAL evolve rows (17 distinct conditions) are one-hop; A1: 3/18 one-hop vs 1/26 mul"
roles/Ananke/research/harvest/wave2/W2-G/REPORT.md,210,fac4aaa2,fac4aaa23a0bdcb2,transfer,C,RELAY,1,LOW,NULL|search,43,1,"== ""evolve""` as a NEUTRAL diff in the principal's copy. The intended one-line change: `if r[""kind""] != ""evolve"" or ...`. 4. **H-PLANT REPORT L29, L50, L59 and PLAN L120:** mark 1b26026f, ef77ef2e and fac4aaa2 as transfers. FLIP @ d9cc has one searched NULL (6f82f9c7). 5. **Harvest 1.2:** > ""48 of 50 RELAY SIGNAL evolve rows (17 distinct conditions) are one-hop; A1: 3/18 one-hop vs 1/26 multi-hop; multi"
roles/Ananke/research/harvest/wave2/W2-G/REPORT.md,233,ef77ef2e,ef77ef2e0a1026c2,transfer,C,FLIP,1,LOW,champion|search,169,1,"random control changes hop count (F1). That makes ""topology-bound"" a further KILL candidate, not just ""WEAKENED"". - **With the principal (PRINCIPAL_REVIEW):** ""9 multi-hop evolve cells"" should be 46. ef77ef2e was left unchecked and is a transfer. - **With C1_REPORT:** its claim that every number comes from report.py (F9). - **With sub_arc3 (my helper):** C1b's fresh champions came from real searches, not"
roles/Ananke/research/harvest/wave2/W2-G/REPORT.md,253,fac4aaa2,fac4aaa23a0bdcb2,transfer,C,RELAY,1,LOW,search,53,1,"w kinds | 871 ""evolve"" rows are all non-A0 kinds; XOR evolve 36/83 | high | bound itself not re-implemented | P3 power | NQ2 Q: transfers cited as search NULLs | id->kind map over roles/Ananke docs | fac4aaa2, ef77ef2e, 1b26026f (H-PLANT); f7e62fe3 naming; designed_echoes in H6 | high | doc regex may miss ids <8 hex | other H6 citations | NQ4 Q: one-hop 35+4+9/50, 19/19 | rows topology/radius/d + topology"
roles/Ananke/research/harvest/wave2/W2-G/REPORT.md,253,ef77ef2e,ef77ef2e0a1026c2,transfer,C,FLIP,1,LOW,search,63,1,"871 ""evolve"" rows are all non-A0 kinds; XOR evolve 36/83 | high | bound itself not re-implemented | P3 power | NQ2 Q: transfers cited as search NULLs | id->kind map over roles/Ananke docs | fac4aaa2, ef77ef2e, 1b26026f (H-PLANT); f7e62fe3 naming; designed_echoes in H6 | high | doc regex may miss ids <8 hex | other H6 citations | NQ4 Q: one-hop 35+4+9/50, 19/19 | rows topology/radius/d + topology.py/envs.p"
roles/Ananke/research/harvest/wave2/W2-G/REPORT.md,253,1b26026f,1b26026fc846d03d,transfer,C,XOR,1,LOW,search,73,1,"e"" rows are all non-A0 kinds; XOR evolve 36/83 | high | bound itself not re-implemented | P3 power | NQ2 Q: transfers cited as search NULLs | id->kind map over roles/Ananke docs | fac4aaa2, ef77ef2e, 1b26026f (H-PLANT); f7e62fe3 naming; designed_echoes in H6 | high | doc regex may miss ids <8 hex | other H6 citations | NQ4 Q: one-hop 35+4+9/50, 19/19 | rows topology/radius/d + topology.py/envs.py | MATCH;"
roles/Ananke/RESUME.md,70,4ab2ba014aac967e,4ab2ba014aac967e,evolve,C,HOLD,0,,NULL|evolved,114,0,"amily transfer; XOR/FLIP NULL; the SUPPORTED phase boundaries gate a hand design, not evolved machinery. Two unexpected mechanisms need proper adjudication: M2 delay-line memory in packets (HOLD cell 4ab2ba014aac967e, post-hoc only) and M3 self-modifying timing-locked MAJ (0a23398f20cc41a2, f6b623cdb23afd2c). Operator framing adopted 2026-09-24 (verbatim intent in the chat, recorded in pte/ANALYSIS_PLAN_C1_A0.md"
roles/Ananke/RESUME.md,71,0a23398f20cc41a2,0a23398f20cc41a2,evolve,B,MAJ,0,,evolved,188,0,"design, not evolved machinery. Two unexpected mechanisms need proper adjudication: M2 delay-line memory in packets (HOLD cell 4ab2ba014aac967e, post-hoc only) and M3 self-modifying timing-locked MAJ (0a23398f20cc41a2, f6b623cdb23afd2c). Operator framing adopted 2026-09-24 (verbatim intent in the chat, recorded in pte/ANALYSIS_PLAN_C1_A0.md s5): the ladder L1 perturbability -> L2 distal influence -> L2' known-des"
roles/Ananke/RESUME.md,71,f6b623cdb23afd2c,f6b623cdb23afd2c,evolve,B,MAJ,0,,,,0,"d machinery. Two unexpected mechanisms need proper adjudication: M2 delay-line memory in packets (HOLD cell 4ab2ba014aac967e, post-hoc only) and M3 self-modifying timing-locked MAJ (0a23398f20cc41a2, f6b623cdb23afd2c). Operator framing adopted 2026-09-24 (verbatim intent in the chat, recorded in pte/ANALYSIS_PLAN_C1_A0.md s5): the ladder L1 perturbability -> L2 distal influence -> L2' known-design viability -> L"
roles/Ananke/calibration/LEDGER.md,14,3291f6c2,3291f6c2afe73161,evolve,B,HOLD,0,,,,0,"d SIGNAL | c1_report/summary.json predictions | the sign-asymmetric decay keeps positive latches; predict per-sign, not per-dial 2026-09-25 | P6: zero DISTRIBUTED_MEMORY_UNDER_DECAY flags | one flag (3291f6c2); post-hoc it depends on in-lifetime adaptation (0.50 when off) | c1_posthoc/posthoc_adjudication.json | memory-under-decay needs an adaptation arm in its detector 2026-09-25 | P8: >= 1 ANTI_CORRELAT"
roles/Ananke/calibration/LEDGER.md,25,31cd2a8a,31cd2a8a9b572a50,evolve,B2,RELAY,0,,,,0,"d drop M3 to chance; all RELAY cells < 30% arrivals at the readout tick; all RELAY/MAJ carry in flight | M2 tolerates +1; the roll is mostly harmless; reset_r drops M3 only a little (re-convergence); 31cd2a8a 0.31; bbef66a1 and 613162a3 are site carriers, 4781b0a1 joint | SPIKES_2026-09-27_LOG | do not assume a family shares a carrier; measure per cell"
roles/Ananke/calibration/LEDGER.md,25,bbef66a1,bbef66a1ee9558ac,evolve,B,RELAY,0,,,,0,"ance; all RELAY cells < 30% arrivals at the readout tick; all RELAY/MAJ carry in flight | M2 tolerates +1; the roll is mostly harmless; reset_r drops M3 only a little (re-convergence); 31cd2a8a 0.31; bbef66a1 and 613162a3 are site carriers, 4781b0a1 joint | SPIKES_2026-09-27_LOG | do not assume a family shares a carrier; measure per cell"
roles/Ananke/calibration/LEDGER.md,25,613162a3,613162a306938de7,evolve,C,MAJ,0,,,,0,"AY cells < 30% arrivals at the readout tick; all RELAY/MAJ carry in flight | M2 tolerates +1; the roll is mostly harmless; reset_r drops M3 only a little (re-convergence); 31cd2a8a 0.31; bbef66a1 and 613162a3 are site carriers, 4781b0a1 joint | SPIKES_2026-09-27_LOG | do not assume a family shares a carrier; measure per cell"
roles/Ananke/calibration/LEDGER.md,25,4781b0a1,4781b0a172b6dc3c,evolve,C,MAJ,0,,,,0,"he readout tick; all RELAY/MAJ carry in flight | M2 tolerates +1; the roll is mostly harmless; reset_r drops M3 only a little (re-convergence); 31cd2a8a 0.31; bbef66a1 and 613162a3 are site carriers, 4781b0a1 joint | SPIKES_2026-09-27_LOG | do not assume a family shares a carrier; measure per cell"
roles/Ananke/journal/2026-09-24.md,137,4ab2ba01,4ab2ba014aac967e,evolve,C,HOLD,0,,held,79,0,"tchdog exit 0; task Disabled (verified). Report: pte/C1_REPORT.md, packet pte/REVIEW_PACKET_PTE_C1.txt, generated tables pte/c1_report/. Post-hoc (exploratory) battery on the comm-dependent HOLD cell 4ab2ba01: site-state reset no effect, packet ablation -> 0.50: a delay-line memory held in packets in flight. Predictions 5 HELD, 3 LOST (ledgered). Review requested: Kairos #564, Elenchus #565. ## Save for"
roles/Ananke/pte/C1_ERRATA.md,9,0a23398f,0a23398f20cc41a2,evolve,B,MAJ,0,,,,0,"-run code inspection (comms #639/#640, #661, #683). E1 D-A PACKET-ABLATION WINDOW. C1's packet_ablation dropped arrivals over [t0, readout) and never at the readout tick. For the two M3 cells (0a23398f, f6b623cd; delay == delta == 4) this made the C1 null VACUOUS BY CONSTRUCTION: no arrival carrying the trial's cue could fall inside the window. C1b confirmed it on the specimens: C1 window"
roles/Ananke/pte/C1_ERRATA.md,9,f6b623cd,f6b623cdb23afd2c,evolve,B,MAJ,0,,,,0,"inspection (comms #639/#640, #661, #683). E1 D-A PACKET-ABLATION WINDOW. C1's packet_ablation dropped arrivals over [t0, readout) and never at the readout tick. For the two M3 cells (0a23398f, f6b623cd; delay == delta == 4) this made the C1 null VACUOUS BY CONSTRUCTION: no arrival carrying the trial's cue could fall inside the window. C1b confirmed it on the specimens: C1 window 0.697 / 0."
roles/Ananke/pte/C1_ERRATA.md,33,bbef66a1,bbef66a1ee9558ac,evolve,B,RELAY,0,,,,1,"gy every env distance is <= 1, so REACH_BEYOND_HOP can never fire (0/213 global evolve rows). ""No distal reach"" on global is structural, not measured. - E-H5 (wording): wave E scales ONE RELAY law (bbef66a1). C1_REPORT s1's ""frozen RELAY laws ... SIZE-FREE"" rests on that single law, and bbef66a1 failed its fresh-seed reproduction (reps .572 / .506). The reproduced RELAY cells were never scaled. - E-"
roles/Ananke/pte/C1_ERRATA.md,34,bbef66a1,bbef66a1ee9558ac,evolve,B,RELAY,0,,,,0,"s). ""No distal reach"" on global is structural, not measured. - E-H5 (wording): wave E scales ONE RELAY law (bbef66a1). C1_REPORT s1's ""frozen RELAY laws ... SIZE-FREE"" rests on that single law, and bbef66a1 failed its fresh-seed reproduction (reps .572 / .506). The reproduced RELAY cells were never scaled. - E-H2b (interpretation, principal-verified with H-SCI): zero_comm is exactly .500 in 213/213 RE"
roles/Ananke/pte/PREREG_PTE_C1b.md,20,4ab2ba014aac967e,4ab2ba014aac967e,evolve,C,HOLD,0,,held,9,0,"s its own labels beside them. The C1 substrate, physics and oracle are unchanged (s5 lists the only new code: assay switches and read-only telemetry). ## 0. Question M2 (C1_REPORT s3): in HOLD cell 4ab2ba014aac967e the held bit appeared to live in packets in flight, not in site state. That result is POST-HOC and rests on ONE cell. Does the bit really live in in-flight packets, in which other carrier if not, and"
roles/Ananke/pte/PREREG_PTE_C1b.md,25,0a23398f20cc41a2,0a23398f20cc41a2,evolve,B,MAJ,0,,search,67,0,"lt is POST-HOC and rests on ONE cell. Does the bit really live in in-flight packets, in which other carrier if not, and does a fresh search find the same fingerprint? M3 (C1_REPORT s3): in MAJ cells 0a23398f20cc41a2 and f6b623cdb23afd2c, zero-comm gave 0.50 but packet ablation did nothing, adaptation-off gave 0.53-0.55, and +1 latency gave 0.49-0.50. The candidate reading was ""self-modifying, timing-locked"". Is"
roles/Ananke/pte/PREREG_PTE_C1b.md,25,f6b623cdb23afd2c,f6b623cdb23afd2c,evolve,B,MAJ,0,,search,88,0,"sts on ONE cell. Does the bit really live in in-flight packets, in which other carrier if not, and does a fresh search find the same fingerprint? M3 (C1_REPORT s3): in MAJ cells 0a23398f20cc41a2 and f6b623cdb23afd2c, zero-comm gave 0.50 but packet ablation did nothing, adaptation-off gave 0.53-0.55, and +1 latency gave 0.49-0.50. The candidate reading was ""self-modifying, timing-locked"". Is it self-modification"
roles/Ananke/pte/PREREG_PTE_C1b.md,40,4ab2ba014aac967e,4ab2ba014aac967e,evolve,C,HOLD,0,,champion,113,0,"e/c1_rows/cells.jsonl.gz (6596 rows, raw sha256 prefix 2416b7bb3a9e0f37), field result.champion. Code at C1 freeze: 362f2189b. id fam wave key physics (full levels in the row) 4ab2ba014aac967e HOLD C ring N=144 r3, sync period 2, lat 1+1*hop +jit 1, loss .1, cap 2 saturate, fanout 8 sample, state_dim 2, P 2, C 1, deca"
roles/Ananke/pte/PREREG_PTE_C1b.md,45,0a23398f20cc41a2,0a23398f20cc41a2,evolve,B,MAJ,0,,,,0,"sample, state_dim 2, P 2, C 1, decay 0, plastic_route 1, WIMM 1, setrule 0, rules 1, mut 0; env gap 8, d 3 0a23398f20cc41a2 MAJ B ring N=100 r3 rewire 200, async p .8, lat 4+0*hop+jit 0, loss .3, dup .1, noise 64, cap 2 none, fanout 8 all,"
roles/Ananke/pte/PREREG_PTE_C1b.md,51,f6b623cdb23afd2c,f6b623cdb23afd2c,evolve,B,MAJ,0,,,,0,"state_dim 8, P 4, C 4, decay 3, plastic_route 1, WIMM 0, SETRULE 1, rules 4, mut 0; env delta 4, d 2 f6b623cdb23afd2c MAJ B as 0a23398f but collision saturate; env d 3 ## 2. Design facts found by CODE INSPECTION before any C1b data These come from reading assays.py and engine.py and the C1 rows. No new run"
roles/Ananke/pte/PREREG_PTE_C1b.md,51,0a23398f,0a23398f20cc41a2,evolve,B,MAJ,0,,,,0,"te_dim 8, P 4, C 4, decay 3, plastic_route 1, WIMM 0, SETRULE 1, rules 4, mut 0; env delta 4, d 2 f6b623cdb23afd2c MAJ B as 0a23398f but collision saturate; env d 3 ## 2. Design facts found by CODE INSPECTION before any C1b data These come from reading assays.py and engine.py and the C1 rows. No new run produced them. Each one i"
roles/Ananke/pte/PREREG_PTE_C1b.md,93,4ab2ba01,4ab2ba014aac967e,evolve,C,HOLD,0,,,,0,"MM / mutation-site arms of the directive's s3 split are NOT_APPLICABLE by physics for M3. They are reported as such, not run. The live split is SETRULE vs routing. ## 3. M2 battery (HOLD 4ab2ba01) All at mid-gap tick t_m = t0 + cue_len + gap//2 of every trial (C1's tick), on H = 64 held-out worlds (32 mirror pairs), namespace s6. normal reset_S S := 0 (C1'"
roles/Ananke/pte/PREREG_PTE_C1b.md,157,0a23398f,0a23398f20cc41a2,evolve,B,MAJ,0,,search,146,0,"reaches SIGNAL AND passes (a)-(c) itself. A fresh search that reaches SIGNAL with a site latch is reported as ""same physics, different mechanism"", not as a replication. ## 4. M3 battery (MAJ 0a23398f, f6b623cd) H-M3-0 first (instrument check): drop_window_corrected arrivals dropped over [t0, t0+delta] drop_readout_tick_only arrivals dropped at t0+delta only drop_window_c1"
roles/Ananke/pte/PREREG_PTE_C1b.md,157,f6b623cd,f6b623cdb23afd2c,evolve,B,MAJ,0,,search,156,0,"GNAL AND passes (a)-(c) itself. A fresh search that reaches SIGNAL with a site latch is reported as ""same physics, different mechanism"", not as a replication. ## 4. M3 battery (MAJ 0a23398f, f6b623cd) H-M3-0 first (instrument check): drop_window_corrected arrivals dropped over [t0, t0+delta] drop_readout_tick_only arrivals dropped at t0+delta only drop_window_c1 C1's w"
roles/Ananke/pte/REVIEW_PACKET_PTE_C1.txt,86,c16d5231,c16d52319beb8bce,evolve,B2,RELAY,0,,held,132,0,"SIGNAL: RELAY 2/2, MAJ 2/1 (no advantage). Promoted (D) held no-comm label fresh-seed reps ----------------- ----- ------- -------------- --------------- RELAY c16d5231 0.837 0.50 CAUSAL_SUPPORT 0.811 0.816 RELAY 62a7fff9 0.850 0.50 CAUSAL_SUPPORT 0.857 0.751 RELAY 31cd2a8a 0.857 0.50 CAUSAL_SUPPORT 0.667 0.789 RELA"
roles/Ananke/pte/REVIEW_PACKET_PTE_C1.txt,87,62a7fff9,62a7fff921ca3bd8,evolve,B,RELAY,0,,,,0,ld no-comm label fresh-seed reps ----------------- ----- ------- -------------- --------------- RELAY c16d5231 0.837 0.50 CAUSAL_SUPPORT 0.811 0.816 RELAY 62a7fff9 0.850 0.50 CAUSAL_SUPPORT 0.857 0.751 RELAY 31cd2a8a 0.857 0.50 CAUSAL_SUPPORT 0.667 0.789 RELAY bbef66a1 0.883 0.50 CAUSAL_SUPPORT 0.572 0.506 MAJ
roles/Ananke/pte/REVIEW_PACKET_PTE_C1.txt,88,31cd2a8a,31cd2a8a9b572a50,evolve,B2,RELAY,0,,,,0,----- ------- -------------- --------------- RELAY c16d5231 0.837 0.50 CAUSAL_SUPPORT 0.811 0.816 RELAY 62a7fff9 0.850 0.50 CAUSAL_SUPPORT 0.857 0.751 RELAY 31cd2a8a 0.857 0.50 CAUSAL_SUPPORT 0.667 0.789 RELAY bbef66a1 0.883 0.50 CAUSAL_SUPPORT 0.572 0.506 MAJ 4781b0a1 0.789 0.50 CAUSAL_SUPPORT 0.636 0.520 MAJ
roles/Ananke/pte/REVIEW_PACKET_PTE_C1.txt,89,bbef66a1,bbef66a1ee9558ac,evolve,B,RELAY,0,,,,0,0.837 0.50 CAUSAL_SUPPORT 0.811 0.816 RELAY 62a7fff9 0.850 0.50 CAUSAL_SUPPORT 0.857 0.751 RELAY 31cd2a8a 0.857 0.50 CAUSAL_SUPPORT 0.667 0.789 RELAY bbef66a1 0.883 0.50 CAUSAL_SUPPORT 0.572 0.506 MAJ 4781b0a1 0.789 0.50 CAUSAL_SUPPORT 0.636 0.520 MAJ 0a23398f 0.695 0.50 NOT_SUPPORTED 0.549 0.699 MAJ
roles/Ananke/pte/REVIEW_PACKET_PTE_C1.txt,90,4781b0a1,4781b0a172b6dc3c,evolve,C,MAJ,0,,,,0,0.850 0.50 CAUSAL_SUPPORT 0.857 0.751 RELAY 31cd2a8a 0.857 0.50 CAUSAL_SUPPORT 0.667 0.789 RELAY bbef66a1 0.883 0.50 CAUSAL_SUPPORT 0.572 0.506 MAJ 4781b0a1 0.789 0.50 CAUSAL_SUPPORT 0.636 0.520 MAJ 0a23398f 0.695 0.50 NOT_SUPPORTED 0.549 0.699 MAJ f6b623cd 0.686 0.50 NOT_SUPPORTED 0.533 0.680 Sca
roles/Ananke/pte/REVIEW_PACKET_PTE_C1.txt,91,0a23398f,0a23398f20cc41a2,evolve,B,MAJ,0,,,,0,"0.857 0.50 CAUSAL_SUPPORT 0.667 0.789 RELAY bbef66a1 0.883 0.50 CAUSAL_SUPPORT 0.572 0.506 MAJ 4781b0a1 0.789 0.50 CAUSAL_SUPPORT 0.636 0.520 MAJ 0a23398f 0.695 0.50 NOT_SUPPORTED 0.549 0.699 MAJ f6b623cd 0.686 0.50 NOT_SUPPORTED 0.533 0.680 Scale (frozen RELAY law, source 0.883): N=400 0.875, N=1024 0.893, N="
roles/Ananke/pte/REVIEW_PACKET_PTE_C1.txt,92,f6b623cd,f6b623cdb23afd2c,evolve,B,MAJ,0,,evolved,152,0,"0.883 0.50 CAUSAL_SUPPORT 0.572 0.506 MAJ 4781b0a1 0.789 0.50 CAUSAL_SUPPORT 0.636 0.520 MAJ 0a23398f 0.695 0.50 NOT_SUPPORTED 0.549 0.699 MAJ f6b623cd 0.686 0.50 NOT_SUPPORTED 0.533 0.680 Scale (frozen RELAY law, source 0.883): N=400 0.875, N=1024 0.893, N=2304 0.882. Re-evolved at N=400: 0.619. -----------------------------"
roles/Ananke/pte/REVIEW_PACKET_PTE_C1.txt,120,4ab2ba01,4ab2ba014aac967e,evolve,C,HOLD,0,,held,128,0,"async 0.7; topology -> random graph 0.50 in 4/4. MAJ M3 (2 cells): packet ablation no effect, adaptation-off 0.53-0.55, +1 latency 0.49-0.50. POST-HOC (exploratory, not promoted by the prereg): HOLD 4ab2ba01 (0.883): site-state reset mid-gap no effect (0.88), packet ablation / payload randomisation / zero-comm 0.50 -> the bit is held in packets in flight (delay-line memory). Boundaries: 13 SUPPORTED, 24"
roles/Ananke/pte/c1_report/REPORT.md,86,c939c3c7271e65d2,c939c3c7271e65d2,evolve,A,RELAY,0,,held,20,0,"[0.475, 0.5, 0.513, 0.532] HOLD 70 34 (17/17) 1 33 0 [0.48, 0.584, 0.819, 0.934] RELAY best: held 0.598 lo99 0.582 zero_comm 0.500 comm_delta_lo99 0.082 cell c939c3c7271e65d2 RELAY best: held 0.598 lo99 0.576 zero_comm 0.500 comm_delta_lo99 0.076 cell 86fc01052c666646 XOR best: held 0.524 lo99 0.505 zero_comm 0.500 comm_delta_lo99 0.005 cell f8f95cc439f5f019 XOR"
roles/Ananke/pte/c1_report/REPORT.md,87,86fc01052c666646,86fc01052c666646,evolve,A,RELAY,0,,held,18,0,", 0.584, 0.819, 0.934] RELAY best: held 0.598 lo99 0.582 zero_comm 0.500 comm_delta_lo99 0.082 cell c939c3c7271e65d2 RELAY best: held 0.598 lo99 0.576 zero_comm 0.500 comm_delta_lo99 0.076 cell 86fc01052c666646 XOR best: held 0.524 lo99 0.505 zero_comm 0.500 comm_delta_lo99 0.005 cell f8f95cc439f5f019 XOR best: held 0.500 lo99 0.500 zero_comm 0.500 comm_delta_lo99 0.000 cell 89a6a9cdf834c4e3 MAJ be"
roles/Ananke/pte/c1_report/REPORT.md,88,f8f95cc439f5f019,f8f95cc439f5f019,evolve,A,XOR,0,,held,18,0,82 cell c939c3c7271e65d2 RELAY best: held 0.598 lo99 0.576 zero_comm 0.500 comm_delta_lo99 0.076 cell 86fc01052c666646 XOR best: held 0.524 lo99 0.505 zero_comm 0.500 comm_delta_lo99 0.005 cell f8f95cc439f5f019 XOR best: held 0.500 lo99 0.500 zero_comm 0.500 comm_delta_lo99 0.000 cell 89a6a9cdf834c4e3 MAJ best: held 0.630 lo99 0.594 zero_comm 0.500 comm_delta_lo99 0.094 cell 57650798bada0219 MAJ be
roles/Ananke/pte/c1_report/REPORT.md,89,89a6a9cdf834c4e3,89a6a9cdf834c4e3,evolve,A,XOR,0,,held,18,0,.076 cell 86fc01052c666646 XOR best: held 0.524 lo99 0.505 zero_comm 0.500 comm_delta_lo99 0.005 cell f8f95cc439f5f019 XOR best: held 0.500 lo99 0.500 zero_comm 0.500 comm_delta_lo99 0.000 cell 89a6a9cdf834c4e3 MAJ best: held 0.630 lo99 0.594 zero_comm 0.500 comm_delta_lo99 0.094 cell 57650798bada0219 MAJ best: held 0.584 lo99 0.565 zero_comm 0.500 comm_delta_lo99 0.065 cell fded16810c3b6236 FLIP b
roles/Ananke/pte/c1_report/REPORT.md,90,57650798bada0219,57650798bada0219,evolve,A,MAJ,0,,held,18,0,.005 cell f8f95cc439f5f019 XOR best: held 0.500 lo99 0.500 zero_comm 0.500 comm_delta_lo99 0.000 cell 89a6a9cdf834c4e3 MAJ best: held 0.630 lo99 0.594 zero_comm 0.500 comm_delta_lo99 0.094 cell 57650798bada0219 MAJ best: held 0.584 lo99 0.565 zero_comm 0.500 comm_delta_lo99 0.065 cell fded16810c3b6236 FLIP best: held 0.532 lo99 0.507 zero_comm 0.500 comm_delta_lo99 0.007 cell 996716ac46f73a43 FLIP
roles/Ananke/pte/c1_report/REPORT.md,91,fded16810c3b6236,fded16810c3b6236,evolve,A,MAJ,0,,held,19,0,.000 cell 89a6a9cdf834c4e3 MAJ best: held 0.630 lo99 0.594 zero_comm 0.500 comm_delta_lo99 0.094 cell 57650798bada0219 MAJ best: held 0.584 lo99 0.565 zero_comm 0.500 comm_delta_lo99 0.065 cell fded16810c3b6236 FLIP best: held 0.532 lo99 0.507 zero_comm 0.500 comm_delta_lo99 0.007 cell 996716ac46f73a43 FLIP best: held 0.500 lo99 0.500 zero_comm 0.500 comm_delta_lo99 0.000 cell d99833cbd7fad41d HOLD
roles/Ananke/pte/c1_report/REPORT.md,92,996716ac46f73a43,996716ac46f73a43,evolve,A,FLIP,0,,held,19,0,094 cell 57650798bada0219 MAJ best: held 0.584 lo99 0.565 zero_comm 0.500 comm_delta_lo99 0.065 cell fded16810c3b6236 FLIP best: held 0.532 lo99 0.507 zero_comm 0.500 comm_delta_lo99 0.007 cell 996716ac46f73a43 FLIP best: held 0.500 lo99 0.500 zero_comm 0.500 comm_delta_lo99 0.000 cell d99833cbd7fad41d HOLD best: held 0.934 lo99 0.906 zero_comm 0.934 comm_delta_lo99 0.000 cell 13127335562d8595 HOLD
roles/Ananke/pte/c1_report/REPORT.md,93,d99833cbd7fad41d,d99833cbd7fad41d,evolve,A,FLIP,0,,held,19,0,65 cell fded16810c3b6236 FLIP best: held 0.532 lo99 0.507 zero_comm 0.500 comm_delta_lo99 0.007 cell 996716ac46f73a43 FLIP best: held 0.500 lo99 0.500 zero_comm 0.500 comm_delta_lo99 0.000 cell d99833cbd7fad41d HOLD best: held 0.934 lo99 0.906 zero_comm 0.934 comm_delta_lo99 0.000 cell 13127335562d8595 HOLD best: held 0.932 lo99 0.906 zero_comm 0.932 comm_delta_lo99 0.000 cell d49fdac8961475d2 ## 4.
roles/Ananke/pte/c1_report/REPORT.md,94,13127335562d8595,13127335562d8595,evolve,A,HOLD,0,,held,19,0,07 cell 996716ac46f73a43 FLIP best: held 0.500 lo99 0.500 zero_comm 0.500 comm_delta_lo99 0.000 cell d99833cbd7fad41d HOLD best: held 0.934 lo99 0.906 zero_comm 0.934 comm_delta_lo99 0.000 cell 13127335562d8595 HOLD best: held 0.932 lo99 0.906 zero_comm 0.932 comm_delta_lo99 0.000 cell d49fdac8961475d2 ## 4. Anomaly flags (counts; flags are not verdicts) MEMORY_WITHOUT_USE 46 e.g. 8
roles/Ananke/pte/c1_report/REPORT.md,95,d49fdac8961475d2,d49fdac8961475d2,evolve,A,HOLD,0,,held,65,0,"00 cell d99833cbd7fad41d HOLD best: held 0.934 lo99 0.906 zero_comm 0.934 comm_delta_lo99 0.000 cell 13127335562d8595 HOLD best: held 0.932 lo99 0.906 zero_comm 0.932 comm_delta_lo99 0.000 cell d49fdac8961475d2 ## 4. Anomaly flags (counts; flags are not verdicts) MEMORY_WITHOUT_USE 46 e.g. 87494b3d54a6c915, 05fea1b55336dedf, 8a6454f096d7166a ROBUST_UNDER_LOSS 32 e"
roles/Ananke/pte/c1_report/REPORT.md,98,87494b3d54a6c915,87494b3d54a6c915,evolve,A,XOR,0,,held,184,0,"5 HOLD best: held 0.932 lo99 0.906 zero_comm 0.932 comm_delta_lo99 0.000 cell d49fdac8961475d2 ## 4. Anomaly flags (counts; flags are not verdicts) MEMORY_WITHOUT_USE 46 e.g. 87494b3d54a6c915, 05fea1b55336dedf, 8a6454f096d7166a ROBUST_UNDER_LOSS 32 e.g. 9dd25cb21750f3c5, 00c5d3b61fe3cac7, a3dff97120307169 SILENT_COMPETENCE 22 e.g. 57650798bada02"
roles/Ananke/pte/c1_report/REPORT.md,98,05fea1b55336dedf,05fea1b55336dedf,evolve,A,FLIP,0,,,,0,"ld 0.932 lo99 0.906 zero_comm 0.932 comm_delta_lo99 0.000 cell d49fdac8961475d2 ## 4. Anomaly flags (counts; flags are not verdicts) MEMORY_WITHOUT_USE 46 e.g. 87494b3d54a6c915, 05fea1b55336dedf, 8a6454f096d7166a ROBUST_UNDER_LOSS 32 e.g. 9dd25cb21750f3c5, 00c5d3b61fe3cac7, a3dff97120307169 SILENT_COMPETENCE 22 e.g. 57650798bada0219, b059e735fe16de"
roles/Ananke/pte/c1_report/REPORT.md,98,8a6454f096d7166a,8a6454f096d7166a,evolve,A,MAJ,0,,,,0,"6 zero_comm 0.932 comm_delta_lo99 0.000 cell d49fdac8961475d2 ## 4. Anomaly flags (counts; flags are not verdicts) MEMORY_WITHOUT_USE 46 e.g. 87494b3d54a6c915, 05fea1b55336dedf, 8a6454f096d7166a ROBUST_UNDER_LOSS 32 e.g. 9dd25cb21750f3c5, 00c5d3b61fe3cac7, a3dff97120307169 SILENT_COMPETENCE 22 e.g. 57650798bada0219, b059e735fe16de49, 4ba2a869707a51"
roles/Ananke/pte/c1_report/REPORT.md,99,9dd25cb21750f3c5,9dd25cb21750f3c5,evolve,A,HOLD,0,,,,0,"4. Anomaly flags (counts; flags are not verdicts) MEMORY_WITHOUT_USE 46 e.g. 87494b3d54a6c915, 05fea1b55336dedf, 8a6454f096d7166a ROBUST_UNDER_LOSS 32 e.g. 9dd25cb21750f3c5, 00c5d3b61fe3cac7, a3dff97120307169 SILENT_COMPETENCE 22 e.g. 57650798bada0219, b059e735fe16de49, 4ba2a869707a5108 COMPETENT_UNDER_COST 11 e.g. e2fa053169f5f8"
roles/Ananke/pte/c1_report/REPORT.md,99,00c5d3b61fe3cac7,00c5d3b61fe3cac7,evolve,A,HOLD,0,,,,0,"(counts; flags are not verdicts) MEMORY_WITHOUT_USE 46 e.g. 87494b3d54a6c915, 05fea1b55336dedf, 8a6454f096d7166a ROBUST_UNDER_LOSS 32 e.g. 9dd25cb21750f3c5, 00c5d3b61fe3cac7, a3dff97120307169 SILENT_COMPETENCE 22 e.g. 57650798bada0219, b059e735fe16de49, 4ba2a869707a5108 COMPETENT_UNDER_COST 11 e.g. e2fa053169f5f890, 00c5d3b61fe3ca"
roles/Ananke/pte/c1_report/REPORT.md,99,a3dff97120307169,a3dff97120307169,evolve,A,HOLD,0,,,,0,"not verdicts) MEMORY_WITHOUT_USE 46 e.g. 87494b3d54a6c915, 05fea1b55336dedf, 8a6454f096d7166a ROBUST_UNDER_LOSS 32 e.g. 9dd25cb21750f3c5, 00c5d3b61fe3cac7, a3dff97120307169 SILENT_COMPETENCE 22 e.g. 57650798bada0219, b059e735fe16de49, 4ba2a869707a5108 COMPETENT_UNDER_COST 11 e.g. e2fa053169f5f890, 00c5d3b61fe3cac7, 0017d8ccce60da"
roles/Ananke/pte/c1_report/REPORT.md,100,57650798bada0219,57650798bada0219,evolve,A,MAJ,0,,,,0,"494b3d54a6c915, 05fea1b55336dedf, 8a6454f096d7166a ROBUST_UNDER_LOSS 32 e.g. 9dd25cb21750f3c5, 00c5d3b61fe3cac7, a3dff97120307169 SILENT_COMPETENCE 22 e.g. 57650798bada0219, b059e735fe16de49, 4ba2a869707a5108 COMPETENT_UNDER_COST 11 e.g. e2fa053169f5f890, 00c5d3b61fe3cac7, 0017d8ccce60da90 DISTRIBUTED_MEMORY_UNDER_DECAY 1 e.g. 3291f6c2afe731"
roles/Ananke/pte/c1_report/REPORT.md,100,b059e735fe16de49,b059e735fe16de49,evolve,B,RELAY,0,,,,0,"fea1b55336dedf, 8a6454f096d7166a ROBUST_UNDER_LOSS 32 e.g. 9dd25cb21750f3c5, 00c5d3b61fe3cac7, a3dff97120307169 SILENT_COMPETENCE 22 e.g. 57650798bada0219, b059e735fe16de49, 4ba2a869707a5108 COMPETENT_UNDER_COST 11 e.g. e2fa053169f5f890, 00c5d3b61fe3cac7, 0017d8ccce60da90 DISTRIBUTED_MEMORY_UNDER_DECAY 1 e.g. 3291f6c2afe73161 ## 5. Phase-bo"
roles/Ananke/pte/c1_report/REPORT.md,100,4ba2a869707a5108,4ba2a869707a5108,evolve,B,RELAY,0,,,,0,"6454f096d7166a ROBUST_UNDER_LOSS 32 e.g. 9dd25cb21750f3c5, 00c5d3b61fe3cac7, a3dff97120307169 SILENT_COMPETENCE 22 e.g. 57650798bada0219, b059e735fe16de49, 4ba2a869707a5108 COMPETENT_UNDER_COST 11 e.g. e2fa053169f5f890, 00c5d3b61fe3cac7, 0017d8ccce60da90 DISTRIBUTED_MEMORY_UNDER_DECAY 1 e.g. 3291f6c2afe73161 ## 5. Phase-boundary verdicts (P"
roles/Ananke/pte/c1_report/REPORT.md,101,e2fa053169f5f890,e2fa053169f5f890,evolve,A,HOLD,0,,,,0,"d25cb21750f3c5, 00c5d3b61fe3cac7, a3dff97120307169 SILENT_COMPETENCE 22 e.g. 57650798bada0219, b059e735fe16de49, 4ba2a869707a5108 COMPETENT_UNDER_COST 11 e.g. e2fa053169f5f890, 00c5d3b61fe3cac7, 0017d8ccce60da90 DISTRIBUTED_MEMORY_UNDER_DECAY 1 e.g. 3291f6c2afe73161 ## 5. Phase-boundary verdicts (PREREG s8) counts: {'PHASE_BOUNDARY_CANDIDATE': 24, 'PHASE_BOUN"
roles/Ananke/pte/c1_report/REPORT.md,101,00c5d3b61fe3cac7,00c5d3b61fe3cac7,evolve,A,HOLD,0,,,,0,"c5d3b61fe3cac7, a3dff97120307169 SILENT_COMPETENCE 22 e.g. 57650798bada0219, b059e735fe16de49, 4ba2a869707a5108 COMPETENT_UNDER_COST 11 e.g. e2fa053169f5f890, 00c5d3b61fe3cac7, 0017d8ccce60da90 DISTRIBUTED_MEMORY_UNDER_DECAY 1 e.g. 3291f6c2afe73161 ## 5. Phase-boundary verdicts (PREREG s8) counts: {'PHASE_BOUNDARY_CANDIDATE': 24, 'PHASE_BOUNDARY_SUPPORTED': 1"
roles/Ananke/pte/c1_report/REPORT.md,101,0017d8ccce60da90,0017d8ccce60da90,evolve,A,HOLD,0,,,,0,"dff97120307169 SILENT_COMPETENCE 22 e.g. 57650798bada0219, b059e735fe16de49, 4ba2a869707a5108 COMPETENT_UNDER_COST 11 e.g. e2fa053169f5f890, 00c5d3b61fe3cac7, 0017d8ccce60da90 DISTRIBUTED_MEMORY_UNDER_DECAY 1 e.g. 3291f6c2afe73161 ## 5. Phase-boundary verdicts (PREREG s8) counts: {'PHASE_BOUNDARY_CANDIDATE': 24, 'PHASE_BOUNDARY_SUPPORTED': 13} PHASE_BOUNDA"
roles/Ananke/pte/c1_report/REPORT.md,102,3291f6c2afe73161,3291f6c2afe73161,evolve,B,HOLD,0,,,,0,"650798bada0219, b059e735fe16de49, 4ba2a869707a5108 COMPETENT_UNDER_COST 11 e.g. e2fa053169f5f890, 00c5d3b61fe3cac7, 0017d8ccce60da90 DISTRIBUTED_MEMORY_UNDER_DECAY 1 e.g. 3291f6c2afe73161 ## 5. Phase-boundary verdicts (PREREG s8) counts: {'PHASE_BOUNDARY_CANDIDATE': 24, 'PHASE_BOUNDARY_SUPPORTED': 13} PHASE_BOUNDARY_CANDIDATE RELAY evo acc delta levels [0, 1] jump"
roles/Ananke/pte/c1_report/REPORT.md,229,85ca202e89057873,85ca202e89057873,evolve,B,HOLD,0,,held,6,1,": 5, 'delta': 16, 'gap': 8} held 0.829 lo99 0.807 TRANSFER_SUPPORT HOLD -> HOLD {'block': 4, 'd': 1, 'delta': 4, 'gap': 8} held 0.802 lo99 0.770 TRANSFER_SUPPORT re-evolve RELAY on physics of 85ca202e89057873: held 0.507 re-evolve XOR on physics of 85ca202e89057873: held 0.493 re-evolve MAJ on physics of 85ca202e89057873: held 0.501 re-evolve FLIP on physics of 85ca202e89057873: held 0.49"
roles/Ananke/pte/c1_report/REPORT.md,230,85ca202e89057873,85ca202e89057873,evolve,B,HOLD,0,,held,6,1,"ORT HOLD -> HOLD {'block': 4, 'd': 1, 'delta': 4, 'gap': 8} held 0.802 lo99 0.770 TRANSFER_SUPPORT re-evolve RELAY on physics of 85ca202e89057873: held 0.507 re-evolve XOR on physics of 85ca202e89057873: held 0.493 re-evolve MAJ on physics of 85ca202e89057873: held 0.501 re-evolve FLIP on physics of 85ca202e89057873: held 0.499 re-evolve RELAY on physics of ab089e45b85e990b: held 0.50"
roles/Ananke/pte/c1_report/REPORT.md,231,85ca202e89057873,85ca202e89057873,evolve,B,HOLD,0,,held,6,1,} held 0.802 lo99 0.770 TRANSFER_SUPPORT re-evolve RELAY on physics of 85ca202e89057873: held 0.507 re-evolve XOR on physics of 85ca202e89057873: held 0.493 re-evolve MAJ on physics of 85ca202e89057873: held 0.501 re-evolve FLIP on physics of 85ca202e89057873: held 0.499 re-evolve RELAY on physics of ab089e45b85e990b: held 0.500 re-evolve XOR on physics of ab089e45b85e990b: held 0.48
roles/Ananke/pte/c1_report/REPORT.md,232,85ca202e89057873,85ca202e89057873,evolve,B,HOLD,0,,held,6,1,physics of 85ca202e89057873: held 0.507 re-evolve XOR on physics of 85ca202e89057873: held 0.493 re-evolve MAJ on physics of 85ca202e89057873: held 0.501 re-evolve FLIP on physics of 85ca202e89057873: held 0.499 re-evolve RELAY on physics of ab089e45b85e990b: held 0.500 re-evolve XOR on physics of ab089e45b85e990b: held 0.482 re-evolve MAJ on physics of ab089e45b85e990b: held 0.49
roles/Ananke/pte/c1_report/REPORT.md,233,ab089e45b85e990b,ab089e45b85e990b,evolve,B,HOLD,0,,held,6,1,physics of 85ca202e89057873: held 0.493 re-evolve MAJ on physics of 85ca202e89057873: held 0.501 re-evolve FLIP on physics of 85ca202e89057873: held 0.499 re-evolve RELAY on physics of ab089e45b85e990b: held 0.500 re-evolve XOR on physics of ab089e45b85e990b: held 0.482 re-evolve MAJ on physics of ab089e45b85e990b: held 0.498 re-evolve FLIP on physics of ab089e45b85e990b: held 0.48
roles/Ananke/pte/c1_report/REPORT.md,234,ab089e45b85e990b,ab089e45b85e990b,evolve,B,HOLD,0,,held,6,1,physics of 85ca202e89057873: held 0.501 re-evolve FLIP on physics of 85ca202e89057873: held 0.499 re-evolve RELAY on physics of ab089e45b85e990b: held 0.500 re-evolve XOR on physics of ab089e45b85e990b: held 0.482 re-evolve MAJ on physics of ab089e45b85e990b: held 0.498 re-evolve FLIP on physics of ab089e45b85e990b: held 0.484 re-evolve RELAY on physics of 0c18ce5e1a7721bc: held 0.48
roles/Ananke/pte/c1_report/REPORT.md,235,ab089e45b85e990b,ab089e45b85e990b,evolve,B,HOLD,0,,held,6,1,physics of 85ca202e89057873: held 0.499 re-evolve RELAY on physics of ab089e45b85e990b: held 0.500 re-evolve XOR on physics of ab089e45b85e990b: held 0.482 re-evolve MAJ on physics of ab089e45b85e990b: held 0.498 re-evolve FLIP on physics of ab089e45b85e990b: held 0.484 re-evolve RELAY on physics of 0c18ce5e1a7721bc: held 0.484 re-evolve XOR on physics of 0c18ce5e1a7721bc: held 0.51
roles/Ananke/pte/c1_report/REPORT.md,236,ab089e45b85e990b,ab089e45b85e990b,evolve,B,HOLD,0,,held,6,1,physics of ab089e45b85e990b: held 0.500 re-evolve XOR on physics of ab089e45b85e990b: held 0.482 re-evolve MAJ on physics of ab089e45b85e990b: held 0.498 re-evolve FLIP on physics of ab089e45b85e990b: held 0.484 re-evolve RELAY on physics of 0c18ce5e1a7721bc: held 0.484 re-evolve XOR on physics of 0c18ce5e1a7721bc: held 0.512 re-evolve MAJ on physics of 0c18ce5e1a7721bc: held 0.51
roles/Ananke/pte/c1_report/REPORT.md,237,0c18ce5e1a7721bc,0c18ce5e1a7721bc,evolve,B,HOLD,0,,held,6,1,physics of ab089e45b85e990b: held 0.482 re-evolve MAJ on physics of ab089e45b85e990b: held 0.498 re-evolve FLIP on physics of ab089e45b85e990b: held 0.484 re-evolve RELAY on physics of 0c18ce5e1a7721bc: held 0.484 re-evolve XOR on physics of 0c18ce5e1a7721bc: held 0.512 re-evolve MAJ on physics of 0c18ce5e1a7721bc: held 0.519 re-evolve FLIP on physics of 0c18ce5e1a7721bc: held 0.50
roles/Ananke/pte/c1_report/REPORT.md,238,0c18ce5e1a7721bc,0c18ce5e1a7721bc,evolve,B,HOLD,0,,held,6,1,physics of ab089e45b85e990b: held 0.498 re-evolve FLIP on physics of ab089e45b85e990b: held 0.484 re-evolve RELAY on physics of 0c18ce5e1a7721bc: held 0.484 re-evolve XOR on physics of 0c18ce5e1a7721bc: held 0.512 re-evolve MAJ on physics of 0c18ce5e1a7721bc: held 0.519 re-evolve FLIP on physics of 0c18ce5e1a7721bc: held 0.503 re-evolve RELAY on physics of d276ae3ebec543c8: held 0.50
roles/Ananke/pte/c1_report/REPORT.md,239,0c18ce5e1a7721bc,0c18ce5e1a7721bc,evolve,B,HOLD,0,,held,6,1,physics of ab089e45b85e990b: held 0.484 re-evolve RELAY on physics of 0c18ce5e1a7721bc: held 0.484 re-evolve XOR on physics of 0c18ce5e1a7721bc: held 0.512 re-evolve MAJ on physics of 0c18ce5e1a7721bc: held 0.519 re-evolve FLIP on physics of 0c18ce5e1a7721bc: held 0.503 re-evolve RELAY on physics of d276ae3ebec543c8: held 0.500 re-evolve XOR on physics of d276ae3ebec543c8: held 0.48
roles/Ananke/pte/c1_report/REPORT.md,240,0c18ce5e1a7721bc,0c18ce5e1a7721bc,evolve,B,HOLD,0,,held,6,1,physics of 0c18ce5e1a7721bc: held 0.484 re-evolve XOR on physics of 0c18ce5e1a7721bc: held 0.512 re-evolve MAJ on physics of 0c18ce5e1a7721bc: held 0.519 re-evolve FLIP on physics of 0c18ce5e1a7721bc: held 0.503 re-evolve RELAY on physics of d276ae3ebec543c8: held 0.500 re-evolve XOR on physics of d276ae3ebec543c8: held 0.486 re-evolve MAJ on physics of d276ae3ebec543c8: held 0.50
roles/Ananke/pte/c1_report/REPORT.md,241,d276ae3ebec543c8,d276ae3ebec543c8,evolve,B,HOLD,0,,held,6,1,physics of 0c18ce5e1a7721bc: held 0.512 re-evolve MAJ on physics of 0c18ce5e1a7721bc: held 0.519 re-evolve FLIP on physics of 0c18ce5e1a7721bc: held 0.503 re-evolve RELAY on physics of d276ae3ebec543c8: held 0.500 re-evolve XOR on physics of d276ae3ebec543c8: held 0.486 re-evolve MAJ on physics of d276ae3ebec543c8: held 0.500 re-evolve FLIP on physics of d276ae3ebec543c8: held 0.49
roles/Ananke/pte/c1_report/REPORT.md,242,d276ae3ebec543c8,d276ae3ebec543c8,evolve,B,HOLD,0,,held,6,1,physics of 0c18ce5e1a7721bc: held 0.519 re-evolve FLIP on physics of 0c18ce5e1a7721bc: held 0.503 re-evolve RELAY on physics of d276ae3ebec543c8: held 0.500 re-evolve XOR on physics of d276ae3ebec543c8: held 0.486 re-evolve MAJ on physics of d276ae3ebec543c8: held 0.500 re-evolve FLIP on physics of d276ae3ebec543c8: held 0.494 re-evolve RELAY on physics of fa7d3bf3867a6e61: held 0.58
roles/Ananke/pte/c1_report/REPORT.md,243,d276ae3ebec543c8,d276ae3ebec543c8,evolve,B,HOLD,0,,held,6,1,physics of 0c18ce5e1a7721bc: held 0.503 re-evolve RELAY on physics of d276ae3ebec543c8: held 0.500 re-evolve XOR on physics of d276ae3ebec543c8: held 0.486 re-evolve MAJ on physics of d276ae3ebec543c8: held 0.500 re-evolve FLIP on physics of d276ae3ebec543c8: held 0.494 re-evolve RELAY on physics of fa7d3bf3867a6e61: held 0.589 SIGNAL re-evolve XOR on physics of fa7d3bf3867a6e61: hel
roles/Ananke/pte/c1_report/REPORT.md,244,d276ae3ebec543c8,d276ae3ebec543c8,evolve,B,HOLD,0,,held,6,1,physics of d276ae3ebec543c8: held 0.500 re-evolve XOR on physics of d276ae3ebec543c8: held 0.486 re-evolve MAJ on physics of d276ae3ebec543c8: held 0.500 re-evolve FLIP on physics of d276ae3ebec543c8: held 0.494 re-evolve RELAY on physics of fa7d3bf3867a6e61: held 0.589 SIGNAL re-evolve XOR on physics of fa7d3bf3867a6e61: held 0.500 re-evolve MAJ on physics of fa7d3bf3867a6e61: hel
roles/Ananke/pte/c1_report/REPORT.md,245,fa7d3bf3867a6e61,fa7d3bf3867a6e61,evolve,B,HOLD,0,,held,6,1,physics of d276ae3ebec543c8: held 0.486 re-evolve MAJ on physics of d276ae3ebec543c8: held 0.500 re-evolve FLIP on physics of d276ae3ebec543c8: held 0.494 re-evolve RELAY on physics of fa7d3bf3867a6e61: held 0.589 SIGNAL re-evolve XOR on physics of fa7d3bf3867a6e61: held 0.500 re-evolve MAJ on physics of fa7d3bf3867a6e61: held 0.682 SIGNAL re-evolve FLIP on physics of fa7d3bf3867a6e6
roles/Ananke/pte/c1_report/REPORT.md,246,fa7d3bf3867a6e61,fa7d3bf3867a6e61,evolve,B,HOLD,0,,held,6,1,s of d276ae3ebec543c8: held 0.500 re-evolve FLIP on physics of d276ae3ebec543c8: held 0.494 re-evolve RELAY on physics of fa7d3bf3867a6e61: held 0.589 SIGNAL re-evolve XOR on physics of fa7d3bf3867a6e61: held 0.500 re-evolve MAJ on physics of fa7d3bf3867a6e61: held 0.682 SIGNAL re-evolve FLIP on physics of fa7d3bf3867a6e61: held 0.502 re-evolve RELAY on physics of f5ce6a2afd321482: hel
roles/Ananke/pte/c1_report/REPORT.md,247,fa7d3bf3867a6e61,fa7d3bf3867a6e61,evolve,B,HOLD,0,,held,6,1,s of d276ae3ebec543c8: held 0.494 re-evolve RELAY on physics of fa7d3bf3867a6e61: held 0.589 SIGNAL re-evolve XOR on physics of fa7d3bf3867a6e61: held 0.500 re-evolve MAJ on physics of fa7d3bf3867a6e61: held 0.682 SIGNAL re-evolve FLIP on physics of fa7d3bf3867a6e61: held 0.502 re-evolve RELAY on physics of f5ce6a2afd321482: held 0.500 re-evolve XOR on physics of f5ce6a2afd321482: hel
roles/Ananke/pte/c1_report/REPORT.md,248,fa7d3bf3867a6e61,fa7d3bf3867a6e61,evolve,B,HOLD,0,,held,6,1,a7d3bf3867a6e61: held 0.589 SIGNAL re-evolve XOR on physics of fa7d3bf3867a6e61: held 0.500 re-evolve MAJ on physics of fa7d3bf3867a6e61: held 0.682 SIGNAL re-evolve FLIP on physics of fa7d3bf3867a6e61: held 0.502 re-evolve RELAY on physics of f5ce6a2afd321482: held 0.500 re-evolve XOR on physics of f5ce6a2afd321482: held 0.494 re-evolve MAJ on physics of f5ce6a2afd321482: held 0.47
roles/Ananke/pte/c1_report/REPORT.md,249,f5ce6a2afd321482,f5ce6a2afd321482,evolve,B,HOLD,0,,held,6,1,s of fa7d3bf3867a6e61: held 0.500 re-evolve MAJ on physics of fa7d3bf3867a6e61: held 0.682 SIGNAL re-evolve FLIP on physics of fa7d3bf3867a6e61: held 0.502 re-evolve RELAY on physics of f5ce6a2afd321482: held 0.500 re-evolve XOR on physics of f5ce6a2afd321482: held 0.494 re-evolve MAJ on physics of f5ce6a2afd321482: held 0.473 re-evolve FLIP on physics of f5ce6a2afd321482: held 0.50
roles/Ananke/pte/c1_report/REPORT.md,250,f5ce6a2afd321482,f5ce6a2afd321482,evolve,B,HOLD,0,,held,6,1,s of fa7d3bf3867a6e61: held 0.682 SIGNAL re-evolve FLIP on physics of fa7d3bf3867a6e61: held 0.502 re-evolve RELAY on physics of f5ce6a2afd321482: held 0.500 re-evolve XOR on physics of f5ce6a2afd321482: held 0.494 re-evolve MAJ on physics of f5ce6a2afd321482: held 0.473 re-evolve FLIP on physics of f5ce6a2afd321482: held 0.501 re-evolve RELAY on physics of 7380191e69dc8aa3: held 0.53
roles/Ananke/pte/c1_report/REPORT.md,251,f5ce6a2afd321482,f5ce6a2afd321482,evolve,B,HOLD,0,,held,6,1,physics of fa7d3bf3867a6e61: held 0.502 re-evolve RELAY on physics of f5ce6a2afd321482: held 0.500 re-evolve XOR on physics of f5ce6a2afd321482: held 0.494 re-evolve MAJ on physics of f5ce6a2afd321482: held 0.473 re-evolve FLIP on physics of f5ce6a2afd321482: held 0.501 re-evolve RELAY on physics of 7380191e69dc8aa3: held 0.530 re-evolve XOR on physics of 7380191e69dc8aa3: held 0.52
roles/Ananke/pte/c1_report/REPORT.md,252,f5ce6a2afd321482,f5ce6a2afd321482,evolve,B,HOLD,0,,held,6,1,physics of f5ce6a2afd321482: held 0.500 re-evolve XOR on physics of f5ce6a2afd321482: held 0.494 re-evolve MAJ on physics of f5ce6a2afd321482: held 0.473 re-evolve FLIP on physics of f5ce6a2afd321482: held 0.501 re-evolve RELAY on physics of 7380191e69dc8aa3: held 0.530 re-evolve XOR on physics of 7380191e69dc8aa3: held 0.521 re-evolve MAJ on physics of 7380191e69dc8aa3: held 0.50
roles/Ananke/pte/c1_report/REPORT.md,253,7380191e69dc8aa3,7380191e69dc8aa3,evolve,B,HOLD,0,,held,6,1,physics of f5ce6a2afd321482: held 0.494 re-evolve MAJ on physics of f5ce6a2afd321482: held 0.473 re-evolve FLIP on physics of f5ce6a2afd321482: held 0.501 re-evolve RELAY on physics of 7380191e69dc8aa3: held 0.530 re-evolve XOR on physics of 7380191e69dc8aa3: held 0.521 re-evolve MAJ on physics of 7380191e69dc8aa3: held 0.500 re-evolve FLIP on physics of 7380191e69dc8aa3: held 0.48
roles/Ananke/pte/c1_report/REPORT.md,254,7380191e69dc8aa3,7380191e69dc8aa3,evolve,B,HOLD,0,,held,6,1,physics of f5ce6a2afd321482: held 0.473 re-evolve FLIP on physics of f5ce6a2afd321482: held 0.501 re-evolve RELAY on physics of 7380191e69dc8aa3: held 0.530 re-evolve XOR on physics of 7380191e69dc8aa3: held 0.521 re-evolve MAJ on physics of 7380191e69dc8aa3: held 0.500 re-evolve FLIP on physics of 7380191e69dc8aa3: held 0.480 re-evolve RELAY on physics of 5f4e21d85eb4dda7: held 0.50
roles/Ananke/pte/c1_report/REPORT.md,255,7380191e69dc8aa3,7380191e69dc8aa3,evolve,B,HOLD,0,,held,6,1,physics of f5ce6a2afd321482: held 0.501 re-evolve RELAY on physics of 7380191e69dc8aa3: held 0.530 re-evolve XOR on physics of 7380191e69dc8aa3: held 0.521 re-evolve MAJ on physics of 7380191e69dc8aa3: held 0.500 re-evolve FLIP on physics of 7380191e69dc8aa3: held 0.480 re-evolve RELAY on physics of 5f4e21d85eb4dda7: held 0.500 re-evolve XOR on physics of 5f4e21d85eb4dda7: held 0.50
roles/Ananke/pte/c1_report/REPORT.md,256,7380191e69dc8aa3,7380191e69dc8aa3,evolve,B,HOLD,0,,held,6,1,physics of 7380191e69dc8aa3: held 0.530 re-evolve XOR on physics of 7380191e69dc8aa3: held 0.521 re-evolve MAJ on physics of 7380191e69dc8aa3: held 0.500 re-evolve FLIP on physics of 7380191e69dc8aa3: held 0.480 re-evolve RELAY on physics of 5f4e21d85eb4dda7: held 0.500 re-evolve XOR on physics of 5f4e21d85eb4dda7: held 0.500 re-evolve MAJ on physics of 5f4e21d85eb4dda7: held 0.50
roles/Ananke/pte/c1_report/REPORT.md,257,5f4e21d85eb4dda7,5f4e21d85eb4dda7,evolve,A,HOLD,0,,held,6,1,physics of 7380191e69dc8aa3: held 0.521 re-evolve MAJ on physics of 7380191e69dc8aa3: held 0.500 re-evolve FLIP on physics of 7380191e69dc8aa3: held 0.480 re-evolve RELAY on physics of 5f4e21d85eb4dda7: held 0.500 re-evolve XOR on physics of 5f4e21d85eb4dda7: held 0.500 re-evolve MAJ on physics of 5f4e21d85eb4dda7: held 0.500 re-evolve FLIP on physics of 5f4e21d85eb4dda7: held 0.50
roles/Ananke/pte/c1_report/REPORT.md,258,5f4e21d85eb4dda7,5f4e21d85eb4dda7,evolve,A,HOLD,0,,held,6,1,physics of 7380191e69dc8aa3: held 0.500 re-evolve FLIP on physics of 7380191e69dc8aa3: held 0.480 re-evolve RELAY on physics of 5f4e21d85eb4dda7: held 0.500 re-evolve XOR on physics of 5f4e21d85eb4dda7: held 0.500 re-evolve MAJ on physics of 5f4e21d85eb4dda7: held 0.500 re-evolve FLIP on physics of 5f4e21d85eb4dda7: held 0.500 re-evolve RELAY on physics of 12c2b57ff995f973: held 0.64
roles/Ananke/pte/c1_report/REPORT.md,259,5f4e21d85eb4dda7,5f4e21d85eb4dda7,evolve,A,HOLD,0,,held,6,1,physics of 7380191e69dc8aa3: held 0.480 re-evolve RELAY on physics of 5f4e21d85eb4dda7: held 0.500 re-evolve XOR on physics of 5f4e21d85eb4dda7: held 0.500 re-evolve MAJ on physics of 5f4e21d85eb4dda7: held 0.500 re-evolve FLIP on physics of 5f4e21d85eb4dda7: held 0.500 re-evolve RELAY on physics of 12c2b57ff995f973: held 0.647 SIGNAL re-evolve XOR on physics of 12c2b57ff995f973: hel
roles/Ananke/pte/c1_report/REPORT.md,260,5f4e21d85eb4dda7,5f4e21d85eb4dda7,evolve,A,HOLD,0,,held,6,1,physics of 5f4e21d85eb4dda7: held 0.500 re-evolve XOR on physics of 5f4e21d85eb4dda7: held 0.500 re-evolve MAJ on physics of 5f4e21d85eb4dda7: held 0.500 re-evolve FLIP on physics of 5f4e21d85eb4dda7: held 0.500 re-evolve RELAY on physics of 12c2b57ff995f973: held 0.647 SIGNAL re-evolve XOR on physics of 12c2b57ff995f973: held 0.503 re-evolve MAJ on physics of 12c2b57ff995f973: hel
roles/Ananke/pte/c1_report/REPORT.md,261,12c2b57ff995f973,12c2b57ff995f973,evolve,A,HOLD,0,,held,6,1,physics of 5f4e21d85eb4dda7: held 0.500 re-evolve MAJ on physics of 5f4e21d85eb4dda7: held 0.500 re-evolve FLIP on physics of 5f4e21d85eb4dda7: held 0.500 re-evolve RELAY on physics of 12c2b57ff995f973: held 0.647 SIGNAL re-evolve XOR on physics of 12c2b57ff995f973: held 0.503 re-evolve MAJ on physics of 12c2b57ff995f973: held 0.549 re-evolve FLIP on physics of 12c2b57ff995f973: hel
roles/Ananke/pte/c1_report/REPORT.md,262,12c2b57ff995f973,12c2b57ff995f973,evolve,A,HOLD,0,,held,6,1,s of 5f4e21d85eb4dda7: held 0.500 re-evolve FLIP on physics of 5f4e21d85eb4dda7: held 0.500 re-evolve RELAY on physics of 12c2b57ff995f973: held 0.647 SIGNAL re-evolve XOR on physics of 12c2b57ff995f973: held 0.503 re-evolve MAJ on physics of 12c2b57ff995f973: held 0.549 re-evolve FLIP on physics of 12c2b57ff995f973: held 0.502 re-evolve XOR on physics of bbef66a1ee9558ac: held 0.48
roles/Ananke/pte/c1_report/REPORT.md,263,12c2b57ff995f973,12c2b57ff995f973,evolve,A,HOLD,0,,held,6,1,s of 5f4e21d85eb4dda7: held 0.500 re-evolve RELAY on physics of 12c2b57ff995f973: held 0.647 SIGNAL re-evolve XOR on physics of 12c2b57ff995f973: held 0.503 re-evolve MAJ on physics of 12c2b57ff995f973: held 0.549 re-evolve FLIP on physics of 12c2b57ff995f973: held 0.502 re-evolve XOR on physics of bbef66a1ee9558ac: held 0.487 re-evolve MAJ on physics of bbef66a1ee9558ac: held 0.78
roles/Ananke/pte/c1_report/REPORT.md,264,12c2b57ff995f973,12c2b57ff995f973,evolve,A,HOLD,0,,held,6,1,s of 12c2b57ff995f973: held 0.647 SIGNAL re-evolve XOR on physics of 12c2b57ff995f973: held 0.503 re-evolve MAJ on physics of 12c2b57ff995f973: held 0.549 re-evolve FLIP on physics of 12c2b57ff995f973: held 0.502 re-evolve XOR on physics of bbef66a1ee9558ac: held 0.487 re-evolve MAJ on physics of bbef66a1ee9558ac: held 0.789 SIGNAL re-evolve FLIP on physics of bbef66a1ee9558ac: hel
roles/Ananke/pte/c1_report/REPORT.md,265,bbef66a1ee9558ac,bbef66a1ee9558ac,evolve,B,RELAY,0,,held,6,1,physics of 12c2b57ff995f973: held 0.503 re-evolve MAJ on physics of 12c2b57ff995f973: held 0.549 re-evolve FLIP on physics of 12c2b57ff995f973: held 0.502 re-evolve XOR on physics of bbef66a1ee9558ac: held 0.487 re-evolve MAJ on physics of bbef66a1ee9558ac: held 0.789 SIGNAL re-evolve FLIP on physics of bbef66a1ee9558ac: held 0.479 re-evolve HOLD on physics of bbef66a1ee9558ac: hel
roles/Ananke/pte/c1_report/REPORT.md,266,bbef66a1ee9558ac,bbef66a1ee9558ac,evolve,B,RELAY,0,,held,6,1,physics of 12c2b57ff995f973: held 0.549 re-evolve FLIP on physics of 12c2b57ff995f973: held 0.502 re-evolve XOR on physics of bbef66a1ee9558ac: held 0.487 re-evolve MAJ on physics of bbef66a1ee9558ac: held 0.789 SIGNAL re-evolve FLIP on physics of bbef66a1ee9558ac: held 0.479 re-evolve HOLD on physics of bbef66a1ee9558ac: held 0.883 SIGNAL re-evolve RELAY on physics of 1c0a1bc76d7a69d
roles/Ananke/pte/c1_report/REPORT.md,267,bbef66a1ee9558ac,bbef66a1ee9558ac,evolve,B,RELAY,0,,held,6,1,s of 12c2b57ff995f973: held 0.502 re-evolve XOR on physics of bbef66a1ee9558ac: held 0.487 re-evolve MAJ on physics of bbef66a1ee9558ac: held 0.789 SIGNAL re-evolve FLIP on physics of bbef66a1ee9558ac: held 0.479 re-evolve HOLD on physics of bbef66a1ee9558ac: held 0.883 SIGNAL re-evolve RELAY on physics of 1c0a1bc76d7a69dc: held 0.568 re-evolve XOR on physics of 1c0a1bc76d7a69dc: hel
roles/Ananke/pte/c1_report/REPORT.md,268,bbef66a1ee9558ac,bbef66a1ee9558ac,evolve,B,RELAY,0,,held,6,1,s of bbef66a1ee9558ac: held 0.487 re-evolve MAJ on physics of bbef66a1ee9558ac: held 0.789 SIGNAL re-evolve FLIP on physics of bbef66a1ee9558ac: held 0.479 re-evolve HOLD on physics of bbef66a1ee9558ac: held 0.883 SIGNAL re-evolve RELAY on physics of 1c0a1bc76d7a69dc: held 0.568 re-evolve XOR on physics of 1c0a1bc76d7a69dc: held 0.510 re-evolve MAJ on physics of 1c0a1bc76d7a69dc: hel
roles/Ananke/pte/c1_report/REPORT.md,269,1c0a1bc76d7a69dc,1c0a1bc76d7a69dc,evolve,A,HOLD,0,,held,6,1,bef66a1ee9558ac: held 0.789 SIGNAL re-evolve FLIP on physics of bbef66a1ee9558ac: held 0.479 re-evolve HOLD on physics of bbef66a1ee9558ac: held 0.883 SIGNAL re-evolve RELAY on physics of 1c0a1bc76d7a69dc: held 0.568 re-evolve XOR on physics of 1c0a1bc76d7a69dc: held 0.510 re-evolve MAJ on physics of 1c0a1bc76d7a69dc: held 0.480 re-evolve FLIP on physics of 1c0a1bc76d7a69dc: held 0.50
roles/Ananke/pte/c1_report/REPORT.md,270,1c0a1bc76d7a69dc,1c0a1bc76d7a69dc,evolve,A,HOLD,0,,held,6,1,s of bbef66a1ee9558ac: held 0.479 re-evolve HOLD on physics of bbef66a1ee9558ac: held 0.883 SIGNAL re-evolve RELAY on physics of 1c0a1bc76d7a69dc: held 0.568 re-evolve XOR on physics of 1c0a1bc76d7a69dc: held 0.510 re-evolve MAJ on physics of 1c0a1bc76d7a69dc: held 0.480 re-evolve FLIP on physics of 1c0a1bc76d7a69dc: held 0.503 re-evolve RELAY on physics of 56d72b6e96b12bd9: held 0.50
roles/Ananke/pte/c1_report/REPORT.md,271,1c0a1bc76d7a69dc,1c0a1bc76d7a69dc,evolve,A,HOLD,0,,held,6,1,s of bbef66a1ee9558ac: held 0.883 SIGNAL re-evolve RELAY on physics of 1c0a1bc76d7a69dc: held 0.568 re-evolve XOR on physics of 1c0a1bc76d7a69dc: held 0.510 re-evolve MAJ on physics of 1c0a1bc76d7a69dc: held 0.480 re-evolve FLIP on physics of 1c0a1bc76d7a69dc: held 0.503 re-evolve RELAY on physics of 56d72b6e96b12bd9: held 0.507 re-evolve XOR on physics of 56d72b6e96b12bd9: held 0.49
roles/Ananke/pte/c1_report/REPORT.md,272,1c0a1bc76d7a69dc,1c0a1bc76d7a69dc,evolve,A,HOLD,0,,held,6,1,physics of 1c0a1bc76d7a69dc: held 0.568 re-evolve XOR on physics of 1c0a1bc76d7a69dc: held 0.510 re-evolve MAJ on physics of 1c0a1bc76d7a69dc: held 0.480 re-evolve FLIP on physics of 1c0a1bc76d7a69dc: held 0.503 re-evolve RELAY on physics of 56d72b6e96b12bd9: held 0.507 re-evolve XOR on physics of 56d72b6e96b12bd9: held 0.498 re-evolve MAJ on physics of 56d72b6e96b12bd9: held 0.48
roles/Ananke/pte/c1_report/REPORT.md,273,56d72b6e96b12bd9,56d72b6e96b12bd9,evolve,B,HOLD,0,,held,6,1,physics of 1c0a1bc76d7a69dc: held 0.510 re-evolve MAJ on physics of 1c0a1bc76d7a69dc: held 0.480 re-evolve FLIP on physics of 1c0a1bc76d7a69dc: held 0.503 re-evolve RELAY on physics of 56d72b6e96b12bd9: held 0.507 re-evolve XOR on physics of 56d72b6e96b12bd9: held 0.498 re-evolve MAJ on physics of 56d72b6e96b12bd9: held 0.483 re-evolve FLIP on physics of 56d72b6e96b12bd9: held 0.49
roles/Ananke/pte/c1_report/REPORT.md,274,56d72b6e96b12bd9,56d72b6e96b12bd9,evolve,B,HOLD,0,,held,6,1,physics of 1c0a1bc76d7a69dc: held 0.480 re-evolve FLIP on physics of 1c0a1bc76d7a69dc: held 0.503 re-evolve RELAY on physics of 56d72b6e96b12bd9: held 0.507 re-evolve XOR on physics of 56d72b6e96b12bd9: held 0.498 re-evolve MAJ on physics of 56d72b6e96b12bd9: held 0.483 re-evolve FLIP on physics of 56d72b6e96b12bd9: held 0.498 ## 7. Wave D: causal adjudication of promoted cells -- HOLD
roles/Ananke/pte/c1_report/REPORT.md,275,56d72b6e96b12bd9,56d72b6e96b12bd9,evolve,B,HOLD,0,,held,6,1,"physics of 1c0a1bc76d7a69dc: held 0.503 re-evolve RELAY on physics of 56d72b6e96b12bd9: held 0.507 re-evolve XOR on physics of 56d72b6e96b12bd9: held 0.498 re-evolve MAJ on physics of 56d72b6e96b12bd9: held 0.483 re-evolve FLIP on physics of 56d72b6e96b12bd9: held 0.498 ## 7. Wave D: causal adjudication of promoted cells -- HOLD 85ca202e89057873 held 1.000: REPRODUCED=True (reps [1.0, 1.0])"
roles/Ananke/pte/c1_report/REPORT.md,276,56d72b6e96b12bd9,56d72b6e96b12bd9,evolve,B,HOLD,0,,held,6,1,"physics of 56d72b6e96b12bd9: held 0.507 re-evolve XOR on physics of 56d72b6e96b12bd9: held 0.498 re-evolve MAJ on physics of 56d72b6e96b12bd9: held 0.483 re-evolve FLIP on physics of 56d72b6e96b12bd9: held 0.498 ## 7. Wave D: causal adjudication of promoted cells -- HOLD 85ca202e89057873 held 1.000: REPRODUCED=True (reps [1.0, 1.0]), CAUSAL_SUPPORT controls: normal=1.0, zero_comm=1.0, shuffl"
roles/Ananke/pte/c1_report/REPORT.md,279,85ca202e89057873,85ca202e89057873,evolve,B,HOLD,0,,held,5,1,"held 0.498 re-evolve MAJ on physics of 56d72b6e96b12bd9: held 0.483 re-evolve FLIP on physics of 56d72b6e96b12bd9: held 0.498 ## 7. Wave D: causal adjudication of promoted cells -- HOLD 85ca202e89057873 held 1.000: REPRODUCED=True (reps [1.0, 1.0]), CAUSAL_SUPPORT controls: normal=1.0, zero_comm=1.0, shuffle_dest=1.0, shuffle_time=1.0, randomize_payload=1.0, packet_ablation=1.0, memory_ablation=0"
roles/Ananke/pte/c1_report/REPORT.md,283,ab089e45b85e990b,ab089e45b85e990b,evolve,B,HOLD,0,,held,5,0,", latency+1=1.0, jitter+2=1.0, noise+32=1.0, size_x2.25=1.0, async0.7=0.922 twin: reach=0.88, persist=113.88, div_frac_readout=0.01, div_frac_next=0.01, readout_flipped=1.0, beyond_hop=0.0 -- HOLD ab089e45b85e990b held 1.000: REPRODUCED=True (reps [0.827, 0.75]), CAUSAL_SUPPORT controls: normal=1.0, zero_comm=1.0, shuffle_dest=1.0, shuffle_time=1.0, randomize_payload=1.0, packet_ablation=NOT_APPLICABLE, mem"
roles/Ananke/pte/c1_report/REPORT.md,287,a0a5244d375cd0e7,a0a5244d375cd0e7,evolve,B,HOLD,0,,held,5,0,".0, latency+1=1.0, jitter+2=1.0, noise+32=1.0, size_x2.25=1.0, async0.7=0.836 twin: reach=0.81, persist=12.0, div_frac_readout=0.01, div_frac_next=0.01, readout_flipped=1.0, beyond_hop=0.0 -- HOLD a0a5244d375cd0e7 held 1.000: REPRODUCED=True (reps [0.54, 0.923]), CAUSAL_SUPPORT controls: normal=0.999, zero_comm=1.0, shuffle_dest=0.997, shuffle_time=1.0, randomize_payload=0.991, packet_ablation=1.0, memory_a"
roles/Ananke/pte/c1_report/REPORT.md,291,7b7b025e7ee58f2b,7b7b025e7ee58f2b,evolve,B2,HOLD,0,,held,5,0,"ency+1=0.997, jitter+2=0.995, noise+32=0.997, size_x2.25=1.0, async0.7=0.818 twin: reach=1.0, persist=122.38, div_frac_readout=0.02, div_frac_next=0.02, readout_flipped=1.0, beyond_hop=0.0 -- HOLD 7b7b025e7ee58f2b held 1.000: REPRODUCED=True (reps [1.0, 0.5]), CAUSAL_SUPPORT controls: normal=1.0, zero_comm=1.0, shuffle_dest=1.0, shuffle_time=1.0, randomize_payload=1.0, packet_ablation=1.0, memory_ablation=0"
roles/Ananke/pte/c1_report/REPORT.md,295,bbef66a1ee9558ac,bbef66a1ee9558ac,evolve,B,RELAY,0,,held,5,0,"0, latency+1=1.0, jitter+2=1.0, noise+32=1.0, size_x2.25=1.0, async0.7=0.604 twin: reach=1.0, persist=85.31, div_frac_readout=0.05, div_frac_next=0.04, readout_flipped=1.0, beyond_hop=0.0 -- RELAY bbef66a1ee9558ac held 0.883: REPRODUCED=False (reps [0.572, 0.506]), CAUSAL_SUPPORT controls: normal=0.888, zero_comm=0.5, shuffle_dest=0.521, shuffle_time=0.882, randomize_payload=0.698, packet_ablation=0.633, me"
roles/Ananke/pte/c1_report/REPORT.md,299,31cd2a8a9b572a50,31cd2a8a9b572a50,evolve,B2,RELAY,0,,held,5,0,"=0.888, noise+32=0.87, size_x2.25=0.88, async0.7=0.773, topology->random=0.5 twin: reach=3.0, persist=24.5, div_frac_readout=0.04, div_frac_next=0.04, readout_flipped=0.88, beyond_hop=0.0 -- RELAY 31cd2a8a9b572a50 held 0.857: REPRODUCED=True (reps [0.667, 0.789]), CAUSAL_SUPPORT controls: normal=0.888, zero_comm=0.5, shuffle_dest=0.523, shuffle_time=0.852, randomize_payload=0.677, packet_ablation=0.638, mem"
roles/Ananke/pte/c1_report/REPORT.md,303,62a7fff921ca3bd8,62a7fff921ca3bd8,evolve,B,RELAY,0,,held,5,0,".865, noise+32=0.883, size_x2.25=0.872, async0.7=0.792, topology->random=0.5 twin: reach=3.0, persist=15.5, div_frac_readout=0.04, div_frac_next=0.04, readout_flipped=0.88, beyond_hop=0.0 -- RELAY 62a7fff921ca3bd8 held 0.850: REPRODUCED=True (reps [0.857, 0.751]), CAUSAL_SUPPORT controls: normal=0.783, zero_comm=0.5, shuffle_dest=0.514, shuffle_time=0.73, randomize_payload=0.568, packet_ablation=0.5, memory"
roles/Ananke/pte/c1_report/REPORT.md,307,c16d52319beb8bce,c16d52319beb8bce,evolve,B2,RELAY,0,,held,5,0,"0.857, noise+32=0.667, size_x2.25=0.839, async0.7=0.688, topology->random=0.5 twin: reach=3.0, persist=7.75, div_frac_readout=0.01, div_frac_next=0.0, readout_flipped=0.38, beyond_hop=0.0 -- RELAY c16d52319beb8bce held 0.837: REPRODUCED=True (reps [0.811, 0.816]), CAUSAL_SUPPORT controls: normal=0.807, zero_comm=0.5, shuffle_dest=0.5, shuffle_time=0.799, randomize_payload=0.497, packet_ablation=0.5, memory_"
roles/Ananke/pte/c1_report/REPORT.md,311,4781b0a172b6dc3c,4781b0a172b6dc3c,evolve,C,MAJ,0,,held,5,0,"0.823, noise+32=0.53, size_x2.25=0.828, async0.7=0.891, topology->random=0.5 twin: reach=4.56, persist=58.5, div_frac_readout=0.05, div_frac_next=0.04, readout_flipped=0.75, beyond_hop=0.88 -- MAJ 4781b0a172b6dc3c held 0.789: REPRODUCED=True (reps [0.636, 0.52]), CAUSAL_SUPPORT controls: normal=0.768, zero_comm=0.5, shuffle_dest=0.5, shuffle_time=0.788, randomize_payload=0.586, packet_ablation=0.5, memory_a"
roles/Ananke/pte/c1_report/REPORT.md,315,0a23398f20cc41a2,0a23398f20cc41a2,evolve,B,MAJ,0,,held,5,0,"0.755, noise+32=0.678, size_x2.25=0.745, async0.7=0.693, topology->random=0.5 twin: reach=9.0, persist=100.12, div_frac_readout=0.09, div_frac_next=0.09, readout_flipped=0.5, beyond_hop=1.0 -- MAJ 0a23398f20cc41a2 held 0.695: REPRODUCED=True (reps [0.549, 0.699]), NOT_SUPPORTED controls: normal=0.691, zero_comm=0.5, shuffle_dest=0.525, shuffle_time=0.693, randomize_payload=0.5, packet_ablation=0.697, memory"
roles/Ananke/pte/c1_report/REPORT.md,319,f6b623cdb23afd2c,f6b623cdb23afd2c,evolve,B,MAJ,0,,held,5,0,".615, noise+32=0.711, size_x2.25=0.659, async0.7=0.639, topology->random=0.534 twin: reach=7.19, persist=6.19, div_frac_readout=0.1, div_frac_next=0.01, readout_flipped=0.62, beyond_hop=1.0 -- MAJ f6b623cdb23afd2c held 0.686: REPRODUCED=True (reps [0.533, 0.68]), NOT_SUPPORTED controls: normal=0.695, zero_comm=0.5, shuffle_dest=0.52, shuffle_time=0.684, randomize_payload=0.5, packet_ablation=0.697, memory_a"
roles/Ananke/pte/c1_report/REPORT.md,323,613162a306938de7,613162a306938de7,evolve,C,MAJ,0,,held,5,0,"622, noise+32=0.693, size_x2.25=0.732, async0.7=0.651, topology->random=0.523 twin: reach=8.88, persist=6.31, div_frac_readout=0.11, div_frac_next=0.01, readout_flipped=0.62, beyond_hop=1.0 -- MAJ 613162a306938de7 held 0.682: REPRODUCED=False (reps [0.5, 0.51]), CAUSAL_SUPPORT controls: normal=0.688, zero_comm=0.5, shuffle_dest=0.72, shuffle_time=0.68, randomize_payload=0.5, packet_ablation=0.545, memory_ab"
roles/Ananke/pte/c1b/REVIEW_PACKET_PTE_C1b.txt,34,4ab2ba01,4ab2ba014aac967e,evolve,C,HOLD,0,,held,12,0,"----------- 1. CLAIMS UNDER REVIEW -------------------------------------------------------------------------------- C1 left two candidate mechanisms that its own labels could not adjudicate: M2 (HOLD 4ab2ba01): ""the held bit lives in packets in flight, not in site state"" (post-hoc, one cell). M3 (MAJ 0a23398f, f6b623cd): ""self-modifying, timing-locked"" (zero-comm 0.50, yet C1 packet ablation had no effect"
roles/Ananke/pte/c1b/REVIEW_PACKET_PTE_C1b.txt,35,0a23398f,0a23398f20cc41a2,evolve,B,MAJ,0,,held|search,86,0,"------------- C1 left two candidate mechanisms that its own labels could not adjudicate: M2 (HOLD 4ab2ba01): ""the held bit lives in packets in flight, not in site state"" (post-hoc, one cell). M3 (MAJ 0a23398f, f6b623cd): ""self-modifying, timing-locked"" (zero-comm 0.50, yet C1 packet ablation had no effect). C1b tests each with a per-carrier battery, fresh-seed replication (4 searches per specimen) and a c"
roles/Ananke/pte/c1b/REVIEW_PACKET_PTE_C1b.txt,35,f6b623cd,f6b623cdb23afd2c,evolve,B,MAJ,0,,held|search,96,0,"--- C1 left two candidate mechanisms that its own labels could not adjudicate: M2 (HOLD 4ab2ba01): ""the held bit lives in packets in flight, not in site state"" (post-hoc, one cell). M3 (MAJ 0a23398f, f6b623cd): ""self-modifying, timing-locked"" (zero-comm 0.50, yet C1 packet ablation had no effect). C1b tests each with a per-carrier battery, fresh-seed replication (4 searches per specimen) and a corrected p"
roles/Ananke/pte/c1b/REVIEW_PACKET_PTE_C1b.txt,67,0a23398f,0a23398f20cc41a2,evolve,B,MAJ,0,,,,0,"---------------------- 4. PRIMARY RESULT -- specimens (S1), pair-mean held-out accuracy -------------------------------------------------------------------------------- M3 arm 0a23398f f6b623cd ------------------------- -------- -------- normal 0.693 0.686 C1 drop window [t0,ro) 0.697 0.686 no effect (as in C1) drop rea"
roles/Ananke/pte/c1b/REVIEW_PACKET_PTE_C1b.txt,67,f6b623cd,f6b623cdb23afd2c,evolve,B,MAJ,0,,,,0,"----------- 4. PRIMARY RESULT -- specimens (S1), pair-mean held-out accuracy -------------------------------------------------------------------------------- M3 arm 0a23398f f6b623cd ------------------------- -------- -------- normal 0.693 0.686 C1 drop window [t0,ro) 0.697 0.686 no effect (as in C1) drop readout tick o"
roles/Ananke/pte/c1b/REVIEW_PACKET_PTE_C1b.txt,83,4ab2ba01,4ab2ba014aac967e,evolve,C,HOLD,0,,,,0,"TRANSPORT+RULE_SWITCH_UNRESOLVED (both) T positive components readout-tick kill YES, corrected kill YES, C1 window lo99 0.655 / 0.643 M2 arm (4ab2ba01) acc M2 arm acc ------------------------- ----- ------------------------- ----- normal 0.883 flush in flight, mid-gap 0.497"
roles/Ananke/pte/c1b/REVIEW_PACKET_PTE_C1b.txt,113,0a23398f,0a23398f20cc41a2,evolve,B,MAJ,0,,champion,68,0,flush -> 0.50 and the non-packet reset is intact. In-flight memory REPRODUCES (3/3). The strict DELAY_LINE_REPRODUCED label is NOT issued: it needs the specimen itself to be DELAY_LINE_SPECIMEN. M3: 0a23398f does NOT reproduce at this budget. f6b623cd's three SIGNAL champions all show the specimen's fingerprint DESCRIPTIVELY (C1 window no effect; readout-tick drop -> 0.50; latency +1 -> 0.50). The mechan
roles/Ananke/pte/c1b/REVIEW_PACKET_PTE_C1b.txt,113,f6b623cd,f6b623cdb23afd2c,evolve,B,MAJ,0,,champion,24,0,ntact. In-flight memory REPRODUCES (3/3). The strict DELAY_LINE_REPRODUCED label is NOT issued: it needs the specimen itself to be DELAY_LINE_SPECIMEN. M3: 0a23398f does NOT reproduce at this budget. f6b623cd's three SIGNAL champions all show the specimen's fingerprint DESCRIPTIVELY (C1 window no effect; readout-tick drop -> 0.50; latency +1 -> 0.50). The mechanical labels miss it because the thresholds a
roles/Ananke/pte/c1b/REVIEW_PACKET_PTE_C1b.txt,127,4781b0a1,4781b0a172b6dc3c,evolve,C,MAJ,0,,,,0,"ndow ------ ----- ----------------------- ------------------------ HOLD 4 1.00 (latches: no comm) 1.00 RELAY 4 0.50-0.64 (C1 verdict) 0.50 in all 4 MAJ 4 4781b0a1 0.50, 613162a3 0.54 -> corrected ~0.50; 0a23398f 0.70, f6b623cd 0.69 -> corrected 0.50 The defect (D-A) changed the reading of exactly the two M3 cells. No RELAY or HOLD verdict mo"
roles/Ananke/pte/c1b/REVIEW_PACKET_PTE_C1b.txt,127,613162a3,613162a306938de7,evolve,C,MAJ,0,,,,0,"----- ----------------------- ------------------------ HOLD 4 1.00 (latches: no comm) 1.00 RELAY 4 0.50-0.64 (C1 verdict) 0.50 in all 4 MAJ 4 4781b0a1 0.50, 613162a3 0.54 -> corrected ~0.50; 0a23398f 0.70, f6b623cd 0.69 -> corrected 0.50 The defect (D-A) changed the reading of exactly the two M3 cells. No RELAY or HOLD verdict moves. C1's froze"
roles/Ananke/pte/c1b/REVIEW_PACKET_PTE_C1b.txt,128,0a23398f,0a23398f20cc41a2,evolve,B,MAJ,0,,,,0,"----- HOLD 4 1.00 (latches: no comm) 1.00 RELAY 4 0.50-0.64 (C1 verdict) 0.50 in all 4 MAJ 4 4781b0a1 0.50, 613162a3 0.54 -> corrected ~0.50; 0a23398f 0.70, f6b623cd 0.69 -> corrected 0.50 The defect (D-A) changed the reading of exactly the two M3 cells. No RELAY or HOLD verdict moves. C1's frozen_routing is VACUOUS in both M3 cells (dest_mode ""all"
roles/Ananke/pte/c1b/REVIEW_PACKET_PTE_C1b.txt,128,f6b623cd,f6b623cdb23afd2c,evolve,B,MAJ,0,,,,0,"4 1.00 (latches: no comm) 1.00 RELAY 4 0.50-0.64 (C1 verdict) 0.50 in all 4 MAJ 4 4781b0a1 0.50, 613162a3 0.54 -> corrected ~0.50; 0a23398f 0.70, f6b623cd 0.69 -> corrected 0.50 The defect (D-A) changed the reading of exactly the two M3 cells. No RELAY or HOLD verdict moves. C1's frozen_routing is VACUOUS in both M3 cells (dest_mode ""all""). ----------"
roles/Ananke/pte/c1b/REVIEW_PACKET_PTE_C1b.txt,188,0a23398f,0a23398f20cc41a2,evolve,B,MAJ,0,,champion,11,0,"python roles/Ananke/pte/c1b/launch_operator_release.py --home <H> (~9 min on one RTX 5060 Ti; deterministic, all-integer) Spot check (minutes): C1b_SUMMARY.json; or run c1b.m3_battery on 0a23398f's champion (C1 rows) and compare drop_window_c1 with drop_readout_tick_only. -------------------------------------------------------------------------------- 12. VERDICT / DECISION -----------------"
roles/Ananke/research/ARC3_PRIORITIES.md,9,f7e62fe3,f7e62fe3c7c78ca5,adjudicate,D,RELAY,0,,,,0,"de what PTE is for) 1 T-RET-2 RETENTION. Does PTE have ANY nontrivial retention regime? If not, SI01 closes, and PTE's lens narrows to transient/transport computation. The only candidates are the f7e62fe3 w-integrator (exploratory) and never-read scars. -> Worker W-G (adversarial, preregistered). 2 T-CT-2 CARRIER TRAJECTORIES. W-F showed that the RELAY/MAJ carrier is program- and phase-dependent"
roles/Ananke/research/BACKLOG_TEMPORAL_DISTRIBUTED.md,28,4781b0a1,4781b0a172b6dc3c,evolve,C,MAJ,0,,,,0,"the actuator, d = 1..3 (a between-tick hook). LENS: PTE. T-DM-2 REFRAMED: no genuine joint CODE found. All 14 JOINT cells in the census are per-trial phase mixtures (site+chan acc = 1.00; W-F), and 4781b0a1 is source-latched regeneration (joint_carrier/RESULT.md). A genuinely synergistic carrier remains unobserved in PTE. Was: (specimen FOUND 2026-09-27: MAJ 4781b0a1, joint swap FLIPs, channel or site"
roles/Ananke/research/BACKLOG_TEMPORAL_DISTRIBUTED.md,28,4781b0a1,4781b0a172b6dc3c,evolve,C,MAJ,0,,,,0,"res (site+chan acc = 1.00; W-F), and 4781b0a1 is source-latched regeneration (joint_carrier/RESULT.md). A genuinely synergistic carrier remains unobserved in PTE. Was: (specimen FOUND 2026-09-27: MAJ 4781b0a1, joint swap FLIPs, channel or site alone ~0.5 at mid-interval): Is any PTE mechanism genuinely JOINT (the bit only in a combination of carriers)? NEXT: map the split over ticks and sites (per-s"
roles/Ananke/research/BACKLOG_TEMPORAL_DISTRIBUTED.md,42,4ab2ba01,4ab2ba014aac967e,evolve,C,HOLD,0,,,,0,"le.csv): all 166 C1 SIGNAL cells, carrier_table at the c1b mid tick. 124 readable: SITE 92, JOINT 14, CHANNEL 13, ELSEWHERE 5 (42 UNREADABLE). HOLD is site-carried (81/85; the one CHANNEL is M2 4ab2ba01). Decision: FAMILY SELECTS (depth-2 physics tree 0.730 vs family-only 0.797 CV; gain -0.07). Inside RELAY/MAJ nothing predicts the class (~0.40, 11 physics points), and one RELAY physics+env po"
roles/Ananke/research/BACKLOG_TEMPORAL_DISTRIBUTED.md,56,b59e6c3a,b59e6c3afebce00a,evolve,B2,RELAY,0,,,,0,"t artifact; a one-rule law is bit-identical) and for 64% of 42 cells; 29% are a readout-local per-tick conditional branch; r is never the carrier (0/18 FLIP). Split into T-BR-1 (decompile the branch; b59e6c3a, 63d17a90), T-BR-2 (HOLD sample/hold alternation; the 311c465f distractor dependence), T-BR-3 (a lineage-aware recount), T-INS-6 (r := 0 as the default in any prereg that asks whether rules are used)"
roles/Ananke/research/BACKLOG_TEMPORAL_DISTRIBUTED.md,56,63d17a90,63d17a90e365e424,evolve,B2,RELAY,0,,,,0,"; a one-rule law is bit-identical) and for 64% of 42 cells; 29% are a readout-local per-tick conditional branch; r is never the carrier (0/18 FLIP). Split into T-BR-1 (decompile the branch; b59e6c3a, 63d17a90), T-BR-2 (HOLD sample/hold alternation; the 311c465f distractor dependence), T-BR-3 (a lineage-aware recount), T-INS-6 (r := 0 as the default in any prereg that asks whether rules are used). Was: Is"
roles/Ananke/research/BACKLOG_TEMPORAL_DISTRIBUTED.md,56,311c465f,311c465fd5a624cb,evolve,A,HOLD,0,,,,0,"cells; 29% are a readout-local per-tick conditional branch; r is never the carrier (0/18 FLIP). Split into T-BR-1 (decompile the branch; b59e6c3a, 63d17a90), T-BR-2 (HOLD sample/hold alternation; the 311c465f distractor dependence), T-BR-3 (a lineage-aware recount), T-INS-6 (r := 0 as the default in any prereg that asks whether rules are used). Was: Is SETRULE's evolutionary role in PTE mostly ESCAPING"
roles/Ananke/research/BACKLOG_TEMPORAL_DISTRIBUTED.md,124,f7e62fe3,f7e62fe3c7c78ca5,adjudicate,D,RELAY,0,,,,0,"ed verdict NO (no recoverable retention at j >= 2 by the single-world decoder). Found: frozen cue-signed SCARS in non-decaying plastic stores (w, Kp, S), never read; one exploratory integrator (f7e62fe3 w_sum, 0.88-0.97 with a history-aware decoder). Retention follows the physics (decay 0 + plastic stores), not the carrier class. T-RET-2 OPEN: preregistered confirmation with the history-aware de"
roles/Ananke/research/BACKLOG_TEMPORAL_DISTRIBUTED.md,128,f7e62fe3,f7e62fe3c7c78ca5,adjudicate,D,RELAY,0,,,,0,"th a history-aware decoder). Retention follows the physics (decay 0 + plastic stores), not the carrier class. T-RET-2 OPEN: preregistered confirmation with the history-aware decoder as primary (f7e62fe3 / fresh3 / 0ad7dc00 / 6a47bd68; k in {2,3,5}). READY in substance; package = W-E REPORT. T-SI-SCAR OPEN: the SI successor around the actual carrier. Is the f7e62fe3 w-scar irreversible (can later"
roles/Ananke/research/BACKLOG_TEMPORAL_DISTRIBUTED.md,128,0ad7dc00,0ad7dc00f146326f,adjudicate,D,HOLD,0,,,,0,"ecoder). Retention follows the physics (decay 0 + plastic stores), not the carrier class. T-RET-2 OPEN: preregistered confirmation with the history-aware decoder as primary (f7e62fe3 / fresh3 / 0ad7dc00 / 6a47bd68; k in {2,3,5}). READY in substance; package = W-E REPORT. T-SI-SCAR OPEN: the SI successor around the actual carrier. Is the f7e62fe3 w-scar irreversible (can later input erase it = tw"
roles/Ananke/research/BACKLOG_TEMPORAL_DISTRIBUTED.md,128,6a47bd68,6a47bd68d0494b86,adjudicate,D,HOLD,0,,,,0,"Retention follows the physics (decay 0 + plastic stores), not the carrier class. T-RET-2 OPEN: preregistered confirmation with the history-aware decoder as primary (f7e62fe3 / fresh3 / 0ad7dc00 / 6a47bd68; k in {2,3,5}). READY in substance; package = W-E REPORT. T-SI-SCAR OPEN: the SI successor around the actual carrier. Is the f7e62fe3 w-scar irreversible (can later input erase it = twins merge)?"
roles/Ananke/research/BACKLOG_TEMPORAL_DISTRIBUTED.md,131,f7e62fe3,f7e62fe3c7c78ca5,adjudicate,D,RELAY,0,,,,0,"ry-aware decoder as primary (f7e62fe3 / fresh3 / 0ad7dc00 / 6a47bd68; k in {2,3,5}). READY in substance; package = W-E REPORT. T-SI-SCAR OPEN: the SI successor around the actual carrier. Is the f7e62fe3 w-scar irreversible (can later input erase it = twins merge)? Can it ever become effective? Gate: T-RET-2 confirms first. T-RET-3 OPEN: where the scars sit (per site). ## F. Environment and distri"
roles/Ananke/research/BACKLOG_TEMPORAL_DISTRIBUTED.md,146,4781b0a1,4781b0a172b6dc3c,evolve,C,MAJ,0,,,,0,"the prereg; scars). Every closure split into sharper successors. 2026-09-27 (cont.): T-RET-1 closed by W-E; it split into T-RET-2, T-SI-SCAR and T-RET-3. The joint carrier T-DM-2/T-JC-1 was reframed: 4781b0a1 is source-latched regeneration (a sensor latch -> channel handoff at the transmission deadline), not synergy. New: T-JC-2..4. T-CT-1 dequeued to W-F. 2026-09-27 (continuation): instruments hardened ("
roles/Ananke/research/BACKLOG_TEMPORAL_DISTRIBUTED.md,149,4781b0a1,4781b0a172b6dc3c,evolve,C,MAJ,0,,,,0,"d with a committed PLAN. The lease helper was added (the bus lease is unreachable, so the fallback is used). 2026-09-27 (late): the S-CT carrier table opened T-CT-1 and gave T-DM-2 a real specimen (4781b0a1 joint). C2 and SI01 reviewed (C2_SI01_REVIEW.md): both are deferred behind T-INS-1. 2026-09-27: T-M2-1 CLOSED (S-M2 decoded the carrier). The M3 ""configuration or memory?"" question CLOSED as conf"
roles/Ananke/research/BACKLOG_V2.md,97,2dccdaa5,2dccdaa5eb8ffa0e,evolve,B,RELAY,0,,,,0,"% N, and in EVERY-trial mode history broke the identity in 5/7 census-JOINT cells although their sums stayed .97-1.01. SINGLE-trial swaps restore identity (1.00 at o>=1). Real per-trial mixtures: 2dccdaa5 o5, c16d5231 o4/o5, 78f3b0ec o9/o14, designed E2 lag -6 and o3. 369f5a5b and 4781b0a1 are S/N(/C) blends, not mixtures. Successors: T-INS-7 (make SINGLE the instrument default; promote lens_ins"
roles/Ananke/research/BACKLOG_V2.md,98,c16d5231,c16d52319beb8bce,evolve,B2,RELAY,0,,,,0,"RY-trial mode history broke the identity in 5/7 census-JOINT cells although their sums stayed .97-1.01. SINGLE-trial swaps restore identity (1.00 at o>=1). Real per-trial mixtures: 2dccdaa5 o5, c16d5231 o4/o5, 78f3b0ec o9/o14, designed E2 lag -6 and o3. 369f5a5b and 4781b0a1 are S/N(/C) blends, not mixtures. Successors: T-INS-7 (make SINGLE the instrument default; promote lens_ins6 + census_foll"
roles/Ananke/research/BACKLOG_V2.md,98,78f3b0ec,78f3b0eccd44b1ed,evolve,B2,RELAY,0,,,,0,"story broke the identity in 5/7 census-JOINT cells although their sums stayed .97-1.01. SINGLE-trial swaps restore identity (1.00 at o>=1). Real per-trial mixtures: 2dccdaa5 o5, c16d5231 o4/o5, 78f3b0ec o9/o14, designed E2 lag -6 and o3. 369f5a5b and 4781b0a1 are S/N(/C) blends, not mixtures. Successors: T-INS-7 (make SINGLE the instrument default; promote lens_ins6 + census_follow into lens aft"
roles/Ananke/research/BACKLOG_V2.md,98,369f5a5b,369f5a5b745eb592,evolve,B,RELAY,0,,,,0,"NT cells although their sums stayed .97-1.01. SINGLE-trial swaps restore identity (1.00 at o>=1). Real per-trial mixtures: 2dccdaa5 o5, c16d5231 o4/o5, 78f3b0ec o9/o14, designed E2 lag -6 and o3. 369f5a5b and 4781b0a1 are S/N(/C) blends, not mixtures. Successors: T-INS-7 (make SINGLE the instrument default; promote lens_ins6 + census_follow into lens after review), T-INS-8 (split the N fraction"
roles/Ananke/research/BACKLOG_V2.md,99,4781b0a1,4781b0a172b6dc3c,evolve,C,MAJ,0,,,,0,"gh their sums stayed .97-1.01. SINGLE-trial swaps restore identity (1.00 at o>=1). Real per-trial mixtures: 2dccdaa5 o5, c16d5231 o4/o5, 78f3b0ec o9/o14, designed E2 lag -6 and o3. 369f5a5b and 4781b0a1 are S/N(/C) blends, not mixtures. Successors: T-INS-7 (make SINGLE the instrument default; promote lens_ins6 + census_follow into lens after review), T-INS-8 (split the N fraction of 369f5a5b/478"
roles/Ananke/research/BACKLOG_V2.md,101,369f5a5b,369f5a5b745eb592,evolve,B,RELAY,0,,,,0,"d 4781b0a1 are S/N(/C) blends, not mixtures. Successors: T-INS-7 (make SINGLE the instrument default; promote lens_ins6 + census_follow into lens after review), T-INS-8 (split the N fraction of 369f5a5b/4781b0a1 by sub-array). - T-INS-7 DONE: lens_swap.py promoted from W-M lens_ins6 (principal review; 2 cosmetic fixes), tests test_lens_swap.py; lens + lens_swap tests 31 passed. - T-SWAP-LOWACC ANS"
roles/Ananke/research/BACKLOG_V2.md,101,4781b0a1,4781b0a172b6dc3c,evolve,C,MAJ,0,,,,0,"0a1 are S/N(/C) blends, not mixtures. Successors: T-INS-7 (make SINGLE the instrument default; promote lens_ins6 + census_follow into lens after review), T-INS-8 (split the N fraction of 369f5a5b/4781b0a1 by sub-array). - T-INS-7 DONE: lens_swap.py promoted from W-M lens_ins6 (principal review; 2 cosmetic fixes), tests test_lens_swap.py; lens + lens_swap tests 31 passed. - T-SWAP-LOWACC ANSWERED (W-"
roles/Ananke/research/BACKLOG_V2.md,123,4781b0a1,4781b0a172b6dc3c,evolve,C,MAJ,0,,,,0,"e W-F readability at 512 worlds: 12 cells gain a class). - T-INS-8 ANSWERED (W-P, E-ANANKE-W-P, workers/W-P/REPORT.md; full swap truth tables, 128 pairs; principal spot-check of summaries matches). 4781b0a1 (MAJ): N is a clean JOINT carrier, AND/OR of the site latch S1 and payload-1 packets in flight ({S1, Msum pay1} decisive in 91-95% of N at o1-o6), moving to {Acc_sum, pay1} at o14-15; N is conc"
roles/Ananke/research/BACKLOG_V2.md,127,369f5a5b,369f5a5b745eb592,evolve,B,RELAY,0,,,,0,"h S1 and payload-1 packets in flight ({S1, Msum pay1} decisive in 91-95% of N at o1-o6), moving to {Acc_sum, pay1} at o14-15; N is concentrated in one phase of the sync update clock (period 2). 369f5a5b (RELAY): JOINT-2(S1, channel-1 packets) at o11-14; early N (o1-8) is higher-order and non-monotone, involving Kp/r/Mcnt. The GATED (phase-register MUX) hypothesis never met its rule (<= 16% of N)"
roles/Ananke/research/BACKLOG_V2.md,131,369f5a5b,369f5a5b745eb592,evolve,B,RELAY,0,,,,0,"The GATED (phase-register MUX) hypothesis never met its rule (<= 16% of N). Successors: T-INS-9 (stratify every carrier-swap census by update-clock phase when update_period > 1), T-INS-10 (name 369f5a5b's early S1-Kp-r interaction in its own stage-2 run). - T-SWAP-REL2 ANSWERED (W-Q, E-ANANKE-W-Q, workers/W-Q/REPORT.md; 10 tests, principal re-run 10 passed; principal recount of rel2_table.csv ma"
roles/Ananke/research/BACKLOG_V2.md,149,2dccdaa5,2dccdaa5eb8ffa0e,evolve,B,RELAY,0,,,,0,"lasses in every period-2 cell with both phases observed. No pooled mixed reading fully resolves: 11 PARTLY (one phase clean SITE/CHANNEL, the other still a within-phase ~50/50 S/C mixture; e.g. 2dccdaa5 o5 q1 SITE 1.00, q0 S .47 / C .49), 6 stay mixed (4781b0a1 o5-10). Async negative control 369f5a5b flagged 2 offsets at ns 0x620 but 0/16 at 0x621 (pair-only CIs anti-conservative with 5-6 trials"
roles/Ananke/research/BACKLOG_V2.md,149,4781b0a1,4781b0a172b6dc3c,evolve,C,MAJ,0,,,,0,"No pooled mixed reading fully resolves: 11 PARTLY (one phase clean SITE/CHANNEL, the other still a within-phase ~50/50 S/C mixture; e.g. 2dccdaa5 o5 q1 SITE 1.00, q0 S .47 / C .49), 6 stay mixed (4781b0a1 o5-10). Async negative control 369f5a5b flagged 2 offsets at ns 0x620 but 0/16 at 0x621 (pair-only CIs anti-conservative with 5-6 trials per stratum). Successors: T-INS-11 (split the mixed phas"
roles/Ananke/research/BACKLOG_V2.md,150,369f5a5b,369f5a5b745eb592,evolve,B,RELAY,0,,,,0,"PARTLY (one phase clean SITE/CHANNEL, the other still a within-phase ~50/50 S/C mixture; e.g. 2dccdaa5 o5 q1 SITE 1.00, q0 S .47 / C .49), 6 stay mixed (4781b0a1 o5-10). Async negative control 369f5a5b flagged 2 offsets at ns 0x620 but 0/16 at 0x621 (pair-only CIs anti-conservative with 5-6 trials per stratum). Successors: T-INS-11 (split the mixed phase by the carrier packet's delivery tick"
roles/Ananke/research/BACKLOG_V2.md,165,8c37f32e,8c37f32e68843070,evolve,D,RELAY,0,,,,0,"curacy 1.00 in all four units, P8any .88 / 1.00 / 1.00 / .65; per-pair state (H3) and stale-state (H4) at chance. The ""per-trial S/C mixture"" is delivery-latency randomness, not organism state; 8c37f32e's N is a split-copy artifact. Successors: T-INS-14 (decompile the split-copy outcomes), T-INS-15 (direct-carrier jitter plant to validate P8), T-INS-16 (does the first-broadcast rule reach MAJ /"
roles/Ananke/research/BACKLOG_V2.md,167,78f3b0ec,78f3b0eccd44b1ed,evolve,B2,RELAY,0,,,,0,"'s N is a split-copy artifact. Successors: T-INS-14 (decompile the split-copy outcomes), T-INS-15 (direct-carrier jitter plant to validate P8), T-INS-16 (does the first-broadcast rule reach MAJ / 78f3b0ec). - T-INS-16 ANSWERED (W-T, E-ANANKE-W-T, workers/W-T/REPORT.md; 10 tests, principal re-run 10 passed; verdicts spot-checked). The first-broadcast latency rule (W-S P8/P8any, frozen) is exact on"
roles/Ananke/research/BACKLOG_V2.md,172,4781b0a1,4781b0a172b6dc3c,evolve,C,MAJ,0,,,,0,"oadcast latency rule (W-S P8/P8any, frozen) is exact on a direct-carrier known-answer plant (decisive 1.00, jitter-off control single-class, shuffle -> .47) but does NOT reach any new cell: MAJ 4781b0a1 0/22 units (dense multi-sensor traffic, ~30 cue copies per trial), 78f3b0ec 0/6 (source re-broadcasts; late offsets follow the LATEST source emission, post hoc), e06701a5 fails only on coin-tos"
roles/Ananke/research/BACKLOG_V2.md,173,78f3b0ec,78f3b0eccd44b1ed,evolve,B2,RELAY,0,,,,0,"wn-answer plant (decisive 1.00, jitter-off control single-class, shuffle -> .47) but does NOT reach any new cell: MAJ 4781b0a1 0/22 units (dense multi-sensor traffic, ~30 cue copies per trial), 78f3b0ec 0/6 (source re-broadcasts; late offsets follow the LATEST source emission, post hoc), e06701a5 fails only on coin-toss split cases. It is a property of three RELAY cells, not a law of the updat"
roles/Ananke/research/BACKLOG_V2.md,174,e06701a5,e06701a5e70bb7c2,evolve,D,RELAY,0,,,,0,"reach any new cell: MAJ 4781b0a1 0/22 units (dense multi-sensor traffic, ~30 cue copies per trial), 78f3b0ec 0/6 (source re-broadcasts; late offsets follow the LATEST source emission, post hoc), e06701a5 fails only on coin-toss split cases. It is a property of three RELAY cells, not a law of the update-clock phase. Successors: T-INS-17 (causal-emission carrier: cue-flip each source emission sep"
roles/Ananke/research/BACKLOG_V2.md,191,4781b0a1,4781b0a172b6dc3c,evolve,C,MAJ,0,,,,0,"resamples, then promote to lens. - T-INS-18 ANSWERED (W-V, E-ANANKE-W-V, workers/W-V/REPORT.md; 8 tests, principal re-run 8 passed; class verdicts spot-checked). Per-sensor carrier census of MAJ 4781b0a1 with exact emitter tagging: readout-bound traffic matters only at o10+ (o2-o8 swaps leave raw S0 bit-identical); at o12/o14q0 all five sensors carry ~1/5 each but the readout is NOT a majority (p"
roles/Ananke/research/BACKLOG_V2.md,218,4781b0a1,4781b0a172b6dc3c,evolve,C,MAJ,0,,,,0,"+ lens_swap + lens tests 42 passed). Line T-SWAP-LOWACC -> CLOSED. - T-INS-20 ANSWERED (W-Y, E-ANANKE-W-Y; plan fc8bfa171 frozen first; 4 tests, principal re-run 4 passed; census checked). The MAJ 4781b0a1 readout's Kp[7] is NOT A CARRIER: it is 0 in every world at every tick (only the readout's Kp[0] is ever nonzero or mirror-different, and Kp[0] never feeds the readout line), so raw S0 = IN0_1"
roles/Ananke/research/C1B_REVIEW_AND_MECHANISMS.md,106,0a23398f,0a23398f20cc41a2,evolve,B,MAJ,0,,search,18,0,"ked"" reading from C1 is dead on both words: the self-modification is a one-shot configuration, and the timing is a deadline with a staleness floor. - Not reproduced at the fresh-search budget for 0a23398f. f6b623cd's descriptive fingerprint recurs. ## 4. Challenges (Block M) C-1 To the operator's brief and to my own C1b text: ""signed payload sum is NOT the encoding"" was wrong. It is the encodi"
roles/Ananke/research/C1B_REVIEW_AND_MECHANISMS.md,106,f6b623cd,f6b623cdb23afd2c,evolve,B,MAJ,0,,search,28,0,"ng from C1 is dead on both words: the self-modification is a one-shot configuration, and the timing is a deadline with a staleness floor. - Not reproduced at the fresh-search budget for 0a23398f. f6b623cd's descriptive fingerprint recurs. ## 4. Challenges (Block M) C-1 To the operator's brief and to my own C1b text: ""signed payload sum is NOT the encoding"" was wrong. It is the encoding, on the"
roles/Ananke/research/C2_SI01_REVIEW.md,11,4781b0a1,4781b0a172b6dc3c,evolve,C,MAJ,0,,,,0,"terogeneous inside a C1 label. The four RELAY ""routed relays"" carry the bit at mid-transit in the channel (3) or in site state (1). MAJ cells use the channel (2), sites (1), or BOTH JOINTLY (4781b0a1). C1's family-level labels hide carrier diversity. The carrier-swap instrument resolves it in minutes per cell. 2. In-flight ""memory"" is a TUNED ECHO (M2): it holds a bit for the one trained in"
roles/Ananke/research/C2_SI01_REVIEW.md,51,4781b0a1,4781b0a172b6dc3c,evolve,C,MAJ,0,,champion,82,0,"sed, interleaved schedules with variable gaps are the only design that does that, and they would simply kill M2-type champions (T-M2-2: they are interval-tuned). Better lens: the distributed carrier (4781b0a1) and the site-latched relays are more interesting specimens for ""what survives when"", because their bit lives in several places at once. A cheaper question first: does any PTE carrier ever retain an"
roles/Ananke/research/CORRECTIONS_2026-09-29_SWAP_AUDIT.md,14,0187372b,0187372b391d9d4e,evolve,A,HOLD,0,,,,0,"ds are NOT edited (they are other workers' outputs with provenance). Read them through these registers: - W-F census_table.csv class / class_late: workers/W-O/out/corrections_WF.csv (13 cells; e.g. 0187372b, 11f3ac85, 83d9d7b5 ELSEWHERE -> SITE; 2dccdaa5, 8c37f32e, c16d5231 JOINT -> SITE; 8743da7f JOINT -> CHANNEL), plus 12 UNREADABLE cells that get a class if readability is judged at 512 worlds. -"
roles/Ananke/research/CORRECTIONS_2026-09-29_SWAP_AUDIT.md,14,11f3ac85,11f3ac8548d931fd,evolve,B,HOLD,0,,,,0,"edited (they are other workers' outputs with provenance). Read them through these registers: - W-F census_table.csv class / class_late: workers/W-O/out/corrections_WF.csv (13 cells; e.g. 0187372b, 11f3ac85, 83d9d7b5 ELSEWHERE -> SITE; 2dccdaa5, 8c37f32e, c16d5231 JOINT -> SITE; 8743da7f JOINT -> CHANNEL), plus 12 UNREADABLE cells that get a class if readability is judged at 512 worlds. - W-I table_"
roles/Ananke/research/CORRECTIONS_2026-09-29_SWAP_AUDIT.md,14,83d9d7b5,83d9d7b50cb7e409,evolve,B,HOLD,0,,,,0,"hey are other workers' outputs with provenance). Read them through these registers: - W-F census_table.csv class / class_late: workers/W-O/out/corrections_WF.csv (13 cells; e.g. 0187372b, 11f3ac85, 83d9d7b5 ELSEWHERE -> SITE; 2dccdaa5, 8c37f32e, c16d5231 JOINT -> SITE; 8743da7f JOINT -> CHANNEL), plus 12 UNREADABLE cells that get a class if readability is judged at 512 worlds. - W-I table_<cell>.csv"
roles/Ananke/research/CORRECTIONS_2026-09-29_SWAP_AUDIT.md,14,2dccdaa5,2dccdaa5eb8ffa0e,evolve,B,RELAY,0,,,,0,"ts with provenance). Read them through these registers: - W-F census_table.csv class / class_late: workers/W-O/out/corrections_WF.csv (13 cells; e.g. 0187372b, 11f3ac85, 83d9d7b5 ELSEWHERE -> SITE; 2dccdaa5, 8c37f32e, c16d5231 JOINT -> SITE; 8743da7f JOINT -> CHANNEL), plus 12 UNREADABLE cells that get a class if readability is judged at 512 worlds. - W-I table_<cell>.csv reader letters: workers/W-O"
roles/Ananke/research/CORRECTIONS_2026-09-29_SWAP_AUDIT.md,15,8c37f32e,8c37f32e68843070,evolve,D,RELAY,0,,,,0,"enance). Read them through these registers: - W-F census_table.csv class / class_late: workers/W-O/out/corrections_WF.csv (13 cells; e.g. 0187372b, 11f3ac85, 83d9d7b5 ELSEWHERE -> SITE; 2dccdaa5, 8c37f32e, c16d5231 JOINT -> SITE; 8743da7f JOINT -> CHANNEL), plus 12 UNREADABLE cells that get a class if readability is judged at 512 worlds. - W-I table_<cell>.csv reader letters: workers/W-O/out/correct"
roles/Ananke/research/CORRECTIONS_2026-09-29_SWAP_AUDIT.md,15,c16d5231,c16d52319beb8bce,evolve,B2,RELAY,0,,,,0,"ead them through these registers: - W-F census_table.csv class / class_late: workers/W-O/out/corrections_WF.csv (13 cells; e.g. 0187372b, 11f3ac85, 83d9d7b5 ELSEWHERE -> SITE; 2dccdaa5, 8c37f32e, c16d5231 JOINT -> SITE; 8743da7f JOINT -> CHANNEL), plus 12 UNREADABLE cells that get a class if readability is judged at 512 worlds. - W-I table_<cell>.csv reader letters: workers/W-O/out/corrections_WI.cs"
roles/Ananke/research/CORRECTIONS_2026-09-29_SWAP_AUDIT.md,15,8743da7f,8743da7f1f62947d,evolve,D,MAJ,0,,,,0,"egisters: - W-F census_table.csv class / class_late: workers/W-O/out/corrections_WF.csv (13 cells; e.g. 0187372b, 11f3ac85, 83d9d7b5 ELSEWHERE -> SITE; 2dccdaa5, 8c37f32e, c16d5231 JOINT -> SITE; 8743da7f JOINT -> CHANNEL), plus 12 UNREADABLE cells that get a class if readability is judged at 512 worlds. - W-I table_<cell>.csv reader letters: workers/W-O/out/corrections_WI.csv (11 letters on 369f5"
roles/Ananke/research/CORRECTIONS_2026-09-29_SWAP_AUDIT.md,18,369f5a5b,369f5a5b745eb592,evolve,B,RELAY,0,,,,0,"3da7f JOINT -> CHANNEL), plus 12 UNREADABLE cells that get a class if readability is judged at 512 worlds. - W-I table_<cell>.csv reader letters: workers/W-O/out/corrections_WI.csv (11 letters on 369f5a5b, 4781b0a1, 613162a3, c16d5231, cd5b6fd6, 8c37f32e; W-I motif strings built from them should be re-derived). - W-E classes (from s_ct): no change. Not audited: W-B deepdive*, W-C x1b_x5/x4, W-H cf,"
roles/Ananke/research/CORRECTIONS_2026-09-29_SWAP_AUDIT.md,18,4781b0a1,4781b0a172b6dc3c,evolve,C,MAJ,0,,,,0,"T -> CHANNEL), plus 12 UNREADABLE cells that get a class if readability is judged at 512 worlds. - W-I table_<cell>.csv reader letters: workers/W-O/out/corrections_WI.csv (11 letters on 369f5a5b, 4781b0a1, 613162a3, c16d5231, cd5b6fd6, 8c37f32e; W-I motif strings built from them should be re-derived). - W-E classes (from s_ct): no change. Not audited: W-B deepdive*, W-C x1b_x5/x4, W-H cf, W-J e2/e3/"
roles/Ananke/research/CORRECTIONS_2026-09-29_SWAP_AUDIT.md,18,613162a3,613162a306938de7,evolve,C,MAJ,0,,,,0,"EL), plus 12 UNREADABLE cells that get a class if readability is judged at 512 worlds. - W-I table_<cell>.csv reader letters: workers/W-O/out/corrections_WI.csv (11 letters on 369f5a5b, 4781b0a1, 613162a3, c16d5231, cd5b6fd6, 8c37f32e; W-I motif strings built from them should be re-derived). - W-E classes (from s_ct): no change. Not audited: W-B deepdive*, W-C x1b_x5/x4, W-H cf, W-J e2/e3/e6, spikes"
roles/Ananke/research/CORRECTIONS_2026-09-29_SWAP_AUDIT.md,18,c16d5231,c16d52319beb8bce,evolve,B2,RELAY,0,,,,0,"12 UNREADABLE cells that get a class if readability is judged at 512 worlds. - W-I table_<cell>.csv reader letters: workers/W-O/out/corrections_WI.csv (11 letters on 369f5a5b, 4781b0a1, 613162a3, c16d5231, cd5b6fd6, 8c37f32e; W-I motif strings built from them should be re-derived). - W-E classes (from s_ct): no change. Not audited: W-B deepdive*, W-C x1b_x5/x4, W-H cf, W-J e2/e3/e6, spikes s_joint_4"
roles/Ananke/research/CORRECTIONS_2026-09-29_SWAP_AUDIT.md,18,cd5b6fd6,cd5b6fd649eb242d,evolve,B2,RELAY,0,,,,0,"DABLE cells that get a class if readability is judged at 512 worlds. - W-I table_<cell>.csv reader letters: workers/W-O/out/corrections_WI.csv (11 letters on 369f5a5b, 4781b0a1, 613162a3, c16d5231, cd5b6fd6, 8c37f32e; W-I motif strings built from them should be re-derived). - W-E classes (from s_ct): no change. Not audited: W-B deepdive*, W-C x1b_x5/x4, W-H cf, W-J e2/e3/e6, spikes s_joint_4781 / s_m2"
roles/Ananke/research/CORRECTIONS_2026-09-29_SWAP_AUDIT.md,18,8c37f32e,8c37f32e68843070,evolve,D,RELAY,0,,,,0,"s that get a class if readability is judged at 512 worlds. - W-I table_<cell>.csv reader letters: workers/W-O/out/corrections_WI.csv (11 letters on 369f5a5b, 4781b0a1, 613162a3, c16d5231, cd5b6fd6, 8c37f32e; W-I motif strings built from them should be re-derived). - W-E classes (from s_ct): no change. Not audited: W-B deepdive*, W-C x1b_x5/x4, W-H cf, W-J e2/e3/e6, spikes s_joint_4781 / s_m2. ## Qual"
roles/Ananke/research/CORRECTIONS_2026-09-29_SWAP_AUDIT.md,25,4781b0a1,4781b0a172b6dc3c,evolve,C,MAJ,0,,,,0,"be re-derived). - W-E classes (from s_ct): no change. Not audited: W-B deepdive*, W-C x1b_x5/x4, W-H cf, W-J e2/e3/e6, spikes s_joint_4781 / s_m2. ## Qualification from W-P (T-INS-8, 2026-09-29) For 4781b0a1 o14/o15 the corrected letters C / S describe the dominant pattern, but ~1/3 of pair-trials there (.64-.70 within one clock phase) are a clean JOINT carrier {Acc_sum, payload-1 in flight}. For 369f5a5"
roles/Ananke/research/CORRECTIONS_2026-09-29_SWAP_AUDIT.md,27,369f5a5b,369f5a5b745eb592,evolve,B,RELAY,0,,,,0,"781b0a1 o14/o15 the corrected letters C / S describe the dominant pattern, but ~1/3 of pair-trials there (.64-.70 within one clock phase) are a clean JOINT carrier {Acc_sum, payload-1 in flight}. For 369f5a5b o2 the proposed J -> S is NOT supported (W-P: fS .45, fN .33, higher-order). Treat single letters on these cells as summaries only; see workers/W-P/REPORT.md. ## Qualification from W-Q (T-SWAP-REL2,"
roles/Ananke/research/CORRECTIONS_2026-09-29_SWAP_AUDIT.md,40,c16d5231,c16d52319beb8bce,evolve,B2,RELAY,0,,,,0,"them only under the non-strict rule). Per-verdict table: workers/W-Q/out/rel2_table.csv. ## Qualification from W-R (T-INS-9, 2026-09-29) On sync period-2 cells single letters must be phase-indexed. c16d5231 o5 and 8c37f32e o5 ""S"", 4781b0a1 o5 ""S"", and 4781b0a1 o11/o14/o15 ""C/C/S"" each hold in one update-clock phase only; the other phase is a mixture, UNRESOLVED or NEITHER. 369f5a5b o2 ""S"" is not support"
roles/Ananke/research/CORRECTIONS_2026-09-29_SWAP_AUDIT.md,41,8c37f32e,8c37f32e68843070,evolve,D,RELAY,0,,,,0,"the non-strict rule). Per-verdict table: workers/W-Q/out/rel2_table.csv. ## Qualification from W-R (T-INS-9, 2026-09-29) On sync period-2 cells single letters must be phase-indexed. c16d5231 o5 and 8c37f32e o5 ""S"", 4781b0a1 o5 ""S"", and 4781b0a1 o11/o14/o15 ""C/C/S"" each hold in one update-clock phase only; the other phase is a mixture, UNRESOLVED or NEITHER. 369f5a5b o2 ""S"" is not supported (UNRESOLVED f"
roles/Ananke/research/CORRECTIONS_2026-09-29_SWAP_AUDIT.md,41,4781b0a1,4781b0a172b6dc3c,evolve,C,MAJ,0,,,,0,"ule). Per-verdict table: workers/W-Q/out/rel2_table.csv. ## Qualification from W-R (T-INS-9, 2026-09-29) On sync period-2 cells single letters must be phase-indexed. c16d5231 o5 and 8c37f32e o5 ""S"", 4781b0a1 o5 ""S"", and 4781b0a1 o11/o14/o15 ""C/C/S"" each hold in one update-clock phase only; the other phase is a mixture, UNRESOLVED or NEITHER. 369f5a5b o2 ""S"" is not supported (UNRESOLVED fS .50 in both pha"
roles/Ananke/research/CORRECTIONS_2026-09-29_SWAP_AUDIT.md,41,4781b0a1,4781b0a172b6dc3c,evolve,C,MAJ,0,,,,0,"le: workers/W-Q/out/rel2_table.csv. ## Qualification from W-R (T-INS-9, 2026-09-29) On sync period-2 cells single letters must be phase-indexed. c16d5231 o5 and 8c37f32e o5 ""S"", 4781b0a1 o5 ""S"", and 4781b0a1 o11/o14/o15 ""C/C/S"" each hold in one update-clock phase only; the other phase is a mixture, UNRESOLVED or NEITHER. 369f5a5b o2 ""S"" is not supported (UNRESOLVED fS .50 in both phases). Tables: workers"
roles/Ananke/research/CORRECTIONS_2026-09-29_SWAP_AUDIT.md,43,369f5a5b,369f5a5b745eb592,evolve,B,RELAY,0,,,,0,"ust be phase-indexed. c16d5231 o5 and 8c37f32e o5 ""S"", 4781b0a1 o5 ""S"", and 4781b0a1 o11/o14/o15 ""C/C/S"" each hold in one update-clock phase only; the other phase is a mixture, UNRESOLVED or NEITHER. 369f5a5b o2 ""S"" is not supported (UNRESOLVED fS .50 in both phases). Tables: workers/W-R/out/summary.txt. ## Corrections accepted from Harmonia evidence audit (2026-09-30, #1045; ## roles/Harmonia/audits/EVI"
roles/Ananke/research/CROSS_THREAD_COMPRESSION.md,18,4781b0a1,4781b0a172b6dc3c,evolve,C,MAJ,0,,,,0,"function does not FIX the form""; it is NOT ""memory is usually transient"". Status: SURVIVES in the weak form. H2 CARRIER != LOCATION (information moves between carriers over time). For: 4781b0a1 source -> channel handoff; W-F late-tick class changes (5 JOINT -> SITE, 3 CHANNEL -> SITE); designed E2 channel -> S2 -> S0, with CHANCE/CHANCE exactly at the handoff tick. Attempted fa"
roles/Ananke/research/CROSS_THREAD_COMPRESSION.md,30,4781b0a1,4781b0a172b6dc3c,evolve,C,MAJ,0,,,,0,HOLD cells are site-only (8/8). Caveat: the mixture evidence used for H2 earlier (sum ~ 1) is an instrument identity. By phi only 3/7 JOINT cells are mixtures. H3 DECODABLE != USED. For: 4781b0a1 pay0 decodes at .85 but its swap has no effect; W-E scars are decodable (paired 1.00) yet never change an answer. Counter-evidence sought: a decodable carrier whose swap has no effect bu
roles/Ananke/research/MACHINE_WORK.md,63,78f3b0ec,78f3b0eccd44b1ed,evolve,B2,RELAY,0,,champion,94,0,"into lens with known-answer tests (designed_echoes/ E2 as a fixture). CPU. B-9 T-CT-3' SLACK -> LATENCY TOLERANCE. A preregistered dose-response (+1/+2/+3 latency) on W-I's 20-cell panel; 78f3b0ec is the named exception. CPU/GPU. B-10 T-SWAP-LOWACC. A relative swap verdict for champions below ~.8 normal (W-L, W-F ELSEWHERE cells). Validate on the lens test plants. CPU. B-11 T-WJ-2 4-OP"
roles/Ananke/research/PTE_ENGINE_CARD.md,46,4781b0a1,4781b0a172b6dc3c,evolve,C,MAJ,0,,,,0,"ad component, count, arrival slot, recipient). Shown so far (12 D-wave cells + M2): channel CONTENT (M2, M3, 3 RELAY), SITE state (HOLD latches, 1 RELAY, 1 MAJ), and a JOINT channel+site carrier (MAJ 4781b0a1). Routing never carried the bit. CORRECTION (W-C): ""channel content"" is a READER-side verdict. Physically, 7/13 specimens carry the cue as WHO FIRES (source presence or receipt-triggered relay firing"
roles/Ananke/research/PTE_ENGINE_CARD.md,95,4781b0a1,4781b0a172b6dc3c,evolve,C,MAJ,0,,,,0,"ick 0. Random initial r acts as a site-deletion mask. Initialize r = 0 when asking whether rules are used (W-B). - PRESENT-BUT-UNUSED carriers: a component can decode the cue without carrying it (4781b0a1 pay0: decoder 0.85, swap no effect). Decoders alone never identify a carrier. - PERSISTENT TRACES ARE NOT MEMORY (W-E, W-G): non-decaying stores keep cue-signed or accumulated traces. Most are in"
roles/Ananke/research/SPIKES_2026-09-27_LOG.md,34,4ab2ba01,4ab2ba014aac967e,evolve,C,HOLD,0,,champion|held,19,0,"ns_m2.json (the C1b rows never stored them: an instrumentation gap, see backlog T-INS-3). RESULTS vs PLAN PREDICTIONS (pair mean [lo99]; per-trial accuracy, 12 trials) S-M2, 4 champions (specimen 4ab2ba01; fresh1-3 regenerated bit-identically): D1 swap_inflight FLIP in 4/4 (0.13-0.15) pred FLIP HELD D2 swap_sitestate NO-EFFECT 4/4 pred NO-EFFECT"
roles/Ananke/research/SPIKES_2026-09-27_LOG.md,50,0a23398f,0a23398f20cc41a2,evolve,B,MAJ,0,,held,89,0,"sign of the code component's in-flight sum = 1.00 [1.00], p .0005, in 4/4. Restricted to packets addressed to the actuator = 0.96-0.98. Counts, count-to-actuator and arrival lag = chance. S-M3 (0a23398f, f6b623cd): E1 r differs between mirror partners: 0.0% at every tick pred < 5% HELD r changes: 2.1%/tick in trial 0, then 0; every site ends on rule 0 E2 freeze_rule after 2 trials: ident"
roles/Ananke/research/SPIKES_2026-09-27_LOG.md,50,f6b623cd,f6b623cdb23afd2c,evolve,B,MAJ,0,,held,79,0,"e code component's in-flight sum = 1.00 [1.00], p .0005, in 4/4. Restricted to packets addressed to the actuator = 0.96-0.98. Counts, count-to-actuator and arrival lag = chance. S-M3 (0a23398f, f6b623cd): E1 r differs between mirror partners: 0.0% at every tick pred < 5% HELD r changes: 2.1%/tick in trial 0, then 0; every site ends on rule 0 E2 freeze_rule after 2 trials: identical to no"
roles/Ananke/research/SPIKES_2026-09-27_LOG.md,62,0a23398f,0a23398f20cc41a2,evolve,B,MAJ,0,,held,64,0,"light mid-delta: FLIP (0.33 / 0.33). The cue rides in flight. S-F cue-arrival profile at the actuator, from single-cue twins (share of cue-bearing deliveries from cue onset to readout at lag 0): M3 0a23398f 1.00, f6b623cd 1.00 (C1 window coverage 0%) pred ~1.0 HELD RELAY 0.08 / 0.31 / 0.00 / 0.27 pred < .30 LOST for 31cd2a8a (0.31) MAJ D cells 0.07 / 0.07; M2 0.20 (a"
roles/Ananke/research/SPIKES_2026-09-27_LOG.md,62,f6b623cd,f6b623cdb23afd2c,evolve,B,MAJ,0,,held,49,0,": FLIP (0.33 / 0.33). The cue rides in flight. S-F cue-arrival profile at the actuator, from single-cue twins (share of cue-bearing deliveries from cue onset to readout at lag 0): M3 0a23398f 1.00, f6b623cd 1.00 (C1 window coverage 0%) pred ~1.0 HELD RELAY 0.08 / 0.31 / 0.00 / 0.27 pred < .30 LOST for 31cd2a8a (0.31) MAJ D cells 0.07 / 0.07; M2 0.20 (arrivals only at"
roles/Ananke/research/SPIKES_2026-09-27_LOG.md,63,31cd2a8a,31cd2a8a9b572a50,evolve,B2,RELAY,0,,held,87,0,"es from cue onset to readout at lag 0): M3 0a23398f 1.00, f6b623cd 1.00 (C1 window coverage 0%) pred ~1.0 HELD RELAY 0.08 / 0.31 / 0.00 / 0.27 pred < .30 LOST for 31cd2a8a (0.31) MAJ D cells 0.07 / 0.07; M2 0.20 (arrivals only at lags -2..0) S-M2b gap sweep: peak at the trained gap 6-8, gap 10 partial, gap >= 12 at chance in 4/4. acc(gap 16) lo99 < 0.60 in 4/4 -> T"
roles/Ananke/research/SPIKES_2026-09-27_LOG.md,83,4781b0a1,4781b0a172b6dc3c,evolve,C,MAJ,0,,,,0,"FLIP, payload-only FLIP, counts-only NO-EFFECT, sitestate NO-EFFECT. No cell carries the bit in counts (timing-only codes absent: T-TM-1 prior = none). ADDENDUM 3 (before running): joint swap on MAJ 4781b0a1 (inflight CHANCE and sitestate CHANCE, S-CT). Prediction: swapping inflight+sitestate together FLIPS -> the bit is JOINTLY carried (T-DM-2 candidate). Also the same at t0+1 and t0+3 to see where the"
roles/Ananke/research/SPIKES_2026-09-27_LOG.md,87,bbef66a1,bbef66a1ee9558ac,evolve,B,RELAY,0,,held,17,0,"Carrier at mid-interval, per D-wave cell: HOLD x4 site state (FLIP 0.00); channel NO-EFFECT pred HELD 4/4 RELAY 31cd, 62a7, c16d channel content (FLIP 0.11-0.26) pred HELD 3/4 RELAY bbef66a1 SITE state (FLIP 0.11), channel NO-EFFECT pred LOST (a site-latched relay) MAJ 0a23, f6b6 (M3) channel content (FLIP 0.31/0.34); delay +1 -> CHANCE MAJ 613162a3 site state (FLIP 0.32)"
roles/Ananke/research/SPIKES_2026-09-27_LOG.md,89,613162a3,613162a306938de7,evolve,C,MAJ,0,,held,185,0,"1-0.26) pred HELD 3/4 RELAY bbef66a1 SITE state (FLIP 0.11), channel NO-EFFECT pred LOST (a site-latched relay) MAJ 0a23, f6b6 (M3) channel content (FLIP 0.31/0.34); delay +1 -> CHANCE MAJ 613162a3 site state (FLIP 0.32) pred LOST MAJ 4781b0a1 channel CHANCE and site CHANCE pred LOST -> addendum 3 counts, w: NO-EFFECT in 12/12"
roles/Ananke/research/SPIKES_2026-09-27_LOG.md,90,4781b0a1,4781b0a172b6dc3c,evolve,C,MAJ,0,,held,141,0,"l NO-EFFECT pred LOST (a site-latched relay) MAJ 0a23, f6b6 (M3) channel content (FLIP 0.31/0.34); delay +1 -> CHANCE MAJ 613162a3 site state (FLIP 0.32) pred LOST MAJ 4781b0a1 channel CHANCE and site CHANCE pred LOST -> addendum 3 counts, w: NO-EFFECT in 12/12 pred HELD A7 joint swap on 4781b0a1 (out/s_joint_4781.json): joint"
roles/Ananke/research/SPIKES_2026-09-27_LOG.md,92,4781b0a1,4781b0a172b6dc3c,evolve,C,MAJ,0,,held,22,0,"pred LOST MAJ 4781b0a1 channel CHANCE and site CHANCE pred LOST -> addendum 3 counts, w: NO-EFFECT in 12/12 pred HELD A7 joint swap on 4781b0a1 (out/s_joint_4781.json): joint (channel+site) FLIP 0.227 at t0+1, t0+8 and t0+15 pred HELD channel alone 0.695 / 0.521 / 0.630; site alone 0.302 / 0.483 / 0.375. At mid-interval the bit is s"
roles/Ananke/research/SPIKES_2026-09-27_PLAN.md,26,4ab2ba01,4ab2ba014aac967e,evolve,C,HOLD,0,,champion|search,34,0,"per swap, on per-trial accuracy over the swapped trials: FLIP hi99 < 0.40 NO-EFFECT lo99 >= normal_lo99 - 0.05 CHANCE otherwise (disrupts without transferring the bit) ## S-M2 (HOLD 4ab2ba01; plus the 3 fresh SIGNAL champions, regenerated ## deterministically from their stored search seeds) All interventions are applied at each trial's mid-gap tick (C1b t_m), after that tick. D1 swap_i"
roles/Ananke/research/SPIKES_2026-09-27_PLAN.md,51,0a23398f,0a23398f20cc41a2,evolve,B,MAJ,0,,,,0,"stricted to packets addressed to the actuator; total count; count to the actuator; arrival-slot centroid to the actuator. A decoder counts as MECHANISTIC only if its swap (D3-D6) FLIPS. ## S-M3 (MAJ 0a23398f, f6b623cd) E1 rule census: per tick, the fraction of sites whose r differs between mirror partners (a cue-dependent configuration) and the fraction changing r (configuration dynamics)."
roles/Ananke/research/SPIKES_2026-09-27_PLAN.md,51,f6b623cd,f6b623cdb23afd2c,evolve,B,MAJ,0,,,,0,"o packets addressed to the actuator; total count; count to the actuator; arrival-slot centroid to the actuator. A decoder counts as MECHANISTIC only if its swap (D3-D6) FLIPS. ## S-M3 (MAJ 0a23398f, f6b623cd) E1 rule census: per tick, the fraction of sites whose r differs between mirror partners (a cue-dependent configuration) and the fraction changing r (configuration dynamics). E2 configu"
roles/Ananke/research/SYNTHESIS_2026-09-27.md,81,4781b0a1,4781b0a172b6dc3c,evolve,C,MAJ,0,,,,0,"ite/joint carriers in 3 cells). - Failures kept: 1 script bug, 1 infeasible arm. - What they changed: M2 decoded; M3 settled; carrier heterogeneity found (T-CT-1); first joint carrier (MAJ 4781b0a1); ""is M2 memory?"" reframed as interval tuning. 12 CHALLENGES - To the operator brief and my C1b text: the payload sum IS the code, on the other component. - To ""memory"" for M2: it sc"
roles/Ananke/research/SYNTHESIS_2026-09-28_ARC2.md,36,4781b0a1,4781b0a172b6dc3c,evolve,C,MAJ,0,,,,0,"generalize: in 29% of 42 qualifying cells SETRULE is a readout-local, per-tick CONDITIONAL BRANCH (a sign-conditioned excursion; sample/hold alternation). ## 3 The joint carrier (T-JC-1, W-F) - 4781b0a1 is SOURCE-LATCHED REGENERATION. The 5 sensors latch the cue and keep firing. The bit is at the source until the transmission deadline (~readout minus max delay) and in the channel after it. The s"
roles/Ananke/research/SYNTHESIS_2026-09-28_ARC2.md,128,f7e62fe3,f7e62fe3c7c78ca5,adjudicate,D,RELAY,0,,,,0,"ampion (T-CT-2). HOLD is safe at one tick. - SI01 successor: no nontrivial retention regime yet (T-RET-1 NO). The only candidates are non-decaying plastic ""scars"" and one possible w-integrator (f7e62fe3, exploratory). A preregistered T-RET-2 must confirm before any irreversibility design (T-SI-SCAR). W-A adds that M2-style carriers are physics-bounded echoes, so any SI design on PTE needs a re"
roles/Ananke/research/SYNTHESIS_2026-09-29.md,16,4781b0a1,4781b0a172b6dc3c,evolve,C,MAJ,0,,,,0,"swaps and the S/C/N pattern census: prometheus/ananke/lens_swap.py (promoted, 31 tests). - ""Neither"" (N) always needs a site AND a channel component; name WHICH with the truth-table method (W-P). 4781b0a1's N is an AND/OR of the site latch S1 and payload-1 packets in flight. - On sync physics with update_period > 1, classes must be indexed by update-clock phase (W-R). No pooled mixed reading fully"
roles/Ananke/research/SYNTHESIS_2026-09-29.md,38,4781b0a1,4781b0a172b6dc3c,evolve,C,MAJ,0,,,,0,"en confirmed on fresh worlds). The per-trial ""mixture"" there is delivery randomness, not organism state. - That rule is exact on a designed direct carrier but reaches no other cell (W-T): not MAJ 4781b0a1 (dense multi-sensor traffic), not 78f3b0ec (late offsets follow the latest broadcast), not e06701a5's split cases. It is a property of specific cells, not a law of the update clock. ## 3 Calibra"
roles/Ananke/research/SYNTHESIS_2026-09-29.md,38,78f3b0ec,78f3b0eccd44b1ed,evolve,B2,RELAY,0,,,,0,"l ""mixture"" there is delivery randomness, not organism state. - That rule is exact on a designed direct carrier but reaches no other cell (W-T): not MAJ 4781b0a1 (dense multi-sensor traffic), not 78f3b0ec (late offsets follow the latest broadcast), not e06701a5's split cases. It is a property of specific cells, not a law of the update clock. ## 3 Calibration (predictions that failed) W-N, W-O, W-"
roles/Ananke/research/SYNTHESIS_2026-09-29.md,39,e06701a5,e06701a5e70bb7c2,evolve,D,RELAY,0,,,,0,"ate. - That rule is exact on a designed direct carrier but reaches no other cell (W-T): not MAJ 4781b0a1 (dense multi-sensor traffic), not 78f3b0ec (late offsets follow the latest broadcast), not e06701a5's split cases. It is a property of specific cells, not a law of the update clock. ## 3 Calibration (predictions that failed) W-N, W-O, W-P, W-R, W-S and W-U each had at least one frozen prediction"
roles/Ananke/research/TEMPORAL_INTERVENTION_COVERAGE.md,12,0a23398f,0a23398f20cc41a2,evolve,B,MAJ,0,,,,0,"le-cue twins) Share of cue-bearing deliveries to the actuator (cue onset -> readout) that land AT the readout tick, i.e. OUTSIDE C1's window: cell lag-0 share C1 window coverage M3 0a23398f 1.00 0.00 <- window could not fire M3 f6b623cd 1.00 0.00 <- window could not fire RELAY x4 0.00-0.31 0.69-1.00 MAJ D x2 0.07 0.93 M2 ("
roles/Ananke/research/TEMPORAL_INTERVENTION_COVERAGE.md,13,f6b623cd,f6b623cdb23afd2c,evolve,B,MAJ,0,,,,0,"cue onset -> readout) that land AT the readout tick, i.e. OUTSIDE C1's window: cell lag-0 share C1 window coverage M3 0a23398f 1.00 0.00 <- window could not fire M3 f6b623cd 1.00 0.00 <- window could not fire RELAY x4 0.00-0.31 0.69-1.00 MAJ D x2 0.07 0.93 M2 (HOLD) 0.20 0.80 (arrivals only at lags -2..0) S"
roles/Ananke/research/handoffs/W-A_echo_interval.md,7,4ab2ba014aac967e,4ab2ba014aac967e,evolve,C,HOLD,0,,champion|evolved,47,0,"ts the useful delay of the M2 HOLD specimen? ID: W-A. Output: roles/Ananke/research/workers/W-A/. Namespace: 0x5E4. Read COMMON_RULES.md first. Budget: ~3 h of wall time. QUESTION The HOLD specimen 4ab2ba014aac967e (C1 cell; ""M2"") and three fresh-seed champions evolved at the same physics are accurate at the trained gap, and their accuracy changes when the gap changes. What physically determines the interval ov"
roles/Ananke/research/handoffs/W-A_echo_interval.md,16,4ab2ba014aac967e,4ab2ba014aac967e,evolve,C,HOLD,0,,champion,18,0,"ine the mechanism yourself. Treat any existing description of it as a hypothesis to test, not a fact. EVIDENCE POINTERS (raw data; read them, draw your own conclusions) - The specimen: c1b_run.load(""4ab2ba014aac967e""). Fresh champion genomes: roles/Ananke/research/spikes/out/champions_m2.json (keys 4ab2ba01, fresh1-3; same physics and env as the specimen). - A gap sweep over the 4 champions: spikes/out/s_m2b"
roles/Ananke/research/handoffs/W-A_echo_interval.md,17,4ab2ba01,4ab2ba014aac967e,evolve,C,HOLD,0,,champion,77,0,"EVIDENCE POINTERS (raw data; read them, draw your own conclusions) - The specimen: c1b_run.load(""4ab2ba014aac967e""). Fresh champion genomes: roles/Ananke/research/spikes/out/champions_m2.json (keys 4ab2ba01, fresh1-3; same physics and env as the specimen). - A gap sweep over the 4 champions: spikes/out/s_m2b.json (script spikes/s_m2b.py). - Carrier swaps and decoders at mid-gap: spikes/out/s_m2.json"
roles/Ananke/research/handoffs/W-B_setrule.md,7,0a23398f20cc41a2,0a23398f20cc41a2,evolve,B,MAJ,0,,champion,156,0,"rker B: what does SETRULE contribute in PTE champions? ID: W-B. Output: roles/Ananke/research/workers/W-B/. Namespace: 0x5E5. Read COMMON_RULES.md first. Budget: ~3 h. QUESTION In the MAJ specimens 0a23398f20cc41a2 and f6b623cdb23afd2c (""M3""), turning SETRULE off hurts, yet the readout site's rule index does not predict the cue. One candidate account is that SETRULE's useful role is ESCAPE FROM RANDOM INITIAL R"
roles/Ananke/research/handoffs/W-B_setrule.md,7,f6b623cdb23afd2c,f6b623cdb23afd2c,evolve,B,MAJ,0,,champion,177,0,"RULE contribute in PTE champions? ID: W-B. Output: roles/Ananke/research/workers/W-B/. Namespace: 0x5E5. Read COMMON_RULES.md first. Budget: ~3 h. QUESTION In the MAJ specimens 0a23398f20cc41a2 and f6b623cdb23afd2c (""M3""), turning SETRULE off hurts, yet the readout site's rule index does not predict the cue. One candidate account is that SETRULE's useful role is ESCAPE FROM RANDOM INITIAL RULES (a bootstrap). T"
roles/Ananke/research/handoffs/W-G_retention_confirmation.md,31,4ab2ba014aac967e,4ab2ba014aac967e,evolve,C,HOLD,0,,,,0,"pretation; see ARC3 rule 2 on reading order. - Specimens: prometheus.ananke.c1b_run.d_wave_cells() (genome in extra.genome); M2 genomes spikes/out/champions_m2.json (physics/env via c1b_run.load(""4ab2ba014aac967e"")). Candidate cell ids of interest from the earlier census's raw outputs: f7e62fe3..., 0ad7dc00..., 6a47bd68..., M2 fresh3 (find the full ids in the rows or outputs). - Engine: prometheus/ananke/"
roles/Ananke/research/handoffs/W-G_retention_confirmation.md,32,f7e62fe3,f7e62fe3c7c78ca5,adjudicate,D,RELAY,0,,,,0,"lls() (genome in extra.genome); M2 genomes spikes/out/champions_m2.json (physics/env via c1b_run.load(""4ab2ba014aac967e"")). Candidate cell ids of interest from the earlier census's raw outputs: f7e62fe3..., 0ad7dc00..., 6a47bd68..., M2 fresh3 (find the full ids in the rows or outputs). - Engine: prometheus/ananke/engine.py (state arrays, plastic routing w, WIMM Kp, decay); lens.py (between-tick"
roles/Ananke/research/handoffs/W-G_retention_confirmation.md,32,0ad7dc00,0ad7dc00f146326f,adjudicate,D,HOLD,0,,,,0,"in extra.genome); M2 genomes spikes/out/champions_m2.json (physics/env via c1b_run.load(""4ab2ba014aac967e"")). Candidate cell ids of interest from the earlier census's raw outputs: f7e62fe3..., 0ad7dc00..., 6a47bd68..., M2 fresh3 (find the full ids in the rows or outputs). - Engine: prometheus/ananke/engine.py (state arrays, plastic routing w, WIMM Kp, decay); lens.py (between-tick hooks; single"
roles/Ananke/research/handoffs/W-G_retention_confirmation.md,32,6a47bd68,6a47bd68d0494b86,adjudicate,D,HOLD,0,,,,0,"enome); M2 genomes spikes/out/champions_m2.json (physics/env via c1b_run.load(""4ab2ba014aac967e"")). Candidate cell ids of interest from the earlier census's raw outputs: f7e62fe3..., 0ad7dc00..., 6a47bd68..., M2 fresh3 (find the full ids in the rows or outputs). - Engine: prometheus/ananke/engine.py (state arrays, plastic routing w, WIMM Kp, decay); lens.py (between-tick hooks; single-cue twins in"
roles/Ananke/research/handoffs/W-H_setrule_branch.md,24,b59e6c3a,b59e6c3afebce00a,evolve,B2,RELAY,0,,,,0,"n. EVIDENCE (raw) - A previous 42-cell census with scripts and raw outputs: workers/W-B/ (census.py, deepdive.py, phase.py, gate.py, disasm.py, out/*.json). Cell ids named in its outputs include b59e6c3a, 63d17a90, b059e735, 311c465f, faafa5b0, dd6fdf49, 8e1caf6b, 9bbe8637 (find full ids in roles/Ananke/pte/c1_rows/cells.jsonl.gz). - Engine semantics: prometheus/ananke/engine.py (SETRULE: r_next"
roles/Ananke/research/handoffs/W-H_setrule_branch.md,24,63d17a90,63d17a90e365e424,evolve,B2,RELAY,0,,,,0,"CE (raw) - A previous 42-cell census with scripts and raw outputs: workers/W-B/ (census.py, deepdive.py, phase.py, gate.py, disasm.py, out/*.json). Cell ids named in its outputs include b59e6c3a, 63d17a90, b059e735, 311c465f, faafa5b0, dd6fdf49, 8e1caf6b, 9bbe8637 (find full ids in roles/Ananke/pte/c1_rows/cells.jsonl.gz). - Engine semantics: prometheus/ananke/engine.py (SETRULE: r_next = A mod"
roles/Ananke/research/handoffs/W-H_setrule_branch.md,24,b059e735,b059e735fe16de49,evolve,B,RELAY,0,,,,0,"A previous 42-cell census with scripts and raw outputs: workers/W-B/ (census.py, deepdive.py, phase.py, gate.py, disasm.py, out/*.json). Cell ids named in its outputs include b59e6c3a, 63d17a90, b059e735, 311c465f, faafa5b0, dd6fdf49, 8e1caf6b, 9bbe8637 (find full ids in roles/Ananke/pte/c1_rows/cells.jsonl.gz). - Engine semantics: prometheus/ananke/engine.py (SETRULE: r_next = A mod rules, app"
roles/Ananke/research/handoffs/W-H_setrule_branch.md,24,311c465f,311c465fd5a624cb,evolve,A,HOLD,0,,,,0,"s 42-cell census with scripts and raw outputs: workers/W-B/ (census.py, deepdive.py, phase.py, gate.py, disasm.py, out/*.json). Cell ids named in its outputs include b59e6c3a, 63d17a90, b059e735, 311c465f, faafa5b0, dd6fdf49, 8e1caf6b, 9bbe8637 (find full ids in roles/Ananke/pte/c1_rows/cells.jsonl.gz). - Engine semantics: prometheus/ananke/engine.py (SETRULE: r_next = A mod rules, applied after"
roles/Ananke/research/handoffs/W-H_setrule_branch.md,25,faafa5b0,faafa5b049e1d4b4,evolve,A,HOLD,0,,,,0,"nsus with scripts and raw outputs: workers/W-B/ (census.py, deepdive.py, phase.py, gate.py, disasm.py, out/*.json). Cell ids named in its outputs include b59e6c3a, 63d17a90, b059e735, 311c465f, faafa5b0, dd6fdf49, 8e1caf6b, 9bbe8637 (find full ids in roles/Ananke/pte/c1_rows/cells.jsonl.gz). - Engine semantics: prometheus/ananke/engine.py (SETRULE: r_next = A mod rules, applied after the program"
roles/Ananke/research/handoffs/W-H_setrule_branch.md,25,dd6fdf49,dd6fdf49177d6531,evolve,A,HOLD,0,,,,0,"scripts and raw outputs: workers/W-B/ (census.py, deepdive.py, phase.py, gate.py, disasm.py, out/*.json). Cell ids named in its outputs include b59e6c3a, 63d17a90, b059e735, 311c465f, faafa5b0, dd6fdf49, 8e1caf6b, 9bbe8637 (find full ids in roles/Ananke/pte/c1_rows/cells.jsonl.gz). - Engine semantics: prometheus/ananke/engine.py (SETRULE: r_next = A mod rules, applied after the program; genome s"
roles/Ananke/research/handoffs/W-H_setrule_branch.md,25,8e1caf6b,8e1caf6bcc7897fb,evolve,B,MAJ,0,,,,0,"d raw outputs: workers/W-B/ (census.py, deepdive.py, phase.py, gate.py, disasm.py, out/*.json). Cell ids named in its outputs include b59e6c3a, 63d17a90, b059e735, 311c465f, faafa5b0, dd6fdf49, 8e1caf6b, 9bbe8637 (find full ids in roles/Ananke/pte/c1_rows/cells.jsonl.gz). - Engine semantics: prometheus/ananke/engine.py (SETRULE: r_next = A mod rules, applied after the program; genome shape [rule"
roles/Ananke/research/handoffs/W-H_setrule_branch.md,25,9bbe8637,9bbe86373465aaf9,evolve,B,RELAY,0,,,,0,"uts: workers/W-B/ (census.py, deepdive.py, phase.py, gate.py, disasm.py, out/*.json). Cell ids named in its outputs include b59e6c3a, 63d17a90, b059e735, 311c465f, faafa5b0, dd6fdf49, 8e1caf6b, 9bbe8637 (find full ids in roles/Ananke/pte/c1_rows/cells.jsonl.gz). - Engine semantics: prometheus/ananke/engine.py (SETRULE: r_next = A mod rules, applied after the program; genome shape [rules, L, 5];"
roles/Ananke/research/handoffs/W-L_retention_reachability.md,30,4ab2ba014aac967e,4ab2ba014aac967e,evolve,C,HOLD,0,,search,47,0,"edule and targets; mirror pairs negate the whole cue sequence). - Carrier instruments: prometheus/ananke/lens.py (carrier_table, swaps); instruments/*.md. - M2 physics and specimen: c1b_run.load(""4ab2ba014aac967e""). REQUIRED - PLAN.md frozen before any search: the task definition (check that the lag-n target is independent of the current cue; the sequential-exploit test), the plant solvability checks (at"
roles/Ananke/research/harvest/H-CHK/PLAN_ADDENDUM.md,25,4781b0a1,4781b0a172b6dc3c,evolve,C,MAJ,0,,champion,84,0,"IP_REL with z <= -.95 (W-N: 35/35 PASS). This is also C3's first cell. - If any of G1-G3 fails: STOP before any champion/plant run of C1-C3 and report. ## X2 C1 plant, concrete definition - Env: 4781b0a1's MAJ env (d 3, delta 16, cue_len 2, 12 trials, flip_p .3, n_maj 5). - Physics: plants_wv.physics(4781b0a1) (W-V plant physics) with dest_mode 'sample', loss .1, lat_jitter 1 set to the champion's"
roles/Ananke/research/harvest/H-CHK/PLAN_ADDENDUM.md,26,4781b0a1,4781b0a172b6dc3c,evolve,C,MAJ,0,,champion,90,0,"fore any champion/plant run of C1-C3 and report. ## X2 C1 plant, concrete definition - Env: 4781b0a1's MAJ env (d 3, delta 16, cue_len 2, 12 trials, flip_p .3, n_maj 5). - Physics: plants_wv.physics(4781b0a1) (W-V plant physics) with dest_mode 'sample', loss .1, lat_jitter 1 set to the champion's values. fanout is already 8; the ring r3 gives 6 ports; w is uniform (16) and plastic_route 0, so samplin"
roles/Ananke/research/harvest/H-CHK/PLAN_ADDENDUM.md,55,4781b0a1,4781b0a172b6dc3c,evolve,C,MAJ,0,,,,0,"edian D_piv > .7, or no N (no (offset, parity) stratum with base_N >= 20). - REDUCES iff (i) and (ii); otherwise PARTIAL. ## X3 C2 concrete - PMAJ genome unchanged; physics = plants_wv.physics(4781b0a1) with dest_mode 'sample', loss .1 (everything else as W-V, including jitter 0 and cap 0). Design = W-V's pmaj run: M 128, ns 0x650, trials 1..11, offsets 2,4,6,8,12. - Reading applied to the info"
roles/Ananke/research/harvest/H-CHK/REPORT.md,10,4781b0a1,4781b0a172b6dc3c,evolve,C,MAJ,0,,champion,94,0,"L's champions and nback. - Run conditions for every process: CUDA_VISIBLE_DEVICES=-1, device=""cpu"" passed explicitly, 1 thread, PYTHONDONTWRITEBYTECODE=1. - C1. Does a noisy count threshold reproduce 4781b0a1's ""joint carrier"" signature? - Plant physics: W-V's plant physics, adjusted to the champion's delivery. That means dest 'sample', fanout 8 over the 6 ring ports, loss .1, jitter 1, sync period 2. I"
roles/Ananke/research/harvest/H-IMPL/REPORT.md,67,0a23398f,0a23398f20cc41a2,evolve,B,MAJ,0,,,,0,"_delta<.02) and XOR 48/83 (46 with comm_delta<.02). | Yes, additive only (patch twin_reach_nearest_sensor). Legacy keys stay bit-identical. | Stored C1 REACH_BEYOND_HOP labels. D-wave MAJ twin lines (0a23398f, f6b623cd, 4781b0a1 all beyond_hop 1.0). Twin fields in W-J e2/e6 MAJ and W-L outputs. No C1_REPORT headline uses them. | | H2 | assays.py:280; campaign.py:439 | Ruler cannot cross its gate | MINOR |"
roles/Ananke/research/harvest/H-IMPL/REPORT.md,67,f6b623cd,f6b623cdb23afd2c,evolve,B,MAJ,0,,,,0,") and XOR 48/83 (46 with comm_delta<.02). | Yes, additive only (patch twin_reach_nearest_sensor). Legacy keys stay bit-identical. | Stored C1 REACH_BEYOND_HOP labels. D-wave MAJ twin lines (0a23398f, f6b623cd, 4781b0a1 all beyond_hop 1.0). Twin fields in W-J e2/e6 MAJ and W-L outputs. No C1_REPORT headline uses them. | | H2 | assays.py:280; campaign.py:439 | Ruler cannot cross its gate | MINOR | On global"
roles/Ananke/research/harvest/H-IMPL/REPORT.md,67,4781b0a1,4781b0a172b6dc3c,evolve,C,MAJ,0,,,,0,"48/83 (46 with comm_delta<.02). | Yes, additive only (patch twin_reach_nearest_sensor). Legacy keys stay bit-identical. | Stored C1 REACH_BEYOND_HOP labels. D-wave MAJ twin lines (0a23398f, f6b623cd, 4781b0a1 all beyond_hop 1.0). Twin fields in W-J e2/e6 MAJ and W-L outputs. No C1_REPORT headline uses them. | | H2 | assays.py:280; campaign.py:439 | Ruler cannot cross its gate | MINOR | On global topology"
roles/Ananke/research/harvest/H-IMPL/REPORT.md,71,0c18ce5e,0c18ce5e1a7721bc,evolve,B,HOLD,0,,,,1,"r ""promoted"" | MINOR | Wave D promotes from A, B, B2 and C evolve rows. Wave E uses `r[""wave""] in ""ABC""`, a substring test that drops B2. | In C1, 3 of the 12 D cells came from B2. E's top 5 includes 0c18ce5e (HOLD), which was never adjudicated. Only ONE RELAY law, bbef66a1, was scaled. | Report only | C1_REPORT s1 says ""frozen RELAY laws ... SIZE-FREE"", but that rests on one law. PREREG s5 says ""top 5 pr"
roles/Ananke/research/harvest/H-IMPL/REPORT.md,71,bbef66a1,bbef66a1ee9558ac,evolve,B,RELAY,0,,,,0,"rows. Wave E uses `r[""wave""] in ""ABC""`, a substring test that drops B2. | In C1, 3 of the 12 D cells came from B2. E's top 5 includes 0c18ce5e (HOLD), which was never adjudicated. Only ONE RELAY law, bbef66a1, was scaled. | Report only | C1_REPORT s1 says ""frozen RELAY laws ... SIZE-FREE"", but that rests on one law. PREREG s5 says ""top 5 promoted"". | | H6 | campaign.py:631 | Seed reuse across namespaces |"
roles/Ananke/research/harvest/H-IMPL/REPORT.md,75,0a23398f,0a23398f20cc41a2,evolve,B,MAJ,0,,,,0,"D flag count is 8 either way. | Report only | None | | H9 | campaign.py:313 | Mislabelled arm | MINOR | The ""size_x2.25"" transplant goes 100 -> 144, i.e. x1.44, when n_sites=100. | Affects C1 D cells 0a23398f, f6b623cd and 613162a3 (all MAJ). | Report only | The D transplant table for those 3 cells | | H10 | report.py:153 | Statistic does not match the claim | MINOR | transplant_transfer uses point accura"
roles/Ananke/research/harvest/H-IMPL/REPORT.md,75,f6b623cd,f6b623cdb23afd2c,evolve,B,MAJ,0,,,,0,"nt is 8 either way. | Report only | None | | H9 | campaign.py:313 | Mislabelled arm | MINOR | The ""size_x2.25"" transplant goes 100 -> 144, i.e. x1.44, when n_sites=100. | Affects C1 D cells 0a23398f, f6b623cd and 613162a3 (all MAJ). | Report only | The D transplant table for those 3 cells | | H10 | report.py:153 | Statistic does not match the claim | MINOR | transplant_transfer uses point accuracy >.55 on"
roles/Ananke/research/harvest/H-IMPL/REPORT.md,75,613162a3,613162a306938de7,evolve,C,MAJ,0,,,,0,"r way. | Report only | None | | H9 | campaign.py:313 | Mislabelled arm | MINOR | The ""size_x2.25"" transplant goes 100 -> 144, i.e. x1.44, when n_sites=100. | Affects C1 D cells 0a23398f, f6b623cd and 613162a3 (all MAJ). | Report only | The D transplant table for those 3 cells | | H10 | report.py:153 | Statistic does not match the claim | MINOR | transplant_transfer uses point accuracy >.55 on 32 worlds. P"
roles/Ananke/research/harvest/H-IMPL/REPORT.md,254,bbef66a1,bbef66a1ee9558ac,evolve,B,RELAY,0,,,,0,"C1 rows. The MAJ and XOR positives cannot be interpreted (H1), and on global topology the label can never fire (H2). 2. Should C1_REPORT s1 change ""frozen RELAY laws ... size-free"" to ""one RELAY law (bbef66a1)""? (H5) 3. Should the REL4 FC table be re-simulated under mirror-pair statistics (2K correlated trials per pair, with K counted per world) before H2 is used as a carrier ruler? (H16) 4. Should the in"
roles/Ananke/research/harvest/H-INST/REPORT.md,45,0ad7dc00,0ad7dc00f146326f,adjudicate,D,HOLD,0,,,,0,"and W-G have per-carrier global twin divergence plus decoders. W-P truth tables work over arrays, not site sets. | Retention ""NO"" verdicts are power-limited (W-E). ""Two independent inert stores"" (W-G 0ad7dc00) is not spatially resolved, so a distributed store needing k sites jointly would be invisible to single-world decoders. | Per-site diff maps (diff_trace.site_hook) + a **site-subset swap** truth tabl"
roles/Ananke/research/harvest/H-INST/REPORT.md,46,c16d5231,c16d52319beb8bce,evolve,B2,RELAY,0,,,,0,"d the bit"" (18/18) was measured by swapping w only. Direction of transfer (toward or away from the actuator, port asymmetry) is unmeasured. W-S: routing decides WHETHER the source hits the readout in c16d5231. | Edge direction profile from diff_trace edges (u-v displacement) + a reflection intervention (designed) | LOW-MED | | G8 | Partial heredity (copying of Kp or code values between sites) | No. PTE ha"
roles/Ananke/research/harvest/H-INST/REPORT.md,49,4781b0a1,4781b0a172b6dc3c,evolve,C,MAJ,0,,,,0,"a reach check. | reach_certificate with an ITI hook evaluated on later trials (IMPLEMENTED as a test pattern) | MED | | G10 | Phase / clock-stratified reading | Ad hoc (W-R fork.phase_of). | 15/16 of 4781b0a1's offsets changed class under phase split (W-R). | Builder proposal B3 | HIGH (fleet) | ## 2. PRIMITIVE DESIGNS ### P1. `diff_trace(ph, genome, sch_a, sch_b, ws, T, hooks_b=None, ctrl_a=None, ctrl_"
roles/Ananke/research/harvest/H-INST/REPORT.md,255,4781b0a1,4781b0a172b6dc3c,evolve,C,MAJ,0,,,,0,"m:** a pooled rate or class mixes strata with different base rates, so the pooled reading matches no stratum (Simpson). - **Observed:** - W-R: the pooled class changes under phase split in 15/16 of 4781b0a1's offsets; 0/17 pooled mixed readings resolve in both phases. - W-O: ""42 transfers"" are 20 dependent groups (W-Q). - W-V vs W-T: copy counts vs causal share. - W-M: pair-level sums near 1 while"
roles/Ananke/research/harvest/H-INST/REPORT.md,285,369f5a5b,369f5a5b745eb592,evolve,B,RELAY,0,,,,0,"s flagged. For async physics a phase split must show no effect (a negative control). - **Positive control:** the direct-carrier plant P1_J1 (W-T), mixed in q0 and clean in q1. - **Negative control:** 369f5a5b (async) or an async hold_latch must show no phase effect. - **Must never:** re-bin the preregistered primary; the stratified table is an added output. ### B4. Seed and namespace sensitivity near thr"
roles/Ananke/research/harvest/H-INST/REPORT.md,294,e79e72df,e79e72df8f04e836,adjudicate,D,RELAY,0,,,,0,"whose CI lies near a bar flip under a new namespace. - **Observed:** - W-Z consistency 92.7% vs a 95% bar. - W-N p_min tables (P32 K3 needs .91). - W-O: 90 CHANCE → FLIP at 512 worlds. - W-G: e79e72df ""L1.5"" not replicated. - Fleet: the HOME battery hashseed dependence. - **API:** `margin(ci, bars) -> distance in CI half-widths`, plus `replicate_if_marginal(fn, ns_list, margin<1)`. - **Invariant"
roles/Ananke/research/harvest/H-INST/REPORT.md,325,4781b0a1,4781b0a172b6dc3c,evolve,C,MAJ,0,,champion,12,0,"ntrol:** an in-window flush must read REACHED_OUTPUT. - **Must never:** relabel a frozen verdict class; the certificate is added beside it. ## 6. OPEN QUESTIONS 1. **Edge cost on dense champions.** 4781b0a1 (5 sensors, dense traffic) has not been traced. Estimated at M=64: about 1-3 min per trial on CPU. Worth running once as a cone-vs-swap cross-check. W-V said ALL5 = FLA, so the readout cone should ho"
roles/Ananke/research/harvest/H-PLANT/LOG.md,20,4eeca9f10c514f08,4eeca9f10c514f08,census,A0,XOR,0,,,,0,"(X0, 256 HPLT) | 4 | 34.3 | 8.8 | 150 | | 5 | lightcone.py (4 d9cc cells) | 2 | 2.0 | ~2 | 152 | | 6 | run_xor.py screen (18 C1 XOR rows, 32 DEV) | 4 | 98.8 | 26.5 | 251 | | 7 | run_xor.py score_cell 4eeca9f10c514f08 | 4 | 22.3 | 5.9 | 273 | | 8 | run_xor.py score_cell_literal aa2b8d6805a15ec6 | 4 | 184.9 | 47.0 | 458 | | 9 | run_flip_mh.py flip dev | 4 | 104.5 | 26.5 | 563 | | 10 | run_flip_mh.py flip score | 2"
roles/Ananke/research/harvest/H-PLANT/LOG.md,21,aa2b8d6805a15ec6,aa2b8d6805a15ec6,census,A0,XOR,0,,,,0,"| 2.0 | ~2 | 152 | | 6 | run_xor.py screen (18 C1 XOR rows, 32 DEV) | 4 | 98.8 | 26.5 | 251 | | 7 | run_xor.py score_cell 4eeca9f10c514f08 | 4 | 22.3 | 5.9 | 273 | | 8 | run_xor.py score_cell_literal aa2b8d6805a15ec6 | 4 | 184.9 | 47.0 | 458 | | 9 | run_flip_mh.py flip dev | 4 | 104.5 | 26.5 | 563 | | 10 | run_flip_mh.py flip score | 2 | 244.0 | 123.4 | 807 | | 11 | run_flip_mh.py mh score | 2 | 228.9 | 115.3 | 1"
roles/Ananke/research/harvest/H-PLANT/LOG.md,32,29b7e63a5fa4a78b,29b7e63a5fa4a78b,census,A0,RELAY,0,,,,0,"2.0 cap. No GPU: CUDA_VISIBLE_DEVICES=-1 in every engine process, hp_common asserts torch.cuda.is_available() is False, World(device=""cpu""). ## Attempt 1 -- gate (2026-09-30) G1a relay_flood C1 row 29b7e63a5fa4a78b: recorded .9609375, reproduced .9609375 (exact). G1b relay_flood C1b F_DA normal: 1.0 / 1.0. G2 echo_hold C1b F_echo normal: 1.0 / 1.0. GATE PASS. out/gate.json. ## Attempt 2 -- P-XOR at chosen phys"
roles/Ananke/research/harvest/H-PLANT/LOG.md,43,d64656f26736d37c,d64656f26736d37c,evolve,C,XOR,0,,,,0,"- far from .5 as predicted (one-flag readouts correlate with XOR at |.25| under the env mirror). out/xor_dev.json, xor_score.json, xor_mf.json. ## Attempt 3 -- XOR at d9cc: analytic light-cone bound d64656f26736d37c and 1b26026fc846d03d (XOR d3 delta16 at d9cc): both sensors' cue can reach the actuator by readout in only 14.84% of scored trials (fastest transport, no loss/cap) -> any program's accuracy <= .574 <"
roles/Ananke/research/harvest/H-PLANT/LOG.md,43,1b26026fc846d03d,1b26026fc846d03d,transfer,C,XOR,0,,,,0,"icted (one-flag readouts correlate with XOR at |.25| under the env mirror). out/xor_dev.json, xor_score.json, xor_mf.json. ## Attempt 3 -- XOR at d9cc: analytic light-cone bound d64656f26736d37c and 1b26026fc846d03d (XOR d3 delta16 at d9cc): both sensors' cue can reach the actuator by readout in only 14.84% of scored trials (fastest transport, no loss/cap) -> any program's accuracy <= .574 < .60. FLIP 6f82f9c7 a"
roles/Ananke/research/harvest/H-PLANT/LOG.md,45,6f82f9c7,6f82f9c7d51bcef1,evolve,C,FLIP,0,,,,0,"6fc846d03d (XOR d3 delta16 at d9cc): both sensors' cue can reach the actuator by readout in only 14.84% of scored trials (fastest transport, no loss/cap) -> any program's accuracy <= .574 < .60. FLIP 6f82f9c7 and RELAY d5 fac4aaa2 at d9cc: 100% in reach. out/lightcone_d64656f2_1b26026f_6f82f9c7_fac4aaa2.json. Plant not run at d9cc (needs period 1). ## Attempt 4 -- XOR screen (18 clock-compatible C1 XOR r"
roles/Ananke/research/harvest/H-PLANT/LOG.md,45,fac4aaa2,fac4aaa23a0bdcb2,transfer,C,RELAY,0,,,,0,"ta16 at d9cc): both sensors' cue can reach the actuator by readout in only 14.84% of scored trials (fastest transport, no loss/cap) -> any program's accuracy <= .574 < .60. FLIP 6f82f9c7 and RELAY d5 fac4aaa2 at d9cc: 100% in reach. out/lightcone_d64656f2_1b26026f_6f82f9c7_fac4aaa2.json. Plant not run at d9cc (needs period 1). ## Attempt 4 -- XOR screen (18 clock-compatible C1 XOR rows, at_specimen struc"
roles/Ananke/research/harvest/H-PLANT/LOG.md,46,d64656f2,d64656f26736d37c,evolve,C,XOR,0,,,,0,"actuator by readout in only 14.84% of scored trials (fastest transport, no loss/cap) -> any program's accuracy <= .574 < .60. FLIP 6f82f9c7 and RELAY d5 fac4aaa2 at d9cc: 100% in reach. out/lightcone_d64656f2_1b26026f_6f82f9c7_fac4aaa2.json. Plant not run at d9cc (needs period 1). ## Attempt 4 -- XOR screen (18 clock-compatible C1 XOR rows, at_specimen struct, 32 DEV) Top: 4eeca9f10c514f08 .841, 83e9fea6"
roles/Ananke/research/harvest/H-PLANT/LOG.md,46,1b26026f,1b26026fc846d03d,transfer,C,XOR,0,,,,0,"by readout in only 14.84% of scored trials (fastest transport, no loss/cap) -> any program's accuracy <= .574 < .60. FLIP 6f82f9c7 and RELAY d5 fac4aaa2 at d9cc: 100% in reach. out/lightcone_d64656f2_1b26026f_6f82f9c7_fac4aaa2.json. Plant not run at d9cc (needs period 1). ## Attempt 4 -- XOR screen (18 clock-compatible C1 XOR rows, at_specimen struct, 32 DEV) Top: 4eeca9f10c514f08 .841, 83e9fea69d2e2958"
roles/Ananke/research/harvest/H-PLANT/LOG.md,46,6f82f9c7,6f82f9c7d51bcef1,evolve,C,FLIP,0,,,,0,"t in only 14.84% of scored trials (fastest transport, no loss/cap) -> any program's accuracy <= .574 < .60. FLIP 6f82f9c7 and RELAY d5 fac4aaa2 at d9cc: 100% in reach. out/lightcone_d64656f2_1b26026f_6f82f9c7_fac4aaa2.json. Plant not run at d9cc (needs period 1). ## Attempt 4 -- XOR screen (18 clock-compatible C1 XOR rows, at_specimen struct, 32 DEV) Top: 4eeca9f10c514f08 .841, 83e9fea69d2e2958 .781, aa2"
roles/Ananke/research/harvest/H-PLANT/LOG.md,46,fac4aaa2,fac4aaa23a0bdcb2,transfer,C,RELAY,0,,,,0,"14.84% of scored trials (fastest transport, no loss/cap) -> any program's accuracy <= .574 < .60. FLIP 6f82f9c7 and RELAY d5 fac4aaa2 at d9cc: 100% in reach. out/lightcone_d64656f2_1b26026f_6f82f9c7_fac4aaa2.json. Plant not run at d9cc (needs period 1). ## Attempt 4 -- XOR screen (18 clock-compatible C1 XOR rows, at_specimen struct, 32 DEV) Top: 4eeca9f10c514f08 .841, 83e9fea69d2e2958 .781, aa2b8d6805a1"
roles/Ananke/research/harvest/H-PLANT/LOG.md,49,4eeca9f10c514f08,4eeca9f10c514f08,census,A0,XOR,0,,,,1,"n reach. out/lightcone_d64656f2_1b26026f_6f82f9c7_fac4aaa2.json. Plant not run at d9cc (needs period 1). ## Attempt 4 -- XOR screen (18 clock-compatible C1 XOR rows, at_specimen struct, 32 DEV) Top: 4eeca9f10c514f08 .841, 83e9fea69d2e2958 .781, aa2b8d6805a15ec6 .719, two torus rows .57, rest <= .531. out/xor_screen.json. Scored top-1 4eeca9f10c514f08 (A0, random64 k6 all, loss .3, lat 1, dup .1; env d3 delta4) w"
roles/Ananke/research/harvest/H-PLANT/LOG.md,49,83e9fea69d2e2958,83e9fea69d2e2958,census,A0,XOR,0,,,,1,"d64656f2_1b26026f_6f82f9c7_fac4aaa2.json. Plant not run at d9cc (needs period 1). ## Attempt 4 -- XOR screen (18 clock-compatible C1 XOR rows, at_specimen struct, 32 DEV) Top: 4eeca9f10c514f08 .841, 83e9fea69d2e2958 .781, aa2b8d6805a15ec6 .719, two torus rows .57, rest <= .531. out/xor_screen.json. Scored top-1 4eeca9f10c514f08 (A0, random64 k6 all, loss .3, lat 1, dup .1; env d3 delta4) with genome-space overri"
roles/Ananke/research/harvest/H-PLANT/LOG.md,49,aa2b8d6805a15ec6,aa2b8d6805a15ec6,census,A0,XOR,0,,,,1,"9c7_fac4aaa2.json. Plant not run at d9cc (needs period 1). ## Attempt 4 -- XOR screen (18 clock-compatible C1 XOR rows, at_specimen struct, 32 DEV) Top: 4eeca9f10c514f08 .841, 83e9fea69d2e2958 .781, aa2b8d6805a15ec6 .719, two torus rows .57, rest <= .531. out/xor_screen.json. Scored top-1 4eeca9f10c514f08 (A0, random64 k6 all, loss .3, lat 1, dup .1; env d3 delta4) with genome-space override (prog_len 8->16, sta"
roles/Ananke/research/harvest/H-PLANT/LOG.md,51,4eeca9f10c514f08,4eeca9f10c514f08,census,A0,XOR,0,,,,1,"clock-compatible C1 XOR rows, at_specimen struct, 32 DEV) Top: 4eeca9f10c514f08 .841, 83e9fea69d2e2958 .781, aa2b8d6805a15ec6 .719, two torus rows .57, rest <= .531. out/xor_screen.json. Scored top-1 4eeca9f10c514f08 (A0, random64 k6 all, loss .3, lat 1, dup .1; env d3 delta4) with genome-space override (prog_len 8->16, state_dim 1->4, payload 4->2, channels 2->1, rules 4->1, setrule/wimm 1->0, adapt_shift 2->4):"
roles/Ananke/research/harvest/H-PLANT/LOG.md,55,aa2b8d6805a15ec6,aa2b8d6805a15ec6,census,A0,XOR,0,,,,1,"payload 4->2, channels 2->1, rules 4->1, setrule/wimm 1->0, adapt_shift 2->4): .805 [.784, .826]; MF-a .4997 [.498,.501]; MF-b .340. Noticed the override is large -> ADDENDUM A6 written, then: Scored aa2b8d6805a15ec6 LITERAL C1 dial vector (A0; random144 k6, sample fanout 8, loss .3, lat 4, dup .1, cap 4/none, economy low, rules 2, setrule 1, wimm 1, plastic_route 1, state_dim 4, payload 4, prog_len 16; env XOR d"
roles/Ananke/research/harvest/H-PLANT/LOG.md,58,4eeca9f10c514f08,4eeca9f10c514f08,census,A0,XOR,0,,,,0,"economy low, rules 2, setrule 1, wimm 1, plastic_route 1, state_dim 4, payload 4, prog_len 16; env XOR d2 delta16): .663 [.636, .687]; MF-a .500 [.500,.500]; MF-b .412 [.394,.432]. out/xor_score_cell_4eeca9f10c514f08.json, xor_score_cell_literal_aa2b8d6805a15ec6.json. ## Attempt 5 -- P-FLIP at d9cc (literal C1 physics of cell 6f82f9c7d51bcef1) and lossless DEV 32: d9cc .979, lossless 1.0. SCORE 256: d9cc .978 [."
roles/Ananke/research/harvest/H-PLANT/LOG.md,59,aa2b8d6805a15ec6,aa2b8d6805a15ec6,census,A0,XOR,0,,,,0,"ic_route 1, state_dim 4, payload 4, prog_len 16; env XOR d2 delta16): .663 [.636, .687]; MF-a .500 [.500,.500]; MF-b .412 [.394,.432]. out/xor_score_cell_4eeca9f10c514f08.json, xor_score_cell_literal_aa2b8d6805a15ec6.json. ## Attempt 5 -- P-FLIP at d9cc (literal C1 physics of cell 6f82f9c7d51bcef1) and lossless DEV 32: d9cc .979, lossless 1.0. SCORE 256: d9cc .978 [.962, .990]; lossless .997 [.990, 1.000]. MF-FL"
roles/Ananke/research/harvest/H-PLANT/LOG.md,61,6f82f9c7d51bcef1,6f82f9c7d51bcef1,evolve,C,FLIP,0,,,,0,"687]; MF-a .500 [.500,.500]; MF-b .412 [.394,.432]. out/xor_score_cell_4eeca9f10c514f08.json, xor_score_cell_literal_aa2b8d6805a15ec6.json. ## Attempt 5 -- P-FLIP at d9cc (literal C1 physics of cell 6f82f9c7d51bcef1) and lossless DEV 32: d9cc .979, lossless 1.0. SCORE 256: d9cc .978 [.962, .990]; lossless .997 [.990, 1.000]. MF-FLIP-a (teacher zeroed): .500 [.500,.500] both. MF-FLIP-b (readout ignores m): .499 ["
roles/Ananke/research/harvest/H-PLANT/LOG.md,66,fac4aaa23a0bdcb2,fac4aaa23a0bdcb2,transfer,C,RELAY,0,,,,0,"eroed): .500 [.500,.500] both. MF-FLIP-b (readout ignores m): .499 [.489,.509] / .497 [.491,.500]. out/flip_dev.json, flip_score.json. ## Attempt 6 -- P-MULTIHOP = relay_flood at d9cc (literal, cell fac4aaa23a0bdcb2 env) / lossless SCORE 256: d9cc d5 .984 [.969, .995]; d9cc d6 .978 [.962, .991]; lossless d5 .999 [.996,1.0]; lossless d6 .999 [.996, 1.0]. MF-MH (relay disabled): .500 [.500,.500] in all four. out/m"
roles/Ananke/research/harvest/H-PLANT/PLAN.md,22,29b7e63a5fa4a78b,29b7e63a5fa4a78b,census,A0,RELAY,0,,,,1,"at unsampled physics; NOT SHOWN otherwise. Must-fail: key operand zeroed -> lo99 <= .55. ## 1. Known-answer gate (first; stop if any fails by > .02) - G1a relay_flood, C1 plant_viability row, cell 29b7e63a5fa4a78b (A0, RELAY d3 delta16, physics digest d9ccb6a71d986501): recorded plant.acc 0.9609375. Re-run campaign.plant_viability(ph, env, search_seed, device=""cpu"") exactly. - G1b relay_flood, C1b fixture"
roles/Ananke/research/harvest/H-PLANT/PLAN.md,64,d64656f26736d37c,d64656f26736d37c,evolve,C,XOR,0,,,,0,"mut. Every site within 3 hops = 3 ticks of every sensor, so both flags reach every site before readout. Env: XOR d=3 delta=8 (C1 env levels). Predicted: ~1.0. C1-sampled points: (i) d9cc (C1 XOR cell d64656f26736d37c): an analytic LIGHT-CONE bound is computed first (below); the clock plant needs update_period 1 and d9cc has 2, so the plant is not run there unless it fits. (ii) SCREEN: every C1 XOR row with update"
roles/Ananke/research/harvest/H-PLANT/PLAN.md,110,6f82f9c7d51bcef1,6f82f9c7d51bcef1,evolve,C,FLIP,0,,,,0,"h >= 1, channels >= 1, prog_len 16 -> fits d9cc AS SAMPLED. Chosen physics F0: d9cc with loss 0, lat_jitter 0, cap 0, collision none (a lossless variant). C1-sampled point: d9cc exactly (C1 FLIP cell 6f82f9c7d51bcef1: d3 delta16 block4, trials 16). Env for F0: the same env. Predicted: F0 ~1.0 on scored trials; d9cc high (relay_flood scored .96 at d9cc RELAY d3 delta16). Must-fail (MF-FLIP-a, gated): teacher opera"
roles/Ananke/research/harvest/H-PLANT/PLAN_ADDENDUM.md,24,fac4aaa23a0bdcb2,fac4aaa23a0bdcb2,transfer,C,RELAY,0,,,,0,"nly. A4 (before any P-MULTIHOP run) env d: the parent plan says d = 2*radius (= 6 at d9cc's radius 3), which is outside C1's env levels {1,2,3,5}. Primary multi-hop env = d=5 (C1-sampled: cell fac4aaa23a0bdcb2, ring distance 5 > radius 3 => >= 2 hops forced). d=6 run as an extra. P-MULTIHOP program = plants.relay_flood unchanged (every site that changes relays; this is the minimal hand-written relay,"
roles/Ananke/research/harvest/H-PLANT/PLAN_ADDENDUM.md,30,29b7e63a5fa4a78b,29b7e63a5fa4a78b,census,A0,RELAY,0,,,,0,"ten relay, rather than a designated single relay site, which a homogeneous program cannot designate). A5 (before the gate) gate values: relay_flood recorded accuracies = C1 plant_viability row 29b7e63a5fa4a78b (.9609375) and C1b F_DA normal (1.0); echo_hold = C1b F_echo normal (1.0). A6 (after the XOR screen and the top-1 score; BEFORE this run) Strictness of ""a point C1 actually sampled"": the top scre"
roles/Ananke/research/harvest/H-PLANT/PLAN_ADDENDUM.md,33,4eeca9f10c514f08,4eeca9f10c514f08,census,A0,XOR,0,,,,0,"75) and C1b F_DA normal (1.0); echo_hold = C1b F_echo normal (1.0). A6 (after the XOR screen and the top-1 score; BEFORE this run) Strictness of ""a point C1 actually sampled"": the top screen cell 4eeca9f10c514f08 needed genome-space overrides (prog_len 8->16, state_dim 1->4, ...), so it is a C1 COMMUNICATION-physics point, not a full C1 dial vector. Added (pre-declared now): score P-XOR on the 256 fresh"
roles/Ananke/research/harvest/H-PLANT/PLAN_ADDENDUM.md,37,aa2b8d6805a15ec6,aa2b8d6805a15ec6,census,A0,XOR,0,,,,0,"d (pre-declared now): score P-XOR on the 256 fresh worlds at the best screen cell whose FULL C1 dial vector accepts the plant with NO override (prog_len 16, state_dim >= 4, payload_width >= 2): aa2b8d6805a15ec6 (screen .719; the only such cell above .55 besides the torus cells at .57). The XOR reading will be stated for both the strict and the at_specimen sense. A7 (after all three plants were scored"
roles/Ananke/research/harvest/H-PLANT/PRINCIPAL_REVIEW.md,11,6f82f9c7,6f82f9c7d51bcef1,evolve,C,FLIP,0,,,,0,"50 ""ANKP"", 256)), so the scoring worlds are disjoint from the worker's HPLT namespace: | plant | worker (HPLT) | principal (ANKP) | gated must-fail (ANKP) | |---|---|---|---| | P-FLIP @ d9cc, C1 cell 6f82f9c7 | .978 [.962, .990] | .973 [.953, .988] | teacher zeroed .500 | | P-MULTIHOP @ d9cc, d5 | .984 [.969, .995] | .967 [.944, .984] | relay off .500 | Both replicate. ## Corrections to the report's H6 i"
roles/Ananke/research/harvest/H-PLANT/PRINCIPAL_REVIEW.md,16,6f82f9c7,6f82f9c7d51bcef1,evolve,C,FLIP,0,,held,48,1,"eroed .500 | | P-MULTIHOP @ d9cc, d5 | .984 [.969, .995] | .967 [.944, .984] | relay off .500 | Both replicate. ## Corrections to the report's H6 implications (from the C1 rows) 1. **FLIP: stands.** 6f82f9c7 is a real `evolve` cell at d9cc (FLIP d3): held .479 [.436, .523], and its final generation reached max acc .578 with max_contrast .25. A 16-line program in the same genome space scores about ."
roles/Ananke/research/harvest/H-PLANT/PRINCIPAL_REVIEW.md,22,bbef66a1,bbef66a1ee9558ac,evolve,B,RELAY,0,,champion|search,12,1,"vers one cell (plus ef77ef2e per the worker, which I did not re-check), not FLIP in general. 2. **MULTIHOP: QUALIFIED.** fac4aaa23a0bdcb2 is kind `transfer`, not `evolve`: the RELAY d3 champion bbef66a1 was evaluated at d5, and no search ran. Across all C1 rows there are ZERO RELAY multi-hop `evolve` cells at d9cc (1 transfer; 9 multi-hop evolve cells exist only at other physics). So ""C1 searc"
roles/Ananke/research/harvest/H-PLANT/REPORT.md,13,29b7e63a5fa4a78b,29b7e63a5fa4a78b,census,A0,RELAY,0,,,,0,"samples, seed 0). - Design and screen runs used separate DEV worlds (0x48504C44, 32 worlds). 1. KNOWN-ANSWER GATE: PASS (reproduced exactly; out/gate.json) - G1a, relay_flood: C1 plant_viability row 29b7e63a5fa4a78b (d9cc, RELAY d3 delta16). Recorded .9609375, reproduced .9609375. - G1b, relay_flood: C1b fixture F_DA, normal. Recorded 1.0, reproduced 1.0. - G2, echo_hold: C1b fixture F_echo, normal. Recorded 1.0"
roles/Ananke/research/harvest/H-PLANT/REPORT.md,27,aa2b8d6805a15ec6,aa2b8d6805a15ec6,census,A0,XOR,0,,,,1,"noise 0, cap 0, collision none, decay 0, sync period 1, no economy; env XOR d3 delta8. Accuracy 1.000 [1.000, 1.000]. - Strict C1-sampled point: the full C1 dial vector, no override, of A0 census row aa2b8d6805a15ec6. That physics is random144 k6, sample fanout 8, loss .3, lat 4, dup .1, cap 4/none, economy low, rules 2, setrule 1, wimm 1, plastic_route 1, state_dim 4, payload 4, prog_len 16; env XOR d2 delta16."
roles/Ananke/research/harvest/H-PLANT/REPORT.md,28,4eeca9f10c514f08,4eeca9f10c514f08,census,A0,XOR,0,,,,1,"up .1, cap 4/none, economy low, rules 2, setrule 1, wimm 1, plastic_route 1, state_dim 4, payload 4, prog_len 16; env XOR d2 delta16. Accuracy .663 [.636, .687]. - Communication-physics point: A0 row 4eeca9f10c514f08, with the genome-space fields overridden in the C1b at_specimen way (prog_len 8->16, state_dim 1->4, and others). This was the top cell of a pre-declared screen over all 18 C1 XOR rows the plant can"
roles/Ananke/research/harvest/H-PLANT/REPORT.md,29,d64656f26736d37c,d64656f26736d37c,evolve,C,XOR,0,,search,19,0,". This was the top cell of a pre-declared screen over all 18 C1 XOR rows the plant can run on (screen accuracy .841). Accuracy .805 [.784, .826]. - d9cc, the one XOR point where C1 searched (C1 cells d64656f26736d37c and 1b26026fc846d03d): analytic light-cone bound. With the fastest possible transport and no loss or caps, both cues can reach the actuator by readout in only 14.84% of scored trials. So any program"
roles/Ananke/research/harvest/H-PLANT/REPORT.md,31,4eeca9f1,4eeca9f10c514f08,census,A0,XOR,0,,,,0,"s not run there (it needs update_period 1; d9cc has 2). Must-fail: - Gated, MF-XOR-a: ""readout ignoring one sensor"", run as sensor s2's cue zeroed. Result .500 [.500,.500] at X0, .4997 [.498,.501] at 4eeca9f1, .500 [.500,.500] at aa2b8d68. PASS everywhere. - Diagnostic, MF-XOR-b: Q zeroed in the readout, i.e. ""+ iff P"". Result .237 at X0, .340 at 4eeca9f1, .412 at aa2b8d68. Far from .5 (see Disagreements,"
roles/Ananke/research/harvest/H-PLANT/REPORT.md,31,aa2b8d68,aa2b8d6805a15ec6,census,A0,XOR,0,,,,0,"te_period 1; d9cc has 2). Must-fail: - Gated, MF-XOR-a: ""readout ignoring one sensor"", run as sensor s2's cue zeroed. Result .500 [.500,.500] at X0, .4997 [.498,.501] at 4eeca9f1, .500 [.500,.500] at aa2b8d68. PASS everywhere. - Diagnostic, MF-XOR-b: Q zeroed in the readout, i.e. ""+ iff P"". Result .237 at X0, .340 at 4eeca9f1, .412 at aa2b8d68. Far from .5 (see Disagreements, item 4). Reading: PHYSICS ALL"
roles/Ananke/research/harvest/H-PLANT/REPORT.md,32,4eeca9f1,4eeca9f10c514f08,census,A0,XOR,0,,,,1,"esult .500 [.500,.500] at X0, .4997 [.498,.501] at 4eeca9f1, .500 [.500,.500] at aa2b8d68. PASS everywhere. - Diagnostic, MF-XOR-b: Q zeroed in the readout, i.e. ""+ iff P"". Result .237 at X0, .340 at 4eeca9f1, .412 at aa2b8d68. Far from .5 (see Disagreements, item 4). Reading: PHYSICS ALLOWS. lo99 > .60 at X0 and at a C1-sampled full dial vector. The caveat is that aa2b8d68 is an A0 census point where no"
roles/Ananke/research/harvest/H-PLANT/REPORT.md,44,6f82f9c7d51bcef1,6f82f9c7d51bcef1,evolve,C,FLIP,0,,held|search,19,0,"(keeps S0 = m*c) 13 MULQ T3 = SENSE*SENSE 14 SEL T3 = T3>0 ? SENSE : S0 15 MOV S0 = T3 (teacher sets S0 = tau) Physics and results: - d9cc exactly as C1 sampled it: the physics of C1 FLIP cell 6f82f9c7d51bcef1, where C1's search held .479 (env d3 delta16 block4, 16 trials). Accuracy .978 [.962, .990]. - d9cc lossless variant (loss 0, jitter 0, cap 0, collision none). Accuracy .997 [.990, 1.000]. Must-fail:"
roles/Ananke/research/harvest/H-PLANT/REPORT.md,50,6f82f9c7,6f82f9c7d51bcef1,evolve,C,FLIP,0,,held|search,6,0,"89,.509] at d9cc and .497 [.491,.500] lossless. Reading: PHYSICS ALLOWS, at the exact physics where C1 searched FLIP. Implication for H6: supports ""search, not physics"" for the d9cc FLIP NULLs (cells 6f82f9c7, held .479, and ef77ef2e, held .507). A 16-line program inside C1's own genome space solves FLIP at about .98. 4. P-MULTIHOP Program: plants.relay_flood, unchanged. 0 ADD T0 = SENSE+IN0_0 1 GT T2"
roles/Ananke/research/harvest/H-PLANT/REPORT.md,92,aa2b8d6805a15ec6,aa2b8d6805a15ec6,census,A0,XOR,0,,,,1,"ampled); d=6 (= 2*radius, outside the census env levels) run as an extra; P-MULTIHOP = relay_flood unchanged. - A5: sources of the gate's recorded values. - A6: added a strict, no-override scoring at aa2b8d6805a15ec6. This was written after the top-1 score, so it is a post-screen addition, and it is labelled as such. - A7: light-cone census."
roles/Ananke/research/harvest/H-SCI/REPORT.md,25,925caa3a,925caa3a48964717,evolve,A,RELAY,0,,held,10,0,"olve cells with held lo99 > .55: - RELAY (50 cells): 35 are one-hop ring/torus tasks, 4 are global, and 10 are smallworld (9 of them with d = 1). - Only 2 RELAY cells need more than one hop: ring 925caa3a (d5, held .578) and smallworld 882525a9 (d3, held .591). - MAJ (19 cells): 18 are one-hop, 1 is global. - The recorded twin assay agrees: - bbef66a1, 31cd2a8a and 62a7fff9 have reach 3.0 and beyo"
roles/Ananke/research/harvest/H-SCI/REPORT.md,25,882525a9,882525a9d4a3d073,evolve,B,RELAY,0,,held,10,0,"AY (50 cells): 35 are one-hop ring/torus tasks, 4 are global, and 10 are smallworld (9 of them with d = 1). - Only 2 RELAY cells need more than one hop: ring 925caa3a (d5, held .578) and smallworld 882525a9 (d3, held .591). - MAJ (19 cells): 18 are one-hop, 1 is global. - The recorded twin assay agrees: - bbef66a1, 31cd2a8a and 62a7fff9 have reach 3.0 and beyond_hop 0.0 (C1R s7). - c16d5231 is the"
roles/Ananke/research/harvest/H-SCI/REPORT.md,28,bbef66a1,bbef66a1ee9558ac,evolve,B,RELAY,0,,held,99,0,"nly 2 RELAY cells need more than one hop: ring 925caa3a (d5, held .578) and smallworld 882525a9 (d3, held .591). - MAJ (19 cells): 18 are one-hop, 1 is global. - The recorded twin assay agrees: - bbef66a1, 31cd2a8a and 62a7fff9 have reach 3.0 and beyond_hop 0.0 (C1R s7). - c16d5231 is the exception (beyond_hop .88). - Wave C's RELAY transfer to d5/delta16 scores 0.500 (C1R s6), because d5 on a radiu"
roles/Ananke/research/harvest/H-SCI/REPORT.md,28,31cd2a8a,31cd2a8a9b572a50,evolve,B2,RELAY,0,,held,109,0,"Y cells need more than one hop: ring 925caa3a (d5, held .578) and smallworld 882525a9 (d3, held .591). - MAJ (19 cells): 18 are one-hop, 1 is global. - The recorded twin assay agrees: - bbef66a1, 31cd2a8a and 62a7fff9 have reach 3.0 and beyond_hop 0.0 (C1R s7). - c16d5231 is the exception (beyond_hop .88). - Wave C's RELAY transfer to d5/delta16 scores 0.500 (C1R s6), because d5 on a radius-3 ring i"
roles/Ananke/research/harvest/H-SCI/REPORT.md,28,62a7fff9,62a7fff921ca3bd8,evolve,B,RELAY,0,,held,122,0,"more than one hop: ring 925caa3a (d5, held .578) and smallworld 882525a9 (d3, held .591). - MAJ (19 cells): 18 are one-hop, 1 is global. - The recorded twin assay agrees: - bbef66a1, 31cd2a8a and 62a7fff9 have reach 3.0 and beyond_hop 0.0 (C1R s7). - c16d5231 is the exception (beyond_hop .88). - Wave C's RELAY transfer to d5/delta16 scores 0.500 (C1R s6), because d5 on a radius-3 ring is two hops. -"
roles/Ananke/research/harvest/H-SCI/REPORT.md,29,c16d5231,c16d52319beb8bce,evolve,B2,RELAY,0,,held,179,0,"lworld 882525a9 (d3, held .591). - MAJ (19 cells): 18 are one-hop, 1 is global. - The recorded twin assay agrees: - bbef66a1, 31cd2a8a and 62a7fff9 have reach 3.0 and beyond_hop 0.0 (C1R s7). - c16d5231 is the exception (beyond_hop .88). - Wave C's RELAY transfer to d5/delta16 scores 0.500 (C1R s6), because d5 on a radius-3 ring is two hops. - So the substrate ""communicates"" almost only by direct br"
roles/Ananke/research/harvest/H-SCI/REPORT.md,48,4781b0a1,4781b0a172b6dc3c,evolve,C,MAJ,0,,champion,55,0,"od 2, lat 1+1*dist+U{0,1}, plastic_route 1, wimm 1. - 27 of the 50 RELAY SIGNAL cells sit at this point (n_sites ignored). - Also at this point: - all 4 RELAY D-wave cells, the MAJ integration cell 4781b0a1, and the HOLD M2 echo 4ab2ba01 with its fresh champions; - the W-I 20-cell panel, the W-L n-back work, and the W-S/W-T RELAY cells (c16d5231 and its descendants). - All of these descend from ONE A1"
roles/Ananke/research/harvest/H-SCI/REPORT.md,48,4ab2ba01,4ab2ba014aac967e,evolve,C,HOLD,0,,champion|held,24,0,"tic_route 1, wimm 1. - 27 of the 50 RELAY SIGNAL cells sit at this point (n_sites ignored). - Also at this point: - all 4 RELAY D-wave cells, the MAJ integration cell 4781b0a1, and the HOLD M2 echo 4ab2ba01 with its fresh champions; - the W-I 20-cell panel, the W-L n-back work, and the W-S/W-T RELAY cells (c16d5231 and its descendants). - All of these descend from ONE A1 census cell, 86fc0105 (held .5"
roles/Ananke/research/harvest/H-SCI/REPORT.md,49,c16d5231,c16d52319beb8bce,evolve,B2,RELAY,0,,champion|held,85,0,": - all 4 RELAY D-wave cells, the MAJ integration cell 4781b0a1, and the HOLD M2 echo 4ab2ba01 with its fresh champions; - the W-I 20-cell panel, the W-L n-back work, and the W-S/W-T RELAY cells (c16d5231 and its descendants). - All of these descend from ONE A1 census cell, 86fc0105 (held .598, lo99 .576), through wave B/B2 transects and wave C re-evolution. The ROWS parent field shows this. F4. **Th"
roles/Ananke/research/harvest/H-SCI/REPORT.md,50,86fc0105,86fc01052c666646,evolve,A,RELAY,0,,champion|held,6,0,"M2 echo 4ab2ba01 with its fresh champions; - the W-I 20-cell panel, the W-L n-back work, and the W-S/W-T RELAY cells (c16d5231 and its descendants). - All of these descend from ONE A1 census cell, 86fc0105 (held .598, lo99 .576), through wave B/B2 transects and wave C re-evolution. The ROWS parent field shows this. F4. **The selection bonus is a teacher path that favours one-sided codes.** - Fitness i"
roles/Ananke/research/harvest/H-SCI/REPORT.md,59,95649e2c,95649e2c29e72d45,evolve,B,RELAY,0,,,,0,"le, untested cause of several recorded patterns: - presence and ""only the sensor fires"" codes dominate (W-J: 29/32; W-C: 7/13); - the RECTIFIED joint classes (W-P); - one-sided readouts such as 95649e2c (−trials .49; W-H S3); - integrators appearing where they do not pay (W-L). - The only record that raises it is backlog ANANKE-14. Nobody tested it. F5. **C1's ""no integration beyond one sensor"" i"
roles/Ananke/research/harvest/H-SCI/REPORT.md,69,0a23398f,0a23398f20cc41a2,evolve,B,MAJ,0,,champion,177,0,"reader that uses only sensor j can agree with the majority at most P(s_j = maj) = .667 (flip p = .3, analytic). | cell | acc | best single-sensor agreement | majority agreement | |---|---|---|---| | 0a23398f (M3) | .699 | .685 | **.767** | | f6b623cd (M3) | .693 | .665 | **.771** | | 613162a3 | .721 | .694 | **.781** | | 4781b0a1 (M4) | .766 | .773 | **.842** | - All four champions aggregate several sen"
roles/Ananke/research/harvest/H-SCI/REPORT.md,70,f6b623cd,f6b623cdb23afd2c,evolve,B,MAJ,0,,champion,134,0,"th the majority at most P(s_j = maj) = .667 (flip p = .3, analytic). | cell | acc | best single-sensor agreement | majority agreement | |---|---|---|---| | 0a23398f (M3) | .699 | .685 | **.767** | | f6b623cd (M3) | .693 | .665 | **.771** | | 613162a3 | .721 | .694 | **.781** | | 4781b0a1 (M4) | .766 | .773 | **.842** | - All four champions aggregate several sensors, including the two M3 cells that sit a"
roles/Ananke/research/harvest/H-SCI/REPORT.md,71,613162a3,613162a306938de7,evolve,C,MAJ,0,,champion,91,0,"(flip p = .3, analytic). | cell | acc | best single-sensor agreement | majority agreement | |---|---|---|---| | 0a23398f (M3) | .699 | .685 | **.767** | | f6b623cd (M3) | .693 | .665 | **.771** | | 613162a3 | .721 | .694 | **.781** | | 4781b0a1 (M4) | .766 | .773 | **.842** | - All four champions aggregate several sensors, including the two M3 cells that sit at the "".70 single-sensor ceiling"". - The IN"
roles/Ananke/research/harvest/H-SCI/REPORT.md,72,4781b0a1,4781b0a172b6dc3c,evolve,C,MAJ,0,,champion,53,0,"c | best single-sensor agreement | majority agreement | |---|---|---|---| | 0a23398f (M3) | .699 | .685 | **.767** | | f6b623cd (M3) | .693 | .665 | **.771** | | 613162a3 | .721 | .694 | **.781** | | 4781b0a1 (M4) | .766 | .773 | **.842** | - All four champions aggregate several sensors, including the two M3 cells that sit at the "".70 single-sensor ceiling"". - The INTEGRATION label (lo99 > .70) cannot te"
roles/Ananke/research/harvest/H-SCI/REPORT.md,111,613162a3,613162a306938de7,evolve,C,MAJ,0,,,,0,"o mirror twins are not physical mirrors. This helps rectified codes, and with them F4. - For global cells, `levels.dest_mode` can read 'all' while physics_from_levels silently forces 'sample' (e.g. 613162a3). Any analysis that reads dials from `levels` misattributes these cells. - **UNFALS.** env_permutation (assays.run_controls) scores traces against other pairs' i.i.d. targets. It is near .5 for any p"
roles/Ananke/research/harvest/H-SCI/REPORT.md,138,78f3b0ec,78f3b0eccd44b1ed,evolve,B2,RELAY,0,,,,0,"me the reader's register, not the physical code (W-C F7: P-FIRE / P-FIRE-SUM; W-I: 6 presence codes read as content). - **LEAK.** The source keeps re-broadcasting the cue: - 78% of source copies in 78f3b0ec are re-broadcasts, and 79% in 4781b0a1 (W-T). - The readout uses only the first broadcast (c16d5231) or the latest (78f3b0ec). - Counts of cue-bearing traffic are therefore not causal weight (W-V"
roles/Ananke/research/harvest/H-SCI/REPORT.md,138,4781b0a1,4781b0a172b6dc3c,evolve,C,MAJ,0,,,,0,"cal code (W-C F7: P-FIRE / P-FIRE-SUM; W-I: 6 presence codes read as content). - **LEAK.** The source keeps re-broadcasting the cue: - 78% of source copies in 78f3b0ec are re-broadcasts, and 79% in 4781b0a1 (W-T). - The readout uses only the first broadcast (c16d5231) or the latest (78f3b0ec). - Counts of cue-bearing traffic are therefore not causal weight (W-V). - **UNFALS.** - shuffle_time draws"
roles/Ananke/research/harvest/H-SCI/REPORT.md,139,c16d5231,c16d52319beb8bce,evolve,B2,RELAY,0,,,,0,"ad as content). - **LEAK.** The source keeps re-broadcasting the cue: - 78% of source copies in 78f3b0ec are re-broadcasts, and 79% in 4781b0a1 (W-T). - The readout uses only the first broadcast (c16d5231) or the latest (78f3b0ec). - Counts of cue-bearing traffic are therefore not causal weight (W-V). - **UNFALS.** - shuffle_time draws the delay from U[1, LM-1]. At small LM this overlaps the nativ"
roles/Ananke/research/harvest/H-SCI/REPORT.md,139,78f3b0ec,78f3b0eccd44b1ed,evolve,B2,RELAY,0,,,,0,"** The source keeps re-broadcasting the cue: - 78% of source copies in 78f3b0ec are re-broadcasts, and 79% in 4781b0a1 (W-T). - The readout uses only the first broadcast (c16d5231) or the latest (78f3b0ec). - Counts of cue-bearing traffic are therefore not causal weight (W-V). - **UNFALS.** - shuffle_time draws the delay from U[1, LM-1]. At small LM this overlaps the native delays (W-A: U[1,7] aga"
roles/Ananke/research/harvest/H-SCI/REPORT.md,158,4781b0a1,4781b0a172b6dc3c,evolve,C,MAJ,0,,,,0,"ne arrival into each decision (W-J E2). It matters only where aggregation pays (lossless E6: one SUM count-code). - **LEAK / shortcut.** - Several readouts overwrite S0 every wake (M2: S0 := IN_c'; 4781b0a1: S0 := IN0_1 - 3). - The readout is then a sampler of the last wake window. Nothing is retained at the readout, and any in-flight arrival in that window decides the answer. - **RULER.** - S0 == 0"
roles/Ananke/research/harvest/H-SCI/REPORT.md,170,4781b0a1,4781b0a172b6dc3c,evolve,C,MAJ,0,,champion,178,0,"nomographic; W-J). - **RULER.** The C1 INTEGRATION label (lo99 > .70) misses noisy aggregation (F5). ""No integration beyond one sensor reproduced"" rests on that threshold. - The fresh replicates of 4781b0a1 (.636, .520) were never tested for aggregation. - **+CTRL.** - W-V's MAJORITY positive control is a lossless, deterministic plant with fixed delays of 7/9/11. - The champion runs with loss .1 and"
roles/Ananke/research/harvest/H-SCI/REPORT.md,196,311c465f,311c465fd5a624cb,evolve,A,HOLD,0,,,,0,"s a delay line indistinguishable from memory at the trained gap. - M2's accuracy is at chance for gap >= 12 (W-A). The delay-line reading is correct; the ""memory"" wording is not. - **Unexplained.** 311c465f falls from .76 to .55 when distractors are removed (W-B). That is not a HOLD mechanism in any declared sense. ### 1.9 Assay and ruler (lens, lens_swap, swap_rel) - **RULER.** - The absolute swap"
roles/Ananke/research/harvest/H-SCI/REPORT.md,214,4781b0a1,4781b0a172b6dc3c,evolve,C,MAJ,0,,,,0,"tic / hetero / DEGEN). Heavier-skew nulls are untested (swap_rel docstring). - **IMPL.** - site_all swaps the site arrays of EVERY site, not the readout's. - The ""S"" in W-P's JOINT-2(S, Msum) for 4781b0a1 is therefore the sensors' S1: W-V shows the readout's own S1 is never mirror-different. - ""Site"" and ""channel"" are global partitions, not places. ### 1.10 Scientific conclusion - The evidence res"
roles/Ananke/research/harvest/H-SCI/REPORT.md,231,bbef66a1,bbef66a1ee9558ac,evolve,B,RELAY,0,,,,0,"500 without comm) | C1_REPORT s1, s3 M1; C1R s7-8 | One-hop broadcast plus a latch at ONE physics point (F1, F3). Comm-dependence is forced (F2). Size-free follows from locality. The only scaled law, bbef66a1, FAILED fresh-seed reproduction (reps .572 / .506; C1R s7), while the reproduced cells were never scaled; ""laws"" is one law. | No. zero_comm, max_loss and shuffle_dest are forced. topology->random ch"
roles/Ananke/research/harvest/H-SCI/REPORT.md,233,613162a3,613162a306938de7,evolve,C,MAJ,0,,,,0,"ation beyond one sensor reproduced"" (M4 not reproduced; M3 = MAJ at .69) | C1_REPORT s1, s3 | The ruler (lo99 > .70) is insensitive. Majority agreement exceeds every single-sensor agreement in M3 x2, 613162a3 and 4781b0a1 (F5). | No. The threshold cannot see noisy aggregation. | WEAKENED | Single-sensor cue-twin census (flip only sensor j's input) on M3 and on 4781b0a1's fresh replicates (.636, .520). Int"
roles/Ananke/research/harvest/H-SCI/REPORT.md,233,4781b0a1,4781b0a172b6dc3c,evolve,C,MAJ,0,,,,0,"one sensor reproduced"" (M4 not reproduced; M3 = MAJ at .69) | C1_REPORT s1, s3 | The ruler (lo99 > .70) is insensitive. Majority agreement exceeds every single-sensor agreement in M3 x2, 613162a3 and 4781b0a1 (F5). | No. The threshold cannot see noisy aggregation. | WEAKENED | Single-sensor cue-twin census (flip only sensor j's input) on M3 and on 4781b0a1's fresh replicates (.636, .520). Integration iff"
roles/Ananke/research/harvest/H-SCI/REPORT.md,233,4781b0a1,4781b0a172b6dc3c,evolve,C,MAJ,0,,,,0,"ry single-sensor agreement in M3 x2, 613162a3 and 4781b0a1 (F5). | No. The threshold cannot see noisy aggregation. | WEAKENED | Single-sensor cue-twin census (flip only sensor j's input) on M3 and on 4781b0a1's fresh replicates (.636, .520). Integration iff >= 2 sensors each move the readout. | | 4 | M3 = transport landing on the readout tick; SETRULE is a one-time bootstrap from the zero-register default"
roles/Ananke/research/harvest/H-SCI/REPORT.md,242,4781b0a1,4781b0a172b6dc3c,evolve,C,MAJ,0,,,,0,chanism evidence (already partly corrected by Harmonia). | None needed. Re-express the numbers by group and by cause (rule-unattainable / o0 / identity-broken / phase-pooled / jitter). | | 12a | W-P: 4781b0a1's N is a clean JOINT-2 AND/OR of site latch S1 and payload-1 in flight | W-P | The cell is a rectified count-threshold presence code. Sensor latches (S1 := 256*(S1 + SENSE > CNT0)) re-emit PAY1 = MAX
roles/Ananke/research/harvest/H-SCI/REPORT.md,244,78f3b0ec,78f3b0eccd44b1ed,evolve,B2,RELAY,0,,,,0,"failure suggests CIs are anti-conservative) | Trial-level resampling for stratum CIs. | | 12c | W-S: the mixed phase is one jitter draw on the source's first broadcast; W-T: it does not reach MAJ or 78f3b0ec | W-S, W-T | — | Yes: post-hoc P8 confirmed at 0x632, plus a plant known-answer test and a must-fail plant. | SUPPORTED, scoped to 3 RELAY cells. | — | | 12d | W-V: DISTRIBUTED-NONMAJ, not a majority"
roles/Ananke/research/harvest/H-SCI/REPORT.md,254,613162a3,613162a306938de7,evolve,C,MAJ,0,,,,0,"leteness; the ""gold standard"" framing is inflated | — | --------------------------------------------------------------------- ## 3. STRANGE OBSERVATIONS (normalized away or never followed up) 1. **613162a3 (MAJ, global).** - shuffle_dest scores .72, ABOVE normal .688. On global topology, shuffle_dest is almost the same as normal random routing, so this control cannot falsify anything there. - The"
roles/Ananke/research/harvest/H-SCI/REPORT.md,258,bbef66a1,bbef66a1ee9558ac,evolve,B,RELAY,0,,,,0,"se (C1R s7). - This is a whole-network chaotic state that still scores ~.69-.72. It aggregates several sensors (F5), and nobody studied it. 2. **The C1 ""size-free"" law is the non-reproduced one.** bbef66a1 (reps .572/.506) is the only RELAY law in wave E. The ""reproduced"" RELAY cells were never scaled. 3. **zero_comm is exactly .500 in 100% of RELAY/MAJ/XOR rows** (F2). The C1 package reports it as evi"
roles/Ananke/research/harvest/H-SCI/REPORT.md,264,4ab2ba01,4ab2ba014aac967e,evolve,C,HOLD,0,,champion,19,0,"different mechanism class. Either the outcome is extremely seed-contingent, or W-L's monkeypatched builder is not equivalent to envs HOLD. Neither was checked. 5. **The echo physics is not ""HOLD"".** 4ab2ba01 is a HOLD champion with zero_comm .5 (comm_delta .38; ROWS): a HOLD solver that cannot hold without the channel, although a 4-instruction latch scores 1.0 there. 6. **One-sided readouts are common.**"
roles/Ananke/research/harvest/H-SCI/REPORT.md,265,95649e2c,95649e2c29e72d45,evolve,B,RELAY,0,,champion,193,0,"a HOLD champion with zero_comm .5 (comm_delta .38; ROWS): a HOLD solver that cannot hold without the channel, although a 4-instruction latch scores 1.0 there. 6. **One-sided readouts are common.** In 95649e2c, all competence is on + trials (−trials .49, S0 >= 0). 4781b0a1 is RECTIFIED. The sens_act bonus pays such codes (F4); nobody connected the two. 7. **311c465f needs its distractors** (.76 -> .55 with"
roles/Ananke/research/harvest/H-SCI/REPORT.md,265,4781b0a1,4781b0a172b6dc3c,evolve,C,MAJ,0,,,,0,"solver that cannot hold without the channel, although a 4-instruction latch scores 1.0 there. 6. **One-sided readouts are common.** In 95649e2c, all competence is on + trials (−trials .49, S0 >= 0). 4781b0a1 is RECTIFIED. The sens_act bonus pays such codes (F4); nobody connected the two. 7. **311c465f needs its distractors** (.76 -> .55 without; W-B). It has been unexplained since arc 2. 8. **W-V vs W-Y."
roles/Ananke/research/harvest/H-SCI/REPORT.md,266,311c465f,311c465fd5a624cb,evolve,A,HOLD,0,,,,0,"6. **One-sided readouts are common.** In 95649e2c, all competence is on + trials (−trials .49, S0 >= 0). 4781b0a1 is RECTIFIED. The sens_act bonus pays such codes (F4); nobody connected the two. 7. **311c465f needs its distractors** (.76 -> .55 without; W-B). It has been unexplained since arc 2. 8. **W-V vs W-Y.** W-V attributed half the readout bit to ""readout Kp differs 78-98%"". W-Y shows that differenc"
roles/Ananke/research/harvest/H-SCI/REPORT.md,269,4781b0a1,4781b0a172b6dc3c,evolve,C,MAJ,0,,,,0,"a principle. 9. **""Site"" means every site.** W-P's JOINT-2 ""S1"" is not the readout's S1, which is never mirror-different (W-V). The site/channel partition is global. 10. **Early traffic is ignored.** 4781b0a1 at o2-o8: swapping ALL readout-bound traffic leaves raw S0 bit-identical (W-V), although 80-95% of that traffic is mirror-different. The readout ignores everything before its last wake window, so the"
roles/Ananke/research/harvest/H-SCI/REPORT.md,275,613162a3,613162a306938de7,evolve,C,MAJ,0,,,,0,"et balancing and the MAJ centroid (1.1), and no oracle covers envs.py. 14. **Recorded dials can differ from the physics.** For global cells, `levels.dest_mode` = 'all' while the physics ran 'sample' (613162a3). 15. **The M3 cells aggregate but sit at the single-sensor ceiling** (F5). Why multi-sensor aggregation gains nothing at loss .3, dup .1, noise 64 and async .8 was never asked. 16. **An r-swap canno"
roles/Ananke/research/harvest/INFERENCE_HARVEST_HANDOFF.md,21,4781b0a1,4781b0a172b6dc3c,evolve,C,MAJ,0,,search,199,0,"search fitness shaping pays one-sided (rectified) codes** (acc .75 plus the full contrast bonus). It is a plausible common cause of the presence, rectified and integrator patterns. Untested. 4. **4781b0a1's ""joint carrier"" and ""not a majority"" readings do not survive plant controls.** A count threshold with no joint logic reproduces the truth tables and phase effects, and a lossy true majority r"
roles/Ananke/research/harvest/INFERENCE_HARVEST_HANDOFF.md,37,4781b0a1,4781b0a172b6dc3c,evolve,C,MAJ,0,,champion|search,69,0,"ice-bound / size-free laws; only ONE law was scaled, and it is unreproduced); - ""no integration beyond one sensor""; - H6 (""search, not physics""); - the relative swap as a CARRIER ruler; - 4781b0a1 joint carrier / not-a-majority. - UNSUPPORTED as stated: - ""no retention regime"" beyond the 16 champions; - ""84% stay CHANCE"" as mechanism evidence. - KILLED: - C1 MAJ/XOR REACH_BEYOND_HOP labe"
roles/Ananke/research/harvest/INFERENCE_HARVEST_HANDOFF.md,72,4781b0a1,4781b0a172b6dc3c,evolve,C,MAJ,0,,search,48,0,"rrelated mirror trials (H16); - DESIGN s7 drift from envs.py without annotation. ## 4. Unresolved ambiguities - XOR/FLIP/multi-hop NULLs: physics or search? Undecidable: no plant at any physics. - 4781b0a1: why is its pivotality (.10-.12) below both a lossy majority (.38-.44) and a count threshold (.30)? - Whether the fitness shaping term, not the task, selects rectified and integrator codes. - Seed"
roles/Ananke/research/harvest/INFERENCE_HARVEST_HANDOFF.md,85,4781b0a1,4781b0a172b6dc3c,evolve,C,MAJ,0,,champion|search,51,0,"one-hop champions as a must-fail. 3. **ANANKE-14 shaping A/B.** The same search with w_contrast = 0 vs 0.10, on RELAY at the d9cc point: measure the share of rectified codes and accuracy. 4. **4781b0a1 residue.** A count-threshold plant at the CHAMPION's latencies and rectification. Does D_piv fall to ~.1? 5. **Lag-profile primitive** (twin-difference rate by cue lag) for integrator vs store. -"
roles/Ananke/research/harvest/INFERENCE_HARVEST_HANDOFF.md,105,613162a3,613162a306938de7,evolve,C,MAJ,0,,search,175,0,"n: diff_trace (exact difference cone with a closure invariant), reach_certificate, ProvenanceWorld (per-emission, flight+inbox tags). ## 7. Genuinely strange observations (do not normalize away) - 613162a3 (MAJ, global): shuffle_dest .72 > normal .688, and a whole-network chaotic divergence (div_frac .98-1.00) that still scores ~.7. Unstudied. - At the M2 physics, HOLD search gave 3/3 in-flight echoe"
roles/Ananke/research/harvest/INFERENCE_HARVEST_HANDOFF.md,109,4ab2ba01,4ab2ba014aac967e,evolve,C,HOLD,0,,champion|search,19,0,"hysics, HOLD search gave 3/3 in-flight echoes (C1b), but W-L's n=0 HOLD control gave a local integrator. Same physics and GA, different mechanism class. The builder equivalence was never checked. - 4ab2ba01 is a HOLD champion that needs the channel (zero_comm .5), although a 4-line latch scores 1.0 there. - 311c465f needs its distractors (.76 -> .55 without). - 4781b0a1's pivotality is below every tes"
roles/Ananke/research/harvest/INFERENCE_HARVEST_HANDOFF.md,111,311c465f,311c465fd5a624cb,evolve,A,HOLD,0,,champion,94,0,"hysics and GA, different mechanism class. The builder equivalence was never checked. - 4ab2ba01 is a HOLD champion that needs the channel (zero_comm .5), although a 4-line latch scores 1.0 there. - 311c465f needs its distractors (.76 -> .55 without). - 4781b0a1's pivotality is below every tested plant (item 4.2). - The C1 ""size-free"" law is the one that failed reproduction. ## 8. Addendum 2026-10-01: H"
roles/Ananke/research/harvest/INFERENCE_HARVEST_HANDOFF.md,112,4781b0a1,4781b0a172b6dc3c,evolve,C,MAJ,0,,champion,149,0,"quivalence was never checked. - 4ab2ba01 is a HOLD champion that needs the channel (zero_comm .5), although a 4-line latch scores 1.0 there. - 311c465f needs its distractors (.76 -> .55 without). - 4781b0a1's pivotality is below every tested plant (item 4.2). - The C1 ""size-free"" law is the one that failed reproduction. ## 8. Addendum 2026-10-01: H-PLANT (plan 01234c0ad; report H-PLANT/REPORT.md; princ"
roles/Ananke/research/harvest/INFERENCE_HARVEST_HANDOFF.md,117,6f82f9c7,6f82f9c7d51bcef1,evolve,C,FLIP,0,,held|search,15,1,"md; principal review H-PLANT/PRINCIPAL_REVIEW.md) Item 5.1 and part of 5.2 were run. These results update s4's ""XOR/FLIP/multi-hop: undecidable"": - **FLIP @ d9cc: search-limited** (one searched cell, 6f82f9c7; ef77ef2e, cited by H-PLANT, is a TRANSFER, W2-G F4). A 16-line plant scores .97-.98 (replicated on disjoint seeds) where C1's evolve cell 6f82f9c7 held .479. This is the first direct H6 evidence,"
roles/Ananke/research/harvest/INFERENCE_HARVEST_HANDOFF.md,118,6f82f9c7,6f82f9c7d51bcef1,evolve,C,FLIP,0,,held|search,5,1,"FLIP @ d9cc: search-limited** (one searched cell, 6f82f9c7; ef77ef2e, cited by H-PLANT, is a TRANSFER, W2-G F4). A 16-line plant scores .97-.98 (replicated on disjoint seeds) where C1's evolve cell 6f82f9c7 held .479. This is the first direct H6 evidence, for one cell. - **XOR @ d9cc: physics-limited.** The light-cone bound caps any program at .574. XOR is reachable elsewhere in the C1 census (aa2b8d6"
roles/Ananke/research/harvest/PTE_CAUSAL_AUDIT_2026-09-30.md,33,86fc0105,86fc01052c666646,evolve,A,RELAY,0,,,,0,"d of integrators where they do not pay. Untested (ANANKE-14). 4. **Most mechanism claims come from ONE physics point** (ring 144, r3, fanout 8, sync period 2, ...), descended from one census cell, 86fc0105 (H-SCI F3). That covers the W-I panel, W-L, W-S/W-T, 4781b0a1 and the M2 echo. 5. **Two C1 labels and one C1 sentence are wrong or uninterpretable** (H-IMPL H1, H2, H5; now in C1_ERRATA): -"
roles/Ananke/research/harvest/PTE_CAUSAL_AUDIT_2026-09-30.md,34,4781b0a1,4781b0a172b6dc3c,evolve,C,MAJ,0,,,,0,"**Most mechanism claims come from ONE physics point** (ring 144, r3, fanout 8, sync period 2, ...), descended from one census cell, 86fc0105 (H-SCI F3). That covers the W-I panel, W-L, W-S/W-T, 4781b0a1 and the M2 echo. 5. **Two C1 labels and one C1 sentence are wrong or uninterpretable** (H-IMPL H1, H2, H5; now in C1_ERRATA): - MAJ/XOR REACH_BEYOND_HOP is measured from sensor 0 only; a silent"
roles/Ananke/research/harvest/PTE_CAUSAL_AUDIT_2026-09-30.md,40,bbef66a1,bbef66a1ee9558ac,evolve,B,RELAY,0,,NULL,195,0,"OP is measured from sensor 0 only; a silent program scores 1.0. [patched, additive] - On global topology the label cannot fire at all. - ""Frozen RELAY laws ... size-free"" rests on ONE law, bbef66a1, which failed fresh-seed reproduction. ## 1. Chain audit (boundary by boundary) | boundary | can the phenomenon reach it? | hidden equivalence / leakage / shortcut | ruler adequacy | NULL from"
roles/Ananke/research/harvest/PTE_CAUSAL_AUDIT_2026-09-30.md,51,4781b0a1,4781b0a172b6dc3c,evolve,C,MAJ,0,,,,0,", and it is near-definitional for a relay. | -- | | receiver semantics | The operator is behaviourally irrelevant at C1 physics (29/32 one-arrival codes; W-J). | Readouts overwrite S0 every wake (M2; 4781b0a1: S0 := IN0_1 - 3; readout Kp[7] = 0 everywhere, W-Y), so the readout samples its last wake window. | S0 == 0 scores .5, and with 0.3 that rewards rectification. Clock parity changes the class (W-R)."
roles/Ananke/research/harvest/PTE_CAUSAL_AUDIT_2026-09-30.md,71,4781b0a1,4781b0a172b6dc3c,evolve,C,MAJ,0,,,,0,"swap; FC under modelled nulls; inert H2 floor | | ""84% of CHANCE stay CHANCE"" | SUPPORTED as a count; UNSUPPORTED as mechanism evidence | structural causes (normal < .62, o <= 0, identity-broken) | | 4781b0a1 ""joint carrier"" (W-P) | WEAKENED (H-CHK C1: PARTIAL) | a count-threshold plant with NO joint logic reproduces JOINT-2 AND/OR, the (inbox, Msum) pair and the o14-15 phase split | | 4781b0a1 ""not a maj"
roles/Ananke/research/harvest/PTE_CAUSAL_AUDIT_2026-09-30.md,72,4781b0a1,4781b0a172b6dc3c,evolve,C,MAJ,0,,,,0,"roken) | | 4781b0a1 ""joint carrier"" (W-P) | WEAKENED (H-CHK C1: PARTIAL) | a count-threshold plant with NO joint logic reproduces JOINT-2 AND/OR, the (inbox, Msum) pair and the o14-15 phase split | | 4781b0a1 ""not a majority"" (W-V) | WEAKENED (H-CHK C2: PARTIAL) | the W-V classifier calls a lossy TRUE majority DISTRIBUTED-NONMAJ (D_piv .38-.44 vs 1.00 lossless), so the label is no evidence against a noisy"
roles/Ananke/research/harvest/PTE_CAUSAL_AUDIT_2026-09-30.md,114,4781b0a1,4781b0a172b6dc3c,evolve,C,MAJ,0,,champion,82,0,"nce against a noisy majority. - UNEXPLAINED (do not normalize away): the champion's D_piv (.10-.12) is LOWER than both plants' (.30, .38-.44). Loss plus a count threshold does not fully account for 4781b0a1. Candidates: rectification strength, the longer effective latency (the champion's readout-bound traffic only acts from o10), or sensor-to-sensor relaying. - C3 NOT CONFIRMED, and the proposed dis"
roles/Ananke/research/harvest/PTE_INSTRUMENT_GAPS_AND_UPGRADES.md,21,4781b0a1,4781b0a172b6dc3c,evolve,C,MAJ,0,,,,0,"h table, edge-direction profile plus a reflection hook, Kp lineage via taint, ITI reach). None of these is urgent until a task needs them. | | 10 | clock phase and seed marginality | 15/16 offsets of 4781b0a1 change class under a phase split (W-R); AUDIT3 consistency 92.7% (W-Z). | phase_keys as a required census key (B3); a margin-based replication gate (B4). | ## 2. Principal positions where the worker"
roles/Ananke/research/harvest/PTE_INSTRUMENT_GAPS_AND_UPGRADES.md,26,4781b0a1,4781b0a172b6dc3c,evolve,C,MAJ,0,,champion,26,0,"* Adopt the certificate for NEW work. Keep the plant half of verify_reach for ""could this hook code act at all"" (W-K). Do not retro-edit C1b. - **diff_trace cost on dense champions** is unmeasured (4781b0a1). The first use of the promoted module should be one timing run at M = 32 before anyone plans with it. - **H-SCI 12a (4781b0a1's ""joint carrier"" may be a noisy count threshold).** I agree it is unt"
roles/Ananke/research/harvest/PTE_INSTRUMENT_GAPS_AND_UPGRADES.md,28,4781b0a1,4781b0a172b6dc3c,evolve,C,MAJ,0,,champion,155,0,"etro-edit C1b. - **diff_trace cost on dense champions** is unmeasured (4781b0a1). The first use of the promoted module should be one timing run at M = 32 before anyone plans with it. - **H-SCI 12a (4781b0a1's ""joint carrier"" may be a noisy count threshold).** I agree it is untested, and it is the cheapest decisive check left on that cell: run a sum-threshold plant through W-P's truth table and W-V's"
roles/Ananke/research/harvest/wave2/INFERENCE_LEDGER.md,110,884a64df,884a64df866756b0,evolve,A,RELAY,0,,,,0,"e right unit. pair_ci (percentile) undercovers at P=32: lower-tail miss .7-1.2% at p <= .8, and 3-9% at high heterogeneous p (nominal .5%). BOOTT is near nominal. - 2 SIGNAL calls flip under BOOTT (884a64df, 8ccf6c72) and 3 under t. No prediction flips. - BH q=.01 keeps 210/216 SIGNAL calls; Holm .01 keeps 185. - H16: the swap_rel floor is on the SE scale and never binds (>= 2.4x margin), which is why H"
roles/Ananke/research/harvest/wave2/INFERENCE_LEDGER.md,110,8ccf6c72,8ccf6c723ec57b3d,evolve,B,MAJ,0,,,,0,"it. pair_ci (percentile) undercovers at P=32: lower-tail miss .7-1.2% at p <= .8, and 3-9% at high heterogeneous p (nominal .5%). BOOTT is near nominal. - 2 SIGNAL calls flip under BOOTT (884a64df, 8ccf6c72) and 3 under t. No prediction flips. - BH q=.01 keeps 210/216 SIGNAL calls; Holm .01 keeps 185. - H16: the swap_rel floor is on the SE scale and never binds (>= 2.4x margin), which is why H2 == REL3."
roles/Ananke/research/harvest/wave2/INFERENCE_LEDGER.md,118,613162a3,613162a306938de7,evolve,C,MAJ,0,,search,89,0,"mirror structure. - AUDIT3 excess: 12.3 expected vs 22, cluster z ~1.7; 0/227 disagreements at >= 3 SE. - The search seed is the true unit for physics-level claims: D replicates drop .857 -> .706. - 613162a3 CAUSAL_SUPPORT is fragile (keep .88). - C4 S2: a universal law false-fails 21-31% (my interim said ~40%). Carry this into the C4 FINAL as a calibration of finding A4; W2-H read no C4 reviews or dat"
roles/Ananke/research/harvest/wave2/P-1/H6_ADVERSARIAL.md,13,6f82f9c7,6f82f9c7d51bcef1,evolve,C,FLIP,0,,held|search,5,0,"ulti-hop. ## 1. Strongest explanation (A): the NULLs are search-limited - FLIP @ d9cc: a 16-line plant inside C1's own genome space scores .97-.98 (replicated on disjoint seeds). The searched cell 6f82f9c7 held .479; its final generation peaked at max_acc .578, contrast .25. - Multi-hop RELAY @ d9cc: relay_flood scores .97-.98 at d5. - A1: multi-hop RELAY 1/26 vs one-hop 3/18. Rarer, consistent with a"
roles/Ananke/research/harvest/wave2/W2-A2/REPORT.md,123,62a7fff9,62a7fff921ca3bd8,evolve,B,RELAY,0,,champion|held,38,0,"-evaluate the promoted champions on fresh 0x7F7F worlds: mean held change -.005 (median -.003). - 12 D adjudications (""normal"" on 0xD0D0) against source held: mean -.006. The largest single change is 62a7fff9, .850 to .783. - So promotion by held lo99 does not materially inflate the reported held accuracies. - Script: checks/c1_winners_curse.py. **F3 [V] MAJ ""d"" does not mean distance d on ring or torus,"
roles/Ananke/research/harvest/wave2/W2-A2/REPORT.md,134,4781b0a1,4781b0a172b6dc3c,evolve,C,MAJ,0,,held,20,1,"Every MAJ ring row has 3 of its 5 sensors off d (checks/c6_realized_distance.py). - Global topology aliases every d to 1 (already known). - All 19 MAJ SIGNAL rows, including the M4 ""integration"" cell 4781b0a1 (ring, r3, d3, held .789), have every sensor within one hop (checks/c6b). - Over all evolve rows (checks/c6c): - MAJ: 0/55 SIGNAL where placement forces multi-hop; 19/106 where it does not. - REL"
roles/Ananke/research/harvest/wave2/W2-A2/REPORT.md,178,4ab2ba01,4ab2ba014aac967e,evolve,C,HOLD,0,,champion,133,0,"**F8 [V] c1b_run drops the specimen's eligibility for fresh-seed champions. Confidence high.** - The eligibility lookup uses the key ""<cell>:fresh<k>"" (c1b_run.py:252), which never exists. - As run, 4ab2ba01's fresh1/2/3 were labelled DELAY_LINE_SPECIMEN / IN_FLIGHT_UNDECODED without _UNRESOLVED, at a physics where Z is NOT_ELIGIBLE. - The recorded C1B_SUMMARY is already corrected post hoc (build_summary"
roles/Ananke/research/harvest/wave2/W2-A2/REPORT.md,193,05fea1b5,05fea1b55336dedf,evolve,A,FLIP,0,,champion|held,19,0,"ics are exact. Confidence high.** - 22/24 champion twins replay bit-for-bit on CPU at HEAD. - In the other 2, div_frac_readout and div_frac_next differ by about 3e-8. This is float32 reduction order (05fea1b5, 062b2018). - Held accuracy replays exactly (checks/c11_replay_diff.py). - The ""no tolerance, any mismatch is a DEFECT"" rule (PREREG s1) holds for the integer dynamics but not for derived float32 tel"
roles/Ananke/research/harvest/wave2/W2-A2/REPORT.md,193,062b2018,062b201823092cd4,evolve,A,XOR,0,,champion|held,9,0,"act. Confidence high.** - 22/24 champion twins replay bit-for-bit on CPU at HEAD. - In the other 2, div_frac_readout and div_frac_next differ by about 3e-8. This is float32 reduction order (05fea1b5, 062b2018). - Held accuracy replays exactly (checks/c11_replay_diff.py). - The ""no tolerance, any mismatch is a DEFECT"" rule (PREREG s1) holds for the integer dynamics but not for derived float32 telemetry. A"
roles/Ananke/research/harvest/wave2/W2-A2/REPORT.md,266,4781b0a1,4781b0a172b6dc3c,evolve,C,MAJ,0,,search,25,1,"ll rise? This decides bonus versus variance-seeking for F1, and needs an authorized bounded search. 2. MAJ with a geometry guard (all 5 sensors at true distance d, or the DESIGN centroid rule) at the 4781b0a1 physics: does any search reach SIGNAL when at least one sensor needs 2 hops? This is the first real test of MAJ ""integration beyond one hop"". 3. Re-score H-PLANT's H6 split on evolve rows only. For t"
roles/Ananke/research/harvest/wave2/W2-D/PLAN_b_seeded.md,1,6f82f9c7,6f82f9c7d51bcef1,evolve,C,FLIP,0,,,,0,"# W2-D test (b) plan: plant-seeded C1 GA at 6f82f9c7 (written BEFORE the run) Written 2026-10-01 after tests (a) and (c) and before any seeded GA run. Design - Cell 6f82f9c7d51bcef1 (FLIP d3 at d9cc), its own SearchSpec (pop 96, M 8, elite 4, trunc ."
roles/Ananke/research/harvest/wave2/W2-D/PLAN_b_seeded.md,6,6f82f9c7d51bcef1,6f82f9c7d51bcef1,evolve,C,FLIP,0,,,,0,"# W2-D test (b) plan: plant-seeded C1 GA at 6f82f9c7 (written BEFORE the run) Written 2026-10-01 after tests (a) and (c) and before any seeded GA run. Design - Cell 6f82f9c7d51bcef1 (FLIP d3 at d9cc), its own SearchSpec (pop 96, M 8, elite 4, trunc .25, p_field .04, p_instr .15, p_swap .10, p_cross .30, M_final 16, M_held 64, w_contrast .10, w_any .02), CPU, 2 threads. - Loop"
roles/Ananke/research/harvest/wave2/W2-G/REPORT.md,43,bbef66a1,bbef66a1ee9558ac,evolve,B,RELAY,0,,,,0,"same frozen laws on the same random graph at d=1, scored over 32 fresh mirror pairs (`check_random_transplant_d1.py`): | Cell | random d=1 (lo99) | native ring d=1 | native d=3 | |---|---|---|---| | bbef66a1 | .831 (.758) | .887 | .895 | | 31cd2a8a | .809 (.747) | .671 | .888 | | 62a7fff9 | .598 (.573) | .591 | .845 | | c16d5231 | .854 (.811) | .844 | .844 | - The native d=3 values reproduce the recor"
roles/Ananke/research/harvest/wave2/W2-G/REPORT.md,44,31cd2a8a,31cd2a8a9b572a50,evolve,B2,RELAY,0,,held,167,0,"at d=1, scored over 32 fresh mirror pairs (`check_random_transplant_d1.py`): | Cell | random d=1 (lo99) | native ring d=1 | native d=3 | |---|---|---|---| | bbef66a1 | .831 (.758) | .887 | .895 | | 31cd2a8a | .809 (.747) | .671 | .888 | | 62a7fff9 | .598 (.573) | .591 | .845 | | c16d5231 | .854 (.811) | .844 | .844 | - The native d=3 values reproduce the recorded held accuracy (.837-.883), which vali"
roles/Ananke/research/harvest/wave2/W2-G/REPORT.md,45,62a7fff9,62a7fff921ca3bd8,evolve,B,RELAY,0,,held,126,0,"s (`check_random_transplant_d1.py`): | Cell | random d=1 (lo99) | native ring d=1 | native d=3 | |---|---|---|---| | bbef66a1 | .831 (.758) | .887 | .895 | | 31cd2a8a | .809 (.747) | .671 | .888 | | 62a7fff9 | .598 (.573) | .591 | .845 | | c16d5231 | .854 (.811) | .844 | .844 | - The native d=3 values reproduce the recorded held accuracy (.837-.883), which validates the evaluation path. - All four law"
roles/Ananke/research/harvest/wave2/W2-G/REPORT.md,46,c16d5231,c16d52319beb8bce,evolve,B2,RELAY,0,,held,85,0,"ell | random d=1 (lo99) | native ring d=1 | native d=3 | |---|---|---|---| | bbef66a1 | .831 (.758) | .887 | .895 | | 31cd2a8a | .809 (.747) | .671 | .888 | | 62a7fff9 | .598 (.573) | .591 | .845 | | c16d5231 | .854 (.811) | .844 | .844 | - The native d=3 values reproduce the recorded held accuracy (.837-.883), which validates the evaluation path. - All four laws stay at SIGNAL level on the random grap"
roles/Ananke/research/harvest/wave2/W2-G/REPORT.md,61,bbef66a1,bbef66a1ee9558ac,evolve,B,RELAY,0,,,,0,"s12 (""topology no""); - PTE_ENGINE_CARD (""they are topology-bound""). ### F2 [V] The ""size-free laws"" claim rests on one law, and that law did not reproduce Confidence: high. - Wave E scaled only bbef66a1. Its source N was 144, not ""100-ish"". Its fresh-seed replicates were .572 and .506; neither is SIGNAL. - At fixed d=3 on a radius-3 ring the task stays one hop at every N, so size independence is exp"
roles/Ananke/research/harvest/wave2/W2-G/REPORT.md,85,bbef66a1,bbef66a1ee9558ac,evolve,B,RELAY,0,,NULL|held|search,73,0,"1. **fac4aaa2:** a transfer, already known. - H-PLANT REPORT L59 and PLAN L120 still say ""C1 RELAY NULL cell ... C1 search held .5"". - The handoff s8 is correct. 2. **ef77ef2e:** a C transfer (bbef66a1 -> FLIP, .507). - H-PLANT REPORT L50 cites it as a second d9cc ""FLIP NULL"" supporting ""search, not physics"". - The principal review did not re-check it. 3. **1b26026f:** a C transfer (bbef66a1"
roles/Ananke/research/harvest/wave2/W2-G/REPORT.md,88,bbef66a1,bbef66a1ee9558ac,evolve,B,RELAY,0,,NULL|search,66,1,"(bbef66a1 -> FLIP, .507). - H-PLANT REPORT L50 cites it as a second d9cc ""FLIP NULL"" supporting ""search, not physics"". - The principal review did not re-check it. 3. **1b26026f:** a C transfer (bbef66a1 -> XOR, .505). - REPORT L29 calls it a cell ""where C1 searched"" XOR at d9cc. Only d64656f2 (an evolve row, .487) was searched there. Related findings: - **f7e62fe3** is the D-wave adjudicate row"
roles/Ananke/research/harvest/wave2/W2-G/REPORT.md,89,d64656f2,d64656f26736d37c,evolve,C,XOR,0,,evolved|search,28,1,"ting ""search, not physics"". - The principal review did not re-check it. 3. **1b26026f:** a C transfer (bbef66a1 -> XOR, .505). - REPORT L29 calls it a cell ""where C1 searched"" XOR at d9cc. Only d64656f2 (an evolve row, .487) was searched there. Related findings: - **f7e62fe3** is the D-wave adjudicate row of RELAY 62a7fff9, not an evolved cell. It is a naming and provenance hole across ARC2, ARC3_P"
roles/Ananke/research/harvest/wave2/W2-G/REPORT.md,92,62a7fff9,62a7fff921ca3bd8,evolve,B,RELAY,0,,evolved|search,16,1,".505). - REPORT L29 calls it a cell ""where C1 searched"" XOR at d9cc. Only d64656f2 (an evolve row, .487) was searched there. Related findings: - **f7e62fe3** is the D-wave adjudicate row of RELAY 62a7fff9, not an evolved cell. It is a naming and provenance hole across ARC2, ARC3_PRIORITIES, BACKLOG_V2 and W-E/W-G: one genome carries two ids. - From sub_arc3 [V/I]: - ARC3 s1 and the T-REACH-GAP backl"
roles/Ananke/research/harvest/wave2/W2-G/REPORT.md,104,925caa3a,925caa3a48964717,evolve,A,RELAY,0,,,,1,"interpretation. - **Counts reproduce:** - RELAY: 35 ring/torus d<=r, 4 global, 9 smallworld d=1. Smallworld d is BFS hops on a radius-1 torus base, so d=1 is one hop. - The 2 multi-hop cells are 925caa3a (lo99 .556) and 882525a9 (lo99 .564). - MAJ: 18 one-hop plus 1 global. - **Denominator problems:** - The 50 ""cells"" are 50 SIGNAL evolve rows but only 17 distinct physics x task conditions (14 di"
roles/Ananke/research/harvest/wave2/W2-G/REPORT.md,104,882525a9,882525a9d4a3d073,evolve,B,RELAY,0,,,,1,"ts reproduce:** - RELAY: 35 ring/torus d<=r, 4 global, 9 smallworld d=1. Smallworld d is BFS hops on a radius-1 torus base, so d=1 is one hop. - The 2 multi-hop cells are 925caa3a (lo99 .556) and 882525a9 (lo99 .564). - MAJ: 18 one-hop plus 1 global. - **Denominator problems:** - The 50 ""cells"" are 50 SIGNAL evolve rows but only 17 distinct physics x task conditions (14 distinct physics). - 27 r"
roles/Ananke/research/harvest/wave2/W2-G/REPORT.md,108,86fc0105,86fc01052c666646,evolve,A,RELAY,0,,search,41,1,"ells"" are 50 SIGNAL evolve rows but only 17 distinct physics x task conditions (14 distinct physics). - 27 rows sit at the one d9cc point, 6 are D replicate searches, and 32/50 descend from A1 cell 86fc0105. - Follow-up waves sampled almost only one-hop tasks: 111 of 196 RELAY evolve rows are one-hop, and only 4 multi-hop rows were run after A1. - **The unbiased A1 census:** - RELAY SIGNAL in 3/18 o"
roles/Ananke/research/harvest/wave2/W2-G/REPORT.md,151,613162a3,613162a306938de7,evolve,C,MAJ,0,,,,0,"ysis_a0.py, c1_posthoc, the PREREG, or nowhere. - **Throughput ""11-21M"":** my estimate gives a median of 11.5M, IQR 9-15.7M. The definition is not recorded. - **Packet's promoted-D table:** omits MAJ 613162a3 (CAUSAL_SUPPORT, not reproduced). In fact 10 of 12 D cells are CAUSAL_SUPPORT. - **report.py vs my derivation:** every table reproduces. Issues that affect interpretation but are not numeric errors:"
roles/Ananke/research/harvest/wave2/W2-G/REPORT.md,205,bbef66a1,bbef66a1ee9558ac,evolve,B,RELAY,0,,,,0,"At d = 1 on the same random graph all four laws stay above chance (lo99 .57-.81; W2-G post hoc). The collapse measures hop count, not lattice geometry."" 2. **Size-free:** > ""One frozen RELAY law (bbef66a1, N=144, not reproduced) keeps .875-.893 at N=400-2304; at fixed d=3 the task is one hop at every N."" 3. **Handoff s8 and H-PLANT REPORT s6:** > ""36 of 83 XOR (43%) and 24 of 82 FLIP (29%) C1 evolv"
roles/Ananke/research/harvest/wave2/W2-G/REPORT.md,210,6f82f9c7,6f82f9c7d51bcef1,evolve,C,FLIP,0,,NULL|search,6,1,"e intended one-line change: `if r[""kind""] != ""evolve"" or ...`. 4. **H-PLANT REPORT L29, L50, L59 and PLAN L120:** mark 1b26026f, ef77ef2e and fac4aaa2 as transfers. FLIP @ d9cc has one searched NULL (6f82f9c7). 5. **Harvest 1.2:** > ""48 of 50 RELAY SIGNAL evolve rows (17 distinct conditions) are one-hop; A1: 3/18 one-hop vs 1/26 multi-hop; multi-hop rarer, not shown absent."" 6. **C1_REPORT L3 line:** g"
roles/Ananke/research/harvest/wave2/W2-G/sub_arc3/NOTES.txt,14,bbef66a1,bbef66a1ee9558ac,evolve,B,RELAY,0,,champion,177,0,"/+.007). - 10c ARC2 s6 X4 ""3/3 vs 1/3 communicate"": A1_2 has comm gain 0.000; behavioural count 2/3 vs 1/3. - 4f ARC3 s1 / BACKLOG T-CT-2 ""census-SITE relays carry the bit in the channel first"": 6/7 (bbef66a1 is S->C->S in W-I's own motif table). - 5a ARC3 s7 / BACKLOG ""29/32 presence codes"": saved emission rates give 27/32 (<=.03) or 28/32 (<=.2); a sparsity proxy, not per-champion swaps. - 5c engine car"
roles/Ananke/research/harvest/wave2/W2-G/sub_arc3/notes_groupB.txt,5,bbef66a1,bbef66a1ee9558ac,evolve,B,RELAY,0,,,,0,", W-J) -- rederive_groupB.py + make_rows_groupB.py, raw out/ only (a) MISMATCHES - 4f W-I ""All 7 panel census-SITE RELAY cells have a channel phase first"" (ARC3 s1, BACKLOG T-CT-2): raw gives 6/7. bbef66a1 reads SSSSSSSSSJCCCCS (site first, channel later, site again); W-I's own motif table files it under R5 S->C->S. - 5a W-J ""29/32 presence codes"": raw held_tel.emit_rate gives 27/32 at emit<=.03 (28/"
roles/Ananke/research/harvest/wave2/W2-G/sub_arc3/notes_groupB.txt,13,63d17a90,63d17a90e365e424,evolve,B2,RELAY,0,,champion,119,0,"-J's own E5b clause ""gap >= .10"" FAILED at .096. - Minor, not in the six docs: W-I ""w differs in 8 of 20 panel"" gives 9/20 by any nonzero w row; ""count read as count"" lists 3, my rule finds 4 (adds 63d17a90). (b) WORDING THAT EXCEEDS DATA -> proposed wording - 3b BACKLOG/CTC ""fixed-rule latches match or beat every champion (.999 vs .755)"" -> ""designed fixed-rule programs (4-7 instr; latches in S2/S4/"
roles/Ananke/research/harvest/wave2/W2-G/sub_arc3/notes_groupB.txt,26,c16d5231,c16d52319beb8bce,evolve,B2,RELAY,0,,,,0,"ran no r swap -> cite W-B 18/18; W-H shows only that r returns to 0 within 2 ticks. - 4b ARC3 s2 ""By phi only 3/7 are mixtures"" is stale -> ""3/7 at 64 worlds; 2/7 after W-O 512-world correction (c16d5231 M->S); phase-dependent per W-R"". - 4c ""site-only retention (HOLD, 8/8)"" -> ""8 site-only specimens, all HOLD (8 of 9 HOLD in the sample; none on the panel physics)"". - 4f -> ""6 of 7 census-SITE pane"
roles/Ananke/research/harvest/wave2/W2-G/sub_arc3/notes_groupB.txt,29,bbef66a1,bbef66a1ee9558ac,evolve,B,RELAY,0,,champion,64,0,"only retention (HOLD, 8/8)"" -> ""8 site-only specimens, all HOLD (8 of 9 HOLD in the sample; none on the panel physics)"". - 4f -> ""6 of 7 census-SITE panel relays carry the bit in the channel first (bbef66a1 is S->C->S)"". - 5a -> ""27-28/32 sparse sensor-emission champions; accuracy within ~.01 under SUM/SAT2/ARB"". - 5c -> ""measured ~.10 lossless (theory .14)"". - 5e card ""lossless -> a SUM count-threshold"
roles/Ananke/research/harvest/wave2/W2-G/sub_arc3/notes_groupB.txt,36,faafa5b0,faafa5b049e1d4b4,evolve,A,HOLD,0,,search,136,0,"ority code emerged"" -> ""in 1 of 4 SUM seeds (1 of 12 lossless searches); median SUM-ARB advantage .027 (E6-P1 failed)"". (c) PROVENANCE HOLES - 3c/3f: no per-tick dumps or instruction counts for S4 faafa5b0 and S5 ed884172 (only accuracy triples in hand_s4/hand_s5.json). - 3e: no W-H raw data for the r-carrier claim. - 5a: no saved artefact defines ""presence code"" or the 29/32 count. It is a LOG sente"
roles/Ananke/research/harvest/wave2/W2-G/sub_arc3/notes_groupB.txt,36,ed884172,ed884172de6b4ec0,evolve,A,HOLD,0,,search,152,0,"ed"" -> ""in 1 of 4 SUM seeds (1 of 12 lossless searches); median SUM-ARB advantage .027 (E6-P1 failed)"". (c) PROVENANCE HOLES - 3c/3f: no per-tick dumps or instruction counts for S4 faafa5b0 and S5 ed884172 (only accuracy triples in hand_s4/hand_s5.json). - 3e: no W-H raw data for the r-carrier claim. - 5a: no saved artefact defines ""presence code"" or the 29/32 count. It is a LOG sentence, and e2_re"
roles/Ananke/research/harvest/wave2/W2-G/sub_arc3/notes_groupC.txt,29,4781b0a1,4781b0a172b6dc3c,evolve,C,MAJ,0,,,,0,"ght time"". The only tick-timing prediction (E2 in transit at -6/-4) FAILED. -> ""The instruments read channel-then-site in the designed order; the predicted handoff tick was wrong (2/3)."" - ARC2 s3 ""4781b0a1 IS source-latched regeneration ..."" is stated as the mechanism. The preregistered verdict was UNRESOLVED (H-RED/H-SYN/H-HAND/H-ADD all failed their rules), so the reading is descriptive and post hoc."
roles/Ananke/research/harvest/wave2/W2-G/sub_arc3/notes_groupC.txt,31,4781b0a1,4781b0a172b6dc3c,evolve,C,MAJ,0,,,,0,"SYN/H-HAND/H-ADD all failed their rules), so the reading is descriptive and post hoc. -> Add ""(descriptive reading; preset verdict UNRESOLVED)"". - PTE_ENGINE_CARD ""a JOINT channel+site carrier (MAJ 4781b0a1)"" is stale against the joint_carrier RESULT and ARC2 s3 (""not a synergistic code""). -> ""a source-latch -> channel handoff carrier, both stages necessary mid-interval; not shown to be synergistic""."
roles/Ananke/research/harvest/wave2/W2-G/sub_arc3/rederive_groupC.out.txt,95,4781b0a1,4781b0a172b6dc3c,evolve,C,MAJ,0,,held,32,0,"d: True | E2 site-part held: True transit-part held: False -> E2 held: False arrival mean lag E1 -1.49 E2 -5.49 shift 3.99 -> earlier held: True instrument predictions held: 2 / 3 ==== joint_carrier 4781b0a1 normal j_probe [0.765625, 0.72916015625, 0.8007877604166665] normal j5 [0.7903645833333334, 0.7434895833333334, 0.8307291666666667] J5a erase S at actuator/sensors/others: {'actuator': 0.790364583333"
roles/Ananke/research/harvest/wave2/W2-G/sub_swap/NOTES.txt,58,4781b0a1,4781b0a172b6dc3c,evolve,C,MAJ,0,,,,0,"summary/stage-2 JSON and text, not recomputed from the truth table or raw npz. W-S, W-T and W-Y were recomputed from per-trial rows or the posthoc census. - rerun_s4.jsonl:9 is an error record (SCT 4781b0a1, LOG A10 bug). It was re-run in s4r and is excluded. Group 72dd71d8 o5 ran twice with identical results. (d) DENOMINATOR PROBLEMS (733 verdict rows) - The rows are not independent. There are 249 g"
roles/Ananke/research/harvest/wave2/W2-G/sub_swap/NOTES.txt,59,72dd71d8,72dd71d8028cf759,evolve,D,RELAY,0,,,,0,"r raw npz. W-S, W-T and W-Y were recomputed from per-trial rows or the posthoc census. - rerun_s4.jsonl:9 is an error record (SCT 4781b0a1, LOG A10 bug). It was re-run in s4r and is excluded. Group 72dd71d8 o5 ran twice with identical results. (d) DENOMINATOR PROBLEMS (733 verdict rows) - The rows are not independent. There are 249 groups and 85 distinct specimens. Three specimens (42716814, 369f5a5b,"
roles/Ananke/research/harvest/wave2/W2-G/sub_swap/NOTES.txt,62,42716814,4271681452d29aee,evolve,C,RELAY,0,,,,0,"ed. Group 72dd71d8 o5 ran twice with identical results. (d) DENOMINATOR PROBLEMS (733 verdict rows) - The rows are not independent. There are 249 groups and 85 distinct specimens. Three specimens (42716814, 369f5a5b, 4781b0a1) supply 196 rows (27%). - 18 rows are exact duplicates: W-F mid and late arms that resolve to the same offset have identical recorded numbers and one re-run. Another 41 rows r"
roles/Ananke/research/harvest/wave2/W2-G/sub_swap/NOTES.txt,62,369f5a5b,369f5a5b745eb592,evolve,B,RELAY,0,,,,0,"72dd71d8 o5 ran twice with identical results. (d) DENOMINATOR PROBLEMS (733 verdict rows) - The rows are not independent. There are 249 groups and 85 distinct specimens. Three specimens (42716814, 369f5a5b, 4781b0a1) supply 196 rows (27%). - 18 rows are exact duplicates: W-F mid and late arms that resolve to the same offset have identical recorded numbers and one re-run. Another 41 rows repeat the"
roles/Ananke/research/harvest/wave2/W2-G/sub_swap/NOTES.txt,63,4781b0a1,4781b0a172b6dc3c,evolve,C,MAJ,0,,,,0,"5 ran twice with identical results. (d) DENOMINATOR PROBLEMS (733 verdict rows) - The rows are not independent. There are 249 groups and 85 distinct specimens. Three specimens (42716814, 369f5a5b, 4781b0a1) supply 196 rows (27%). - 18 rows are exact duplicates: W-F mid and late arms that resolve to the same offset have identical recorded numbers and one re-run. Another 41 rows repeat the same specime"
roles/Ananke/research/harvest/wave2/W2-H/REPORT.md,10,884a64df866756b0,884a64df866756b0,evolve,A,RELAY,0,,,,0,"- At high, heterogeneous accuracy the miss rate is 3-9%. - The studentized bootstrap already in swap_rel (BOOTT) is close to nominal. - Recorded verdicts that flip under BOOTT: 2 C1 SIGNAL calls (884a64df866756b0, A1 RELAY; 8ccf6c723ec57b3d, B MAJ). Under a t-interval 3 flip (884a64df, 925caa3a, 0f5451c3). The P1-P8 predictions do not change. The D adjudications do not change. - H16: the sd_floor is on the SE"
roles/Ananke/research/harvest/wave2/W2-H/REPORT.md,10,8ccf6c723ec57b3d,8ccf6c723ec57b3d,evolve,B,MAJ,0,,,,0,"ccuracy the miss rate is 3-9%. - The studentized bootstrap already in swap_rel (BOOTT) is close to nominal. - Recorded verdicts that flip under BOOTT: 2 C1 SIGNAL calls (884a64df866756b0, A1 RELAY; 8ccf6c723ec57b3d, B MAJ). Under a t-interval 3 flip (884a64df, 925caa3a, 0f5451c3). The P1-P8 predictions do not change. The D adjudications do not change. - H16: the sd_floor is on the SE scale, as wave-1 said, whic"
roles/Ananke/research/harvest/wave2/W2-H/REPORT.md,10,884a64df,884a64df866756b0,evolve,A,RELAY,0,,,,0,"otstrap already in swap_rel (BOOTT) is close to nominal. - Recorded verdicts that flip under BOOTT: 2 C1 SIGNAL calls (884a64df866756b0, A1 RELAY; 8ccf6c723ec57b3d, B MAJ). Under a t-interval 3 flip (884a64df, 925caa3a, 0f5451c3). The P1-P8 predictions do not change. The D adjudications do not change. - H16: the sd_floor is on the SE scale, as wave-1 said, which makes it 2.4x or more below every resample"
roles/Ananke/research/harvest/wave2/W2-H/REPORT.md,10,925caa3a,925caa3a48964717,evolve,A,RELAY,0,,,,0,"ready in swap_rel (BOOTT) is close to nominal. - Recorded verdicts that flip under BOOTT: 2 C1 SIGNAL calls (884a64df866756b0, A1 RELAY; 8ccf6c723ec57b3d, B MAJ). Under a t-interval 3 flip (884a64df, 925caa3a, 0f5451c3). The P1-P8 predictions do not change. The D adjudications do not change. - H16: the sd_floor is on the SE scale, as wave-1 said, which makes it 2.4x or more below every resample SD in the"
roles/Ananke/research/harvest/wave2/W2-H/REPORT.md,10,0f5451c3,0f5451c3b3cdf250,evolve,B,RELAY,0,,,,0,"wap_rel (BOOTT) is close to nominal. - Recorded verdicts that flip under BOOTT: 2 C1 SIGNAL calls (884a64df866756b0, A1 RELAY; 8ccf6c723ec57b3d, B MAJ). Under a t-interval 3 flip (884a64df, 925caa3a, 0f5451c3). The P1-P8 predictions do not change. The D adjudications do not change. - H16: the sd_floor is on the SE scale, as wave-1 said, which makes it 2.4x or more below every resample SD in the real data."
roles/Ananke/research/harvest/wave2/W2-H/REPORT.md,45,6d2571cd,6d2571cda44dd2b5,evolve,A,HOLD,0,,,,0,"is -0.019 (HOLD) and -0.006 (XOR); - mirror partners are strongly dependent (trial-outcome rho .80 HOLD, -.31 XOR), so the world is the wrong unit; - trials within a world correlate (ICC .34 for HOLD 6d2571cd), so the trial is the wrong unit (design effect about 6 for HOLD). - No PTE estimator uses world or trial as the unit (checked by reading every pair_ci/interval/census caller). - Strongest objection:"
roles/Ananke/research/harvest/wave2/W2-H/REPORT.md,74,884a64df866756b0,884a64df866756b0,evolve,A,RELAY,0,,,,0,"ce the recorded acc/lo99/hi99 exactly on CPU). - These 40 are every call within 1 SE of the .55 cut, plus 24 others. | cell | wave / family | lo99 pct | lo99 t | lo99 BOOTT | |---|---|---|---|---| | 884a64df866756b0 | A1 RELAY | .5514 | .5495 | .5497 | | 8ccf6c723ec57b3d | B MAJ | .5540 | .5502 | .5481 | | 0f5451c3b3cdf250 | B RELAY | .5534 | .5451 | .5551 | | 925caa3a48964717 | A1 RELAY | .5560 | .5497 | .5544"
roles/Ananke/research/harvest/wave2/W2-H/REPORT.md,75,8ccf6c723ec57b3d,8ccf6c723ec57b3d,evolve,B,MAJ,0,,,,0,"0 are every call within 1 SE of the .55 cut, plus 24 others. | cell | wave / family | lo99 pct | lo99 t | lo99 BOOTT | |---|---|---|---|---| | 884a64df866756b0 | A1 RELAY | .5514 | .5495 | .5497 | | 8ccf6c723ec57b3d | B MAJ | .5540 | .5502 | .5481 | | 0f5451c3b3cdf250 | B RELAY | .5534 | .5451 | .5551 | | 925caa3a48964717 | A1 RELAY | .5560 | .5497 | .5544 | - Under BOOTT, 884a64df and 8ccf6c72 are no longer SI"
roles/Ananke/research/harvest/wave2/W2-H/REPORT.md,76,0f5451c3b3cdf250,0f5451c3b3cdf250,evolve,B,RELAY,0,,,,0,"others. | cell | wave / family | lo99 pct | lo99 t | lo99 BOOTT | |---|---|---|---|---| | 884a64df866756b0 | A1 RELAY | .5514 | .5495 | .5497 | | 8ccf6c723ec57b3d | B MAJ | .5540 | .5502 | .5481 | | 0f5451c3b3cdf250 | B RELAY | .5534 | .5451 | .5551 | | 925caa3a48964717 | A1 RELAY | .5560 | .5497 | .5544 | - Under BOOTT, 884a64df and 8ccf6c72 are no longer SIGNAL. Under t, 884a64df, 0f5451c3 and 925caa3a are no"
roles/Ananke/research/harvest/wave2/W2-H/REPORT.md,77,925caa3a48964717,925caa3a48964717,evolve,A,RELAY,0,,,,0,"o99 BOOTT | |---|---|---|---|---| | 884a64df866756b0 | A1 RELAY | .5514 | .5495 | .5497 | | 8ccf6c723ec57b3d | B MAJ | .5540 | .5502 | .5481 | | 0f5451c3b3cdf250 | B RELAY | .5534 | .5451 | .5551 | | 925caa3a48964717 | A1 RELAY | .5560 | .5497 | .5544 | - Under BOOTT, 884a64df and 8ccf6c72 are no longer SIGNAL. Under t, 884a64df, 0f5451c3 and 925caa3a are no longer SIGNAL. No near-miss cell gains SIGNAL under ei"
roles/Ananke/research/harvest/wave2/W2-H/REPORT.md,79,884a64df,884a64df866756b0,evolve,A,RELAY,0,,,,0,"4 | .5495 | .5497 | | 8ccf6c723ec57b3d | B MAJ | .5540 | .5502 | .5481 | | 0f5451c3b3cdf250 | B RELAY | .5534 | .5451 | .5551 | | 925caa3a48964717 | A1 RELAY | .5560 | .5497 | .5544 | - Under BOOTT, 884a64df and 8ccf6c72 are no longer SIGNAL. Under t, 884a64df, 0f5451c3 and 925caa3a are no longer SIGNAL. No near-miss cell gains SIGNAL under either method. - All four were COMM_DEPENDENT (comm_delta lo99 ."
roles/Ananke/research/harvest/wave2/W2-H/REPORT.md,79,8ccf6c72,8ccf6c723ec57b3d,evolve,B,MAJ,0,,,,0,"5497 | | 8ccf6c723ec57b3d | B MAJ | .5540 | .5502 | .5481 | | 0f5451c3b3cdf250 | B RELAY | .5534 | .5451 | .5551 | | 925caa3a48964717 | A1 RELAY | .5560 | .5497 | .5544 | - Under BOOTT, 884a64df and 8ccf6c72 are no longer SIGNAL. Under t, 884a64df, 0f5451c3 and 925caa3a are no longer SIGNAL. No near-miss cell gains SIGNAL under either method. - All four were COMM_DEPENDENT (comm_delta lo99 .051-.056; tha"
roles/Ananke/research/harvest/wave2/W2-H/REPORT.md,79,884a64df,884a64df866756b0,evolve,A,RELAY,0,,,,0,"0 | .5502 | .5481 | | 0f5451c3b3cdf250 | B RELAY | .5534 | .5451 | .5551 | | 925caa3a48964717 | A1 RELAY | .5560 | .5497 | .5544 | - Under BOOTT, 884a64df and 8ccf6c72 are no longer SIGNAL. Under t, 884a64df, 0f5451c3 and 925caa3a are no longer SIGNAL. No near-miss cell gains SIGNAL under either method. - All four were COMM_DEPENDENT (comm_delta lo99 .051-.056; that CI is also pct). - Consequences: - A"
roles/Ananke/research/harvest/wave2/W2-H/REPORT.md,79,0f5451c3,0f5451c3b3cdf250,evolve,B,RELAY,0,,,,0,"| .5481 | | 0f5451c3b3cdf250 | B RELAY | .5534 | .5451 | .5551 | | 925caa3a48964717 | A1 RELAY | .5560 | .5497 | .5544 | - Under BOOTT, 884a64df and 8ccf6c72 are no longer SIGNAL. Under t, 884a64df, 0f5451c3 and 925caa3a are no longer SIGNAL. No near-miss cell gains SIGNAL under either method. - All four were COMM_DEPENDENT (comm_delta lo99 .051-.056; that CI is also pct). - Consequences: - A1 SIGNAL 4"
roles/Ananke/research/harvest/wave2/W2-H/REPORT.md,79,925caa3a,925caa3a48964717,evolve,A,RELAY,0,,,,0,"f5451c3b3cdf250 | B RELAY | .5534 | .5451 | .5551 | | 925caa3a48964717 | A1 RELAY | .5560 | .5497 | .5544 | - Under BOOTT, 884a64df and 8ccf6c72 are no longer SIGNAL. Under t, 884a64df, 0f5451c3 and 925caa3a are no longer SIGNAL. No near-miss cell gains SIGNAL under either method. - All four were COMM_DEPENDENT (comm_delta lo99 .051-.056; that CI is also pct). - Consequences: - A1 SIGNAL 41 -> 40 (BOOT"
roles/Ananke/research/harvest/wave2/W2-H/REPORT.md,186,613162a3,613162a306938de7,evolve,C,MAJ,0,,held|search,59,0,".2, against a held SE of .01-.03. - Reading: for physics-level claims the true unit is the search seed. Per-cell SIGNAL counts are counts of search draws. F10 [V] Fragile point-threshold labels. - D 613162a3 (MAJ) CAUSAL_SUPPORT: packet drop .143 vs the .10 cut, SE .026 (paired over pairs), so 1.65 SE; keep about .88, which makes it FRAGILE. - The other 11 D labels are far from their cuts. - REACH_BEYOND"
roles/Ananke/research/harvest/wave2/W2-H/REPORT.md,231,613162a3,613162a306938de7,evolve,C,MAJ,0,,search,66,0,estimator difference from clustering. 4. C4 S2: the power of the corrected rule against a family-specific law; repair the CMH arm (finer bins or permutation within bins). 5. A fresh-seed replicate of 613162a3's packet ablation. 6. Define a physics-level estimand with search seed as unit (e.g. k of n searches SIGNAL) and its required n. 7. Keep probabilities of the lens_swap census classes (point threshold
roles/Ananke/research/harvest/wave2/W2-H/REPORT.md,251,613162a3,613162a306938de7,evolve,C,MAJ,0,,,,0,"l large | high | no per-genome final evals | -- | Q6 seeds | c1_stats seed dups; code | B2 cross-family reuse, no verdict impact | high | -- | -- | P2 D labels | paired SE on recorded control pairs | 613162a3 fragile (keep .88) | med | -- | -- | Q5 6. COMPUTE - CPU only, at most 2 threads per process, every process under 10 min except one (below). - Total about 3,300 process-seconds wall (2 threads per p"
roles/Ananke/research/instruments/INSTRUMENT_CARRIER_SWAP.md,41,4ab2ba01,4ab2ba014aac967e,evolve,C,HOLD,0,,,,0,"e to return all three outcomes. REAL SPECIMENS (2026-09-27 spikes; full census of 166 C1 SIGNAL cells in workers/W-F: SITE 92 / JOINT(mixture) 14 / CHANNEL 13 / ELSEWHERE 5 / UNREADABLE 42) M2 4ab2ba01 + 3 fresh: channel content FLIP on ONE payload component (pay1 x3, pay0 x1); site, counts, w NO-EFFECT. M3 0a23398f / f6b623cd: channel FLIP at mid-delta; r NO-EFFECT. 12 C1 D-wave cells: cha"
roles/Ananke/research/instruments/INSTRUMENT_CARRIER_SWAP.md,43,0a23398f,0a23398f20cc41a2,evolve,B,MAJ,0,,,,0,"ITE 92 / JOINT(mixture) 14 / CHANNEL 13 / ELSEWHERE 5 / UNREADABLE 42) M2 4ab2ba01 + 3 fresh: channel content FLIP on ONE payload component (pay1 x3, pay0 x1); site, counts, w NO-EFFECT. M3 0a23398f / f6b623cd: channel FLIP at mid-delta; r NO-EFFECT. 12 C1 D-wave cells: channel (5 incl. M3), site (6), joint (4781b0a1). KNOWN FAILURE MODES F1 JOINT SWAP IS NOT EVIDENCE. Swapping all channel"
roles/Ananke/research/instruments/INSTRUMENT_CARRIER_SWAP.md,43,f6b623cd,f6b623cdb23afd2c,evolve,B,MAJ,0,,,,0,"INT(mixture) 14 / CHANNEL 13 / ELSEWHERE 5 / UNREADABLE 42) M2 4ab2ba01 + 3 fresh: channel content FLIP on ONE payload component (pay1 x3, pay0 x1); site, counts, w NO-EFFECT. M3 0a23398f / f6b623cd: channel FLIP at mid-delta; r NO-EFFECT. 12 C1 D-wave cells: channel (5 incl. M3), site (6), joint (4781b0a1). KNOWN FAILURE MODES F1 JOINT SWAP IS NOT EVIDENCE. Swapping all channel + all site"
roles/Ananke/research/instruments/INSTRUMENT_CARRIER_SWAP.md,44,4781b0a1,4781b0a172b6dc3c,evolve,C,MAJ,0,,,,0,"ONE payload component (pay1 x3, pay0 x1); site, counts, w NO-EFFECT. M3 0a23398f / f6b623cd: channel FLIP at mid-delta; r NO-EFFECT. 12 C1 D-wave cells: channel (5 incl. M3), site (6), joint (4781b0a1). KNOWN FAILURE MODES F1 JOINT SWAP IS NOT EVIDENCE. Swapping all channel + all site state exchanges essentially the whole world state and flips anything. Use it only as a sanity check."
roles/Ananke/research/instruments/INSTRUMENT_CARRIER_SWAP.md,104,4781b0a1,4781b0a172b6dc3c,evolve,C,MAJ,0,,,,0,"tests prometheus/ananke/tests/test_lens_swap.py. ## UPDATE 2026-09-29 (W-P): stratify by update-clock phase In sync physics with update_period > 1, a pooled per-offset census mixes two clock phases (4781b0a1 o14: C 1.00 on even swap ticks, N .70 on odd). Report S/C/N per swap-tick phase. N always needs a site AND a channel component (lemma, W-P PLAN s0): name WHICH sub-arrays with the truth-table method"
roles/Ananke/research/instruments/INSTRUMENT_TEMPORAL_REACH.md,29,0a23398f,0a23398f20cc41a2,evolve,B,MAJ,0,,,,0,"T_SUPPORTED. CONTROLS (known answers, passing) relay_flood with delay == delta: C1 window reach 0.0, corrected 1.0. hold_latch (sends nothing): reach None. REAL SPECIMENS (S-F, 2026-09-27) M3 0a23398f, f6b623cd: C1 window reach 0.00 (100% at lag 0). RELAY D cells: 0.69-1.00; MAJ D cells 0.93; M2 0.80 (arrivals at -2..0). KNOWN FAILURE MODES F1 ACTUATOR-ONLY: it measures deliveries to the read"
roles/Ananke/research/instruments/INSTRUMENT_TEMPORAL_REACH.md,29,f6b623cd,f6b623cdb23afd2c,evolve,B,MAJ,0,,,,0,"D. CONTROLS (known answers, passing) relay_flood with delay == delta: C1 window reach 0.0, corrected 1.0. hold_latch (sends nothing): reach None. REAL SPECIMENS (S-F, 2026-09-27) M3 0a23398f, f6b623cd: C1 window reach 0.00 (100% at lag 0). RELAY D cells: 0.69-1.00; MAJ D cells 0.93; M2 0.80 (arrivals at -2..0). KNOWN FAILURE MODES F1 ACTUATOR-ONLY: it measures deliveries to the readout site."
roles/Ananke/research/joint_carrier/PLAN.md,1,4781b0a1,4781b0a172b6dc3c,evolve,C,MAJ,0,,,,0,"# Joint carrier 4781b0a1: PLAN (committed before any run) Thread: T-DM-2 / T-JC-1. Specimen: C1 D-wave MAJ cell 4781b0a1 (ring N=144 r3, sync period 2, lat 1+1*hop+jit 1, loss .1, cap 2 saturate, fanout 8 sample, P=2, state"
roles/Ananke/research/joint_carrier/PLAN.md,3,4781b0a1,4781b0a172b6dc3c,evolve,C,MAJ,0,,,,0,"# Joint carrier 4781b0a1: PLAN (committed before any run) Thread: T-DM-2 / T-JC-1. Specimen: C1 D-wave MAJ cell 4781b0a1 (ring N=144 r3, sync period 2, lat 1+1*hop+jit 1, loss .1, cap 2 saturate, fanout 8 sample, P=2, state_dim 2, WIMM on, plastic_route on; env MAJ d 3, delta 16, 5 sensors flip_p .3). Prior observation"
roles/Ananke/research/joint_carrier/RESULT.md,1,4781b0a1,4781b0a172b6dc3c,evolve,C,MAJ,0,,,,0,"# Joint carrier 4781b0a1: RESULT (J1-J5) Plan: PLAN.md (938d1aa6f) + addendum J5 (committed before J5 ran). Outputs: out_j_probe.json, out_j5.json. CPU, 2 threads. ## Verdict under the preset rules: UNRESOLVED None of H-RE"
roles/Ananke/research/joint_carrier/RESULT.md,62,4781b0a1,4781b0a172b6dc3c,evolve,C,MAJ,0,,,,0,"neric ""source vs transit"" profile instrument: erase-at-role curves (sensors / actuator / relays) x erase-channel curves. ## Cross-check with W-C (2026-09-27) W-C's single-cue twin census puts 4781b0a1 in the SOURCE-PRESENCE class: the sensors fire or stay silent according to cue sign, and packets then travel unchanged. That is consistent with ""source-latched regeneration"": the latch decides WHETHE"
roles/Ananke/research/plans/H-CHK_PLAN.md,8,4781b0a1,4781b0a172b6dc3c,evolve,C,MAJ,0,,champion,128,0,"REPORT.md (12a, 12d, claim 10). The worker must NOT edit this file; post-freeze deviations go in harvest/H-CHK/PLAN_ADDENDUM.md before the affected run. ## C1: does a noisy count threshold reproduce 4781b0a1's ""joint carrier"" signature? - Plant: 5 sensors as direct neighbours of the readout, W-V plant physics adjusted to the champion's delivery (loss .1, fanout-8 sampled over 6 ports, sync period 2, ji"
roles/Ananke/research/plans/T-INS-20_PLAN.md,9,4781b0a1,4781b0a172b6dc3c,evolve,C,MAJ,0,,champion,9,0,"; post-freeze deviations go in its own PLAN_ADDENDUM.md written before the affected run). Authority: CWO 2026-09-30 ANANKE (queue) + MWO-0004 R2. Cap: 3 CPU core-hours. ## 1 Question In MAJ champion 4781b0a1 (sync update_period 2), W-P found the ""neither"" (N) pattern is a joint carrier; W-V found the readout's own S1 never differs between mirror partners, the readout's Kp differs in 78-98% of pairs, and"
roles/Ananke/research/workers/W-A/LOG.md,75,4ab2ba01,4ab2ba014aac967e,evolve,C,HOLD,0,,,,0,"; plastic_route 0 lifts it to .68. - P-e HOLDS for both: pipeline edit moves interval (6,11)->(8,12) specimen, (4,11)->(6,13) fresh3; peak 7 -> 9. - P-f HOLDS: canon:specimen is IDENTICAL to base:4ab2ba01 at every gap (all 3 numbers); canon:uniform is identical to pr0:4ab2ba01 and pr0:fresh3 and within .004 MAE of base:fresh1. - Peak (argmax) disagreements exist where curves are bimodal (lb0, lb2,"
roles/Ananke/research/workers/W-A/LOG.md,76,4ab2ba01,4ab2ba014aac967e,evolve,C,HOLD,0,,,,0,"ves interval (6,11)->(8,12) specimen, (4,11)->(6,13) fresh3; peak 7 -> 9. - P-f HOLDS: canon:specimen is IDENTICAL to base:4ab2ba01 at every gap (all 3 numbers); canon:uniform is identical to pr0:4ab2ba01 and pr0:fresh3 and within .004 MAE of base:fresh1. - Peak (argmax) disagreements exist where curves are bimodal (lb0, lb2, lh2, up1, up3 for fresh2/3); argmax was not a frozen criterion. ## A8 n"
roles/Ananke/research/workers/W-A/PLAN.md,8,4ab2ba01,4ab2ba014aac967e,evolve,C,HOLD,0,,champion,21,0,"Written before any engine run. Thresholds below are frozen. Model predictions are frozen in out/predictions.json (sha256 recorded in s6 before the first engine run). ## 1 Question The HOLD specimen 4ab2ba01 and 3 fresh champions (same physics) are accurate at gap 6-8 and at chance for gap >= 12 (S-M2b, even gaps only). What physically sets that interval, and can minimal alterations of physics, program,"
roles/Ananke/research/workers/W-A/REPORT.md,34,4ab2ba01,4ab2ba014aac967e,evolve,C,HOLD,0,,,,0,se physics RT 4-12 (fresh1-3) and 8-12 (specimen). Distractors lower the accuracy level but do not set the edges. Checks: - canonical genome: 4 lines + the specimen's 2 routing lines reproduce base:4ab2ba01 exactly at all 15 gaps. Without the routing lines it equals the specimen and fresh3 exactly under plastic_route 0; fresh1/2 differ by <= 0.004 MAE. - engine-measured kernel (single-cue twins) vs
roles/Ananke/research/workers/W-B/LOG.md,24,0017d8cc,0017d8ccce60da90,evolve,A,HOLD,0,,,,0,"10 min; row 19 (RELAY delta 16) slower. Partial view showed ONGOING/CUE_CARRYING rows; PLAN Addendum A (Part 3) written before any Part-3 run. A5 deepdive.py on 6 non-bootstrap cells seen so far (0017d8cc c939c3c7 faafa5b0 311c465f cc18858f dd6fdf49), run concurrently with the census. Static disasm of faafa5b0 (HOLD, sync): rule 0 never writes S0; rule 1 writes S0 (from SENSE and inbox) and alwa"
roles/Ananke/research/workers/W-B/LOG.md,24,c939c3c7,c939c3c7271e65d2,evolve,A,RELAY,0,,,,0,"ow 19 (RELAY delta 16) slower. Partial view showed ONGOING/CUE_CARRYING rows; PLAN Addendum A (Part 3) written before any Part-3 run. A5 deepdive.py on 6 non-bootstrap cells seen so far (0017d8cc c939c3c7 faafa5b0 311c465f cc18858f dd6fdf49), run concurrently with the census. Static disasm of faafa5b0 (HOLD, sync): rule 0 never writes S0; rule 1 writes S0 (from SENSE and inbox) and always return"
roles/Ananke/research/workers/W-B/LOG.md,25,faafa5b0,faafa5b049e1d4b4,evolve,A,HOLD,0,,,,0,"LAY delta 16) slower. Partial view showed ONGOING/CUE_CARRYING rows; PLAN Addendum A (Part 3) written before any Part-3 run. A5 deepdive.py on 6 non-bootstrap cells seen so far (0017d8cc c939c3c7 faafa5b0 311c465f cc18858f dd6fdf49), run concurrently with the census. Static disasm of faafa5b0 (HOLD, sync): rule 0 never writes S0; rule 1 writes S0 (from SENSE and inbox) and always returns to rule 0"
roles/Ananke/research/workers/W-B/LOG.md,25,311c465f,311c465fd5a624cb,evolve,A,HOLD,0,,,,0,"16) slower. Partial view showed ONGOING/CUE_CARRYING rows; PLAN Addendum A (Part 3) written before any Part-3 run. A5 deepdive.py on 6 non-bootstrap cells seen so far (0017d8cc c939c3c7 faafa5b0 311c465f cc18858f dd6fdf49), run concurrently with the census. Static disasm of faafa5b0 (HOLD, sync): rule 0 never writes S0; rule 1 writes S0 (from SENSE and inbox) and always returns to rule 0 next tic"
roles/Ananke/research/workers/W-B/LOG.md,25,cc18858f,cc18858fdfd34515,evolve,A,HOLD,0,,,,0,"er. Partial view showed ONGOING/CUE_CARRYING rows; PLAN Addendum A (Part 3) written before any Part-3 run. A5 deepdive.py on 6 non-bootstrap cells seen so far (0017d8cc c939c3c7 faafa5b0 311c465f cc18858f dd6fdf49), run concurrently with the census. Static disasm of faafa5b0 (HOLD, sync): rule 0 never writes S0; rule 1 writes S0 (from SENSE and inbox) and always returns to rule 0 next tick; rule"
roles/Ananke/research/workers/W-B/LOG.md,25,dd6fdf49,dd6fdf49177d6531,evolve,A,HOLD,0,,,,0,"al view showed ONGOING/CUE_CARRYING rows; PLAN Addendum A (Part 3) written before any Part-3 run. A5 deepdive.py on 6 non-bootstrap cells seen so far (0017d8cc c939c3c7 faafa5b0 311c465f cc18858f dd6fdf49), run concurrently with the census. Static disasm of faafa5b0 (HOLD, sync): rule 0 never writes S0; rule 1 writes S0 (from SENSE and inbox) and always returns to rule 0 next tick; rule 0 enters"
roles/Ananke/research/workers/W-B/LOG.md,26,faafa5b0,faafa5b049e1d4b4,evolve,A,HOLD,0,,,,0,"t 3) written before any Part-3 run. A5 deepdive.py on 6 non-bootstrap cells seen so far (0017d8cc c939c3c7 faafa5b0 311c465f cc18858f dd6fdf49), run concurrently with the census. Static disasm of faafa5b0 (HOLD, sync): rule 0 never writes S0; rule 1 writes S0 (from SENSE and inbox) and always returns to rule 0 next tick; rule 0 enters rule 1 when (CNT0 - ENERGY) is odd. A count-parity gate on wh"
roles/Ananke/research/workers/W-B/LOG.md,32,0017d8cc,0017d8ccce60da90,evolve,A,HOLD,0,,,,0,"r is written: a candidate genuine ongoing role. A6 deepdive part 1 done (out/deepdive.json, 6 cells). r swap NO-EFFECT in all 6 (r never the bit carrier); pin readout r after settling HURTS in 4 (0017d8cc, c939c3c7, faafa5b0, 311c465f; up to -0.28), pin all other sites EXACTLY 0 change in all 6. Added Addendum B (Y6/Y7, descriptive). A7 phase.py (Y6/Y7) on 5 cells -> out/phase.json. 311c465f and faa"
roles/Ananke/research/workers/W-B/LOG.md,32,c939c3c7,c939c3c7271e65d2,evolve,A,RELAY,0,,,,0,"en: a candidate genuine ongoing role. A6 deepdive part 1 done (out/deepdive.json, 6 cells). r swap NO-EFFECT in all 6 (r never the bit carrier); pin readout r after settling HURTS in 4 (0017d8cc, c939c3c7, faafa5b0, 311c465f; up to -0.28), pin all other sites EXACTLY 0 change in all 6. Added Addendum B (Y6/Y7, descriptive). A7 phase.py (Y6/Y7) on 5 cells -> out/phase.json. 311c465f and faafa5b0: S"
roles/Ananke/research/workers/W-B/LOG.md,32,faafa5b0,faafa5b049e1d4b4,evolve,A,HOLD,0,,,,0,"idate genuine ongoing role. A6 deepdive part 1 done (out/deepdive.json, 6 cells). r swap NO-EFFECT in all 6 (r never the bit carrier); pin readout r after settling HURTS in 4 (0017d8cc, c939c3c7, faafa5b0, 311c465f; up to -0.28), pin all other sites EXACTLY 0 change in all 6. Added Addendum B (Y6/Y7, descriptive). A7 phase.py (Y6/Y7) on 5 cells -> out/phase.json. 311c465f and faafa5b0: S0 written"
roles/Ananke/research/workers/W-B/LOG.md,32,311c465f,311c465fd5a624cb,evolve,A,HOLD,0,,,,0,"ine ongoing role. A6 deepdive part 1 done (out/deepdive.json, 6 cells). r swap NO-EFFECT in all 6 (r never the bit carrier); pin readout r after settling HURTS in 4 (0017d8cc, c939c3c7, faafa5b0, 311c465f; up to -0.28), pin all other sites EXACTLY 0 change in all 6. Added Addendum B (Y6/Y7, descriptive). A7 phase.py (Y6/Y7) on 5 cells -> out/phase.json. 311c465f and faafa5b0: S0 written only by ru"
roles/Ananke/research/workers/W-B/LOG.md,34,311c465f,311c465fd5a624cb,evolve,A,HOLD,0,,,,0,"in 4 (0017d8cc, c939c3c7, faafa5b0, 311c465f; up to -0.28), pin all other sites EXACTLY 0 change in all 6. Added Addendum B (Y6/Y7, descriptive). A7 phase.py (Y6/Y7) on 5 cells -> out/phase.json. 311c465f and faafa5b0: S0 written only by rule 1; readout enters rule 1 around cue onset. 311c465f profile identical for y=+1/-1 (timing gate); faafa5b0 and c939c3c7 profiles sign-dependent (excursions"
roles/Ananke/research/workers/W-B/LOG.md,34,faafa5b0,faafa5b049e1d4b4,evolve,A,HOLD,0,,,,0,"8cc, c939c3c7, faafa5b0, 311c465f; up to -0.28), pin all other sites EXACTLY 0 change in all 6. Added Addendum B (Y6/Y7, descriptive). A7 phase.py (Y6/Y7) on 5 cells -> out/phase.json. 311c465f and faafa5b0: S0 written only by rule 1; readout enters rule 1 around cue onset. 311c465f profile identical for y=+1/-1 (timing gate); faafa5b0 and c939c3c7 profiles sign-dependent (excursions mostly when y"
roles/Ananke/research/workers/W-B/LOG.md,36,311c465f,311c465fd5a624cb,evolve,A,HOLD,0,,,,0,"change in all 6. Added Addendum B (Y6/Y7, descriptive). A7 phase.py (Y6/Y7) on 5 cells -> out/phase.json. 311c465f and faafa5b0: S0 written only by rule 1; readout enters rule 1 around cue onset. 311c465f profile identical for y=+1/-1 (timing gate); faafa5b0 and c939c3c7 profiles sign-dependent (excursions mostly when y=-1), yet r at the readout tick does not predict y (Y3 ~0.51) and r swap NO-EFF"
roles/Ananke/research/workers/W-B/LOG.md,36,faafa5b0,faafa5b049e1d4b4,evolve,A,HOLD,0,,,,0,". A7 phase.py (Y6/Y7) on 5 cells -> out/phase.json. 311c465f and faafa5b0: S0 written only by rule 1; readout enters rule 1 around cue onset. 311c465f profile identical for y=+1/-1 (timing gate); faafa5b0 and c939c3c7 profiles sign-dependent (excursions mostly when y=-1), yet r at the readout tick does not predict y (Y3 ~0.51) and r swap NO-EFFECT. A8 gate.py (Addendum C) -> out/gate.json. Z1 HURT"
roles/Ananke/research/workers/W-B/LOG.md,37,c939c3c7,c939c3c7271e65d2,evolve,A,RELAY,0,,,,0,"Y6/Y7) on 5 cells -> out/phase.json. 311c465f and faafa5b0: S0 written only by rule 1; readout enters rule 1 around cue onset. 311c465f profile identical for y=+1/-1 (timing gate); faafa5b0 and c939c3c7 profiles sign-dependent (excursions mostly when y=-1), yet r at the readout tick does not predict y (Y3 ~0.51) and r swap NO-EFFECT. A8 gate.py (Addendum C) -> out/gate.json. Z1 HURTS, Z3 HURTS as"
roles/Ananke/research/workers/W-B/LOG.md,45,311c465f,311c465fd5a624cb,evolve,A,HOLD,0,,champion,77,0,"is refuted. Reading: rule 1 overwrites S0 from the current SENSE every tick, so a rule-1-only readout cannot hold at all; the rule-0 phase is the hold, not merely a distractor filter. Surprise: 311c465f's own normal accuracy drops 0.76 -> 0.55 without distractors (the champion depends on distractor input; not followed up). A9 census done: 42/42 rows, no errors, no duplicate genomes (out/census.jso"
roles/Ananke/research/workers/W-B/LOG.md,50,b059e735,b059e735fe16de49,evolve,B,RELAY,0,,,,0,"42 rows, no errors, no duplicate genomes (out/census.json). Lease renewed: released 949b0f52f816, acquired f3b256647b52 (75 min). A10 deepdive part 2 + phase on the remaining non-bootstrap cells: b059e735 95649e2c e2334ea7 369f5a5b 63d17a90 1d88af70 b59e6c3a 42716814 (ONGOING), 8e1caf6b (UNRESOLVED), c7d7d2a4 88f94654 (PATTERN_BOOT). deepdive.py rewrites deepdive.json with only its argv cells, so"
roles/Ananke/research/workers/W-B/LOG.md,50,95649e2c,95649e2c29e72d45,evolve,B,RELAY,0,,,,0,"no errors, no duplicate genomes (out/census.json). Lease renewed: released 949b0f52f816, acquired f3b256647b52 (75 min). A10 deepdive part 2 + phase on the remaining non-bootstrap cells: b059e735 95649e2c e2334ea7 369f5a5b 63d17a90 1d88af70 b59e6c3a 42716814 (ONGOING), 8e1caf6b (UNRESOLVED), c7d7d2a4 88f94654 (PATTERN_BOOT). deepdive.py rewrites deepdive.json with only its argv cells, so part 1"
roles/Ananke/research/workers/W-B/LOG.md,50,e2334ea7,e2334ea74d8ec661,evolve,B,RELAY,0,,,,0,", no duplicate genomes (out/census.json). Lease renewed: released 949b0f52f816, acquired f3b256647b52 (75 min). A10 deepdive part 2 + phase on the remaining non-bootstrap cells: b059e735 95649e2c e2334ea7 369f5a5b 63d17a90 1d88af70 b59e6c3a 42716814 (ONGOING), 8e1caf6b (UNRESOLVED), c7d7d2a4 88f94654 (PATTERN_BOOT). deepdive.py rewrites deepdive.json with only its argv cells, so part 1 was copie"
roles/Ananke/research/workers/W-B/LOG.md,50,369f5a5b,369f5a5b745eb592,evolve,B,RELAY,0,,,,0,"icate genomes (out/census.json). Lease renewed: released 949b0f52f816, acquired f3b256647b52 (75 min). A10 deepdive part 2 + phase on the remaining non-bootstrap cells: b059e735 95649e2c e2334ea7 369f5a5b 63d17a90 1d88af70 b59e6c3a 42716814 (ONGOING), 8e1caf6b (UNRESOLVED), c7d7d2a4 88f94654 (PATTERN_BOOT). deepdive.py rewrites deepdive.json with only its argv cells, so part 1 was copied to out/"
roles/Ananke/research/workers/W-B/LOG.md,50,63d17a90,63d17a90e365e424,evolve,B2,RELAY,0,,,,0,"omes (out/census.json). Lease renewed: released 949b0f52f816, acquired f3b256647b52 (75 min). A10 deepdive part 2 + phase on the remaining non-bootstrap cells: b059e735 95649e2c e2334ea7 369f5a5b 63d17a90 1d88af70 b59e6c3a 42716814 (ONGOING), 8e1caf6b (UNRESOLVED), c7d7d2a4 88f94654 (PATTERN_BOOT). deepdive.py rewrites deepdive.json with only its argv cells, so part 1 was copied to out/deepdive_"
roles/Ananke/research/workers/W-B/LOG.md,50,1d88af70,1d88af703d4dab91,evolve,B2,RELAY,0,,,,0,"/census.json). Lease renewed: released 949b0f52f816, acquired f3b256647b52 (75 min). A10 deepdive part 2 + phase on the remaining non-bootstrap cells: b059e735 95649e2c e2334ea7 369f5a5b 63d17a90 1d88af70 b59e6c3a 42716814 (ONGOING), 8e1caf6b (UNRESOLVED), c7d7d2a4 88f94654 (PATTERN_BOOT). deepdive.py rewrites deepdive.json with only its argv cells, so part 1 was copied to out/deepdive_part1.jso"
roles/Ananke/research/workers/W-B/LOG.md,50,b59e6c3a,b59e6c3afebce00a,evolve,B2,RELAY,0,,,,0,"son). Lease renewed: released 949b0f52f816, acquired f3b256647b52 (75 min). A10 deepdive part 2 + phase on the remaining non-bootstrap cells: b059e735 95649e2c e2334ea7 369f5a5b 63d17a90 1d88af70 b59e6c3a 42716814 (ONGOING), 8e1caf6b (UNRESOLVED), c7d7d2a4 88f94654 (PATTERN_BOOT). deepdive.py rewrites deepdive.json with only its argv cells, so part 1 was copied to out/deepdive_part1.json first."
roles/Ananke/research/workers/W-B/LOG.md,50,42716814,4271681452d29aee,evolve,C,RELAY,0,,,,0,"ease renewed: released 949b0f52f816, acquired f3b256647b52 (75 min). A10 deepdive part 2 + phase on the remaining non-bootstrap cells: b059e735 95649e2c e2334ea7 369f5a5b 63d17a90 1d88af70 b59e6c3a 42716814 (ONGOING), 8e1caf6b (UNRESOLVED), c7d7d2a4 88f94654 (PATTERN_BOOT). deepdive.py rewrites deepdive.json with only its argv cells, so part 1 was copied to out/deepdive_part1.json first. A11 deepd"
roles/Ananke/research/workers/W-B/LOG.md,51,8e1caf6b,8e1caf6bcc7897fb,evolve,B,MAJ,0,,,,0,"949b0f52f816, acquired f3b256647b52 (75 min). A10 deepdive part 2 + phase on the remaining non-bootstrap cells: b059e735 95649e2c e2334ea7 369f5a5b 63d17a90 1d88af70 b59e6c3a 42716814 (ONGOING), 8e1caf6b (UNRESOLVED), c7d7d2a4 88f94654 (PATTERN_BOOT). deepdive.py rewrites deepdive.json with only its argv cells, so part 1 was copied to out/deepdive_part1.json first. A11 deepdive part 2 + phase par"
roles/Ananke/research/workers/W-B/LOG.md,51,c7d7d2a4,c7d7d2a488a86d6f,evolve,B,RELAY,0,,,,0,"f3b256647b52 (75 min). A10 deepdive part 2 + phase on the remaining non-bootstrap cells: b059e735 95649e2c e2334ea7 369f5a5b 63d17a90 1d88af70 b59e6c3a 42716814 (ONGOING), 8e1caf6b (UNRESOLVED), c7d7d2a4 88f94654 (PATTERN_BOOT). deepdive.py rewrites deepdive.json with only its argv cells, so part 1 was copied to out/deepdive_part1.json first. A11 deepdive part 2 + phase part 2 done; merged into o"
roles/Ananke/research/workers/W-B/LOG.md,51,88f94654,88f94654d171e95e,evolve,B,MAJ,0,,,,0,"7b52 (75 min). A10 deepdive part 2 + phase on the remaining non-bootstrap cells: b059e735 95649e2c e2334ea7 369f5a5b 63d17a90 1d88af70 b59e6c3a 42716814 (ONGOING), 8e1caf6b (UNRESOLVED), c7d7d2a4 88f94654 (PATTERN_BOOT). deepdive.py rewrites deepdive.json with only its argv cells, so part 1 was copied to out/deepdive_part1.json first. A11 deepdive part 2 + phase part 2 done; merged into out/deepdi"
roles/Ananke/research/workers/W-B/LOG.md,56,b059e735,b059e735fe16de49,evolve,B,RELAY,0,,,,0,"son first. A11 deepdive part 2 + phase part 2 done; merged into out/deepdive_all.json and out/phase_all.json (18 cells). GPU lease f3b256647b52 released. r swap at mid: NO-EFFECT 17/18, CHANCE 1 (b059e735), FLIP 0. Pin readout r after settling: HURTS 12/18; pin all other sites: exactly 0.000 change in 13/18, HURTS in 3 (95649e2c, 369f5a5b, 42716814). Six RELAY cells show a readout-site excursion"
roles/Ananke/research/workers/W-B/LOG.md,58,95649e2c,95649e2c29e72d45,evolve,B,RELAY,0,,,,0,"se f3b256647b52 released. r swap at mid: NO-EFFECT 17/18, CHANCE 1 (b059e735), FLIP 0. Pin readout r after settling: HURTS 12/18; pin all other sites: exactly 0.000 change in 13/18, HURTS in 3 (95649e2c, 369f5a5b, 42716814). Six RELAY cells show a readout-site excursion to a non-zero rule in mid-interval in worlds of ONE cue sign only, back to rule 0 before the readout tick (Y3 = 0.50). A12 No"
roles/Ananke/research/workers/W-B/LOG.md,58,369f5a5b,369f5a5b745eb592,evolve,B,RELAY,0,,,,0,"47b52 released. r swap at mid: NO-EFFECT 17/18, CHANCE 1 (b059e735), FLIP 0. Pin readout r after settling: HURTS 12/18; pin all other sites: exactly 0.000 change in 13/18, HURTS in 3 (95649e2c, 369f5a5b, 42716814). Six RELAY cells show a readout-site excursion to a non-zero rule in mid-interval in worlds of ONE cue sign only, back to rule 0 before the readout tick (Y3 = 0.50). A12 Non-independ"
roles/Ananke/research/workers/W-B/LOG.md,58,42716814,4271681452d29aee,evolve,C,RELAY,0,,,,0,"ased. r swap at mid: NO-EFFECT 17/18, CHANCE 1 (b059e735), FLIP 0. Pin readout r after settling: HURTS 12/18; pin all other sites: exactly 0.000 change in 13/18, HURTS in 3 (95649e2c, 369f5a5b, 42716814). Six RELAY cells show a readout-site excursion to a non-zero rule in mid-interval in worlds of ONE cue sign only, back to rule 0 before the readout tick (Y3 = 0.50). A12 Non-independence check"
roles/Ananke/research/workers/W-B/LOG.md,63,c939c3c7,c939c3c7271e65d2,evolve,A,RELAY,0,,held,158,0,"mid-interval in worlds of ONE cue sign only, back to rule 0 before the readout tick (Y3 = 0.50). A12 Non-independence check: no identical genomes, but 5 of the 12 ONGOING cells share C1 lineage c939c3c7 (itself + 4 wave-B children with parent c939c3c7271e65d2). Effective n for ""ONGOING"" is smaller than 12. A13 Scorecard vs PLAN: Part 1 all predictions held. Census: UNIFORM_BOOT 25/42 = 59.5% (pr"
roles/Ananke/research/workers/W-B/LOG.md,64,c939c3c7271e65d2,c939c3c7271e65d2,evolve,A,RELAY,0,,held,99,0,"to rule 0 before the readout tick (Y3 = 0.50). A12 Non-independence check: no identical genomes, but 5 of the 12 ONGOING cells share C1 lineage c939c3c7 (itself + 4 wave-B children with parent c939c3c7271e65d2). Effective n for ""ONGOING"" is smaller than 12. A13 Scorecard vs PLAN: Part 1 all predictions held. Census: UNIFORM_BOOT 25/42 = 59.5% (prediction >= 60%: MISSED narrowly); ONGOING 12/42 = 29% (p"
roles/Ananke/research/workers/W-B/PLAN.md,32,0a23398f20cc41a2,0a23398f20cc41a2,evolve,B,MAJ,0,,,,0,"Paired statistics: d = arm - normal per pair; 99% bootstrap CI (lens.ci). - HURTS: hi99(d) < 0. - EQUIV: lo99(d) > -0.05 (equivalence margin 0.05). - otherwise UNRESOLVED. ## Part 1: M3 specimens (0a23398f20cc41a2, f6b623cdb23afd2c) X1 census: r[B,N] after every tick; partner difference at ANY site/tick (count, not a mean); rule changes after trial 0; settling time. X2 uniform init r:=k before tick 1, k=0.."
roles/Ananke/research/workers/W-B/PLAN.md,32,f6b623cdb23afd2c,f6b623cdb23afd2c,evolve,B,MAJ,0,,,,0,"s: d = arm - normal per pair; 99% bootstrap CI (lens.ci). - HURTS: hi99(d) < 0. - EQUIV: lo99(d) > -0.05 (equivalence margin 0.05). - otherwise UNRESOLVED. ## Part 1: M3 specimens (0a23398f20cc41a2, f6b623cdb23afd2c) X1 census: r[B,N] after every tick; partner difference at ANY site/tick (count, not a mean); rule changes after trial 0; settling time. X2 uniform init r:=k before tick 1, k=0..3, SETRULE frozen"
roles/Ananke/research/workers/W-B/PLAN.md,113,311c465f,311c465fd5a624cb,evolve,A,HOLD,0,,,,0,"worlds whose readout site runs a non-modal rule, split by the sign of y. Y7 static: which rule variants write S0 (disasm). No thresholds. ## Addendum C (after Y6/Y7 on 5 cells): write-gate test, 311c465f and faafa5b0 Y7 shows S0 is written ONLY by rule 1 in both (HOLD, readout = sense site), and Y6 shows the readout enters rule 1 around the cue window. Hypothesis G: rule switching is an input write-g"
roles/Ananke/research/workers/W-B/PLAN.md,113,faafa5b0,faafa5b049e1d4b4,evolve,A,HOLD,0,,,,0,"readout site runs a non-modal rule, split by the sign of y. Y7 static: which rule variants write S0 (disasm). No thresholds. ## Addendum C (after Y6/Y7 on 5 cells): write-gate test, 311c465f and faafa5b0 Y7 shows S0 is written ONLY by rule 1 in both (HOLD, readout = sense site), and Y6 shows the readout enters rule 1 around the cue window. Hypothesis G: rule switching is an input write-gate: rule 1 ="
roles/Ananke/research/workers/W-B/REPORT.md,12,0a23398f,0a23398f20cc41a2,evolve,B,MAJ,0,,,,0,"47b52); it was never BUSY.) Namespace 0x5E5, 64 worlds = 32 mirror pairs, 99% pair bootstrap. Paired verdicts from rules frozen in PLAN.md: HURTS if hi99(d) < 0; EQUIV if lo99(d) > -0.05. ## 1. M3 (0a23398f, f6b623cd): the bootstrap account holds, more narrowly - Mechanism (static, then confirmed): at tick 0 every register is 0. Every rule variant in both genomes has a SETRULE whose A operand is sti"
roles/Ananke/research/workers/W-B/REPORT.md,12,f6b623cd,f6b623cdb23afd2c,evolve,B,MAJ,0,,,,0,"was never BUSY.) Namespace 0x5E5, 64 worlds = 32 mirror pairs, 99% pair bootstrap. Paired verdicts from rules frozen in PLAN.md: HURTS if hi99(d) < 0; EQUIV if lo99(d) > -0.05. ## 1. M3 (0a23398f, f6b623cd): the bootstrap account holds, more narrowly - Mechanism (static, then confirmed): at tick 0 every register is 0. Every rule variant in both genomes has a SETRULE whose A operand is still 0, so e"
roles/Ananke/research/workers/W-B/REPORT.md,46,9bbe8637,9bbe86373465aaf9,evolve,B,RELAY,0,,held,146,0,"Census: 42 C1 cells (SIGNAL, rules > 1, setrule = 1, held lo99 > .55) A random-init freeze HURTS in all 42. Classes (rules frozen before the census): - UNIFORM_BOOT 25 (24 ZERO; 1 settles on rule 1: 9bbe8637), incl. both M3; - PATTERN_BOOT/GENERIC 2 (c7d7d2a4, 88f94654): uniform r := 0 is also EQUIV, so functionally bootstrap; - TRANSIENT 1 (cc18858f, d = -0.02 [-0.056, 0.014]; underpowered); - UNRESOL"
roles/Ananke/research/workers/W-B/REPORT.md,47,c7d7d2a4,c7d7d2a488a86d6f,evolve,B,RELAY,0,,held,198,0,", held lo99 > .55) A random-init freeze HURTS in all 42. Classes (rules frozen before the census): - UNIFORM_BOOT 25 (24 ZERO; 1 settles on rule 1: 9bbe8637), incl. both M3; - PATTERN_BOOT/GENERIC 2 (c7d7d2a4, 88f94654): uniform r := 0 is also EQUIV, so functionally bootstrap; - TRANSIENT 1 (cc18858f, d = -0.02 [-0.056, 0.014]; underpowered); - UNRESOLVED 2 (dd6fdf49: weak cue-independent excursions, fr"
roles/Ananke/research/workers/W-B/REPORT.md,47,88f94654,88f94654d171e95e,evolve,B,MAJ,0,,,,0,"9 > .55) A random-init freeze HURTS in all 42. Classes (rules frozen before the census): - UNIFORM_BOOT 25 (24 ZERO; 1 settles on rule 1: 9bbe8637), incl. both M3; - PATTERN_BOOT/GENERIC 2 (c7d7d2a4, 88f94654): uniform r := 0 is also EQUIV, so functionally bootstrap; - TRANSIENT 1 (cc18858f, d = -0.02 [-0.056, 0.014]; underpowered); - UNRESOLVED 2 (dd6fdf49: weak cue-independent excursions, freeze after"
roles/Ananke/research/workers/W-B/REPORT.md,49,cc18858f,cc18858fdfd34515,evolve,A,HOLD,0,,,,0,"s): - UNIFORM_BOOT 25 (24 ZERO; 1 settles on rule 1: 9bbe8637), incl. both M3; - PATTERN_BOOT/GENERIC 2 (c7d7d2a4, 88f94654): uniform r := 0 is also EQUIV, so functionally bootstrap; - TRANSIENT 1 (cc18858f, d = -0.02 [-0.056, 0.014]; underpowered); - UNRESOLVED 2 (dd6fdf49: weak cue-independent excursions, freeze after settling -0.045; 8e1caf6b: readout mostly in rule 1, all uniform arms HURT); - O"
roles/Ananke/research/workers/W-B/REPORT.md,50,dd6fdf49,dd6fdf49177d6531,evolve,A,HOLD,0,,,,0,". both M3; - PATTERN_BOOT/GENERIC 2 (c7d7d2a4, 88f94654): uniform r := 0 is also EQUIV, so functionally bootstrap; - TRANSIENT 1 (cc18858f, d = -0.02 [-0.056, 0.014]; underpowered); - UNRESOLVED 2 (dd6fdf49: weak cue-independent excursions, freeze after settling -0.045; 8e1caf6b: readout mostly in rule 1, all uniform arms HURT); - ONGOING 12 (9 RELAY, 3 HOLD): freezing after settling HURTS (-0.02 to"
roles/Ananke/research/workers/W-B/REPORT.md,51,8e1caf6b,8e1caf6bcc7897fb,evolve,B,MAJ,0,,,,0,"also EQUIV, so functionally bootstrap; - TRANSIENT 1 (cc18858f, d = -0.02 [-0.056, 0.014]; underpowered); - UNRESOLVED 2 (dd6fdf49: weak cue-independent excursions, freeze after settling -0.045; 8e1caf6b: readout mostly in rule 1, all uniform arms HURT); - ONGOING 12 (9 RELAY, 3 HOLD): freezing after settling HURTS (-0.02 to -0.28). All carry the CUE_CARRYING tag (partner r differs somewhere). Bo"
roles/Ananke/research/workers/W-B/REPORT.md,56,c939c3c7,c939c3c7271e65d2,evolve,A,RELAY,0,,,,0,"ng HURTS (-0.02 to -0.28). All carry the CUE_CARRYING tag (partner r differs somewhere). Bootstrap is sufficient for 27/42 (64%) and clearly fails for 12/42 (29%). 5 of the 12 are from one lineage (c939c3c7 + 4 wave-B children), so there are fewer independent ONGOING cases. ## 3. ONGOING cells: a per-tick conditional branch, not a memory - r is NEVER the carrier: an r-swap at mid-interval gives NO-EFFE"
roles/Ananke/research/workers/W-B/REPORT.md,61,b059e735,b059e735fe16de49,evolve,B,RELAY,0,,,,0,"ere are fewer independent ONGOING cases. ## 3. ONGOING cells: a per-tick conditional branch, not a memory - r is NEVER the carrier: an r-swap at mid-interval gives NO-EFFECT in 17/18, CHANCE in 1 (b059e735, 0.75 -> 0.71), FLIP in 0. At the readout, r predicts y at 0.50-0.65 (best in-sample map). - The need is local to the readout site: pinning the readout's r after settling HURTS in 12/18 (b59e6c3a"
roles/Ananke/research/workers/W-B/REPORT.md,64,b59e6c3a,b59e6c3afebce00a,evolve,B2,RELAY,0,,,,0,"b059e735, 0.75 -> 0.71), FLIP in 0. At the readout, r predicts y at 0.50-0.65 (best in-sample map). - The need is local to the readout site: pinning the readout's r after settling HURTS in 12/18 (b59e6c3a -0.26, 63d17a90 -0.27, b059e735 -0.26, 311c465f -0.28). Pinning every other site changes accuracy by exactly 0.000 in 13/18 (it HURTS only in 95649e2c, 369f5a5b, 42716814). - Timing: in 6 RELAY c"
roles/Ananke/research/workers/W-B/REPORT.md,64,63d17a90,63d17a90e365e424,evolve,B2,RELAY,0,,,,0,"> 0.71), FLIP in 0. At the readout, r predicts y at 0.50-0.65 (best in-sample map). - The need is local to the readout site: pinning the readout's r after settling HURTS in 12/18 (b59e6c3a -0.26, 63d17a90 -0.27, b059e735 -0.26, 311c465f -0.28). Pinning every other site changes accuracy by exactly 0.000 in 13/18 (it HURTS only in 95649e2c, 369f5a5b, 42716814). - Timing: in 6 RELAY cells the readout"
roles/Ananke/research/workers/W-B/REPORT.md,64,b059e735,b059e735fe16de49,evolve,B,RELAY,0,,,,0,"0. At the readout, r predicts y at 0.50-0.65 (best in-sample map). - The need is local to the readout site: pinning the readout's r after settling HURTS in 12/18 (b59e6c3a -0.26, 63d17a90 -0.27, b059e735 -0.26, 311c465f -0.28). Pinning every other site changes accuracy by exactly 0.000 in 13/18 (it HURTS only in 95649e2c, 369f5a5b, 42716814). - Timing: in 6 RELAY cells the readout makes a brief m"
roles/Ananke/research/workers/W-B/REPORT.md,65,311c465f,311c465fd5a624cb,evolve,A,HOLD,0,,,,0,", r predicts y at 0.50-0.65 (best in-sample map). - The need is local to the readout site: pinning the readout's r after settling HURTS in 12/18 (b59e6c3a -0.26, 63d17a90 -0.27, b059e735 -0.26, 311c465f -0.28). Pinning every other site changes accuracy by exactly 0.000 in 13/18 (it HURTS only in 95649e2c, 369f5a5b, 42716814). - Timing: in 6 RELAY cells the readout makes a brief mid-interval excu"
roles/Ananke/research/workers/W-B/REPORT.md,66,95649e2c,95649e2c29e72d45,evolve,B,RELAY,0,,,,0,"readout's r after settling HURTS in 12/18 (b59e6c3a -0.26, 63d17a90 -0.27, b059e735 -0.26, 311c465f -0.28). Pinning every other site changes accuracy by exactly 0.000 in 13/18 (it HURTS only in 95649e2c, 369f5a5b, 42716814). - Timing: in 6 RELAY cells the readout makes a brief mid-interval excursion to a non-zero rule, only in worlds of ONE cue sign, and returns to rule 0 before the readout. A S"
roles/Ananke/research/workers/W-B/REPORT.md,66,369f5a5b,369f5a5b745eb592,evolve,B,RELAY,0,,,,0,"r after settling HURTS in 12/18 (b59e6c3a -0.26, 63d17a90 -0.27, b059e735 -0.26, 311c465f -0.28). Pinning every other site changes accuracy by exactly 0.000 in 13/18 (it HURTS only in 95649e2c, 369f5a5b, 42716814). - Timing: in 6 RELAY cells the readout makes a brief mid-interval excursion to a non-zero rule, only in worlds of ONE cue sign, and returns to rule 0 before the readout. A SIGN-CONDIT"
roles/Ananke/research/workers/W-B/REPORT.md,66,42716814,4271681452d29aee,evolve,C,RELAY,0,,,,0,"settling HURTS in 12/18 (b59e6c3a -0.26, 63d17a90 -0.27, b059e735 -0.26, 311c465f -0.28). Pinning every other site changes accuracy by exactly 0.000 in 13/18 (it HURTS only in 95649e2c, 369f5a5b, 42716814). - Timing: in 6 RELAY cells the readout makes a brief mid-interval excursion to a non-zero rule, only in worlds of ONE cue sign, and returns to rule 0 before the readout. A SIGN-CONDITIONED BRAN"
roles/Ananke/research/workers/W-B/REPORT.md,72,311c465f,311c465fd5a624cb,evolve,A,HOLD,0,,,,0,"efore the readout. A SIGN-CONDITIONED BRANCH, recomputed from state every tick by SETRULE: swapping r does nothing (it is recomputed next tick), while pinning it removes the branch. - HOLD cells (311c465f, faafa5b0; readout = sense site): only rule 1 writes S0 from SENSE, and the site enters rule 1 around cue onset (rule 1 = SAMPLE, rule 0 = HOLD). The frozen hypothesis G (""the gate only blocks"
roles/Ananke/research/workers/W-B/REPORT.md,72,faafa5b0,faafa5b049e1d4b4,evolve,A,HOLD,0,,,,0,"readout. A SIGN-CONDITIONED BRANCH, recomputed from state every tick by SETRULE: swapping r does nothing (it is recomputed next tick), while pinning it removes the branch. - HOLD cells (311c465f, faafa5b0; readout = sense site): only rule 1 writes S0 from SENSE, and the site enters rule 1 around cue onset (rule 1 = SAMPLE, rule 0 = HOLD). The frozen hypothesis G (""the gate only blocks distractor"
roles/Ananke/research/workers/W-B/REPORT.md,77,311c465f,311c465fd5a624cb,evolve,A,HOLD,0,,champion|held,69,0,"LE, rule 0 = HOLD). The frozen hypothesis G (""the gate only blocks distractors"") FAILED: pinned to rule 1 is chance even without distractors. The alternation IS the hold mechanism. - Unexplained: 311c465f falls from 0.76 to 0.55 when distractors are removed. The champion depends on distractor input. ## Predictions Held: all Part-1 (M3) predictions. Failed: UNIFORM_BOOT >= 60% (59.5%); ONGOING <= 20"
roles/Ananke/research/workers/W-B/REPORT.md,86,b59e6c3a,b59e6c3afebce00a,evolve,B2,RELAY,0,,,,0,"ING <= 20% (29%); CUE_CARRYING <= 3 (12, but the tag was weak: by the swap test, r carries the bit in 0 cells); Z2 gate test. ## Proposed threads 1 Branch mechanism: decompile the readout excursion (b59e6c3a, 63d17a90) and test ""recomputed each tick"" directly (swap r AND block SETRULE at the readout for one tick). 2 Engine-card correction (below). 3 Physics confound: the zero-register default privile"
roles/Ananke/research/workers/W-B/REPORT.md,86,63d17a90,63d17a90e365e424,evolve,B2,RELAY,0,,,,0,"(29%); CUE_CARRYING <= 3 (12, but the tag was weak: by the swap test, r carries the bit in 0 cells); Z2 gate test. ## Proposed threads 1 Branch mechanism: decompile the readout excursion (b59e6c3a, 63d17a90) and test ""recomputed each tick"" directly (swap r AND block SETRULE at the readout for one tick). 2 Engine-card correction (below). 3 Physics confound: the zero-register default privileges rule 0"
roles/Ananke/research/workers/W-B/REPORT.md,95,311c465f,311c465fd5a624cb,evolve,A,HOLD,0,,,,0,ls rules > 1 act as a random site-deletion mask at t=0. Future preregs should initialize r = 0 when asking whether rules are USED. 4 A lineage-aware recount of ONGOING. 5 Distractor dependence of 311c465f.
roles/Ananke/research/workers/W-C/NOTES.md,55,4ab2ba01,4ab2ba014aac967e,evolve,C,HOLD,0,,evolved,44,0,"et re-emits it (overwrite), content -> firing (opcode writes). ## 3. What the PTE census found (X1, X1b, X5; raw in out/) Three code classes among the 13 evolved C1 specimens: (a) pure content (M2 4ab2ba01, M3 0a23398f, f6b623cd; also MAJ 613162a3 and HOLD 85ca202e in site state): no firing or count difference at all between single-cue twins; content-null -> chance where the channel carr"
roles/Ananke/research/workers/W-C/NOTES.md,55,0a23398f,0a23398f20cc41a2,evolve,B,MAJ,0,,evolved,57,0,"t (overwrite), content -> firing (opcode writes). ## 3. What the PTE census found (X1, X1b, X5; raw in out/) Three code classes among the 13 evolved C1 specimens: (a) pure content (M2 4ab2ba01, M3 0a23398f, f6b623cd; also MAJ 613162a3 and HOLD 85ca202e in site state): no firing or count difference at all between single-cue twins; content-null -> chance where the channel carries the bit."
roles/Ananke/research/workers/W-C/NOTES.md,55,f6b623cd,f6b623cdb23afd2c,evolve,B,MAJ,0,,evolved,67,0,"te), content -> firing (opcode writes). ## 3. What the PTE census found (X1, X1b, X5; raw in out/) Three code classes among the 13 evolved C1 specimens: (a) pure content (M2 4ab2ba01, M3 0a23398f, f6b623cd; also MAJ 613162a3 and HOLD 85ca202e in site state): no firing or count difference at all between single-cue twins; content-null -> chance where the channel carries the bit. (b) sourc"
roles/Ananke/research/workers/W-C/NOTES.md,55,613162a3,613162a306938de7,evolve,C,MAJ,0,,evolved,86,0,"ing (opcode writes). ## 3. What the PTE census found (X1, X1b, X5; raw in out/) Three code classes among the 13 evolved C1 specimens: (a) pure content (M2 4ab2ba01, M3 0a23398f, f6b623cd; also MAJ 613162a3 and HOLD 85ca202e in site state): no firing or count difference at all between single-cue twins; content-null -> chance where the channel carries the bit. (b) source presence (RELAY 3"
roles/Ananke/research/workers/W-C/NOTES.md,56,85ca202e,85ca202e89057873,evolve,B,HOLD,0,,evolved,109,0,"# 3. What the PTE census found (X1, X1b, X5; raw in out/) Three code classes among the 13 evolved C1 specimens: (a) pure content (M2 4ab2ba01, M3 0a23398f, f6b623cd; also MAJ 613162a3 and HOLD 85ca202e in site state): no firing or count difference at all between single-cue twins; content-null -> chance where the channel carries the bit. (b) source presence (RELAY 31cd2a8a, 62a7fff9, bbef"
roles/Ananke/research/workers/W-C/NOTES.md,59,31cd2a8a,31cd2a8a9b572a50,evolve,B2,RELAY,0,,,,0,"3 and HOLD 85ca202e in site state): no firing or count difference at all between single-cue twins; content-null -> chance where the channel carries the bit. (b) source presence (RELAY 31cd2a8a, 62a7fff9, bbef66a1; HOLD ab089e45, 7b7b025e; MAJ 4781b0a1): the sensor fires or stays silent by cue sign, every fire difference is at a sensor, the packets then travel unchanged; wher"
roles/Ananke/research/workers/W-C/NOTES.md,59,62a7fff9,62a7fff921ca3bd8,evolve,B,RELAY,0,,,,0,"HOLD 85ca202e in site state): no firing or count difference at all between single-cue twins; content-null -> chance where the channel carries the bit. (b) source presence (RELAY 31cd2a8a, 62a7fff9, bbef66a1; HOLD ab089e45, 7b7b025e; MAJ 4781b0a1): the sensor fires or stays silent by cue sign, every fire difference is at a sensor, the packets then travel unchanged; where the chan"
roles/Ananke/research/workers/W-C/NOTES.md,59,bbef66a1,bbef66a1ee9558ac,evolve,B,RELAY,0,,,,0,"202e in site state): no firing or count difference at all between single-cue twins; content-null -> chance where the channel carries the bit. (b) source presence (RELAY 31cd2a8a, 62a7fff9, bbef66a1; HOLD ab089e45, 7b7b025e; MAJ 4781b0a1): the sensor fires or stays silent by cue sign, every fire difference is at a sensor, the packets then travel unchanged; where the channel carrie"
roles/Ananke/research/workers/W-C/NOTES.md,59,ab089e45,ab089e45b85e990b,evolve,B,HOLD,0,,,,0,"ate): no firing or count difference at all between single-cue twins; content-null -> chance where the channel carries the bit. (b) source presence (RELAY 31cd2a8a, 62a7fff9, bbef66a1; HOLD ab089e45, 7b7b025e; MAJ 4781b0a1): the sensor fires or stays silent by cue sign, every fire difference is at a sensor, the packets then travel unchanged; where the channel carries the bit, cont"
roles/Ananke/research/workers/W-C/NOTES.md,60,7b7b025e,7b7b025e7ee58f2b,evolve,B2,HOLD,0,,,,0,"or count difference at all between single-cue twins; content-null -> chance where the channel carries the bit. (b) source presence (RELAY 31cd2a8a, 62a7fff9, bbef66a1; HOLD ab089e45, 7b7b025e; MAJ 4781b0a1): the sensor fires or stays silent by cue sign, every fire difference is at a sensor, the packets then travel unchanged; where the channel carries the bit, content-null leaves"
roles/Ananke/research/workers/W-C/NOTES.md,60,4781b0a1,4781b0a172b6dc3c,evolve,C,MAJ,0,,,,0,"erence at all between single-cue twins; content-null -> chance where the channel carries the bit. (b) source presence (RELAY 31cd2a8a, 62a7fff9, bbef66a1; HOLD ab089e45, 7b7b025e; MAJ 4781b0a1): the sensor fires or stays silent by cue sign, every fire difference is at a sensor, the packets then travel unchanged; where the channel carries the bit, content-null leaves accuracy inta"
roles/Ananke/research/workers/W-C/NOTES.md,66,c16d5231,c16d52319beb8bce,evolve,B2,RELAY,0,,,,0,"content"" because their readers read IN sums, not CNT: exactly the P-FIRE-SUM plant's signature (payload FLIP, counts NO-EFFECT). (c) receipt-triggered relay firing, the `rcv` analogue (RELAY c16d5231, 4.2 fire-difference sites per pair, 66% of non-sensor fire differences with a delivery difference that tick; HOLD a0a5244d, 1.75): mixed; c16d needs content too (content-null 0.84 ->"
roles/Ananke/research/workers/W-C/NOTES.md,68,a0a5244d,a0a5244d375cd0e7,evolve,B,HOLD,0,,,,0,"). (c) receipt-triggered relay firing, the `rcv` analogue (RELAY c16d5231, 4.2 fire-difference sites per pair, 66% of non-sensor fire differences with a delivery difference that tick; HOLD a0a5244d, 1.75): mixed; c16d needs content too (content-null 0.84 -> 0.63). Counts-swap reach: in 5/13 specimens Mcnt is identical between mirror partners in >= 98% of pairs, so their counts NO-EFFECT co"
roles/Ananke/research/workers/W-C/PLAN.md,49,4ab2ba01,4ab2ba014aac967e,evolve,C,HOLD,0,,evolved,138,0,"""who fired""); - sites that emit in both twins with different payload = PAYLOAD-ONLY. Report presence share = PRESENCE/(PRESENCE+CONTENT-ONLY) and fire share = FIRE/(FIRE+PAYLOAD-ONLY). Specimens: M2 4ab2ba01, the 12 C1 D-wave cells, and two plants (X3). Predictions: X1-P1 M2: presence share <= 0.10 and fire share <= 0.10. X1-P2 Every evolved specimen whose S-CT verdict was payload FLIP (channel"
roles/Ananke/research/workers/W-E/LOG.md,35,f7e62fe3,f7e62fe3c7c78ca5,adjudicate,D,RELAY,0,,,,0,"(exploratory Addendum B): first launch crashed (numpy 2 solve needs a trailing [...,None] rhs); fixed and relaunched. Relaunched explore_hist.py ran 18/18 (16 specimens + 2 controls), ~5 min. D_f7e62fe3 w_sum A 0.97-0.88 at j=1..6, Holm adj p 0.0056 (post-hoc family of 112); C-POS 0.67-0.80; others chance at j>=2. out/explore_hist*.json. Attempt 5 (descriptive probe_trace.py): persisting twin dif"
roles/Ananke/research/workers/W-E/LOG.md,40,f7e62fe3,f7e62fe3c7c78ca5,adjudicate,D,RELAY,0,,,,0,j>=2. out/explore_hist*.json. Attempt 5 (descriptive probe_trace.py): persisting twin differences at end of trial k+1 and k+6 are FROZEN single-element scars (identical value sets j=1 vs j=6): D_f7e62fe3 w 4 elems 32/32 signed; M2_fresh3 w 1 elem +-8 32/32 signed; D_0ad7dc00 Kp 1 elem ~216 22/22 signed; D_6a47bd68 S 1 elem 25/25 signed. Summary (summarize.py -> out/summary.json): preregistered dec
roles/Ananke/research/workers/W-E/LOG.md,41,0ad7dc00,0ad7dc00f146326f,adjudicate,D,HOLD,0,,,,0,"sisting twin differences at end of trial k+1 and k+6 are FROZEN single-element scars (identical value sets j=1 vs j=6): D_f7e62fe3 w 4 elems 32/32 signed; M2_fresh3 w 1 elem +-8 32/32 signed; D_0ad7dc00 Kp 1 elem ~216 22/22 signed; D_6a47bd68 S 1 elem 25/25 signed. Summary (summarize.py -> out/summary.json): preregistered decision NO (min Holm single p at j>=2 = 0.149). Labels: 7 FORGETS, 5 DIVER"
roles/Ananke/research/workers/W-E/LOG.md,41,6a47bd68,6a47bd68d0494b86,adjudicate,D,HOLD,0,,,,0,"al k+1 and k+6 are FROZEN single-element scars (identical value sets j=1 vs j=6): D_f7e62fe3 w 4 elems 32/32 signed; M2_fresh3 w 1 elem +-8 32/32 signed; D_0ad7dc00 Kp 1 elem ~216 22/22 signed; D_6a47bd68 S 1 elem 25/25 signed. Summary (summarize.py -> out/summary.json): preregistered decision NO (min Holm single p at j>=2 = 0.149). Labels: 7 FORGETS, 5 DIVERGES-UNREC (4 with paired Holm-signific"
roles/Ananke/research/workers/W-E/PLAN.md,15,4ab2ba01,4ab2ba014aac967e,evolve,C,HOLD,0,,champion,40,0,"s/env from the row. Carrier class from spikes/out/s_ct.json keyed by the row's parent[:8] (site-state FLIP / in-flight FLIP / joint = neither FLIPs). - 4 M2 champions: spikes/out/champions_m2.json (4ab2ba01, fresh1..3); physics/env from c1b_run.load('4ab2ba014aac967e') (HOLD, ring, in-flight pay1 carrier). All 16 envs have trials = 12, so k = 3 and lags j = 0..6 (trials 3..9) fit. ## Construction: si"
roles/Ananke/research/workers/W-E/PLAN.md,16,4ab2ba014aac967e,4ab2ba014aac967e,evolve,C,HOLD,0,,champion,96,0,"json keyed by the row's parent[:8] (site-state FLIP / in-flight FLIP / joint = neither FLIPs). - 4 M2 champions: spikes/out/champions_m2.json (4ab2ba01, fresh1..3); physics/env from c1b_run.load('4ab2ba014aac967e') (HOLD, ring, in-flight pay1 carrier). All 16 envs have trials = 12, so k = 3 and lags j = 0..6 (trials 3..9) fit. ## Construction: single-cue twins As lens.cue_arrival_profile: for each pair (2p,"
roles/Ananke/research/workers/W-E/PLAN.md,96,31cd2a8a,31cd2a8a9b572a50,evolve,B2,RELAY,0,,,,0,"by each cue): FORGETS - the next cue overwrites the latch; residual differences in E / in-flight should drain within a trial. Merge by k+1. P2 RELAY in-flight carriers on rings with decay_shift 0 (31cd2a8a, 62a7fff9, c16d5231 parents): more likely to keep undecayed residue somewhere (S dims not driven, Kp via WIMM, w); I predict some pairs never merge, but the residue is not sign-consistent ->"
roles/Ananke/research/workers/W-E/PLAN.md,96,62a7fff9,62a7fff921ca3bd8,evolve,B,RELAY,0,,,,0,"e): FORGETS - the next cue overwrites the latch; residual differences in E / in-flight should drain within a trial. Merge by k+1. P2 RELAY in-flight carriers on rings with decay_shift 0 (31cd2a8a, 62a7fff9, c16d5231 parents): more likely to keep undecayed residue somewhere (S dims not driven, Kp via WIMM, w); I predict some pairs never merge, but the residue is not sign-consistent -> DIVERGES-"
roles/Ananke/research/workers/W-E/PLAN.md,97,c16d5231,c16d52319beb8bce,evolve,B2,RELAY,0,,,,0,"the next cue overwrites the latch; residual differences in E / in-flight should drain within a trial. Merge by k+1. P2 RELAY in-flight carriers on rings with decay_shift 0 (31cd2a8a, 62a7fff9, c16d5231 parents): more likely to keep undecayed residue somewhere (S dims not driven, Kp via WIMM, w); I predict some pairs never merge, but the residue is not sign-consistent -> DIVERGES-UNRECOVERABLE"
roles/Ananke/research/workers/W-E/PLAN.md,141,9e72f9b6,9e72f9b676ffb985,adjudicate,D,MAJ,0,,,,0,"he baseline-identity EFFECTIVE (G5 checked on a subset) and log it. ## Addendum A (still before any run, 2026-09-27) Physics check after writing: the 5 ring D cells with decay_shift 0 (RELAY x4, MAJ 9e72f9b6) have plastic_route = 1 and wimm = 1, so w (routing weights, clamped 0..1023, never decayed) and Kp are candidate PERMANENT carriers of a cue-dependent difference. MAJ M3 cells (023539c4, feadc823) h"
roles/Ananke/research/workers/W-E/PLAN.md,143,023539c4,023539c40c3280dd,adjudicate,D,MAJ,0,,,,0,"ELAY x4, MAJ 9e72f9b6) have plastic_route = 1 and wimm = 1, so w (routing weights, clamped 0..1023, never decayed) and Kp are candidate PERMANENT carriers of a cue-dependent difference. MAJ M3 cells (023539c4, feadc823) have setrule = 1 (rules = 4), so r is a candidate carrier there. This sharpens P2/P4 (where RR would come from) but changes no definition, threshold or rule. The global HOLD cells have eco"
roles/Ananke/research/workers/W-E/PLAN.md,143,feadc823,feadc823383aa6a1,adjudicate,D,MAJ,0,,,,0,"AJ 9e72f9b6) have plastic_route = 1 and wimm = 1, so w (routing weights, clamped 0..1023, never decayed) and Kp are candidate PERMANENT carriers of a cue-dependent difference. MAJ M3 cells (023539c4, feadc823) have setrule = 1 (rules = 4), so r is a candidate carrier there. This sharpens P2/P4 (where RR would come from) but changes no definition, threshold or rule. The global HOLD cells have economy on (e"
roles/Ananke/research/workers/W-E/PLAN.md,152,f7e62fe3,f7e62fe3c7c78ca5,adjudicate,D,RELAY,0,,,,0,"r seeing the census; EXPLORATORY ONLY) Seen: primary decision = NO (no Holm-significant single decoder at j >= 2), but the preregistered paired decoder is at its floor (A = 1.0, Holm p = 0.0056) in D_f7e62fe3 and M2_fresh3 via w_sum at every j = 2..6, and the C-POS integrator showed the single decoder cannot see a trace superposed on the other trials' cues. Exploratory question: is cue k recoverable from"
roles/Ananke/research/workers/W-E/REPORT.md,27,4ab2ba01,4ab2ba014aac967e,evolve,C,HOLD,0,,champion,87,0,"the twin's baseline answer in every world; G6 noise calibration p < .05 in 5.0% (single) and 3.0% (paired). PER CHAMPION FORGETS (7): D_67ddd858, D_223acaee, D_a8f4ea11, D_023539c4, D_feadc823, M2_4ab2ba01, M2_fresh1. Twins are bit-identical 1-11 ticks after the readout; decoders are exactly 0.5 afterwards. DIVERGES-UNRECOVERABLE (5, preregistered label). In 4, the PAIRED (twin-difference) decoder"
roles/Ananke/research/workers/W-E/REPORT.md,32,f7e62fe3,f7e62fe3c7c78ca5,adjudicate,D,RELAY,0,,,,0,"coders are exactly 0.5 afterwards. DIVERGES-UNRECOVERABLE (5, preregistered label). In 4, the PAIRED (twin-difference) decoder is Holm-significant, so the difference is cue-signed, not chaos: D_f7e62fe3 (w only; paired 1.00 at every lag), D_6a47bd68 (S; 0.89-0.91), D_0ad7dc00 (Kp+S; 0.80-0.84), D_e79e72df (Kp+S; 0.61-0.84), D_9e72f9b6 (Kp+S; 0.72-0.75, Holm p .09 n.s.). MIXED, slow merge (2): D_"
roles/Ananke/research/workers/W-E/REPORT.md,32,6a47bd68,6a47bd68d0494b86,adjudicate,D,HOLD,0,,,,0,"ECOVERABLE (5, preregistered label). In 4, the PAIRED (twin-difference) decoder is Holm-significant, so the difference is cue-signed, not chaos: D_f7e62fe3 (w only; paired 1.00 at every lag), D_6a47bd68 (S; 0.89-0.91), D_0ad7dc00 (Kp+S; 0.80-0.84), D_e79e72df (Kp+S; 0.61-0.84), D_9e72f9b6 (Kp+S; 0.72-0.75, Holm p .09 n.s.). MIXED, slow merge (2): D_5673ea4e (median merge 65 ticks after the reado"
roles/Ananke/research/workers/W-E/REPORT.md,33,0ad7dc00,0ad7dc00f146326f,adjudicate,D,HOLD,0,,,,0,"label). In 4, the PAIRED (twin-difference) decoder is Holm-significant, so the difference is cue-signed, not chaos: D_f7e62fe3 (w only; paired 1.00 at every lag), D_6a47bd68 (S; 0.89-0.91), D_0ad7dc00 (Kp+S; 0.80-0.84), D_e79e72df (Kp+S; 0.61-0.84), D_9e72f9b6 (Kp+S; 0.72-0.75, Holm p .09 n.s.). MIXED, slow merge (2): D_5673ea4e (median merge 65 ticks after the readout), D_544f3d24 (81-119). I"
roles/Ananke/research/workers/W-E/REPORT.md,33,e79e72df,e79e72df8f04e836,adjudicate,D,RELAY,0,,,,0,"in-difference) decoder is Holm-significant, so the difference is cue-signed, not chaos: D_f7e62fe3 (w only; paired 1.00 at every lag), D_6a47bd68 (S; 0.89-0.91), D_0ad7dc00 (Kp+S; 0.80-0.84), D_e79e72df (Kp+S; 0.61-0.84), D_9e72f9b6 (Kp+S; 0.72-0.75, Holm p .09 n.s.). MIXED, slow merge (2): D_5673ea4e (median merge 65 ticks after the readout), D_544f3d24 (81-119). INTERFERES (2): M2_fresh2, M2_f"
roles/Ananke/research/workers/W-E/REPORT.md,33,9e72f9b6,9e72f9b676ffb985,adjudicate,D,MAJ,0,,,,0,"-significant, so the difference is cue-signed, not chaos: D_f7e62fe3 (w only; paired 1.00 at every lag), D_6a47bd68 (S; 0.89-0.91), D_0ad7dc00 (Kp+S; 0.80-0.84), D_e79e72df (Kp+S; 0.61-0.84), D_9e72f9b6 (Kp+S; 0.72-0.75, Holm p .09 n.s.). MIXED, slow merge (2): D_5673ea4e (median merge 65 ticks after the readout), D_544f3d24 (81-119). INTERFERES (2): M2_fresh2, M2_fresh3. They diverge chaoticall"
roles/Ananke/research/workers/W-E/REPORT.md,35,5673ea4e,5673ea4e12761924,adjudicate,D,HOLD,0,,,,0,"(w only; paired 1.00 at every lag), D_6a47bd68 (S; 0.89-0.91), D_0ad7dc00 (Kp+S; 0.80-0.84), D_e79e72df (Kp+S; 0.61-0.84), D_9e72f9b6 (Kp+S; 0.72-0.75, Holm p .09 n.s.). MIXED, slow merge (2): D_5673ea4e (median merge 65 ticks after the readout), D_544f3d24 (81-119). INTERFERES (2): M2_fresh2, M2_fresh3. They diverge chaotically in every carrier; later answers change in 9-34% of pairs, with a sig"
roles/Ananke/research/workers/W-E/REPORT.md,36,544f3d24,544f3d24e7b684d6,adjudicate,D,MAJ,0,,,,0,"-0.91), D_0ad7dc00 (Kp+S; 0.80-0.84), D_e79e72df (Kp+S; 0.61-0.84), D_9e72f9b6 (Kp+S; 0.72-0.75, Holm p .09 n.s.). MIXED, slow merge (2): D_5673ea4e (median merge 65 ticks after the readout), D_544f3d24 (81-119). INTERFERES (2): M2_fresh2, M2_fresh3. They diverge chaotically in every carrier; later answers change in 9-34% of pairs, with a signed interference of ~0 (no consistent direction). SUR"
roles/Ananke/research/workers/W-E/REPORT.md,43,f7e62fe3,f7e62fe3c7c78ca5,adjudicate,D,RELAY,0,,,,0,"signed interference of ~0 (no consistent direction). SURPRISES 1 FROZEN SIGNED ""SCARS"": a write at trial k to a non-decaying plastic store is never overwritten (the same value at j=1 and j=6): D_f7e62fe3 4 w elements (32/32 pairs signed); M2_fresh3 one w element +-8 (32/32); D_0ad7dc00 one Kp element ~216 (22/22); D_6a47bd68 one S element 5-22 (25/25). NONE changes a later answer (EFFECTIVE = 0"
roles/Ananke/research/workers/W-E/REPORT.md,45,0ad7dc00,0ad7dc00f146326f,adjudicate,D,HOLD,0,,,,0,"S"": a write at trial k to a non-decaying plastic store is never overwritten (the same value at j=1 and j=6): D_f7e62fe3 4 w elements (32/32 pairs signed); M2_fresh3 one w element +-8 (32/32); D_0ad7dc00 one Kp element ~216 (22/22); D_6a47bd68 one S element 5-22 (25/25). NONE changes a later answer (EFFECTIVE = 0 outside fresh2/3). 2 The primary decoder cannot see a trace buried under the other tri"
roles/Ananke/research/workers/W-E/REPORT.md,45,6a47bd68,6a47bd68d0494b86,adjudicate,D,HOLD,0,,,,0,plastic store is never overwritten (the same value at j=1 and j=6): D_f7e62fe3 4 w elements (32/32 pairs signed); M2_fresh3 one w element +-8 (32/32); D_0ad7dc00 one Kp element ~216 (22/22); D_6a47bd68 one S element 5-22 (25/25). NONE changes a later answer (EFFECTIVE = 0 outside fresh2/3). 2 The primary decoder cannot see a trace buried under the other trials' cues (C-POS integrator: single 0.
roles/Ananke/research/workers/W-E/REPORT.md,48,f7e62fe3,f7e62fe3c7c78ca5,adjudicate,D,RELAY,0,,,,0,"(25/25). NONE changes a later answer (EFFECTIVE = 0 outside fresh2/3). 2 The primary decoder cannot see a trace buried under the other trials' cues (C-POS integrator: single 0.59-0.64, paired 1.0; f7e62fe3 the same). 3 EXPLORATORY, post hoc (Addendum B): a single-world decoder that regresses out the known other trials' targets recovers cue k from D_f7e62fe3's w_sum at 0.97/0.97/0.94/0.89/0.88/0.89"
roles/Ananke/research/workers/W-E/REPORT.md,63,f7e62fe3,f7e62fe3c7c78ca5,adjudicate,D,RELAY,0,,,,0,"ers forget within one trial. The retaining stores are WRITTEN BUT NEVER READ by the task mechanism. PROPOSED THREADS: T-RET-2 (a preregistered confirmation with the history-aware decoder as primary; f7e62fe3 / fresh3 / 0ad7dc00 / 6a47bd68; k in {2,3,5}); T-SI-SCAR (is the trial-k w-write in f7e62fe3 selectively irreversible? can later input erase it, i.e. make the twins merge? can a w-only swap ever make"
roles/Ananke/research/workers/W-E/REPORT.md,63,0ad7dc00,0ad7dc00f146326f,adjudicate,D,HOLD,0,,,,0,"e trial. The retaining stores are WRITTEN BUT NEVER READ by the task mechanism. PROPOSED THREADS: T-RET-2 (a preregistered confirmation with the history-aware decoder as primary; f7e62fe3 / fresh3 / 0ad7dc00 / 6a47bd68; k in {2,3,5}); T-SI-SCAR (is the trial-k w-write in f7e62fe3 selectively irreversible? can later input erase it, i.e. make the twins merge? can a w-only swap ever make it effective?); T-R"
roles/Ananke/research/workers/W-E/REPORT.md,63,6a47bd68,6a47bd68d0494b86,adjudicate,D,HOLD,0,,,,0,"e retaining stores are WRITTEN BUT NEVER READ by the task mechanism. PROPOSED THREADS: T-RET-2 (a preregistered confirmation with the history-aware decoder as primary; f7e62fe3 / fresh3 / 0ad7dc00 / 6a47bd68; k in {2,3,5}); T-SI-SCAR (is the trial-k w-write in f7e62fe3 selectively irreversible? can later input erase it, i.e. make the twins merge? can a w-only swap ever make it effective?); T-RET-3 (where"
roles/Ananke/research/workers/W-E/REPORT.md,64,f7e62fe3,f7e62fe3c7c78ca5,adjudicate,D,RELAY,0,,,,0,"anism. PROPOSED THREADS: T-RET-2 (a preregistered confirmation with the history-aware decoder as primary; f7e62fe3 / fresh3 / 0ad7dc00 / 6a47bd68; k in {2,3,5}); T-SI-SCAR (is the trial-k w-write in f7e62fe3 selectively irreversible? can later input erase it, i.e. make the twins merge? can a w-only swap ever make it effective?); T-RET-3 (where the scar elements sit). Instrument note: sum-sign decoders ar"
roles/Ananke/research/workers/W-F/BACKLOG_T-CT-1_UPDATE.md,7,4ab2ba01,4ab2ba014aac967e,evolve,C,HOLD,0,,,,0,"le.csv): all 166 C1 SIGNAL cells, carrier_table at the c1b mid tick. 124 readable: SITE 92, JOINT 14, CHANNEL 13, ELSEWHERE 5 (42 UNREADABLE). HOLD is site-carried (81/85; the one CHANNEL is M2 4ab2ba01). Decision: FAMILY SELECTS (depth-2 physics tree 0.730 vs family-only 0.797 CV; gain -0.07). Inside RELAY/MAJ nothing predicts the class (~0.40, 11 physics points), and one RELAY physics+env po"
roles/Ananke/research/workers/W-F/LOG.md,6,523e5f65,523e5f65ce7102ef,evolve,A,HOLD,0,,,,0,"MMON_RULES, INSTRUMENT_CARRIER_SWAP, lens.py, spikes/s_ct.py + out/s_ct.json, c1b.ticks. Counted SIGNAL cells from rows (no simulation): 166. Wrote PLAN.md (frozen) before any run. A1 CPU smoke 523e5f65 (1 cell, 2 threads): 64 s, class SITE (smoke file out/smoke_cpu.jsonl; not part of census). GPU lease acquired token 677c5f429901 ttl 90 min. A2 23:16Z GPU smoke 523e5f65: 71 s (GPU slower than CPU;"
roles/Ananke/research/workers/W-F/LOG.md,7,523e5f65,523e5f65ce7102ef,evolve,A,HOLD,0,,,,0,"before any run. A1 CPU smoke 523e5f65 (1 cell, 2 threads): 64 s, class SITE (smoke file out/smoke_cpu.jsonl; not part of census). GPU lease acquired token 677c5f429901 ttl 90 min. A2 23:16Z GPU smoke 523e5f65: 71 s (GPU slower than CPU; eager loop is launch-bound); CPU/GPU tables identical. cpu8 BUSY (W-A) so ran 2 GPU shard processes, 1 thread each (within the 2-thread rule): out/census_s{0,1}.jsonl. A3"
roles/Ananke/research/workers/W-F/LOG.md,18,62a7fff9,62a7fff921ca3bd8,evolve,B,RELAY,0,,,,0,"LAY physics+env point holds SITE 4 / CHANNEL 4 / JOINT 4. JOINT cells: site_acc + chan_acc = 0.999 (complementary mixture, 14/14). Pilot-overlap check: 10/12 same class; the 2 RELAY changes (62a7fff9 CHANNEL->SITE, c16d5231 CHANNEL->JOINT) follow from my mid tick being 1 tick later than the pilot's (F2 handoff), declared in PLAN. A6 REPORT.md write refused by harness; full report delivered in"
roles/Ananke/research/workers/W-F/LOG.md,18,c16d5231,c16d52319beb8bce,evolve,B2,RELAY,0,,,,0,"holds SITE 4 / CHANNEL 4 / JOINT 4. JOINT cells: site_acc + chan_acc = 0.999 (complementary mixture, 14/14). Pilot-overlap check: 10/12 same class; the 2 RELAY changes (62a7fff9 CHANNEL->SITE, c16d5231 CHANNEL->JOINT) follow from my mid tick being 1 tick later than the pilot's (F2 handoff), declared in PLAN. A6 REPORT.md write refused by harness; full report delivered in the final message to Ana"
roles/Ananke/research/workers/W-F/REPORT.md,35,4ab2ba01,4ab2ba014aac967e,evolve,C,HOLD,0,,held,90,0,"epeats -0.126 to -0.028) -> FAMILY SELECTS. The physics-only tree collapses to ""SITE"". Physics+family 0.807. HELD - HOLD is site-carried (81/85 readable). The only HOLD CHANNEL cell is the M2 echo 4ab2ba01 (pay1). - CHANNEL cells carry the bit on ONE payload component (pay1 x7, pay0 x3, pay3 x2). One cell (a02aa099) is COUNT-coded. - All 6 MAJ CHANNEL cells share one physics point (dest all, decay 3,"
roles/Ananke/research/workers/W-F/REPORT.md,37,a02aa099,a02aa0990f0b9da9,evolve,B2,RELAY,0,,,,0,"D - HOLD is site-carried (81/85 readable). The only HOLD CHANNEL cell is the M2 echo 4ab2ba01 (pay1). - CHANNEL cells carry the bit on ONE payload component (pay1 x7, pay0 x3, pay3 x2). One cell (a02aa099) is COUNT-coded. - All 6 MAJ CHANNEL cells share one physics point (dest all, decay 3, lat_base 4, pw 4, delta 4 = the M3 physics) and stay channel-carried at the late tick. - The 12-cell pilot a"
roles/Ananke/research/workers/W-F/REPORT.md,52,31cd2a8a,31cd2a8a9b572a50,evolve,B2,RELAY,0,,,,0,"arrier. 2 JOINT is a per-trial PHASE MIXTURE, not a joint code: in 14/14 JOINT cells site_acc + chan_acc = 1.00 (mean .999). At the late tick 5 JOINT -> SITE and 9 -> ELSEWHERE; the CHANNEL cells 31cd2a8a, 4316f167 and ed16c553 -> SITE. Reading: a channel -> site-latch handoff whose transit time varies. The 2 pilot disagreements follow (the mid tick is up to 1 later: 62a7fff9 CHANNEL->SITE, c16d"
roles/Ananke/research/workers/W-F/REPORT.md,52,4316f167,4316f167de9424be,evolve,D,RELAY,0,,,,0,"JOINT is a per-trial PHASE MIXTURE, not a joint code: in 14/14 JOINT cells site_acc + chan_acc = 1.00 (mean .999). At the late tick 5 JOINT -> SITE and 9 -> ELSEWHERE; the CHANNEL cells 31cd2a8a, 4316f167 and ed16c553 -> SITE. Reading: a channel -> site-latch handoff whose transit time varies. The 2 pilot disagreements follow (the mid tick is up to 1 later: 62a7fff9 CHANNEL->SITE, c16d5231 CHANN"
roles/Ananke/research/workers/W-F/REPORT.md,53,ed16c553,ed16c5532e2398cd,evolve,B2,RELAY,0,,,,0,"trial PHASE MIXTURE, not a joint code: in 14/14 JOINT cells site_acc + chan_acc = 1.00 (mean .999). At the late tick 5 JOINT -> SITE and 9 -> ELSEWHERE; the CHANNEL cells 31cd2a8a, 4316f167 and ed16c553 -> SITE. Reading: a channel -> site-latch handoff whose transit time varies. The 2 pilot disagreements follow (the mid tick is up to 1 later: 62a7fff9 CHANNEL->SITE, c16d5231 CHANNEL->JOINT). Thi"
roles/Ananke/research/workers/W-F/REPORT.md,55,62a7fff9,62a7fff921ca3bd8,evolve,B,RELAY,0,,champion,148,0,"; the CHANNEL cells 31cd2a8a, 4316f167 and ed16c553 -> SITE. Reading: a channel -> site-latch handoff whose transit time varies. The 2 pilot disagreements follow (the mid tick is up to 1 later: 62a7fff9 CHANNEL->SITE, c16d5231 CHANNEL->JOINT). This fits the 4781b0a1 reframing. 3 ELSEWHERE is mostly the absolute FLIP threshold biting weak champions (3/5 are HOLD with site acc .31-.37 ~ 1 - normal"
roles/Ananke/research/workers/W-F/REPORT.md,55,c16d5231,c16d52319beb8bce,evolve,B2,RELAY,0,,champion,124,0,"2a8a, 4316f167 and ed16c553 -> SITE. Reading: a channel -> site-latch handoff whose transit time varies. The 2 pilot disagreements follow (the mid tick is up to 1 later: 62a7fff9 CHANNEL->SITE, c16d5231 CHANNEL->JOINT). This fits the 4781b0a1 reframing. 3 ELSEWHERE is mostly the absolute FLIP threshold biting weak champions (3/5 are HOLD with site acc .31-.37 ~ 1 - normal, hi99 just over .40; tw"
roles/Ananke/research/workers/W-F/REPORT.md,56,4781b0a1,4781b0a172b6dc3c,evolve,C,MAJ,0,,champion,82,0,"ding: a channel -> site-latch handoff whose transit time varies. The 2 pilot disagreements follow (the mid tick is up to 1 later: 62a7fff9 CHANNEL->SITE, c16d5231 CHANNEL->JOINT). This fits the 4781b0a1 reframing. 3 ELSEWHERE is mostly the absolute FLIP threshold biting weak champions (3/5 are HOLD with site acc .31-.37 ~ 1 - normal, hi99 just over .40; two read SITE late). 2 RELAY cells (427168"
roles/Ananke/research/workers/W-F/REPORT.md,59,42716814,4271681452d29aee,evolve,C,RELAY,0,,champion|held,117,0,"81b0a1 reframing. 3 ELSEWHERE is mostly the absolute FLIP threshold biting weak champions (3/5 are HOLD with site acc .31-.37 ~ 1 - normal, hi99 just over .40; two read SITE late). 2 RELAY cells (42716814, d3c0d182) are CHANCE on every arm. 4 25% UNREADABLE (normal lo99 < .60), incl. 20/50 RELAY. PREDICTIONS: P1 held for HOLD, but RELAY was not channel-dominant. P2 untestable (decay > 0 and lat_bas"
roles/Ananke/research/workers/W-F/REPORT.md,59,d3c0d182,d3c0d182d3dbb735,evolve,E,RELAY,0,,champion|held,107,0,"raming. 3 ELSEWHERE is mostly the absolute FLIP threshold biting weak champions (3/5 are HOLD with site acc .31-.37 ~ 1 - normal, hi99 just over .40; two read SITE late). 2 RELAY cells (42716814, d3c0d182) are CHANCE on every arm. 4 25% UNREADABLE (normal lo99 < .60), incl. 20/50 RELAY. PREDICTIONS: P1 held for HOLD, but RELAY was not channel-dominant. P2 untestable (decay > 0 and lat_base 4 appear"
roles/Ananke/research/workers/W-G/LOG.md,10,f7e62fe3,f7e62fe3c7c78ca5,adjudicate,D,RELAY,0,,,,0,"ace.py, out/census.log; PRIOR_ART s3.1, s4.2-4.4. Context contamination (ARC3 rule 2): W-E's LOG.md contains W-E's own descriptive interpretation (e.g. ""FROZEN single-element scars"" in w / Kp / S for f7e62fe3, fresh3, 0ad7dc00, 6a47bd68; ""INTERFERES (unsigned)"" for fresh2/3). I read that before writing PLAN. I did NOT read W-E REPORT.md, SYNTHESIS*, C1B_REVIEW*, PTE_ENGINE_CARD.md, ARC3_PRIORITIES.md or a"
roles/Ananke/research/workers/W-G/LOG.md,10,0ad7dc00,0ad7dc00f146326f,adjudicate,D,HOLD,0,,,,0,".log; PRIOR_ART s3.1, s4.2-4.4. Context contamination (ARC3 rule 2): W-E's LOG.md contains W-E's own descriptive interpretation (e.g. ""FROZEN single-element scars"" in w / Kp / S for f7e62fe3, fresh3, 0ad7dc00, 6a47bd68; ""INTERFERES (unsigned)"" for fresh2/3). I read that before writing PLAN. I did NOT read W-E REPORT.md, SYNTHESIS*, C1B_REVIEW*, PTE_ENGINE_CARD.md, ARC3_PRIORITIES.md or any other worker's"
roles/Ananke/research/workers/W-G/LOG.md,10,6a47bd68,6a47bd68d0494b86,adjudicate,D,HOLD,0,,,,0,"R_ART s3.1, s4.2-4.4. Context contamination (ARC3 rule 2): W-E's LOG.md contains W-E's own descriptive interpretation (e.g. ""FROZEN single-element scars"" in w / Kp / S for f7e62fe3, fresh3, 0ad7dc00, 6a47bd68; ""INTERFERES (unsigned)"" for fresh2/3). I read that before writing PLAN. I did NOT read W-E REPORT.md, SYNTHESIS*, C1B_REVIEW*, PTE_ENGINE_CARD.md, ARC3_PRIORITIES.md or any other worker's REPORT.md."
roles/Ananke/research/workers/W-G/LOG.md,46,f7e62fe3,f7e62fe3c7c78ca5,adjudicate,D,RELAY,0,,,,0,"D2 NS; probes NS. frozen fraction 0.53. Attempt 2b (discovery specimens 0x5EB; out/0x5eb/, out/0x5eb_summary.json): guards pass in all 16. After Holm: L3 none; L4-dyn none; L4-readout none; L2 only D_f7e62fe3 (D2 0.953, w_sum, raw p 5e-5); L1 persistent in 8. Smallest raw L4 p: D_e79e72df BLANK 0.022. f7e62fe3: under EVERY probe the twins give identical answers (g == 0 exactly) although w differs in 32/32"
roles/Ananke/research/workers/W-G/LOG.md,47,e79e72df,e79e72df8f04e836,adjudicate,D,RELAY,0,,,,0,"t/0x5eb/, out/0x5eb_summary.json): guards pass in all 16. After Holm: L3 none; L4-dyn none; L4-readout none; L2 only D_f7e62fe3 (D2 0.953, w_sum, raw p 5e-5); L1 persistent in 8. Smallest raw L4 p: D_e79e72df BLANK 0.022. f7e62fe3: under EVERY probe the twins give identical answers (g == 0 exactly) although w differs in 32/32. Two defects of the mechanism-class rules found on reading (F1, F2 in PLAN Adden"
roles/Ananke/research/workers/W-G/LOG.md,47,f7e62fe3,f7e62fe3c7c78ca5,adjudicate,D,RELAY,0,,,,0,"mmary.json): guards pass in all 16. After Holm: L3 none; L4-dyn none; L4-readout none; L2 only D_f7e62fe3 (D2 0.953, w_sum, raw p 5e-5); L1 persistent in 8. Smallest raw L4 p: D_e79e72df BLANK 0.022. f7e62fe3: under EVERY probe the twins give identical answers (g == 0 exactly) although w differs in 32/32. Two defects of the mechanism-class rules found on reading (F1, F2 in PLAN Addendum F); fixed before c"
roles/Ananke/research/workers/W-G/LOG.md,58,f7e62fe3,f7e62fe3c7c78ca5,adjudicate,D,RELAY,0,,,,0,"C-CHAOS PAIR p 0.39). DECISION RULE APPLIED: no specimen has L3 or any L4-dyn probe after Holm (every specimen's L3 and P1-P4 adjusted p = 1). Verdict: NO nontrivial retention regime. L2 in 0x5EC: D_f7e62fe3 (D2 0.906, adj 0.0016) and M2_fresh2 (D2 0.719, adj 0.0016; NOT significant in discovery, adj 0.76). Instrument defect seen after the fact: F2's 0.75 gate misclassifies the integrator controls in 0x5"
roles/Ananke/research/workers/W-G/LOG.md,65,f7e62fe3,f7e62fe3c7c78ca5,adjudicate,D,RELAY,0,,,,0,"els are descriptive and do not enter the decision. Attempt 4 (POST-HOC EXPLORATORY, discovery namespace 0x5EB only): explore.py -- scar anatomy at end of k+6 and heal-all-but-X regeneration tests for f7e62fe3, 0ad7dc00, 6a47bd68, e79e72df, fresh2, fresh3. Attempt 4 result (out/explore_0x5eb.json/.log, EXPLORATORY): f7e62fe3: the w difference (c*dw in {8..52}, all positive; 27 of the listed elements at the"
roles/Ananke/research/workers/W-G/LOG.md,65,0ad7dc00,0ad7dc00f146326f,adjudicate,D,HOLD,0,,,,0,"scriptive and do not enter the decision. Attempt 4 (POST-HOC EXPLORATORY, discovery namespace 0x5EB only): explore.py -- scar anatomy at end of k+6 and heal-all-but-X regeneration tests for f7e62fe3, 0ad7dc00, 6a47bd68, e79e72df, fresh2, fresh3. Attempt 4 result (out/explore_0x5eb.json/.log, EXPLORATORY): f7e62fe3: the w difference (c*dw in {8..52}, all positive; 27 of the listed elements at the actuator"
roles/Ananke/research/workers/W-G/LOG.md,65,6a47bd68,6a47bd68d0494b86,adjudicate,D,HOLD,0,,,,0,"and do not enter the decision. Attempt 4 (POST-HOC EXPLORATORY, discovery namespace 0x5EB only): explore.py -- scar anatomy at end of k+6 and heal-all-but-X regeneration tests for f7e62fe3, 0ad7dc00, 6a47bd68, e79e72df, fresh2, fresh3. Attempt 4 result (out/explore_0x5eb.json/.log, EXPLORATORY): f7e62fe3: the w difference (c*dw in {8..52}, all positive; 27 of the listed elements at the actuator site) stay"
roles/Ananke/research/workers/W-G/LOG.md,65,e79e72df,e79e72df8f04e836,adjudicate,D,RELAY,0,,,,0,"enter the decision. Attempt 4 (POST-HOC EXPLORATORY, discovery namespace 0x5EB only): explore.py -- scar anatomy at end of k+6 and heal-all-but-X regeneration tests for f7e62fe3, 0ad7dc00, 6a47bd68, e79e72df, fresh2, fresh3. Attempt 4 result (out/explore_0x5eb.json/.log, EXPLORATORY): f7e62fe3: the w difference (c*dw in {8..52}, all positive; 27 of the listed elements at the actuator site) stays confined"
roles/Ananke/research/workers/W-G/LOG.md,66,f7e62fe3,f7e62fe3c7c78ca5,adjudicate,D,RELAY,0,,,,0,"explore.py -- scar anatomy at end of k+6 and heal-all-but-X regeneration tests for f7e62fe3, 0ad7dc00, 6a47bd68, e79e72df, fresh2, fresh3. Attempt 4 result (out/explore_0x5eb.json/.log, EXPLORATORY): f7e62fe3: the w difference (c*dw in {8..52}, all positive; 27 of the listed elements at the actuator site) stays confined to w after healing everything else, and no later answer differs. fresh3: w scar = exac"
roles/Ananke/research/workers/W-G/LOG.md,72,0ad7dc00,0ad7dc00f146326f,adjudicate,D,HOLD,0,,,,0,"; healing all but w -> fast carriers RE-DIVERGE by trial k+4 and 4-9 answers per trial differ, sum_g ~ 0 (unsigned); healing all but Kp -> stays Kp-only, no answer differs. fresh2 same pattern via w. 0ad7dc00: S and Kp each keep a persistent difference alone (c*dKp ~ -300, 28/28 negative), inert. 6a47bd68: S residues c*d in {5, 7, 22}, all positive, at non-sensor non-actuator sites (decay_shift 3 floor),"
roles/Ananke/research/workers/W-G/LOG.md,74,6a47bd68,6a47bd68d0494b86,adjudicate,D,HOLD,0,,,,0,"_g ~ 0 (unsigned); healing all but Kp -> stays Kp-only, no answer differs. fresh2 same pattern via w. 0ad7dc00: S and Kp each keep a persistent difference alone (c*dKp ~ -300, 28/28 negative), inert. 6a47bd68: S residues c*d in {5, 7, 22}, all positive, at non-sensor non-actuator sites (decay_shift 3 floor), inert. e79e72df: Kp-only after heal, inert. Context after the rule was applied: read W-E REPORT.md"
roles/Ananke/research/workers/W-G/LOG.md,75,e79e72df,e79e72df8f04e836,adjudicate,D,RELAY,0,,,,0,"Kp each keep a persistent difference alone (c*dKp ~ -300, 28/28 negative), inert. 6a47bd68: S residues c*d in {5, 7, 22}, all positive, at non-sensor non-actuator sites (decay_shift 3 floor), inert. e79e72df: Kp-only after heal, inert. Context after the rule was applied: read W-E REPORT.md, ARC3_PRIORITIES.md, SYNTHESIS_2026-09-28_ARC2.md and PTE_ENGINE_CARD.md retention passages to write DISAGREEMENTS ("
roles/Ananke/research/workers/W-G/PLAN.md,13,4ab2ba01,4ab2ba014aac967e,evolve,C,HOLD,0,,champion,40,0,"ly by the rule below. ## Specimens (16, fixed now) 12 D-wave cells (c1b_run.d_wave_cells(), genome row[""extra""][""genome""], physics/env from the row) and 4 M2 champions (spikes/out/champions_m2.json: 4ab2ba01, fresh1, fresh2, fresh3; physics/env of c1b_run.load(""4ab2ba014aac967e"")). All envs have 12 trials. ## Construction: single-cue twins (as lens.cue_arrival_profile) Trial k = 3. Both worlds of pair p"
roles/Ananke/research/workers/W-G/PLAN.md,13,4ab2ba014aac967e,4ab2ba014aac967e,evolve,C,HOLD,0,,champion,104,0,"ells (c1b_run.d_wave_cells(), genome row[""extra""][""genome""], physics/env from the row) and 4 M2 champions (spikes/out/champions_m2.json: 4ab2ba01, fresh1, fresh2, fresh3; physics/env of c1b_run.load(""4ab2ba014aac967e"")). All envs have 12 trials. ## Construction: single-cue twins (as lens.cue_arrival_profile) Trial k = 3. Both worlds of pair p use the lead's seed and the lead's schedule; the twin's sense values a"
roles/Ananke/research/workers/W-G/PLAN.md,125,f7e62fe3,f7e62fe3c7c78ca5,adjudicate,D,RELAY,0,,,,0,"ly = ""trace, not memory"" (reported as such). Otherwise NO. ## Predictions (before any run) P-a L1 persistent in ~8/16 (decay_shift 0 rings; decay-floor residues). P-b L2 (D2) in at most 2 specimens (f7e62fe3 w, possibly fresh3), class ACCUMULATION (plastic routing integrates every trial's writes). P-c L3: no specimen signed-significant; fresh2/fresh3 answer differences unsigned (chaotic). P-d L4-"
roles/Ananke/research/workers/W-G/PLAN.md,130,0ad7dc00,0ad7dc00f146326f,adjudicate,D,HOLD,0,,,,0,trial's writes). P-c L3: no specimen signed-significant; fresh2/fresh3 answer differences unsigned (chaotic). P-d L4-dyn: probability ~0.2 that any specimen passes; most likely via a Kp scar (0ad7dc00: Kp feeds instruction immediates) under P2/P4. P-e L4-readout (P5): likely for a decay-floor S residue (6a47bd68). P-f Headline: NO nontrivial retention regime (p ~ 0.75). ## Discovery -> confirmati
roles/Ananke/research/workers/W-G/PLAN.md,131,6a47bd68,6a47bd68d0494b86,adjudicate,D,HOLD,0,,,,0,"P-d L4-dyn: probability ~0.2 that any specimen passes; most likely via a Kp scar (0ad7dc00: Kp feeds instruction immediates) under P2/P4. P-e L4-readout (P5): likely for a decay-floor S residue (6a47bd68). P-f Headline: NO nontrivial retention regime (p ~ 0.75). ## Discovery -> confirmation protocol Run everything on 0x5EB (specimens + controls), fix bugs, and write Addendum F with any change (each"
roles/Ananke/research/workers/W-G/PLAN.md,144,544f3d24,544f3d24e7b684d6,adjudicate,D,MAJ,0,,,,0,"behaved. Changes (none touches a level definition, a statistic, alpha, a family or the decision rule): F1 (rule defect fix, mechanism CLASS only). The heal test counted pairs that merge anyway (D_544f3d24 merges naturally by trial k+6, so every carrier looked ""sufficient""). New rule: X is a sufficient store iff, among pairs that differ at the heal tick AND stay different to episode end withou"
roles/Ananke/research/workers/W-G/PLAN.md,152,6a47bd68,6a47bd68d0494b86,adjudicate,D,HOLD,0,,,,0,"). The accumulation ratio is used only when the regression's best feature decodes cue k in-sample with accuracy >= 0.75; otherwise the class is ""STATIC STORAGE (specificity undetermined)"" (D_6a47bd68: best feature 0.56, ratio meaningless). F3 Confirmation: wg.py (with F1) on 0x5EC, all 16 specimens + 5 controls, nperm 20000, one run, then summarize.py (with F2). The DECISION RULE is applied"
roles/Ananke/research/workers/W-G/REPORT.md,7,4ab2ba01,4ab2ba014aac967e,evolve,C,HOLD,0,,champion,10,0,"er PLAN.md was frozen (Addendum F). - Worlds: 64 = 32 single-cue twin pairs. Twins are identical except for the sign of cue k=3. CPU, 2 threads. - Specimens (16): 12 D-wave cells plus 4 M2 champions (4ab2ba01, fresh1, fresh2, fresh3). - Signed effect: g = c*(a_lead - a_twin)/2. By construction g is the answer effect signed by cue k, and unsigned (chaotic) differences give a g that is symmetric about 0. -"
roles/Ananke/research/workers/W-G/REPORT.md,36,e79e72df,e79e72df8f04e836,adjudicate,D,RELAY,0,,,,0,"2 runs. VERDICT PER SPECIMEN (0x5EC; discovery agrees unless noted) - No specimen has L3 or any L4 probe (P1-P5): every adjusted p equals 1.0, in both namespaces. - Of the raw probe statistics, only e79e72df BLANK (raw p 0.022, 0x5EB) was below 0.1, and it did not replicate. | Specimen | L1 | L1.5 | L2 | L3 | L4 | Class | |---|---|---|---|---|---|---| | 023539c4, feadc823 (MAJ); 223acaee, a8f4ea11 (RELA"
roles/Ananke/research/workers/W-G/REPORT.md,40,023539c4,023539c40c3280dd,adjudicate,D,MAJ,0,,,,0,"aces. - Of the raw probe statistics, only e79e72df BLANK (raw p 0.022, 0x5EB) was below 0.1, and it did not replicate. | Specimen | L1 | L1.5 | L2 | L3 | L4 | Class | |---|---|---|---|---|---|---| | 023539c4, feadc823 (MAJ); 223acaee, a8f4ea11 (RELAY); 67ddd858 (HOLD); M2 4ab2ba01, fresh1 | no (merge within 1 trial) | no | no | no | no | none | | f7e62fe3 (RELAY) | persistent 32/32 | yes | YES, both name"
roles/Ananke/research/workers/W-G/REPORT.md,40,feadc823,feadc823383aa6a1,adjudicate,D,MAJ,0,,,,0,"the raw probe statistics, only e79e72df BLANK (raw p 0.022, 0x5EB) was below 0.1, and it did not replicate. | Specimen | L1 | L1.5 | L2 | L3 | L4 | Class | |---|---|---|---|---|---|---| | 023539c4, feadc823 (MAJ); 223acaee, a8f4ea11 (RELAY); 67ddd858 (HOLD); M2 4ab2ba01, fresh1 | no (merge within 1 trial) | no | no | no | no | none | | f7e62fe3 (RELAY) | persistent 32/32 | yes | YES, both namespaces (D2"
roles/Ananke/research/workers/W-G/REPORT.md,40,223acaee,223acaee725c709a,adjudicate,D,RELAY,0,,,,0,"tatistics, only e79e72df BLANK (raw p 0.022, 0x5EB) was below 0.1, and it did not replicate. | Specimen | L1 | L1.5 | L2 | L3 | L4 | Class | |---|---|---|---|---|---|---| | 023539c4, feadc823 (MAJ); 223acaee, a8f4ea11 (RELAY); 67ddd858 (HOLD); M2 4ab2ba01, fresh1 | no (merge within 1 trial) | no | no | no | no | none | | f7e62fe3 (RELAY) | persistent 32/32 | yes | YES, both namespaces (D2 0.953 / 0.906,"
roles/Ananke/research/workers/W-G/REPORT.md,40,a8f4ea11,a8f4ea115520ae71,adjudicate,D,RELAY,0,,,,0,"only e79e72df BLANK (raw p 0.022, 0x5EB) was below 0.1, and it did not replicate. | Specimen | L1 | L1.5 | L2 | L3 | L4 | Class | |---|---|---|---|---|---|---| | 023539c4, feadc823 (MAJ); 223acaee, a8f4ea11 (RELAY); 67ddd858 (HOLD); M2 4ab2ba01, fresh1 | no (merge within 1 trial) | no | no | no | no | none | | f7e62fe3 (RELAY) | persistent 32/32 | yes | YES, both namespaces (D2 0.953 / 0.906, adj 0.0016"
roles/Ananke/research/workers/W-G/REPORT.md,40,67ddd858,67ddd8585a9bce72,adjudicate,D,HOLD,0,,,,0,"NK (raw p 0.022, 0x5EB) was below 0.1, and it did not replicate. | Specimen | L1 | L1.5 | L2 | L3 | L4 | Class | |---|---|---|---|---|---|---| | 023539c4, feadc823 (MAJ); 223acaee, a8f4ea11 (RELAY); 67ddd858 (HOLD); M2 4ab2ba01, fresh1 | no (merge within 1 trial) | no | no | no | no | none | | f7e62fe3 (RELAY) | persistent 32/32 | yes | YES, both namespaces (D2 0.953 / 0.906, adj 0.0016; w_sum) | no | no"
roles/Ananke/research/workers/W-G/REPORT.md,40,4ab2ba01,4ab2ba014aac967e,evolve,C,HOLD,0,,,,0,"EB) was below 0.1, and it did not replicate. | Specimen | L1 | L1.5 | L2 | L3 | L4 | Class | |---|---|---|---|---|---|---| | 023539c4, feadc823 (MAJ); 223acaee, a8f4ea11 (RELAY); 67ddd858 (HOLD); M2 4ab2ba01, fresh1 | no (merge within 1 trial) | no | no | no | no | none | | f7e62fe3 (RELAY) | persistent 32/32 | yes | YES, both namespaces (D2 0.953 / 0.906, adj 0.0016; w_sum) | no | no | ACCUMULATION in w"
roles/Ananke/research/workers/W-G/REPORT.md,41,f7e62fe3,f7e62fe3c7c78ca5,adjudicate,D,RELAY,0,,,,0,"L3 | L4 | Class | |---|---|---|---|---|---|---| | 023539c4, feadc823 (MAJ); 223acaee, a8f4ea11 (RELAY); 67ddd858 (HOLD); M2 4ab2ba01, fresh1 | no (merge within 1 trial) | no | no | no | no | none | | f7e62fe3 (RELAY) | persistent 32/32 | yes | YES, both namespaces (D2 0.953 / 0.906, adj 0.0016; w_sum) | no | no | ACCUMULATION in w | | 0ad7dc00 (HOLD) | persistent 30/32 | yes | no (D1 adj 0.0105 in 0x5EC:"
roles/Ananke/research/workers/W-G/REPORT.md,42,0ad7dc00,0ad7dc00f146326f,adjudicate,D,HOLD,0,,,,0,"sh1 | no (merge within 1 trial) | no | no | no | no | none | | f7e62fe3 (RELAY) | persistent 32/32 | yes | YES, both namespaces (D2 0.953 / 0.906, adj 0.0016; w_sum) | no | no | ACCUMULATION in w | | 0ad7dc00 (HOLD) | persistent 30/32 | yes | no (D1 adj 0.0105 in 0x5EC: a borderline miss) | no | no | two independent inert stores | | 6a47bd68 (HOLD) | persistent 28-30/32 | yes | no | no | no | STATIC store"
roles/Ananke/research/workers/W-G/REPORT.md,43,6a47bd68,6a47bd68d0494b86,adjudicate,D,HOLD,0,,,,0,"53 / 0.906, adj 0.0016; w_sum) | no | no | ACCUMULATION in w | | 0ad7dc00 (HOLD) | persistent 30/32 | yes | no (D1 adj 0.0105 in 0x5EC: a borderline miss) | no | no | two independent inert stores | | 6a47bd68 (HOLD) | persistent 28-30/32 | yes | no | no | no | STATIC store in S, not single-world decodable | | 5673ea4e, 544f3d24 | yes; slow natural merge | no | no | no | no | CHAOTIC | | 9e72f9b6 | yes | n"
roles/Ananke/research/workers/W-G/REPORT.md,44,5673ea4e,5673ea4e12761924,adjudicate,D,HOLD,0,,,,0,"(D1 adj 0.0105 in 0x5EC: a borderline miss) | no | no | two independent inert stores | | 6a47bd68 (HOLD) | persistent 28-30/32 | yes | no | no | no | STATIC store in S, not single-world decodable | | 5673ea4e, 544f3d24 | yes; slow natural merge | no | no | no | no | CHAOTIC | | 9e72f9b6 | yes | no | no | no | no | CHAOTIC | | e79e72df | yes | yes in 0x5EB (0.003), NOT in 0x5EC (0.39) | no | no | no | CHAO"
roles/Ananke/research/workers/W-G/REPORT.md,44,544f3d24,544f3d24e7b684d6,adjudicate,D,MAJ,0,,,,0,"0105 in 0x5EC: a borderline miss) | no | no | two independent inert stores | | 6a47bd68 (HOLD) | persistent 28-30/32 | yes | no | no | no | STATIC store in S, not single-world decodable | | 5673ea4e, 544f3d24 | yes; slow natural merge | no | no | no | no | CHAOTIC | | 9e72f9b6 | yes | no | no | no | no | CHAOTIC | | e79e72df | yes | yes in 0x5EB (0.003), NOT in 0x5EC (0.39) | no | no | no | CHAOTIC in 0x5"
roles/Ananke/research/workers/W-G/REPORT.md,45,9e72f9b6,9e72f9b676ffb985,adjudicate,D,MAJ,0,,,,0,"tores | | 6a47bd68 (HOLD) | persistent 28-30/32 | yes | no | no | no | STATIC store in S, not single-world decodable | | 5673ea4e, 544f3d24 | yes; slow natural merge | no | no | no | no | CHAOTIC | | 9e72f9b6 | yes | no | no | no | no | CHAOTIC | | e79e72df | yes | yes in 0x5EB (0.003), NOT in 0x5EC (0.39) | no | no | no | CHAOTIC in 0x5EC | | fresh2 | persistent 32/32 | yes | 0x5EC only (D2 0.719, adj 0."
roles/Ananke/research/workers/W-G/REPORT.md,46,e79e72df,e79e72df8f04e836,adjudicate,D,RELAY,0,,,,0,"yes | no | no | no | STATIC store in S, not single-world decodable | | 5673ea4e, 544f3d24 | yes; slow natural merge | no | no | no | no | CHAOTIC | | 9e72f9b6 | yes | no | no | no | no | CHAOTIC | | e79e72df | yes | yes in 0x5EB (0.003), NOT in 0x5EC (0.39) | no | no | no | CHAOTIC in 0x5EC | | fresh2 | persistent 32/32 | yes | 0x5EC only (D2 0.719, adj 0.0016; 0x5EB adj 0.76, so unreplicated) | no | no"
roles/Ananke/research/workers/W-G/REPORT.md,50,f7e62fe3,f7e62fe3c7c78ca5,adjudicate,D,RELAY,0,,,,0,"x5EC | | fresh2 | persistent 32/32 | yes | 0x5EC only (D2 0.719, adj 0.0016; 0x5EB adj 0.76, so unreplicated) | no | no | see below | | fresh3 | persistent 32/32 | yes | no | no | no | see below | - f7e62fe3: the history coefficients are the same sign for every trial, and the ratio of other-trial to cue-k coefficients is 0.96-0.98. w_sum is roughly a constant plus about 36 times the sum of all cue target"
roles/Ananke/research/workers/W-G/REPORT.md,51,0ad7dc00,0ad7dc00f146326f,adjudicate,D,HOLD,0,,,,0,"history coefficients are the same sign for every trial, and the ratio of other-trial to cue-k coefficients is 0.96-0.98. w_sum is roughly a constant plus about 36 times the sum of all cue targets. - 0ad7dc00: S and Kp each keep a difference alone after the other is healed. The Kp difference is about -300 (times c), negative in 28 of 28 pairs. - 6a47bd68: the residues (c*d = 5, 7 or 22) sit at the decay_s"
roles/Ananke/research/workers/W-G/REPORT.md,52,6a47bd68,6a47bd68d0494b86,adjudicate,D,HOLD,0,,,,0,"t plus about 36 times the sum of all cue targets. - 0ad7dc00: S and Kp each keep a difference alone after the other is healed. The Kp difference is about -300 (times c), negative in 28 of 28 pairs. - 6a47bd68: the residues (c*d = 5, 7 or 22) sit at the decay_shift-3 floor and are all positive. - fresh2 and fresh3: answers differ in 15-38% of pairs, but g is unsigned. My class rule labels them REGENERATION"
roles/Ananke/research/workers/W-G/REPORT.md,60,f7e62fe3,f7e62fe3c7c78ca5,adjudicate,D,RELAY,0,,,,0,"o specimen, with every control valid. - L2-only retention (f7e62fe3; fresh2 unreplicated) is ""trace, not memory"" under the preregistered rule. MECHANISMS (exploratory, 0x5EB, explore.py; post hoc) - f7e62fe3: the w trace is a frozen additive offset (identical at k+2 and k+6), including w elements at the actuator site. With everything except w healed, the difference stays confined to w. Under blank, ping,"
roles/Ananke/research/workers/W-G/REPORT.md,66,f7e62fe3,f7e62fe3c7c78ca5,adjudicate,D,RELAY,0,,,,0,"ce, not memory. - Healing w alone does not merge the twins either, so the fast-state chaos may also sustain itself. - The Kp difference in fresh3 is inert. - Summary of kinds found: accumulation (f7e62fe3 w), static quantisation floors (6a47bd68 S), independent self-sustaining S and Kp stores (0ad7dc00, e79e72df), and chaos regenerated from a plastic scar (fresh2, fresh3). There is no case of true tri"
roles/Ananke/research/workers/W-G/REPORT.md,66,6a47bd68,6a47bd68d0494b86,adjudicate,D,HOLD,0,,,,0,"not merge the twins either, so the fast-state chaos may also sustain itself. - The Kp difference in fresh3 is inert. - Summary of kinds found: accumulation (f7e62fe3 w), static quantisation floors (6a47bd68 S), independent self-sustaining S and Kp stores (0ad7dc00, e79e72df), and chaos regenerated from a plastic scar (fresh2, fresh3). There is no case of true trial-specific storage that is ever expresse"
roles/Ananke/research/workers/W-G/REPORT.md,66,0ad7dc00,0ad7dc00f146326f,adjudicate,D,HOLD,0,,,,0,"so sustain itself. - The Kp difference in fresh3 is inert. - Summary of kinds found: accumulation (f7e62fe3 w), static quantisation floors (6a47bd68 S), independent self-sustaining S and Kp stores (0ad7dc00, e79e72df), and chaos regenerated from a plastic scar (fresh2, fresh3). There is no case of true trial-specific storage that is ever expressed. WHAT FAILED OR SURPRISED ME - Class-rule defects found"
roles/Ananke/research/workers/W-G/REPORT.md,66,e79e72df,e79e72df8f04e836,adjudicate,D,RELAY,0,,,,0,"itself. - The Kp difference in fresh3 is inert. - Summary of kinds found: accumulation (f7e62fe3 w), static quantisation floors (6a47bd68 S), independent self-sustaining S and Kp stores (0ad7dc00, e79e72df), and chaos regenerated from a plastic scar (fresh2, fresh3). There is no case of true trial-specific storage that is ever expressed. WHAT FAILED OR SURPRISED ME - Class-rule defects found in discov"
roles/Ananke/research/workers/W-G/REPORT.md,70,544f3d24,544f3d24e7b684d6,adjudicate,D,MAJ,0,,,,0,"PRISED ME - Class-rule defects found in discovery and fixed before confirmation (they affect class labels only, not the decision): - F1: the heal test credited stores for merges that happen anyway (544f3d24). - F2: the accumulation ratio is meaningless when no single-world code exists. - F2's 0.75 gate then mislabelled the integrator controls in 0x5EC (in-sample accuracy 0.72) as ""specificity undeterm"
roles/Ananke/research/workers/W-G/REPORT.md,73,f7e62fe3,f7e62fe3c7c78ca5,adjudicate,D,RELAY,0,,,,0,"xists. - F2's 0.75 gate then mislabelled the integrator controls in 0x5EC (in-sample accuracy 0.72) as ""specificity undetermined"". The class labels are descriptive only. - The strongest trace in PTE, f7e62fe3's w, includes elements at the actuator site, and still no cue-blind intervention (including wiping every fast carrier) turns it into a signed answer. - The e79e72df paired signal did not replicate, a"
roles/Ananke/research/workers/W-G/REPORT.md,74,e79e72df,e79e72df8f04e836,adjudicate,D,RELAY,0,,,,0,"nly. - The strongest trace in PTE, f7e62fe3's w, includes elements at the actuator site, and still no cue-blind intervention (including wiping every fast carrier) turns it into a signed answer. - The e79e72df paired signal did not replicate, and fresh2's L2 appeared only in 0x5EC. Single-namespace decoder hits in PTE are fragile. DISAGREEMENTS 1. PTE_ENGINE_CARD / SYNTHESIS ARC2 ""written-but-never-read s"
roles/Ananke/research/workers/W-G/REPORT.md,77,f7e62fe3,f7e62fe3c7c78ca5,adjudicate,D,RELAY,0,,,,0,"ir w scar is read. It regenerates divergence that changes 4-9 answers per trial, but in no consistent direction. The correct label is ""read but sign-scrambled (interference)"". The label does hold for f7e62fe3, 0ad7dc00, 6a47bd68 and e79e72df, even under interventions. 2. ARC3_PRIORITIES T-ENV-1 note (""if T-RET-2 closes retention, PTE lacks a persistent substrate by construction""): not supported. - Plan"
roles/Ananke/research/workers/W-G/REPORT.md,77,0ad7dc00,0ad7dc00f146326f,adjudicate,D,HOLD,0,,,,0,"is read. It regenerates divergence that changes 4-9 answers per trial, but in no consistent direction. The correct label is ""read but sign-scrambled (interference)"". The label does hold for f7e62fe3, 0ad7dc00, 6a47bd68 and e79e72df, even under interventions. 2. ARC3_PRIORITIES T-ENV-1 note (""if T-RET-2 closes retention, PTE lacks a persistent substrate by construction""): not supported. - Plants C-EFF a"
roles/Ananke/research/workers/W-G/REPORT.md,77,6a47bd68,6a47bd68d0494b86,adjudicate,D,HOLD,0,,,,0,"t regenerates divergence that changes 4-9 answers per trial, but in no consistent direction. The correct label is ""read but sign-scrambled (interference)"". The label does hold for f7e62fe3, 0ad7dc00, 6a47bd68 and e79e72df, even under interventions. 2. ARC3_PRIORITIES T-ENV-1 note (""if T-RET-2 closes retention, PTE lacks a persistent substrate by construction""): not supported. - Plants C-EFF and C-AVL s"
roles/Ananke/research/workers/W-G/REPORT.md,77,e79e72df,e79e72df8f04e836,adjudicate,D,RELAY,0,,,,0,"divergence that changes 4-9 answers per trial, but in no consistent direction. The correct label is ""read but sign-scrambled (interference)"". The label does hold for f7e62fe3, 0ad7dc00, 6a47bd68 and e79e72df, even under interventions. 2. ARC3_PRIORITIES T-ENV-1 note (""if T-RET-2 closes retention, PTE lacks a persistent substrate by construction""): not supported. - Plants C-EFF and C-AVL show that PTE"
roles/Ananke/research/workers/W-G/REPORT.md,84,f7e62fe3,f7e62fe3c7c78ca5,adjudicate,D,RELAY,0,,,,0,"ered and replicated (D2 adj 0.0016 in both namespaces). It should be called an accumulation trace (every cue weighted equally), not retention of cue k. It fails L3 and L4. 4. W-E ""frozen"" scars: - f7e62fe3: frozen, confirmed. - 0ad7dc00: the full difference is not frozen (frozen fraction 0.03). S and Kp each hold a self-sustaining but changing difference. - W-E's claim that e79e72df carries a sig"
roles/Ananke/research/workers/W-G/REPORT.md,85,0ad7dc00,0ad7dc00f146326f,adjudicate,D,HOLD,0,,,,0,"in both namespaces). It should be called an accumulation trace (every cue weighted equally), not retention of cue k. It fails L3 and L4. 4. W-E ""frozen"" scars: - f7e62fe3: frozen, confirmed. - 0ad7dc00: the full difference is not frozen (frozen fraction 0.03). S and Kp each hold a self-sustaining but changing difference. - W-E's claim that e79e72df carries a signed trace did not replicate in 0x5"
roles/Ananke/research/workers/W-G/REPORT.md,86,e79e72df,e79e72df8f04e836,adjudicate,D,RELAY,0,,,,0,""" scars: - f7e62fe3: frozen, confirmed. - 0ad7dc00: the full difference is not frozen (frozen fraction 0.03). S and Kp each hold a self-sustaining but changing difference. - W-E's claim that e79e72df carries a signed trace did not replicate in 0x5EC. PROPOSED FOLLOW-UP THREADS - T-SI-SCAR: redefine it on fresh3's single +8 sensor w-write. It is the only case where a signed plastic write demonstr"
roles/Ananke/research/workers/W-H/LOG.md,8,b59e6c3a,b59e6c3afebce00a,evolve,B2,RELAY,0,,,,0,"assays.evaluate; W-B scripts and W-B out/*.json (raw numbers only). No context contamination: did NOT read W-B REPORT/PLAN/LOG or any principal interpretation file before PLAN. - Static disasm of b59e6c3a, 311c465f, 95649e2c, faafa5b0 (W-B disasm.py). - timing.py: CPU 2 threads, 96x8 worlds one generation = 19.1 s. - PLAN.md frozen. ## Attempt 1 (Part 0 observation) - BUG - obs.py recorded w.S.cpu()."
roles/Ananke/research/workers/W-H/LOG.md,8,311c465f,311c465fd5a624cb,evolve,A,HOLD,0,,,,0,"luate; W-B scripts and W-B out/*.json (raw numbers only). No context contamination: did NOT read W-B REPORT/PLAN/LOG or any principal interpretation file before PLAN. - Static disasm of b59e6c3a, 311c465f, 95649e2c, faafa5b0 (W-B disasm.py). - timing.py: CPU 2 threads, 96x8 worlds one generation = 19.1 s. - PLAN.md frozen. ## Attempt 1 (Part 0 observation) - BUG - obs.py recorded w.S.cpu().numpy() on"
roles/Ananke/research/workers/W-H/LOG.md,8,95649e2c,95649e2c29e72d45,evolve,B,RELAY,0,,,,0,"scripts and W-B out/*.json (raw numbers only). No context contamination: did NOT read W-B REPORT/PLAN/LOG or any principal interpretation file before PLAN. - Static disasm of b59e6c3a, 311c465f, 95649e2c, faafa5b0 (W-B disasm.py). - timing.py: CPU 2 threads, 96x8 worlds one generation = 19.1 s. - PLAN.md frozen. ## Attempt 1 (Part 0 observation) - BUG - obs.py recorded w.S.cpu().numpy() on CPU tenso"
roles/Ananke/research/workers/W-H/LOG.md,8,faafa5b0,faafa5b049e1d4b4,evolve,A,HOLD,0,,,,0,"nd W-B out/*.json (raw numbers only). No context contamination: did NOT read W-B REPORT/PLAN/LOG or any principal interpretation file before PLAN. - Static disasm of b59e6c3a, 311c465f, 95649e2c, faafa5b0 (W-B disasm.py). - timing.py: CPU 2 threads, 96x8 worlds one generation = 19.1 s. - PLAN.md frozen. ## Attempt 1 (Part 0 observation) - BUG - obs.py recorded w.S.cpu().numpy() on CPU tensors = views"
roles/Ananke/research/workers/W-H/LOG.md,16,b59e6c3a,b59e6c3afebce00a,evolve,B2,RELAY,0,,,,0,"so every recorded tick aliased the final state (S0 constant). Caught by checking recorded S0 against the engine trace (1.2% agreement). Fixed by .copy(); rerun. Normal accuracies (unaffected): b59e6c3a .741 [.707,.772], 311c465f .755 [.715,.797], 95649e2c .665 [.648,.680]. ## Attempt 2 (Part 0 observation, fixed) -> mechanisms in PLAN ADDENDUM A - S1 readout-site transition table (awake ticks):"
roles/Ananke/research/workers/W-H/LOG.md,17,311c465f,311c465fd5a624cb,evolve,A,HOLD,0,,,,0,"ased the final state (S0 constant). Caught by checking recorded S0 against the engine trace (1.2% agreement). Fixed by .copy(); rerun. Normal accuracies (unaffected): b59e6c3a .741 [.707,.772], 311c465f .755 [.715,.797], 95649e2c .665 [.648,.680]. ## Attempt 2 (Part 0 observation, fixed) -> mechanisms in PLAN ADDENDUM A - S1 readout-site transition table (awake ticks): r_pre=0 & CNT0=0 -> 0 (1111"
roles/Ananke/research/workers/W-H/LOG.md,17,95649e2c,95649e2c29e72d45,evolve,B,RELAY,0,,,,0,"nstant). Caught by checking recorded S0 against the engine trace (1.2% agreement). Fixed by .copy(); rerun. Normal accuracies (unaffected): b59e6c3a .741 [.707,.772], 311c465f .755 [.715,.797], 95649e2c .665 [.648,.680]. ## Attempt 2 (Part 0 observation, fixed) -> mechanisms in PLAN ADDENDUM A - S1 readout-site transition table (awake ticks): r_pre=0 & CNT0=0 -> 0 (11110/11110); CNT0=1 -> 1 (198/"
roles/Ananke/research/workers/W-H/LOG.md,57,faafa5b0,faafa5b049e1d4b4,evolve,A,HOLD,0,,champion,56,0,"arrivals defeats TTL): identical .512. - iter3 halving TTL: .536 (pos .747, neg .304). H3 faithful design closed as FAILED (tuning a reverberation lifetime by hand); H3alt stands. ## Attempt 6 (S4 faafa5b0, ADDENDUM B; hand_s4.py -> out/hand_s4.json) - champion on analysis worlds .590 [.560,.622] (A* .560). - H4a plain S0 latch: exactly .750 (pos 1.0, neg .5) as predicted from the S - (S>>1) positive"
roles/Ananke/research/workers/W-H/LOG.md,62,ed884172,ed884172de6b4ec0,evolve,A,HOLD,0,,champion|search,42,0,"- H4a plain S0 latch: exactly .750 (pos 1.0, neg .5) as predicted from the S - (S>>1) positive floor at 1. - H4b Kp latch via WIMM (rules=1, 6 live instr): 1.000 on all 64 worlds. ## Attempt 7 (S5 ed884172, ADDENDUM C; out/hand_s5.json) - champion .654 [.592,.717]; H4a latch .735 [.724,.744] (pos .984, neg .488). ## Attempt 8 (Part 2 search arms, search_arms.py, GPU lease 2ce85284abe2 ## acquired 01:1"
roles/Ananke/research/workers/W-H/PLAN.md,27,b59e6c3afebce00a,b59e6c3afebce00a,evolve,B2,RELAY,0,,champion,102,0,"instructions. So EXPANSION is possible in principle at equal L; the question is whether these champions use it. ## Specimens (chosen to discriminate mechanisms, from W-B raw numbers + disasm) S1 b59e6c3afebce00a RELAY d1 delta16, smallworld async, R4 L12, decay 0. Readout-site rule leaves 0 only in +cue trials, phases 3-10; its rule 0 ramps S0 down every tick, rule 1 writes a positive constant. Candida"
roles/Ananke/research/workers/W-H/PLAN.md,31,311c465fd5a624cb,311c465fd5a624cb,evolve,A,HOLD,0,,,,0,"ves 0 only in +cue trials, phases 3-10; its rule 0 ramps S0 down every tick, rule 1 writes a positive constant. Candidate role: EVENT-TRIGGERED CONDITIONAL BRANCH (condition = packet count). S2 311c465fd5a624cb HOLD gap4, torus sync period 2, R2 L8, decay 3. Only rule 1 writes S0 (from SENSE); readout-site rule is cue-sign independent and phase-locked. Candidate role: PHASE SELECTION / WRITE-ENABLE"
roles/Ananke/research/workers/W-H/PLAN.md,35,95649e2c29e72d45,95649e2c29e72d45,evolve,B,RELAY,0,,held,189,0,"d 2, R2 L8, decay 3. Only rule 1 writes S0 (from SENSE); readout-site rule is cue-sign independent and phase-locked. Candidate role: PHASE SELECTION / WRITE-ENABLE (sample-and-hold gate). S3 95649e2c29e72d45 RELAY d1 delta16, ring async, R4 L12, decay 0. Rule 2 does not write S0; readout-site rule 2 occupancy depends on y sign across all phases. Candidate role: WRITE-PROTECT / STATE held in r. Opti"
roles/Ananke/research/workers/W-H/PLAN.md,38,faafa5b049e1d4b4,faafa5b049e1d4b4,evolve,A,HOLD,0,,held,23,0,"1 delta16, ring async, R4 L12, decay 0. Rule 2 does not write S0; readout-site rule 2 occupancy depends on y sign across all phases. Candidate role: WRITE-PROTECT / STATE held in r. Optional S4 faafa5b049e1d4b4 (HOLD, decay 1) only if time remains. The candidate roles above are HYPOTHESES from static reading; Part 0 decides. ## Part 0: observation (normal runs only; no interventions) Per specimen, 64 analy"
roles/Ananke/research/workers/W-H/PLAN.md,101,b59e6c3a,b59e6c3afebce00a,evolve,B2,RELAY,0,,,,0,". Stop at 4 h wall from start (start ~ plan time). ## ADDENDUM A: instantiation (written after Part 0 observation, BEFORE any counterfactual) Part 0 decompilation (details in LOG.md Attempt 2): - S1 b59e6c3a: rule 0 at every site: EMIT = max(SENSE,0) (sensor emits on +cue only); S0 := S0 - S1 - 60 (ramp down); SETRULE r := CNT0 mod 4 (exact, 0 exceptions in the observed readout-site table). Rule 1: S"
roles/Ananke/research/workers/W-H/PLAN.md,106,311c465f,311c465fd5a624cb,evolve,A,HOLD,0,,,,0,"out-site table). Rule 1: S0 := 776 (97<<3); r := S1_prev mod 4 (=1 once), then S1 := 0 -> back to rule 0 after 2 ticks. Role: EVENT-TRIGGERED BRANCH (packet count selects the ""set"" variant). - S2 311c465f: S0 written ONLY in rule 1 (S0 := SENSE ^ E); rule 1 lasts one awake tick (r := IN2_2 mod 2, inbox empty -> 0). Rule 0: S2 ^= SENSE, r := S2 mod 2; rule 1 resets S2 := 256*(S3 > SENSE); decay (sh"
roles/Ananke/research/workers/W-H/PLAN.md,112,95649e2c,95649e2c29e72d45,evolve,B,RELAY,0,,,,0,"y after a fixed number of ticks -> a decay-driven oscillator, reset by the cue XOR, that opens the S0 write-enable near the cue. Role: PHASE SELECTION / WRITE-ENABLE CLOCK (sample-and-hold). - S3 95649e2c: rule 0: S0 := CNT0 (never negative: answer is + or tie); r := IN0_0 mod 4 (payload -110 or 146 -> rule 2). Rule 2: no S0 write (hold), EMIT := ENERGY (forward), r := 0 next. Role: TEMPORARY SP"
roles/Ananke/research/workers/W-H/PLAN.md,146,faafa5b0,faafa5b049e1d4b4,evolve,A,HOLD,0,,champion,124,0,"ng ""any (H) or (B) program""). Scored on the 64 analysis worlds against A* = champion lo99 there: S1 A* = .707, S2 A* = .715, S3 A* = .648. ## ADDENDUM B (before running anything on S4): optional S4 faafa5b0 Purpose: the only specimen where S decays fast (decay_shift 1: S halves each tick; HOLD gap 16), i.e. where r's decay-free storage could matter. No CFs (time); Part 2 H arm only, A* = champion lo99 o"
roles/Ananke/research/workers/W-H/PLAN.md,157,ed884172,ed884172de6b4ec0,evolve,A,HOLD,0,,,,0,"O 0 reads it every tick. Verdict rule unchanged (COMPRESSION if any H >= A*). If both fail, S4 is reported as an EXPANSION candidate only if a cause is identified. ## ADDENDUM C (before running): S5 ed884172 mini-check Raw C1 scan: of the 42 qualifying SETRULE cells, ed884172 (HOLD, decay 1, wimm 0, plastic_route 0) is the one where r is the ONLY decay-free per-site store besides E. W-B census raw: FA EQ"
roles/Ananke/research/workers/W-H/PLAN.md,158,ed884172,ed884172de6b4ec0,evolve,A,HOLD,0,,,,0,">= A*). If both fail, S4 is reported as an EXPANSION candidate only if a cause is identified. ## ADDENDUM C (before running): S5 ed884172 mini-check Raw C1 scan: of the 42 qualifying SETRULE cells, ed884172 (HOLD, decay 1, wimm 0, plastic_route 0) is the one where r is the ONLY decay-free per-site store besides E. W-B census raw: FA EQUIV (rule use ends at boot). Test only H4a (plain S0 latch; predicted"
roles/Ananke/research/workers/W-H/REPORT.md,22,b59e6c3a,b59e6c3afebce00a,evolve,B2,RELAY,0,,champion,68,0,"a free state register, and dispatch that costs no instructions. That is where expansion could come from. The question was whether champions use it. SPECIMENS (chosen to discriminate mechanisms) S1 b59e6c3a (RELAY d1, delta 16, smallworld, asynchronous updates, R=4, L=12) - Branch: at every site, rule 0 does four things: - The sensor emits only on a + cue (EMIT = max(SENSE, 0)). - S0 := S0 - S1 - 60"
roles/Ananke/research/workers/W-H/REPORT.md,35,311c465f,311c465fd5a624cb,evolve,A,HOLD,0,,,,0,"2 [0, .088] on those trials (normal .947), SUFFICIENT-FLIP. - H1, a 7-instruction rules=1 program (a select on CNT0 between 776 and S0-60): .764 [.736, .793], above A* .707. VERDICT: COMPRESSION. S2 311c465f (HOLD gap 4, torus, sync update period 2, R=2, L=8, decay 3) - Branch: S0 is written only in rule 1 (S0 := SENSE ^ E), and rule 1 lasts one awake tick. - Rule 0 runs a clock: S2 ^= SENSE, then r := S"
roles/Ananke/research/workers/W-H/REPORT.md,47,95649e2c,95649e2c29e72d45,evolve,B,RELAY,0,,champion,60,0,"nner still scores .948 with its rules frozen after boot, so it does not use ongoing switching either. - VERDICT: COMPRESSION. The switching champion is strictly worse than trivial fixed programs. S3 95649e2c (RELAY d1, delta 16, ring, asynchronous updates, R=4, L=12) - Branch: in rule 0, S0 := CNT0 (never negative) and r := IN0_0 mod 4. - A single -110 payload gives 2 (mod 4). Two packets sum to -220,"
roles/Ananke/research/workers/W-H/REPORT.md,61,faafa5b0,faafa5b049e1d4b4,evolve,A,HOLD,0,,champion,184,0,"under the pre-stated wording, because some fixed-L program solves the task better. The narrower question, whether this particular relay mechanism can be written fixed-rule at L=12, is UNRESOLVED. S4 faafa5b0 (HOLD gap 16, decay_shift 1; Addendum B) - This is the one cell where fast decay would make r's decay-free storage matter. - H4b, a Kp latch via WIMM with rules=1: 1.000. The champion scores .590. -"
roles/Ananke/research/workers/W-H/REPORT.md,66,ed884172,ed884172de6b4ec0,evolve,A,HOLD,0,,champion,41,0,"cay_shift 1; Addendum B) - This is the one cell where fast decay would make r's decay-free storage matter. - H4b, a Kp latch via WIMM with rules=1: 1.000. The champion scores .590. - COMPRESSION. S5 ed884172 (HOLD, decay 1, WIMM off, no plastic routing; Addendum C) - Here r is the only decay-free store other than E. - A plain S0 latch scores .735 (the positive sign survives decay) against A* .592. - COMP"
roles/Ananke/research/workers/W-H/out/search_summary.txt,1,b59e6c3a,b59e6c3afebce00a,evolve,B2,RELAY,0,,,,0,"b59e6c3a champion_analysis [0.741, 0.707, 0.772] A* 0.707 A_orig [0.562, 0.531, 0.564, 0.544] reach 0 / 4 B_fixed_L [0.542, 0.656, 0.536, 0.542] reach 0 / 4 C_fixed_RL [0.568, 0.535, 0.525, 0.54] rea"
roles/Ananke/research/workers/W-H/out/search_summary.txt,5,311c465f,311c465fd5a624cb,evolve,A,HOLD,0,,,,0,"_analysis [0.741, 0.707, 0.772] A* 0.707 A_orig [0.562, 0.531, 0.564, 0.544] reach 0 / 4 B_fixed_L [0.542, 0.656, 0.536, 0.542] reach 0 / 4 C_fixed_RL [0.568, 0.535, 0.525, 0.54] reach 0 / 4 311c465f champion_analysis [0.755, 0.715, 0.797] A* 0.715 A_orig [0.518, 0.498, 0.949, 0.52] reach 1 / 4 B_fixed_L [0.686, 0.963, 0.963, 0.5] reach 2 / 4 C_fixed_RL [0.533, 0.929, 0.857, 0.686] reach"
roles/Ananke/research/workers/W-H/out/search_summary.txt,9,95649e2c,95649e2c29e72d45,evolve,B,RELAY,0,,,,0,"on_analysis [0.755, 0.715, 0.797] A* 0.715 A_orig [0.518, 0.498, 0.949, 0.52] reach 1 / 4 B_fixed_L [0.686, 0.963, 0.963, 0.5] reach 2 / 4 C_fixed_RL [0.533, 0.929, 0.857, 0.686] reach 2 / 4 95649e2c champion_analysis [0.665, 0.648, 0.68] A* 0.648 A_orig [0.5, 0.641, 0.533, 0.596] reach 0 / 4 B_fixed_L [0.634, 0.639, 0.576, 0.5] reach 0 / 4 C_fixed_RL [0.518, 0.762, 0.639, 0.531] reach 1"
roles/Ananke/research/workers/W-I/LOG.md,8,4ab2ba01,4ab2ba014aac967e,evolve,C,HOLD,0,,,,0,"NE_CARD, ARC3_PRIORITIES, or any worker REPORT.md before PLAN. A1 smoke (GPU lease ee52d0b4c9d7, comms 772/773): traj.selfcheck bit-identical to lens.run for normal / site_all@3 / channel_all@3 on 4ab2ba01 and 0a23398f. Timing: 48-arm block 3-9 s, twin profile 1.4-2.9 s, peak 1 GB. No verdicts read. A2 PLAN.md frozen. A3 05:12Z GPU acquire -> BUSY (W-H until 06:50Z). Queued in QUEUE.md (Q1). Acquire"
roles/Ananke/research/workers/W-I/LOG.md,8,0a23398f,0a23398f20cc41a2,evolve,B,MAJ,0,,,,0,"_PRIORITIES, or any worker REPORT.md before PLAN. A1 smoke (GPU lease ee52d0b4c9d7, comms 772/773): traj.selfcheck bit-identical to lens.run for normal / site_all@3 / channel_all@3 on 4ab2ba01 and 0a23398f. Timing: 48-arm block 3-9 s, twin profile 1.4-2.9 s, peak 1 GB. No verdicts read. A2 PLAN.md frozen. A3 05:12Z GPU acquire -> BUSY (W-H until 06:50Z). Queued in QUEUE.md (Q1). Acquired cpu8 lea"
roles/Ananke/research/workers/W-I/LOG.md,25,369f5a5b,369f5a5b745eb592,evolve,B,RELAY,0,,,,0,"rted 07:00Z on CPU (2 threads, no lease needed). A7 07:12Z POST-HOC instrument check (identity_check.py, not in PLAN): M/J rows had site_acc + chan_acc = 1.00 almost exactly even where phi ~ +0.1 (369f5a5b, 4781b0a1). Reason: mirror partners share all physics randomness, so after a swap world B's site-swapped state (site_A, chan_B) equals world A's channel-swapped state; with no input between"
roles/Ananke/research/workers/W-I/LOG.md,25,4781b0a1,4781b0a172b6dc3c,evolve,C,MAJ,0,,,,0,"Z on CPU (2 threads, no lease needed). A7 07:12Z POST-HOC instrument check (identity_check.py, not in PLAN): M/J rows had site_acc + chan_acc = 1.00 almost exactly even where phi ~ +0.1 (369f5a5b, 4781b0a1). Reason: mirror partners share all physics randomness, so after a swap world B's site-swapped state (site_A, chan_B) equals world A's channel-swapped state; with no input between swap and r"
roles/Ananke/research/workers/W-I/LOG.md,28,4ab2ba01,4ab2ba014aac967e,evolve,C,HOLD,0,,,,0,"rtners share all physics randomness, so after a swap world B's site-swapped state (site_A, chan_B) equals world A's channel-swapped state; with no input between swap and readout (RELAY/MAJ, and 4ab2ba01) the readout of the current trial is identical and targets are opposite -> sum = 1 per trial. Measured: 100% of trials for 2dccdaa5, 4ab2ba01, 78f3b0ec; 98% 4781b0a1; 62-68% 369f5a5b (history-c"
roles/Ananke/research/workers/W-I/LOG.md,30,2dccdaa5,2dccdaa5eb8ffa0e,evolve,B,RELAY,0,,,,0,"te; with no input between swap and readout (RELAY/MAJ, and 4ab2ba01) the readout of the current trial is identical and targets are opposite -> sum = 1 per trial. Measured: 100% of trials for 2dccdaa5, 4ab2ba01, 78f3b0ec; 98% 4781b0a1; 62-68% 369f5a5b (history-carrying mechanism: every-trial swaps make the arms' histories differ). So sum~1 is (near-)forced by the design and is NOT evidence o"
roles/Ananke/research/workers/W-I/LOG.md,30,4ab2ba01,4ab2ba014aac967e,evolve,C,HOLD,0,,,,0,"o input between swap and readout (RELAY/MAJ, and 4ab2ba01) the readout of the current trial is identical and targets are opposite -> sum = 1 per trial. Measured: 100% of trials for 2dccdaa5, 4ab2ba01, 78f3b0ec; 98% 4781b0a1; 62-68% 369f5a5b (history-carrying mechanism: every-trial swaps make the arms' histories differ). So sum~1 is (near-)forced by the design and is NOT evidence of a per-tr"
roles/Ananke/research/workers/W-I/LOG.md,30,78f3b0ec,78f3b0eccd44b1ed,evolve,B2,RELAY,0,,,,0,"between swap and readout (RELAY/MAJ, and 4ab2ba01) the readout of the current trial is identical and targets are opposite -> sum = 1 per trial. Measured: 100% of trials for 2dccdaa5, 4ab2ba01, 78f3b0ec; 98% 4781b0a1; 62-68% 369f5a5b (history-carrying mechanism: every-trial swaps make the arms' histories differ). So sum~1 is (near-)forced by the design and is NOT evidence of a per-trial mixtur"
roles/Ananke/research/workers/W-I/LOG.md,30,4781b0a1,4781b0a172b6dc3c,evolve,C,MAJ,0,,,,0,"and readout (RELAY/MAJ, and 4ab2ba01) the readout of the current trial is identical and targets are opposite -> sum = 1 per trial. Measured: 100% of trials for 2dccdaa5, 4ab2ba01, 78f3b0ec; 98% 4781b0a1; 62-68% 369f5a5b (history-carrying mechanism: every-trial swaps make the arms' histories differ). So sum~1 is (near-)forced by the design and is NOT evidence of a per-trial mixture (contradicts"
roles/Ananke/research/workers/W-I/LOG.md,30,369f5a5b,369f5a5b745eb592,evolve,B,RELAY,0,,,,0,"Y/MAJ, and 4ab2ba01) the readout of the current trial is identical and targets are opposite -> sum = 1 per trial. Measured: 100% of trials for 2dccdaa5, 4ab2ba01, 78f3b0ec; 98% 4781b0a1; 62-68% 369f5a5b (history-carrying mechanism: every-trial swaps make the arms' histories differ). So sum~1 is (near-)forced by the design and is NOT evidence of a per-trial mixture (contradicts the F5' reading)"
roles/Ananke/research/workers/W-I/PLAN.md,24,62a7fff9,62a7fff921ca3bd8,evolve,B,RELAY,0,,,,0,"d9ccb6a71d986501: ring 144, sample, C1 P2 D2 L16, cap 2, loss .1, lat_base 1, jitter 1, plastic_route, wimm) = all 18 RELAY cells with this physics in the W-F census that were READABLE there: SITE: 62a7fff9 35c721fd 72dd71d8 bbef66a1 e2afff1c e9196cae cd5b6fd6 CHANNEL: 31cd2a8a 4316f167 a02aa099 bf82cb29 dcd404a9 ed16c553 JOINT: 2dccdaa5 8c37f32e c16d5231 e06701a5 78f3b0ec + same physics, other famil"
roles/Ananke/research/workers/W-I/PLAN.md,24,35c721fd,35c721fddb88f2d2,evolve,D,RELAY,0,,,,0,"1d986501: ring 144, sample, C1 P2 D2 L16, cap 2, loss .1, lat_base 1, jitter 1, plastic_route, wimm) = all 18 RELAY cells with this physics in the W-F census that were READABLE there: SITE: 62a7fff9 35c721fd 72dd71d8 bbef66a1 e2afff1c e9196cae cd5b6fd6 CHANNEL: 31cd2a8a 4316f167 a02aa099 bf82cb29 dcd404a9 ed16c553 JOINT: 2dccdaa5 8c37f32e c16d5231 e06701a5 78f3b0ec + same physics, other family: HOLD 4"
roles/Ananke/research/workers/W-I/PLAN.md,24,72dd71d8,72dd71d8028cf759,evolve,D,RELAY,0,,,,0,"ring 144, sample, C1 P2 D2 L16, cap 2, loss .1, lat_base 1, jitter 1, plastic_route, wimm) = all 18 RELAY cells with this physics in the W-F census that were READABLE there: SITE: 62a7fff9 35c721fd 72dd71d8 bbef66a1 e2afff1c e9196cae cd5b6fd6 CHANNEL: 31cd2a8a 4316f167 a02aa099 bf82cb29 dcd404a9 ed16c553 JOINT: 2dccdaa5 8c37f32e c16d5231 e06701a5 78f3b0ec + same physics, other family: HOLD 4ab2ba01 ("
roles/Ananke/research/workers/W-I/PLAN.md,24,bbef66a1,bbef66a1ee9558ac,evolve,B,RELAY,0,,,,0,", sample, C1 P2 D2 L16, cap 2, loss .1, lat_base 1, jitter 1, plastic_route, wimm) = all 18 RELAY cells with this physics in the W-F census that were READABLE there: SITE: 62a7fff9 35c721fd 72dd71d8 bbef66a1 e2afff1c e9196cae cd5b6fd6 CHANNEL: 31cd2a8a 4316f167 a02aa099 bf82cb29 dcd404a9 ed16c553 JOINT: 2dccdaa5 8c37f32e c16d5231 e06701a5 78f3b0ec + same physics, other family: HOLD 4ab2ba01 (M2), MAJ"
roles/Ananke/research/workers/W-I/PLAN.md,24,e2afff1c,e2afff1ce40123fc,evolve,B,RELAY,0,,,,0,"C1 P2 D2 L16, cap 2, loss .1, lat_base 1, jitter 1, plastic_route, wimm) = all 18 RELAY cells with this physics in the W-F census that were READABLE there: SITE: 62a7fff9 35c721fd 72dd71d8 bbef66a1 e2afff1c e9196cae cd5b6fd6 CHANNEL: 31cd2a8a 4316f167 a02aa099 bf82cb29 dcd404a9 ed16c553 JOINT: 2dccdaa5 8c37f32e c16d5231 e06701a5 78f3b0ec + same physics, other family: HOLD 4ab2ba01 (M2), MAJ 4781b0a1."
roles/Ananke/research/workers/W-I/PLAN.md,24,e9196cae,e9196cae3d7537f1,evolve,D,RELAY,0,,,,0,"L16, cap 2, loss .1, lat_base 1, jitter 1, plastic_route, wimm) = all 18 RELAY cells with this physics in the W-F census that were READABLE there: SITE: 62a7fff9 35c721fd 72dd71d8 bbef66a1 e2afff1c e9196cae cd5b6fd6 CHANNEL: 31cd2a8a 4316f167 a02aa099 bf82cb29 dcd404a9 ed16c553 JOINT: 2dccdaa5 8c37f32e c16d5231 e06701a5 78f3b0ec + same physics, other family: HOLD 4ab2ba01 (M2), MAJ 4781b0a1. Justifi"
roles/Ananke/research/workers/W-I/PLAN.md,24,cd5b6fd6,cd5b6fd649eb242d,evolve,B2,RELAY,0,,,,0,"2, loss .1, lat_base 1, jitter 1, plastic_route, wimm) = all 18 RELAY cells with this physics in the W-F census that were READABLE there: SITE: 62a7fff9 35c721fd 72dd71d8 bbef66a1 e2afff1c e9196cae cd5b6fd6 CHANNEL: 31cd2a8a 4316f167 a02aa099 bf82cb29 dcd404a9 ed16c553 JOINT: 2dccdaa5 8c37f32e c16d5231 e06701a5 78f3b0ec + same physics, other family: HOLD 4ab2ba01 (M2), MAJ 4781b0a1. Justification: t"
roles/Ananke/research/workers/W-I/PLAN.md,25,31cd2a8a,31cd2a8a9b572a50,evolve,B2,RELAY,0,,,,0,"se 1, jitter 1, plastic_route, wimm) = all 18 RELAY cells with this physics in the W-F census that were READABLE there: SITE: 62a7fff9 35c721fd 72dd71d8 bbef66a1 e2afff1c e9196cae cd5b6fd6 CHANNEL: 31cd2a8a 4316f167 a02aa099 bf82cb29 dcd404a9 ed16c553 JOINT: 2dccdaa5 8c37f32e c16d5231 e06701a5 78f3b0ec + same physics, other family: HOLD 4ab2ba01 (M2), MAJ 4781b0a1. Justification: the only place in C1"
roles/Ananke/research/workers/W-I/PLAN.md,25,4316f167,4316f167de9424be,evolve,D,RELAY,0,,,,0,"ter 1, plastic_route, wimm) = all 18 RELAY cells with this physics in the W-F census that were READABLE there: SITE: 62a7fff9 35c721fd 72dd71d8 bbef66a1 e2afff1c e9196cae cd5b6fd6 CHANNEL: 31cd2a8a 4316f167 a02aa099 bf82cb29 dcd404a9 ed16c553 JOINT: 2dccdaa5 8c37f32e c16d5231 e06701a5 78f3b0ec + same physics, other family: HOLD 4ab2ba01 (M2), MAJ 4781b0a1. Justification: the only place in C1 where ph"
roles/Ananke/research/workers/W-I/PLAN.md,25,a02aa099,a02aa0990f0b9da9,evolve,B2,RELAY,0,,,,0,"astic_route, wimm) = all 18 RELAY cells with this physics in the W-F census that were READABLE there: SITE: 62a7fff9 35c721fd 72dd71d8 bbef66a1 e2afff1c e9196cae cd5b6fd6 CHANNEL: 31cd2a8a 4316f167 a02aa099 bf82cb29 dcd404a9 ed16c553 JOINT: 2dccdaa5 8c37f32e c16d5231 e06701a5 78f3b0ec + same physics, other family: HOLD 4ab2ba01 (M2), MAJ 4781b0a1. Justification: the only place in C1 where physics is"
roles/Ananke/research/workers/W-I/PLAN.md,25,bf82cb29,bf82cb29e967a489,evolve,B,RELAY,0,,held,195,0,"te, wimm) = all 18 RELAY cells with this physics in the W-F census that were READABLE there: SITE: 62a7fff9 35c721fd 72dd71d8 bbef66a1 e2afff1c e9196cae cd5b6fd6 CHANNEL: 31cd2a8a 4316f167 a02aa099 bf82cb29 dcd404a9 ed16c553 JOINT: 2dccdaa5 8c37f32e c16d5231 e06701a5 78f3b0ec + same physics, other family: HOLD 4ab2ba01 (M2), MAJ 4781b0a1. Justification: the only place in C1 where physics is held fixe"
roles/Ananke/research/workers/W-I/PLAN.md,25,dcd404a9,dcd404a943f388ca,evolve,B2,RELAY,0,,held,186,0,"= all 18 RELAY cells with this physics in the W-F census that were READABLE there: SITE: 62a7fff9 35c721fd 72dd71d8 bbef66a1 e2afff1c e9196cae cd5b6fd6 CHANNEL: 31cd2a8a 4316f167 a02aa099 bf82cb29 dcd404a9 ed16c553 JOINT: 2dccdaa5 8c37f32e c16d5231 e06701a5 78f3b0ec + same physics, other family: HOLD 4ab2ba01 (M2), MAJ 4781b0a1. Justification: the only place in C1 where physics is held fixed while"
roles/Ananke/research/workers/W-I/PLAN.md,25,ed16c553,ed16c5532e2398cd,evolve,B2,RELAY,0,,held,177,0,"RELAY cells with this physics in the W-F census that were READABLE there: SITE: 62a7fff9 35c721fd 72dd71d8 bbef66a1 e2afff1c e9196cae cd5b6fd6 CHANNEL: 31cd2a8a 4316f167 a02aa099 bf82cb29 dcd404a9 ed16c553 JOINT: 2dccdaa5 8c37f32e c16d5231 e06701a5 78f3b0ec + same physics, other family: HOLD 4ab2ba01 (M2), MAJ 4781b0a1. Justification: the only place in C1 where physics is held fixed while the censu"
roles/Ananke/research/workers/W-I/PLAN.md,26,2dccdaa5,2dccdaa5eb8ffa0e,evolve,B,RELAY,0,,held,160,0,"this physics in the W-F census that were READABLE there: SITE: 62a7fff9 35c721fd 72dd71d8 bbef66a1 e2afff1c e9196cae cd5b6fd6 CHANNEL: 31cd2a8a 4316f167 a02aa099 bf82cb29 dcd404a9 ed16c553 JOINT: 2dccdaa5 8c37f32e c16d5231 e06701a5 78f3b0ec + same physics, other family: HOLD 4ab2ba01 (M2), MAJ 4781b0a1. Justification: the only place in C1 where physics is held fixed while the census carrier class v"
roles/Ananke/research/workers/W-I/PLAN.md,26,8c37f32e,8c37f32e68843070,evolve,D,RELAY,0,,held,151,0,"sics in the W-F census that were READABLE there: SITE: 62a7fff9 35c721fd 72dd71d8 bbef66a1 e2afff1c e9196cae cd5b6fd6 CHANNEL: 31cd2a8a 4316f167 a02aa099 bf82cb29 dcd404a9 ed16c553 JOINT: 2dccdaa5 8c37f32e c16d5231 e06701a5 78f3b0ec + same physics, other family: HOLD 4ab2ba01 (M2), MAJ 4781b0a1. Justification: the only place in C1 where physics is held fixed while the census carrier class varies (SI"
roles/Ananke/research/workers/W-I/PLAN.md,26,c16d5231,c16d52319beb8bce,evolve,B2,RELAY,0,,held,142,0,"he W-F census that were READABLE there: SITE: 62a7fff9 35c721fd 72dd71d8 bbef66a1 e2afff1c e9196cae cd5b6fd6 CHANNEL: 31cd2a8a 4316f167 a02aa099 bf82cb29 dcd404a9 ed16c553 JOINT: 2dccdaa5 8c37f32e c16d5231 e06701a5 78f3b0ec + same physics, other family: HOLD 4ab2ba01 (M2), MAJ 4781b0a1. Justification: the only place in C1 where physics is held fixed while the census carrier class varies (SITE/CHANNE"
roles/Ananke/research/workers/W-I/PLAN.md,26,e06701a5,e06701a5e70bb7c2,evolve,D,RELAY,0,,held,133,0,"nsus that were READABLE there: SITE: 62a7fff9 35c721fd 72dd71d8 bbef66a1 e2afff1c e9196cae cd5b6fd6 CHANNEL: 31cd2a8a 4316f167 a02aa099 bf82cb29 dcd404a9 ed16c553 JOINT: 2dccdaa5 8c37f32e c16d5231 e06701a5 78f3b0ec + same physics, other family: HOLD 4ab2ba01 (M2), MAJ 4781b0a1. Justification: the only place in C1 where physics is held fixed while the census carrier class varies (SITE/CHANNEL/JOINT);"
roles/Ananke/research/workers/W-I/PLAN.md,26,78f3b0ec,78f3b0eccd44b1ed,evolve,B2,RELAY,0,,held,124,0,"were READABLE there: SITE: 62a7fff9 35c721fd 72dd71d8 bbef66a1 e2afff1c e9196cae cd5b6fd6 CHANNEL: 31cd2a8a 4316f167 a02aa099 bf82cb29 dcd404a9 ed16c553 JOINT: 2dccdaa5 8c37f32e c16d5231 e06701a5 78f3b0ec + same physics, other family: HOLD 4ab2ba01 (M2), MAJ 4781b0a1. Justification: the only place in C1 where physics is held fixed while the census carrier class varies (SITE/CHANNEL/JOINT); it lets"
roles/Ananke/research/workers/W-I/PLAN.md,27,4ab2ba01,4ab2ba014aac967e,evolve,C,HOLD,0,,held,79,0,"d 72dd71d8 bbef66a1 e2afff1c e9196cae cd5b6fd6 CHANNEL: 31cd2a8a 4316f167 a02aa099 bf82cb29 dcd404a9 ed16c553 JOINT: 2dccdaa5 8c37f32e c16d5231 e06701a5 78f3b0ec + same physics, other family: HOLD 4ab2ba01 (M2), MAJ 4781b0a1. Justification: the only place in C1 where physics is held fixed while the census carrier class varies (SITE/CHANNEL/JOINT); it lets trajectory class be compared with robustness"
roles/Ananke/research/workers/W-I/PLAN.md,27,4781b0a1,4781b0a172b6dc3c,evolve,C,MAJ,0,,held,60,0,"e2afff1c e9196cae cd5b6fd6 CHANNEL: 31cd2a8a 4316f167 a02aa099 bf82cb29 dcd404a9 ed16c553 JOINT: 2dccdaa5 8c37f32e c16d5231 e06701a5 78f3b0ec + same physics, other family: HOLD 4ab2ba01 (M2), MAJ 4781b0a1. Justification: the only place in C1 where physics is held fixed while the census carrier class varies (SITE/CHANNEL/JOINT); it lets trajectory class be compared with robustness without the physic"
roles/Ananke/research/workers/W-I/PLAN.md,31,85ca202e,85ca202e89057873,evolve,B,HOLD,0,,,,0,"ixed while the census carrier class varies (SITE/CHANNEL/JOINT); it lets trajectory class be compared with robustness without the physics confound. SPAN (span physics x family x census class): HOLD 85ca202e (global, content code), ab089e45 (global, presence code per W-C x12), 7b7b025e (global, mixed presence/content), 13127335 (global async), 00c5d3b6 (torus all async), 1c0a1bc7 (torus all, rules 4),"
roles/Ananke/research/workers/W-I/PLAN.md,32,ab089e45,ab089e45b85e990b,evolve,B,HOLD,0,,,,0,"ss varies (SITE/CHANNEL/JOINT); it lets trajectory class be compared with robustness without the physics confound. SPAN (span physics x family x census class): HOLD 85ca202e (global, content code), ab089e45 (global, presence code per W-C x12), 7b7b025e (global, mixed presence/content), 13127335 (global async), 00c5d3b6 (torus all async), 1c0a1bc7 (torus all, rules 4), 65d840a8 (ring rules 4, loss .6)"
roles/Ananke/research/workers/W-I/PLAN.md,32,7b7b025e,7b7b025e7ee58f2b,evolve,B2,HOLD,0,,,,0,"tory class be compared with robustness without the physics confound. SPAN (span physics x family x census class): HOLD 85ca202e (global, content code), ab089e45 (global, presence code per W-C x12), 7b7b025e (global, mixed presence/content), 13127335 (global async), 00c5d3b6 (torus all async), 1c0a1bc7 (torus all, rules 4), 65d840a8 (ring rules 4, loss .6), 0187372b (torus, census ELSEWHERE); MAJ 0a23"
roles/Ananke/research/workers/W-I/PLAN.md,33,13127335,13127335562d8595,evolve,A,HOLD,0,,,,0,"out the physics confound. SPAN (span physics x family x census class): HOLD 85ca202e (global, content code), ab089e45 (global, presence code per W-C x12), 7b7b025e (global, mixed presence/content), 13127335 (global async), 00c5d3b6 (torus all async), 1c0a1bc7 (torus all, rules 4), 65d840a8 (ring rules 4, loss .6), 0187372b (torus, census ELSEWHERE); MAJ 0a23398f (M3, ring all, CHANNEL), 613162a3 (glo"
roles/Ananke/research/workers/W-I/PLAN.md,33,00c5d3b6,00c5d3b61fe3cac7,evolve,A,HOLD,0,,,,0,"SPAN (span physics x family x census class): HOLD 85ca202e (global, content code), ab089e45 (global, presence code per W-C x12), 7b7b025e (global, mixed presence/content), 13127335 (global async), 00c5d3b6 (torus all async), 1c0a1bc7 (torus all, rules 4), 65d840a8 (ring rules 4, loss .6), 0187372b (torus, census ELSEWHERE); MAJ 0a23398f (M3, ring all, CHANNEL), 613162a3 (global SITE); RELAY 63d17a90"
roles/Ananke/research/workers/W-I/PLAN.md,34,1c0a1bc7,1c0a1bc76d7a69dc,evolve,A,HOLD,0,,,,0,"x census class): HOLD 85ca202e (global, content code), ab089e45 (global, presence code per W-C x12), 7b7b025e (global, mixed presence/content), 13127335 (global async), 00c5d3b6 (torus all async), 1c0a1bc7 (torus all, rules 4), 65d840a8 (ring rules 4, loss .6), 0187372b (torus, census ELSEWHERE); MAJ 0a23398f (M3, ring all, CHANNEL), 613162a3 (global SITE); RELAY 63d17a90 (torus all SITE), 369f5a5b"
roles/Ananke/research/workers/W-I/PLAN.md,34,65d840a8,65d840a8fe0b4bf9,evolve,A,HOLD,0,,,,0,"(global, content code), ab089e45 (global, presence code per W-C x12), 7b7b025e (global, mixed presence/content), 13127335 (global async), 00c5d3b6 (torus all async), 1c0a1bc7 (torus all, rules 4), 65d840a8 (ring rules 4, loss .6), 0187372b (torus, census ELSEWHERE); MAJ 0a23398f (M3, ring all, CHANNEL), 613162a3 (global SITE); RELAY 63d17a90 (torus all SITE), 369f5a5b (smallworld JOINT), 42716814 (g"
roles/Ananke/research/workers/W-I/PLAN.md,35,0187372b,0187372b391d9d4e,evolve,A,HOLD,0,,,,0,"global, presence code per W-C x12), 7b7b025e (global, mixed presence/content), 13127335 (global async), 00c5d3b6 (torus all async), 1c0a1bc7 (torus all, rules 4), 65d840a8 (ring rules 4, loss .6), 0187372b (torus, census ELSEWHERE); MAJ 0a23398f (M3, ring all, CHANNEL), 613162a3 (global SITE); RELAY 63d17a90 (torus all SITE), 369f5a5b (smallworld JOINT), 42716814 (global ELSEWHERE). Specimens with no"
roles/Ananke/research/workers/W-I/PLAN.md,35,0a23398f,0a23398f20cc41a2,evolve,B,MAJ,0,,,,0,"025e (global, mixed presence/content), 13127335 (global async), 00c5d3b6 (torus all async), 1c0a1bc7 (torus all, rules 4), 65d840a8 (ring rules 4, loss .6), 0187372b (torus, census ELSEWHERE); MAJ 0a23398f (M3, ring all, CHANNEL), 613162a3 (global SITE); RELAY 63d17a90 (torus all SITE), 369f5a5b (smallworld JOINT), 42716814 (global ELSEWHERE). Specimens with normal lo99 < 0.60 on my seeds are UNREADA"
roles/Ananke/research/workers/W-I/PLAN.md,36,613162a3,613162a306938de7,evolve,C,MAJ,0,,,,0,"nt), 13127335 (global async), 00c5d3b6 (torus all async), 1c0a1bc7 (torus all, rules 4), 65d840a8 (ring rules 4, loss .6), 0187372b (torus, census ELSEWHERE); MAJ 0a23398f (M3, ring all, CHANNEL), 613162a3 (global SITE); RELAY 63d17a90 (torus all SITE), 369f5a5b (smallworld JOINT), 42716814 (global ELSEWHERE). Specimens with normal lo99 < 0.60 on my seeds are UNREADABLE: their physical axis is reporte"
roles/Ananke/research/workers/W-I/PLAN.md,36,63d17a90,63d17a90e365e424,evolve,B2,RELAY,0,,,,0,"00c5d3b6 (torus all async), 1c0a1bc7 (torus all, rules 4), 65d840a8 (ring rules 4, loss .6), 0187372b (torus, census ELSEWHERE); MAJ 0a23398f (M3, ring all, CHANNEL), 613162a3 (global SITE); RELAY 63d17a90 (torus all SITE), 369f5a5b (smallworld JOINT), 42716814 (global ELSEWHERE). Specimens with normal lo99 < 0.60 on my seeds are UNREADABLE: their physical axis is reported but they get no reader label"
roles/Ananke/research/workers/W-I/PLAN.md,37,369f5a5b,369f5a5b745eb592,evolve,B,RELAY,0,,,,0,"1c0a1bc7 (torus all, rules 4), 65d840a8 (ring rules 4, loss .6), 0187372b (torus, census ELSEWHERE); MAJ 0a23398f (M3, ring all, CHANNEL), 613162a3 (global SITE); RELAY 63d17a90 (torus all SITE), 369f5a5b (smallworld JOINT), 42716814 (global ELSEWHERE). Specimens with normal lo99 < 0.60 on my seeds are UNREADABLE: their physical axis is reported but they get no reader labels, motifs or robustness clas"
roles/Ananke/research/workers/W-I/PLAN.md,37,42716814,4271681452d29aee,evolve,C,RELAY,0,,,,0,"), 65d840a8 (ring rules 4, loss .6), 0187372b (torus, census ELSEWHERE); MAJ 0a23398f (M3, ring all, CHANNEL), 613162a3 (global SITE); RELAY 63d17a90 (torus all SITE), 369f5a5b (smallworld JOINT), 42716814 (global ELSEWHERE). Specimens with normal lo99 < 0.60 on my seeds are UNREADABLE: their physical axis is reported but they get no reader labels, motifs or robustness class. ## Seeds Reader axis and"
roles/Ananke/research/workers/W-I/PLAN.md,145,4ab2ba01,4ab2ba014aac967e,evolve,C,HOLD,0,,,,0,"INT cells show a C->S (channel then latch at the reader) or S/C mixture band near the readout; census JOINT = M bands. Q2 HOLD global cells: R1 site-only, physically ""s"" only (N/V/F absent). Q3 M2 4ab2ba01: store->channel->store regeneration (R5) (census HANDOFF). Q4 H1-H3 supported at ~55% confidence. ## Compute GPU lease (lease.py, owner W-I) for main + robustness (~45 min, <2 GB). If BUSY: QUEUE.md"
roles/Ananke/research/workers/W-I/REPORT.md,8,4ab2ba01,4ab2ba014aac967e,evolve,C,HOLD,0,,champion,158,0,"U was never used. WHAT I TESTED - 33 C1 champions: - PANEL: 20 cells that share one physics (d9ccb6a7: ring 144, sample). These are 18 RELAY cells (census SITE 7, CHANNEL 6, JOINT 5), plus HOLD M2 4ab2ba01 and MAJ 4781b0a1. - SPAN: 13 cells across global, torus, smallworld and ring, in HOLD, RELAY and MAJ, covering every census class. - 42716814 was UNREADABLE (lo99 .577) and gets no reader labels."
roles/Ananke/research/workers/W-I/REPORT.md,8,4781b0a1,4781b0a172b6dc3c,evolve,C,MAJ,0,,champion,175,0,"WHAT I TESTED - 33 C1 champions: - PANEL: 20 cells that share one physics (d9ccb6a7: ring 144, sample). These are 18 RELAY cells (census SITE 7, CHANNEL 6, JOINT 5), plus HOLD M2 4ab2ba01 and MAJ 4781b0a1. - SPAN: 13 cells across global, torus, smallworld and ring, in HOLD, RELAY and MAJ, covering every census class. - 42716814 was UNREADABLE (lo99 .577) and gets no reader labels. - Reader axis:"
roles/Ananke/research/workers/W-I/REPORT.md,10,42716814,4271681452d29aee,evolve,C,RELAY,0,,,,0,"lls (census SITE 7, CHANNEL 6, JOINT 5), plus HOLD M2 4ab2ba01 and MAJ 4781b0a1. - SPAN: 13 cells across global, torus, smallworld and ring, in HOLD, RELAY and MAJ, covering every census class. - 42716814 was UNREADABLE (lo99 .577) and gets no reader labels. - Reader axis: - Mirror-pair swaps at every tick offset from cue onset -1 to readout -1, applied in every trial. - Arms: site_all, channel_al"
roles/Ananke/research/workers/W-I/REPORT.md,25,0187372b,0187372b391d9d4e,evolve,A,HOLD,0,,,,0,"-cue control is clean: offset -1 is E (NO-EFFECT) in all 32 readable specimens. 2. The census replicates on new seeds. At W-F's mid tick my label matches the census class in 30/32. The mismatches are 0187372b (ELSEWHERE, I get S) and 613162a3 (SITE, I get M). 3. The mid-tick census class is a PHASE reading, not the carrier. - All 7 panel RELAY cells the census calls ""SITE"" have a channel phase first: C"
roles/Ananke/research/workers/W-I/REPORT.md,25,613162a3,613162a306938de7,evolve,C,MAJ,0,,,,0,"s E (NO-EFFECT) in all 32 readable specimens. 2. The census replicates on new seeds. At W-F's mid tick my label matches the census class in 30/32. The mismatches are 0187372b (ELSEWHERE, I get S) and 613162a3 (SITE, I get M). 3. The mid-tick census class is a PHASE reading, not the carrier. - All 7 panel RELAY cells the census calls ""SITE"" have a channel phase first: C at offsets 1-4, then S (CCCCSSS,"
roles/Ananke/research/workers/W-I/REPORT.md,32,63d17a90,63d17a90e365e424,evolve,B2,RELAY,0,,,,0,"s digests): - R1 SITE-ONLY RETENTION: 8 specimens, 8 digests. All HOLD, off the panel. - R4 CHANNEL-&gt;LATCH (C then S at the reader): 14 specimens, 2 digests. 13 are panel physics, plus torus 63d17a90, so it only just passes. - R2 CHANNEL-ONLY DELAY: 3 specimens, 2 digests. All are delta-4 cells (a02aa099, dcd404a9, M3 0a23398f), where latency is about equal to the interval. - P1 TRAVELLING"
roles/Ananke/research/workers/W-I/REPORT.md,33,a02aa099,a02aa0990f0b9da9,evolve,B2,RELAY,0,,,,0,";LATCH (C then S at the reader): 14 specimens, 2 digests. 13 are panel physics, plus torus 63d17a90, so it only just passes. - R2 CHANNEL-ONLY DELAY: 3 specimens, 2 digests. All are delta-4 cells (a02aa099, dcd404a9, M3 0a23398f), where latency is about equal to the interval. - P1 TRAVELLING WAVE: 10 specimens, 2 digests. - P2 SOURCE-PRESENCE: 18 specimens, 6 digests. - P3 PAYLOAD-VALUE: 10 sp"
roles/Ananke/research/workers/W-I/REPORT.md,33,dcd404a9,dcd404a943f388ca,evolve,B2,RELAY,0,,,,0,"then S at the reader): 14 specimens, 2 digests. 13 are panel physics, plus torus 63d17a90, so it only just passes. - R2 CHANNEL-ONLY DELAY: 3 specimens, 2 digests. All are delta-4 cells (a02aa099, dcd404a9, M3 0a23398f), where latency is about equal to the interval. - P1 TRAVELLING WAVE: 10 specimens, 2 digests. - P2 SOURCE-PRESENCE: 18 specimens, 6 digests. - P3 PAYLOAD-VALUE: 10 specimens, 4"
roles/Ananke/research/workers/W-I/REPORT.md,33,0a23398f,0a23398f20cc41a2,evolve,B,MAJ,0,,,,0,"reader): 14 specimens, 2 digests. 13 are panel physics, plus torus 63d17a90, so it only just passes. - R2 CHANNEL-ONLY DELAY: 3 specimens, 2 digests. All are delta-4 cells (a02aa099, dcd404a9, M3 0a23398f), where latency is about equal to the interval. - P1 TRAVELLING WAVE: 10 specimens, 2 digests. - P2 SOURCE-PRESENCE: 18 specimens, 6 digests. - P3 PAYLOAD-VALUE: 10 specimens, 4 digests."
roles/Ananke/research/workers/W-I/REPORT.md,39,78f3b0ec,78f3b0eccd44b1ed,evolve,B2,RELAY,0,,,,0,"ecimens, 6 digests. - P3 PAYLOAD-VALUE: 10 specimens, 4 digests. - P4 SITE-ONLY PHYSICAL: 3 specimens, 3 digests. - Seen but not recurring (1-digest or too few): - R3 store-&gt;channel: 78f3b0ec, 4781b0a1. - R5 S-&gt;C-&gt;S regeneration: 31cd2a8a, bbef66a1, ed16c553. This is the brief's store -&gt; emit -&gt; channel -&gt; readout at the reader level. - R6 mixture band: 3 specimen"
roles/Ananke/research/workers/W-I/REPORT.md,39,4781b0a1,4781b0a172b6dc3c,evolve,C,MAJ,0,,,,0,"digests. - P3 PAYLOAD-VALUE: 10 specimens, 4 digests. - P4 SITE-ONLY PHYSICAL: 3 specimens, 3 digests. - Seen but not recurring (1-digest or too few): - R3 store-&gt;channel: 78f3b0ec, 4781b0a1. - R5 S-&gt;C-&gt;S regeneration: 31cd2a8a, bbef66a1, ed16c553. This is the brief's store -&gt; emit -&gt; channel -&gt; readout at the reader level. - R6 mixture band: 3 specimens, all pan"
roles/Ananke/research/workers/W-I/REPORT.md,40,31cd2a8a,31cd2a8a9b572a50,evolve,B2,RELAY,0,,,,0,"digests. - P4 SITE-ONLY PHYSICAL: 3 specimens, 3 digests. - Seen but not recurring (1-digest or too few): - R3 store-&gt;channel: 78f3b0ec, 4781b0a1. - R5 S-&gt;C-&gt;S regeneration: 31cd2a8a, bbef66a1, ed16c553. This is the brief's store -&gt; emit -&gt; channel -&gt; readout at the reader level. - R6 mixture band: 3 specimens, all panel. - R7 split band: 369f5a5b, 4781b0a1. 5."
roles/Ananke/research/workers/W-I/REPORT.md,40,bbef66a1,bbef66a1ee9558ac,evolve,B,RELAY,0,,,,0,"- P4 SITE-ONLY PHYSICAL: 3 specimens, 3 digests. - Seen but not recurring (1-digest or too few): - R3 store-&gt;channel: 78f3b0ec, 4781b0a1. - R5 S-&gt;C-&gt;S regeneration: 31cd2a8a, bbef66a1, ed16c553. This is the brief's store -&gt; emit -&gt; channel -&gt; readout at the reader level. - R6 mixture band: 3 specimens, all panel. - R7 split band: 369f5a5b, 4781b0a1. 5. The two a"
roles/Ananke/research/workers/W-I/REPORT.md,40,ed16c553,ed16c5532e2398cd,evolve,B2,RELAY,0,,,,0,"TE-ONLY PHYSICAL: 3 specimens, 3 digests. - Seen but not recurring (1-digest or too few): - R3 store-&gt;channel: 78f3b0ec, 4781b0a1. - R5 S-&gt;C-&gt;S regeneration: 31cd2a8a, bbef66a1, ed16c553. This is the brief's store -&gt; emit -&gt; channel -&gt; readout at the reader level. - R6 mixture band: 3 specimens, all panel. - R7 split band: 369f5a5b, 4781b0a1. 5. The two axes dissoc"
roles/Ananke/research/workers/W-I/REPORT.md,42,369f5a5b,369f5a5b745eb592,evolve,B,RELAY,0,,champion,129,0,"regeneration: 31cd2a8a, bbef66a1, ed16c553. This is the brief's store -&gt; emit -&gt; channel -&gt; readout at the reader level. - R6 mixture band: 3 specimens, all panel. - R7 split band: 369f5a5b, 4781b0a1. 5. The two axes dissociate, so the reader's register cannot stand in for the physical code (F7 holds on real champions). - Presence code read as content: 6 panel specimens (e9196cae, 62"
roles/Ananke/research/workers/W-I/REPORT.md,42,4781b0a1,4781b0a172b6dc3c,evolve,C,MAJ,0,,champion,119,0,"on: 31cd2a8a, bbef66a1, ed16c553. This is the brief's store -&gt; emit -&gt; channel -&gt; readout at the reader level. - R6 mixture band: 3 specimens, all panel. - R7 split band: 369f5a5b, 4781b0a1. 5. The two axes dissociate, so the reader's register cannot stand in for the physical code (F7 holds on real champions). - Presence code read as content: 6 panel specimens (e9196cae, 62a7fff9, 35"
roles/Ananke/research/workers/W-I/REPORT.md,44,e9196cae,e9196cae3d7537f1,evolve,D,RELAY,0,,champion,66,0,"nd: 369f5a5b, 4781b0a1. 5. The two axes dissociate, so the reader's register cannot stand in for the physical code (F7 holds on real champions). - Presence code read as content: 6 panel specimens (e9196cae, 62a7fff9, 35c721fd, bf82cb29, bbef66a1, 31cd2a8a). Physically the in-flight difference is count/presence (N, no V), yet the reader FLIPs on channel_content. - The opposite also occurs. 78f3b0ec,"
roles/Ananke/research/workers/W-I/REPORT.md,44,62a7fff9,62a7fff921ca3bd8,evolve,B,RELAY,0,,champion,76,0,"5b, 4781b0a1. 5. The two axes dissociate, so the reader's register cannot stand in for the physical code (F7 holds on real champions). - Presence code read as content: 6 panel specimens (e9196cae, 62a7fff9, 35c721fd, bf82cb29, bbef66a1, 31cd2a8a). Physically the in-flight difference is count/presence (N, no V), yet the reader FLIPs on channel_content. - The opposite also occurs. 78f3b0ec, e06701a5 a"
roles/Ananke/research/workers/W-I/REPORT.md,44,35c721fd,35c721fddb88f2d2,evolve,D,RELAY,0,,champion,86,0,"a1. 5. The two axes dissociate, so the reader's register cannot stand in for the physical code (F7 holds on real champions). - Presence code read as content: 6 panel specimens (e9196cae, 62a7fff9, 35c721fd, bf82cb29, bbef66a1, 31cd2a8a). Physically the in-flight difference is count/presence (N, no V), yet the reader FLIPs on channel_content. - The opposite also occurs. 78f3b0ec, e06701a5 and a02aa09"
roles/Ananke/research/workers/W-I/REPORT.md,44,bf82cb29,bf82cb29e967a489,evolve,B,RELAY,0,,champion,96,0,"two axes dissociate, so the reader's register cannot stand in for the physical code (F7 holds on real champions). - Presence code read as content: 6 panel specimens (e9196cae, 62a7fff9, 35c721fd, bf82cb29, bbef66a1, 31cd2a8a). Physically the in-flight difference is count/presence (N, no V), yet the reader FLIPs on channel_content. - The opposite also occurs. 78f3b0ec, e06701a5 and a02aa099 have phy"
roles/Ananke/research/workers/W-I/REPORT.md,44,bbef66a1,bbef66a1ee9558ac,evolve,B,RELAY,0,,champion,106,0,"dissociate, so the reader's register cannot stand in for the physical code (F7 holds on real champions). - Presence code read as content: 6 panel specimens (e9196cae, 62a7fff9, 35c721fd, bf82cb29, bbef66a1, 31cd2a8a). Physically the in-flight difference is count/presence (N, no V), yet the reader FLIPs on channel_content. - The opposite also occurs. 78f3b0ec, e06701a5 and a02aa099 have physical N an"
roles/Ananke/research/workers/W-I/REPORT.md,44,31cd2a8a,31cd2a8a9b572a50,evolve,B2,RELAY,0,,champion,116,0,", so the reader's register cannot stand in for the physical code (F7 holds on real champions). - Presence code read as content: 6 panel specimens (e9196cae, 62a7fff9, 35c721fd, bf82cb29, bbef66a1, 31cd2a8a). Physically the in-flight difference is count/presence (N, no V), yet the reader FLIPs on channel_content. - The opposite also occurs. 78f3b0ec, e06701a5 and a02aa099 have physical N and the read"
roles/Ananke/research/workers/W-I/REPORT.md,45,78f3b0ec,78f3b0eccd44b1ed,evolve,B2,RELAY,0,,,,0,"(e9196cae, 62a7fff9, 35c721fd, bf82cb29, bbef66a1, 31cd2a8a). Physically the in-flight difference is count/presence (N, no V), yet the reader FLIPs on channel_content. - The opposite also occurs. 78f3b0ec, e06701a5 and a02aa099 have physical N and the reader FLIPs on channel_count. - M2 4ab2ba01 is physically payload-value (V at 9/9 offsets, no firing difference). This agrees with the principal's c"
roles/Ananke/research/workers/W-I/REPORT.md,45,e06701a5,e06701a5e70bb7c2,evolve,D,RELAY,0,,,,0,", 62a7fff9, 35c721fd, bf82cb29, bbef66a1, 31cd2a8a). Physically the in-flight difference is count/presence (N, no V), yet the reader FLIPs on channel_content. - The opposite also occurs. 78f3b0ec, e06701a5 and a02aa099 have physical N and the reader FLIPs on channel_count. - M2 4ab2ba01 is physically payload-value (V at 9/9 offsets, no firing difference). This agrees with the principal's content rea"
roles/Ananke/research/workers/W-I/REPORT.md,45,a02aa099,a02aa0990f0b9da9,evolve,B2,RELAY,0,,,,0,"5c721fd, bf82cb29, bbef66a1, 31cd2a8a). Physically the in-flight difference is count/presence (N, no V), yet the reader FLIPs on channel_content. - The opposite also occurs. 78f3b0ec, e06701a5 and a02aa099 have physical N and the reader FLIPs on channel_count. - M2 4ab2ba01 is physically payload-value (V at 9/9 offsets, no firing difference). This agrees with the principal's content reading. 6. Cue-"
roles/Ananke/research/workers/W-I/REPORT.md,46,4ab2ba01,4ab2ba014aac967e,evolve,C,HOLD,0,,,,0,"nce is count/presence (N, no V), yet the reader FLIPs on channel_content. - The opposite also occurs. 78f3b0ec, e06701a5 and a02aa099 have physical N and the reader FLIPs on channel_count. - M2 4ab2ba01 is physically payload-value (V at 9/9 offsets, no firing difference). This agrees with the principal's content reading. 6. Cue-dependent state that is present but unused: - HOLD 7b7b025e: the twin"
roles/Ananke/research/workers/W-I/REPORT.md,48,7b7b025e,7b7b025e7ee58f2b,evolve,B2,HOLD,0,,,,0,". - M2 4ab2ba01 is physically payload-value (V at 9/9 offsets, no firing difference). This agrees with the principal's content reading. 6. Cue-dependent state that is present but unused: - HOLD 7b7b025e: the twins differ in-flight (N, V, F, P) at all 9 interval ticks, because the source re-emits every 2 ticks. Still, channel swaps leave the readout trace bit-identical at 9/9 offsets and the reader i"
roles/Ananke/research/workers/W-I/REPORT.md,48,ab089e45,ab089e45b85e990b,evolve,B,HOLD,0,,,,0,"s differ in-flight (N, V, F, P) at all 9 interval ticks, because the source re-emits every 2 ticks. Still, channel swaps leave the readout trace bit-identical at 9/9 offsets and the reader is S only. ab089e45 and 1c0a1bc7 show the same pattern. - Routing w differs between twins in 8 of the 20 panel specimens. The w swap is never FLIP or CHANCE. ROBUSTNESS (frozen test) - Panel test (primary): INCONCLU"
roles/Ananke/research/workers/W-I/REPORT.md,48,1c0a1bc7,1c0a1bc76d7a69dc,evolve,A,HOLD,0,,,,0,"light (N, V, F, P) at all 9 interval ticks, because the source re-emits every 2 ticks. Still, channel swaps leave the readout trace bit-identical at 9/9 offsets and the reader is S only. ab089e45 and 1c0a1bc7 show the same pattern. - Routing w differs between twins in 8 of the 20 panel specimens. The w swap is never FLIP or CHANCE. ROBUSTNESS (frozen test) - Panel test (primary): INCONCLUSIVE by the f"
roles/Ananke/research/workers/W-I/REPORT.md,65,a02aa099,a02aa0990f0b9da9,evolve,B2,RELAY,0,,,,0,"ance tracks ""slack"", the ticks between the last C/M label and the readout. Spearman .52, n = 23. - Every channel-carried specimen with slack &lt;= 1, except one, lost most of its latency retention: a02aa099 .00, dcd404a9 .00, M3 .02, M2 4ab2ba01 .06, bf82cb29 .21, ed16c553 .54. - The exception is 78f3b0ec (1.01). Its source keeps re-emitting a count code, so a late arrival is replaced by the next one."
roles/Ananke/research/workers/W-I/REPORT.md,65,dcd404a9,dcd404a943f388ca,evolve,B2,RELAY,0,,,,0,"lack"", the ticks between the last C/M label and the readout. Spearman .52, n = 23. - Every channel-carried specimen with slack &lt;= 1, except one, lost most of its latency retention: a02aa099 .00, dcd404a9 .00, M3 .02, M2 4ab2ba01 .06, bf82cb29 .21, ed16c553 .54. - The exception is 78f3b0ec (1.01). Its source keeps re-emitting a count code, so a late arrival is replaced by the next one. - Slack &gt"
roles/Ananke/research/workers/W-I/REPORT.md,65,4ab2ba01,4ab2ba014aac967e,evolve,C,HOLD,0,,,,0,"the last C/M label and the readout. Spearman .52, n = 23. - Every channel-carried specimen with slack &lt;= 1, except one, lost most of its latency retention: a02aa099 .00, dcd404a9 .00, M3 .02, M2 4ab2ba01 .06, bf82cb29 .21, ed16c553 .54. - The exception is 78f3b0ec (1.01). Its source keeps re-emitting a count code, so a late arrival is replaced by the next one. - Slack &gt;= 2: mostly &gt;= .85, b"
roles/Ananke/research/workers/W-I/REPORT.md,65,bf82cb29,bf82cb29e967a489,evolve,B,RELAY,0,,,,0,"abel and the readout. Spearman .52, n = 23. - Every channel-carried specimen with slack &lt;= 1, except one, lost most of its latency retention: a02aa099 .00, dcd404a9 .00, M3 .02, M2 4ab2ba01 .06, bf82cb29 .21, ed16c553 .54. - The exception is 78f3b0ec (1.01). Its source keeps re-emitting a count code, so a late arrival is replaced by the next one. - Slack &gt;= 2: mostly &gt;= .85, but 35c721fd (."
roles/Ananke/research/workers/W-I/REPORT.md,65,ed16c553,ed16c5532e2398cd,evolve,B2,RELAY,0,,,,0,"eadout. Spearman .52, n = 23. - Every channel-carried specimen with slack &lt;= 1, except one, lost most of its latency retention: a02aa099 .00, dcd404a9 .00, M3 .02, M2 4ab2ba01 .06, bf82cb29 .21, ed16c553 .54. - The exception is 78f3b0ec (1.01). Its source keeps re-emitting a count code, so a late arrival is replaced by the next one. - Slack &gt;= 2: mostly &gt;= .85, but 35c721fd (.47) and e9196c"
roles/Ananke/research/workers/W-I/REPORT.md,66,78f3b0ec,78f3b0eccd44b1ed,evolve,B2,RELAY,0,,,,0,"very channel-carried specimen with slack &lt;= 1, except one, lost most of its latency retention: a02aa099 .00, dcd404a9 .00, M3 .02, M2 4ab2ba01 .06, bf82cb29 .21, ed16c553 .54. - The exception is 78f3b0ec (1.01). Its source keeps re-emitting a count code, so a late arrival is replaced by the next one. - Slack &gt;= 2: mostly &gt;= .85, but 35c721fd (.47) and e9196cae (.35) fall below. - The panel"
roles/Ananke/research/workers/W-I/REPORT.md,67,35c721fd,35c721fddb88f2d2,evolve,D,RELAY,0,,,,0,"6, bf82cb29 .21, ed16c553 .54. - The exception is 78f3b0ec (1.01). Its source keeps re-emitting a count code, so a late arrival is replaced by the next one. - Slack &gt;= 2: mostly &gt;= .85, but 35c721fd (.47) and e9196cae (.35) fall below. - The panel is hurt badly by distractor traffic (median retention .19). SURPRISES - An instrument identity. Mirror partners share every exogenous draw. After a"
roles/Ananke/research/workers/W-I/REPORT.md,67,e9196cae,e9196cae3d7537f1,evolve,D,RELAY,0,,,,0,"16c553 .54. - The exception is 78f3b0ec (1.01). Its source keeps re-emitting a count code, so a late arrival is replaced by the next one. - Slack &gt;= 2: mostly &gt;= .85, but 35c721fd (.47) and e9196cae (.35) fall below. - The panel is hurt badly by distractor traffic (median retention .19). SURPRISES - An instrument identity. Mirror partners share every exogenous draw. After a swap, world B's si"
roles/Ananke/research/workers/W-I/REPORT.md,72,2dccdaa5,2dccdaa5eb8ffa0e,evolve,B,RELAY,0,,,,0,"ate (site_A, chan_B) is exactly world A's channel-swapped state. When no input arrives before the readout, site_acc + chan_acc = 1 by construction. - identity_check.py: 100% of trials identical for 2dccdaa5, 4ab2ba01 and 78f3b0ec; 98% for 4781b0a1; 62-68% for 369f5a5b, where history carries across trials. - So ""sum is about 1"" is not evidence of a mixture. - What does discriminate is phi, which equa"
roles/Ananke/research/workers/W-I/REPORT.md,72,4ab2ba01,4ab2ba014aac967e,evolve,C,HOLD,0,,,,0,"A, chan_B) is exactly world A's channel-swapped state. When no input arrives before the readout, site_acc + chan_acc = 1 by construction. - identity_check.py: 100% of trials identical for 2dccdaa5, 4ab2ba01 and 78f3b0ec; 98% for 4781b0a1; 62-68% for 369f5a5b, where history carries across trials. - So ""sum is about 1"" is not evidence of a mixture. - What does discriminate is phi, which equals minus t"
roles/Ananke/research/workers/W-I/REPORT.md,72,78f3b0ec,78f3b0eccd44b1ed,evolve,B2,RELAY,0,,,,0,"exactly world A's channel-swapped state. When no input arrives before the readout, site_acc + chan_acc = 1 by construction. - identity_check.py: 100% of trials identical for 2dccdaa5, 4ab2ba01 and 78f3b0ec; 98% for 4781b0a1; 62-68% for 369f5a5b, where history carries across trials. - So ""sum is about 1"" is not evidence of a mixture. - What does discriminate is phi, which equals minus the correlatio"
roles/Ananke/research/workers/W-I/REPORT.md,72,4781b0a1,4781b0a172b6dc3c,evolve,C,MAJ,0,,,,0,"channel-swapped state. When no input arrives before the readout, site_acc + chan_acc = 1 by construction. - identity_check.py: 100% of trials identical for 2dccdaa5, 4ab2ba01 and 78f3b0ec; 98% for 4781b0a1; 62-68% for 369f5a5b, where history carries across trials. - So ""sum is about 1"" is not evidence of a mixture. - What does discriminate is phi, which equals minus the correlation of the two partn"
roles/Ananke/research/workers/W-I/REPORT.md,72,369f5a5b,369f5a5b745eb592,evolve,B,RELAY,0,,,,0,"e. When no input arrives before the readout, site_acc + chan_acc = 1 by construction. - identity_check.py: 100% of trials identical for 2dccdaa5, 4ab2ba01 and 78f3b0ec; 98% for 4781b0a1; 62-68% for 369f5a5b, where history carries across trials. - So ""sum is about 1"" is not evidence of a mixture. - What does discriminate is phi, which equals minus the correlation of the two partners' site-swap failur"
roles/Ananke/research/workers/W-I/REPORT.md,76,2dccdaa5,2dccdaa5eb8ffa0e,evolve,B,RELAY,0,,,,0,"nce of a mixture. - What does discriminate is phi, which equals minus the correlation of the two partners' site-swap failures. - Census JOINT cells at the mid tick: - Real per-trial mixtures (M): 2dccdaa5 (phi -.94), c16d5231 (-.72), 78f3b0ec (-.63). - Not mixtures (J): - 8c37f32e -.24, e06701a5 -.28. - 369f5a5b: phi +.12 to +.29 across all 14 offsets. - 4781b0a1: phi about +.05 through"
roles/Ananke/research/workers/W-I/REPORT.md,76,c16d5231,c16d52319beb8bce,evolve,B2,RELAY,0,,,,0,"What does discriminate is phi, which equals minus the correlation of the two partners' site-swap failures. - Census JOINT cells at the mid tick: - Real per-trial mixtures (M): 2dccdaa5 (phi -.94), c16d5231 (-.72), 78f3b0ec (-.63). - Not mixtures (J): - 8c37f32e -.24, e06701a5 -.28. - 369f5a5b: phi +.12 to +.29 across all 14 offsets. - 4781b0a1: phi about +.05 through offsets 5-10. That fi"
roles/Ananke/research/workers/W-I/REPORT.md,76,78f3b0ec,78f3b0eccd44b1ed,evolve,B2,RELAY,0,,,,0,"minate is phi, which equals minus the correlation of the two partners' site-swap failures. - Census JOINT cells at the mid tick: - Real per-trial mixtures (M): 2dccdaa5 (phi -.94), c16d5231 (-.72), 78f3b0ec (-.63). - Not mixtures (J): - 8c37f32e -.24, e06701a5 -.28. - 369f5a5b: phi +.12 to +.29 across all 14 offsets. - 4781b0a1: phi about +.05 through offsets 5-10. That fits the principal'"
roles/Ananke/research/workers/W-I/REPORT.md,78,8c37f32e,8c37f32e68843070,evolve,D,RELAY,0,,,,0,"tion of the two partners' site-swap failures. - Census JOINT cells at the mid tick: - Real per-trial mixtures (M): 2dccdaa5 (phi -.94), c16d5231 (-.72), 78f3b0ec (-.63). - Not mixtures (J): - 8c37f32e -.24, e06701a5 -.28. - 369f5a5b: phi +.12 to +.29 across all 14 offsets. - 4781b0a1: phi about +.05 through offsets 5-10. That fits the principal's ""two stages holding the same bit"" conflict,"
roles/Ananke/research/workers/W-I/REPORT.md,78,e06701a5,e06701a5e70bb7c2,evolve,D,RELAY,0,,,,0,"partners' site-swap failures. - Census JOINT cells at the mid tick: - Real per-trial mixtures (M): 2dccdaa5 (phi -.94), c16d5231 (-.72), 78f3b0ec (-.63). - Not mixtures (J): - 8c37f32e -.24, e06701a5 -.28. - 369f5a5b: phi +.12 to +.29 across all 14 offsets. - 4781b0a1: phi about +.05 through offsets 5-10. That fits the principal's ""two stages holding the same bit"" conflict, not a mid-tran"
roles/Ananke/research/workers/W-I/REPORT.md,79,369f5a5b,369f5a5b745eb592,evolve,B,RELAY,0,,,,0,"failures. - Census JOINT cells at the mid tick: - Real per-trial mixtures (M): 2dccdaa5 (phi -.94), c16d5231 (-.72), 78f3b0ec (-.63). - Not mixtures (J): - 8c37f32e -.24, e06701a5 -.28. - 369f5a5b: phi +.12 to +.29 across all 14 offsets. - 4781b0a1: phi about +.05 through offsets 5-10. That fits the principal's ""two stages holding the same bit"" conflict, not a mid-transit handoff. - M2's r"
roles/Ananke/research/workers/W-I/REPORT.md,80,4781b0a1,4781b0a172b6dc3c,evolve,C,MAJ,0,,,,0,"per-trial mixtures (M): 2dccdaa5 (phi -.94), c16d5231 (-.72), 78f3b0ec (-.63). - Not mixtures (J): - 8c37f32e -.24, e06701a5 -.28. - 369f5a5b: phi +.12 to +.29 across all 14 offsets. - 4781b0a1: phi about +.05 through offsets 5-10. That fits the principal's ""two stages holding the same bit"" conflict, not a mid-transit handoff. - M2's reader trajectory is channel for 8 ticks and site only at"
roles/Ananke/research/workers/W-I/REPORT.md,88,369f5a5b,369f5a5b745eb592,evolve,B,RELAY,0,,,,0,"(site_acc + chan_acc = 1.00)"": not supported. - The sum is forced by the mirror-pair design. - By phi, 3 of the 7 census-JOINT cells I retested are mixtures at the census mid tick. 4 are not. - 369f5a5b stays non-mixture J for its whole interval. - F5' should be changed to use phi, or a per-pair identity test, not the sum. - D2 ""Routing: infrastructure only / never carried the bit"": I agree for th"
roles/Ananke/research/workers/W-I/REPORT.md,100,78f3b0ec,78f3b0eccd44b1ed,evolve,B2,RELAY,0,,champion,145,0,"of +1, +2 and +3 on the 20-cell panel and fresh d9cc champions with delta 4, 8 and 16. - Prediction: retention is about 0 when the added latency exceeds slack, unless the source regenerates. Treat 78f3b0ec as the named exception. - T-INS-6: rewrite F5' with the phi / partner-identity test. Add a single-trial-swap variant, so history does not break the identity. Promote traj.py (batched arms plus the tw"
roles/Ananke/research/workers/W-I/out/analyze_console.txt,1,00c5d3b6,00c5d3b61fe3cac7,evolve,A,HOLD,0,,,,0,"00c5d3b6 A HOLD torus SITE n=0.826/0.788 pre=E(0.812,0.826) R=SSSSSSSSSSSSSSSSS [S] SITE-ONLY R1+P4 0187372b A HOLD torus ELSEWHERE n=0.764/0.642 pre=E(0.776,0.774) R=SSSSS"
roles/Ananke/research/workers/W-I/out/analyze_console.txt,2,0187372b,0187372b391d9d4e,evolve,A,HOLD,0,,,,0,"00c5d3b6 A HOLD torus SITE n=0.826/0.788 pre=E(0.812,0.826) R=SSSSSSSSSSSSSSSSS [S] SITE-ONLY R1+P4 0187372b A HOLD torus ELSEWHERE n=0.764/0.642 pre=E(0.776,0.774) R=SSSSS [S] SITE-ONLY R1+P4 0a23398f B MAJ ring CHANNEL n=0.698/0.648 pre=E(0.691,0.694) R=CCC"
roles/Ananke/research/workers/W-I/out/analyze_console.txt,3,0a23398f,0a23398f20cc41a2,evolve,B,MAJ,0,,,,0,"E n=0.826/0.788 pre=E(0.812,0.826) R=SSSSSSSSSSSSSSSSS [S] SITE-ONLY R1+P4 0187372b A HOLD torus ELSEWHERE n=0.764/0.642 pre=E(0.776,0.774) R=SSSSS [S] SITE-ONLY R1+P4 0a23398f B MAJ ring CHANNEL n=0.698/0.648 pre=E(0.691,0.694) R=CCC [C] CHANNEL-USING R2+P3 13127335 A HOLD global SITE n=0.920/0.886 pre=E(0.908,0.92) R=SSSSS"
roles/Ananke/research/workers/W-I/out/analyze_console.txt,4,13127335,13127335562d8595,evolve,A,HOLD,0,,,,0,"RE n=0.764/0.642 pre=E(0.776,0.774) R=SSSSS [S] SITE-ONLY R1+P4 0a23398f B MAJ ring CHANNEL n=0.698/0.648 pre=E(0.691,0.694) R=CCC [C] CHANNEL-USING R2+P3 13127335 A HOLD global SITE n=0.920/0.886 pre=E(0.908,0.92) R=SSSSS [S] SITE-ONLY R1+P4 1c0a1bc7 A HOLD torus SITE n=0.884/0.857 pre=E(0.881,0.886) R=SSSSS"
roles/Ananke/research/workers/W-I/out/analyze_console.txt,5,1c0a1bc7,1c0a1bc76d7a69dc,evolve,A,HOLD,0,,,,0,"L n=0.698/0.648 pre=E(0.691,0.694) R=CCC [C] CHANNEL-USING R2+P3 13127335 A HOLD global SITE n=0.920/0.886 pre=E(0.908,0.92) R=SSSSS [S] SITE-ONLY R1+P4 1c0a1bc7 A HOLD torus SITE n=0.884/0.857 pre=E(0.881,0.886) R=SSSSS [S] SITE-ONLY R1+P2 2dccdaa5 B RELAY ring JOINT n=0.800/0.767 pre=E(0.8,0.8) R=CCCCMSS"
roles/Ananke/research/workers/W-I/out/analyze_console.txt,6,2dccdaa5,2dccdaa5eb8ffa0e,evolve,B,RELAY,0,,,,0,"TE n=0.920/0.886 pre=E(0.908,0.92) R=SSSSS [S] SITE-ONLY R1+P4 1c0a1bc7 A HOLD torus SITE n=0.884/0.857 pre=E(0.881,0.886) R=SSSSS [S] SITE-ONLY R1+P2 2dccdaa5 B RELAY ring JOINT n=0.800/0.767 pre=E(0.8,0.8) R=CCCCMSS [CMS] CHANNEL-USING R4+P1+P3 31cd2a8a B2 RELAY ring CHANNEL n=0.903/0.878 pre=E(0.903,0.903) R=SJCCCCS"
roles/Ananke/research/workers/W-I/out/analyze_console.txt,7,31cd2a8a,31cd2a8a9b572a50,evolve,B2,RELAY,0,,,,0,"n=0.884/0.857 pre=E(0.881,0.886) R=SSSSS [S] SITE-ONLY R1+P2 2dccdaa5 B RELAY ring JOINT n=0.800/0.767 pre=E(0.8,0.8) R=CCCCMSS [CMS] CHANNEL-USING R4+P1+P3 31cd2a8a B2 RELAY ring CHANNEL n=0.903/0.878 pre=E(0.903,0.903) R=SJCCCCS [SJCS] CHANNEL-USING R5+P2 35c721fd D RELAY ring SITE n=0.827/0.730 pre=E(0.838,0.827) R=CCCCSSS"
roles/Ananke/research/workers/W-I/out/analyze_console.txt,8,35c721fd,35c721fddb88f2d2,evolve,D,RELAY,0,,,,0,"800/0.767 pre=E(0.8,0.8) R=CCCCMSS [CMS] CHANNEL-USING R4+P1+P3 31cd2a8a B2 RELAY ring CHANNEL n=0.903/0.878 pre=E(0.903,0.903) R=SJCCCCS [SJCS] CHANNEL-USING R5+P2 35c721fd D RELAY ring SITE n=0.827/0.730 pre=E(0.838,0.827) R=CCCCSSS [CS] CHANNEL-USING R4+P1+P2 369f5a5b B RELAY smallworld JOINT n=0.677/0.641 pre=E(0.643,0.666) R=SJJJJJJJJ"
roles/Ananke/research/workers/W-I/out/analyze_console.txt,9,369f5a5b,369f5a5b745eb592,evolve,B,RELAY,0,,,,0,"/0.878 pre=E(0.903,0.903) R=SJCCCCS [SJCS] CHANNEL-USING R5+P2 35c721fd D RELAY ring SITE n=0.827/0.730 pre=E(0.838,0.827) R=CCCCSSS [CS] CHANNEL-USING R4+P1+P2 369f5a5b B RELAY smallworld JOINT n=0.677/0.641 pre=E(0.643,0.666) R=SJJJJJJJJJJJJJJ [SJ] OTHER R7 42716814 C RELAY global ELSEWHERE n=0.630/0.577 pre=?(0.611,0.572) R=??????????????? [?"
roles/Ananke/research/workers/W-I/out/analyze_console.txt,10,42716814,4271681452d29aee,evolve,C,RELAY,0,,,,0,"n=0.827/0.730 pre=E(0.838,0.827) R=CCCCSSS [CS] CHANNEL-USING R4+P1+P2 369f5a5b B RELAY smallworld JOINT n=0.677/0.641 pre=E(0.643,0.666) R=SJJJJJJJJJJJJJJ [SJ] OTHER R7 42716814 C RELAY global ELSEWHERE n=0.630/0.577 pre=?(0.611,0.572) R=??????????????? [?] UNREADABLE P2 4316f167 D RELAY ring CHANNEL n=0.821/0.787 pre=E(0.821,0.821) R=MMCCCMS"
roles/Ananke/research/workers/W-I/out/analyze_console.txt,11,4316f167,4316f167de9424be,evolve,D,RELAY,0,,,,0,"orld JOINT n=0.677/0.641 pre=E(0.643,0.666) R=SJJJJJJJJJJJJJJ [SJ] OTHER R7 42716814 C RELAY global ELSEWHERE n=0.630/0.577 pre=?(0.611,0.572) R=??????????????? [?] UNREADABLE P2 4316f167 D RELAY ring CHANNEL n=0.821/0.787 pre=E(0.821,0.821) R=MMCCCMS [MCMS] CHANNEL-USING R4+R6+P1+P3 4781b0a1 C MAJ ring JOINT n=0.770/0.723 pre=E(0.77,0.773) R=SSSSJ"
roles/Ananke/research/workers/W-I/out/analyze_console.txt,12,4781b0a1,4781b0a172b6dc3c,evolve,C,MAJ,0,,,,0,".630/0.577 pre=?(0.611,0.572) R=??????????????? [?] UNREADABLE P2 4316f167 D RELAY ring CHANNEL n=0.821/0.787 pre=E(0.821,0.821) R=MMCCCMS [MCMS] CHANNEL-USING R4+R6+P1+P3 4781b0a1 C MAJ ring JOINT n=0.770/0.723 pre=E(0.77,0.773) R=SSSSJJJJJJMCCJJ [SJMCJ] CHANNEL-USING R3+R7+P2 4ab2ba01 C HOLD ring CHANNEL n=0.892/0.862 pre=E(0.892,0.892) R=CCCCCCC"
roles/Ananke/research/workers/W-I/out/analyze_console.txt,13,4ab2ba01,4ab2ba014aac967e,evolve,C,HOLD,0,,,,0,"re=E(0.821,0.821) R=MMCCCMS [MCMS] CHANNEL-USING R4+R6+P1+P3 4781b0a1 C MAJ ring JOINT n=0.770/0.723 pre=E(0.77,0.773) R=SSSSJJJJJJMCCJJ [SJMCJ] CHANNEL-USING R3+R7+P2 4ab2ba01 C HOLD ring CHANNEL n=0.892/0.862 pre=E(0.892,0.892) R=CCCCCCCCS [CS] CHANNEL-USING R4+P3 613162a3 C MAJ global SITE n=0.724/0.673 pre=E(0.695,0.724) R=SSSSSSSSMSSS"
roles/Ananke/research/workers/W-I/out/analyze_console.txt,14,613162a3,613162a306938de7,evolve,C,MAJ,0,,,,0,"/0.723 pre=E(0.77,0.773) R=SSSSJJJJJJMCCJJ [SJMCJ] CHANNEL-USING R3+R7+P2 4ab2ba01 C HOLD ring CHANNEL n=0.892/0.862 pre=E(0.892,0.892) R=CCCCCCCCS [CS] CHANNEL-USING R4+P3 613162a3 C MAJ global SITE n=0.724/0.673 pre=E(0.695,0.724) R=SSSSSSSSMSSSSSS [SMS] CHANNEL-USING P3 62a7fff9 B RELAY ring SITE n=0.871/0.812 pre=E(0.871,0.871) R=CCCCSSS"
roles/Ananke/research/workers/W-I/out/analyze_console.txt,15,62a7fff9,62a7fff921ca3bd8,evolve,B,RELAY,0,,,,0,"n=0.892/0.862 pre=E(0.892,0.892) R=CCCCCCCCS [CS] CHANNEL-USING R4+P3 613162a3 C MAJ global SITE n=0.724/0.673 pre=E(0.695,0.724) R=SSSSSSSSMSSSSSS [SMS] CHANNEL-USING P3 62a7fff9 B RELAY ring SITE n=0.871/0.812 pre=E(0.871,0.871) R=CCCCSSS [CS] CHANNEL-USING R4+P1+P2 63d17a90 B2 RELAY torus SITE n=0.793/0.757 pre=E(0.787,0.793) R=CCCJSSSSS"
roles/Ananke/research/workers/W-I/out/analyze_console.txt,16,63d17a90,63d17a90e365e424,evolve,B2,RELAY,0,,,,0,".724/0.673 pre=E(0.695,0.724) R=SSSSSSSSMSSSSSS [SMS] CHANNEL-USING P3 62a7fff9 B RELAY ring SITE n=0.871/0.812 pre=E(0.871,0.871) R=CCCCSSS [CS] CHANNEL-USING R4+P1+P2 63d17a90 B2 RELAY torus SITE n=0.793/0.757 pre=E(0.787,0.793) R=CCCJSSSSSSSSSSS [CJS] CHANNEL-USING R4+P1+P2 65d840a8 A HOLD ring SITE n=0.759/0.702 pre=E(0.729,0.759) R=SSSSSSSS"
roles/Ananke/research/workers/W-I/out/analyze_console.txt,17,65d840a8,65d840a8fe0b4bf9,evolve,A,HOLD,0,,,,0,".812 pre=E(0.871,0.871) R=CCCCSSS [CS] CHANNEL-USING R4+P1+P2 63d17a90 B2 RELAY torus SITE n=0.793/0.757 pre=E(0.787,0.793) R=CCCJSSSSSSSSSSS [CJS] CHANNEL-USING R4+P1+P2 65d840a8 A HOLD ring SITE n=0.759/0.702 pre=E(0.729,0.759) R=SSSSSSSSSSSSSSSSS [S] SITE-ONLY R1+P2 72dd71d8 D RELAY ring SITE n=0.875/0.841 pre=E(0.876,0.874) R=CCCCSSS"
roles/Ananke/research/workers/W-I/out/analyze_console.txt,18,72dd71d8,72dd71d8028cf759,evolve,D,RELAY,0,,,,0,"=0.793/0.757 pre=E(0.787,0.793) R=CCCJSSSSSSSSSSS [CJS] CHANNEL-USING R4+P1+P2 65d840a8 A HOLD ring SITE n=0.759/0.702 pre=E(0.729,0.759) R=SSSSSSSSSSSSSSSSS [S] SITE-ONLY R1+P2 72dd71d8 D RELAY ring SITE n=0.875/0.841 pre=E(0.876,0.874) R=CCCCSSS [CS] CHANNEL-USING R4+P1+P3 78f3b0ec B2 RELAY ring JOINT n=0.668/0.653 pre=E(0.668,0.668) R=SSSSSSSSM"
roles/Ananke/research/workers/W-I/out/analyze_console.txt,19,78f3b0ec,78f3b0eccd44b1ed,evolve,B2,RELAY,0,,,,0,"n=0.759/0.702 pre=E(0.729,0.759) R=SSSSSSSSSSSSSSSSS [S] SITE-ONLY R1+P2 72dd71d8 D RELAY ring SITE n=0.875/0.841 pre=E(0.876,0.874) R=CCCCSSS [CS] CHANNEL-USING R4+P1+P3 78f3b0ec B2 RELAY ring JOINT n=0.668/0.653 pre=E(0.668,0.668) R=SSSSSSSSMMMCCMM [SMCM] CHANNEL-USING R3+R6+P2 7b7b025e B2 HOLD global SITE n=1.000/1.000 pre=E(1.0,1.0) R=SSSSSSSSS"
roles/Ananke/research/workers/W-I/out/analyze_console.txt,20,7b7b025e,7b7b025e7ee58f2b,evolve,B2,HOLD,0,,,,0,"841 pre=E(0.876,0.874) R=CCCCSSS [CS] CHANNEL-USING R4+P1+P3 78f3b0ec B2 RELAY ring JOINT n=0.668/0.653 pre=E(0.668,0.668) R=SSSSSSSSMMMCCMM [SMCM] CHANNEL-USING R3+R6+P2 7b7b025e B2 HOLD global SITE n=1.000/1.000 pre=E(1.0,1.0) R=SSSSSSSSS [S] SITE-ONLY R1+P2 85ca202e B HOLD global SITE n=1.000/1.000 pre=E(1.0,1.0) R=SSSSSSSSS [S]"
roles/Ananke/research/workers/W-I/out/analyze_console.txt,21,85ca202e,85ca202e89057873,evolve,B,HOLD,0,,,,0,"n=0.668/0.653 pre=E(0.668,0.668) R=SSSSSSSSMMMCCMM [SMCM] CHANNEL-USING R3+R6+P2 7b7b025e B2 HOLD global SITE n=1.000/1.000 pre=E(1.0,1.0) R=SSSSSSSSS [S] SITE-ONLY R1+P2 85ca202e B HOLD global SITE n=1.000/1.000 pre=E(1.0,1.0) R=SSSSSSSSS [S] SITE-ONLY R1+P3 8c37f32e D RELAY ring JOINT n=0.842/0.805 pre=E(0.838,0.844) R=CCCCJSS"
roles/Ananke/research/workers/W-I/out/analyze_console.txt,22,8c37f32e,8c37f32e68843070,evolve,D,RELAY,0,,,,0,"SITE n=1.000/1.000 pre=E(1.0,1.0) R=SSSSSSSSS [S] SITE-ONLY R1+P2 85ca202e B HOLD global SITE n=1.000/1.000 pre=E(1.0,1.0) R=SSSSSSSSS [S] SITE-ONLY R1+P3 8c37f32e D RELAY ring JOINT n=0.842/0.805 pre=E(0.838,0.844) R=CCCCJSS [CJS] CHANNEL-USING R4+P2 a02aa099 B2 RELAY ring CHANNEL n=0.636/0.612 pre=E(0.629,0.636) R=CCC"
roles/Ananke/research/workers/W-I/out/analyze_console.txt,23,a02aa099,a02aa0990f0b9da9,evolve,B2,RELAY,0,,,,0,"n=1.000/1.000 pre=E(1.0,1.0) R=SSSSSSSSS [S] SITE-ONLY R1+P3 8c37f32e D RELAY ring JOINT n=0.842/0.805 pre=E(0.838,0.844) R=CCCCJSS [CJS] CHANNEL-USING R4+P2 a02aa099 B2 RELAY ring CHANNEL n=0.636/0.612 pre=E(0.629,0.636) R=CCC [C] CHANNEL-USING R2+P2 ab089e45 B HOLD global SITE n=1.000/1.000 pre=E(1.0,1.0) R=SSSSSSSSS"
roles/Ananke/research/workers/W-I/out/analyze_console.txt,24,ab089e45,ab089e45b85e990b,evolve,B,HOLD,0,,,,0,"0.842/0.805 pre=E(0.838,0.844) R=CCCCJSS [CJS] CHANNEL-USING R4+P2 a02aa099 B2 RELAY ring CHANNEL n=0.636/0.612 pre=E(0.629,0.636) R=CCC [C] CHANNEL-USING R2+P2 ab089e45 B HOLD global SITE n=1.000/1.000 pre=E(1.0,1.0) R=SSSSSSSSS [S] SITE-ONLY R1+P2 bbef66a1 B RELAY ring SITE n=0.903/0.879 pre=E(0.903,0.903) R=SSSSSSSSSJCCCCS"
roles/Ananke/research/workers/W-I/out/analyze_console.txt,25,bbef66a1,bbef66a1ee9558ac,evolve,B,RELAY,0,,,,0,"NNEL n=0.636/0.612 pre=E(0.629,0.636) R=CCC [C] CHANNEL-USING R2+P2 ab089e45 B HOLD global SITE n=1.000/1.000 pre=E(1.0,1.0) R=SSSSSSSSS [S] SITE-ONLY R1+P2 bbef66a1 B RELAY ring SITE n=0.903/0.879 pre=E(0.903,0.903) R=SSSSSSSSSJCCCCS [SJCS] CHANNEL-USING R5+P2 bf82cb29 B RELAY ring CHANNEL n=0.670/0.654 pre=E(0.67,0.67) R=CCMCCMS"
roles/Ananke/research/workers/W-I/out/analyze_console.txt,26,bf82cb29,bf82cb29e967a489,evolve,B,RELAY,0,,,,0,"n=1.000/1.000 pre=E(1.0,1.0) R=SSSSSSSSS [S] SITE-ONLY R1+P2 bbef66a1 B RELAY ring SITE n=0.903/0.879 pre=E(0.903,0.903) R=SSSSSSSSSJCCCCS [SJCS] CHANNEL-USING R5+P2 bf82cb29 B RELAY ring CHANNEL n=0.670/0.654 pre=E(0.67,0.67) R=CCMCCMS [CMCMS] CHANNEL-USING R4+P2 c16d5231 B2 RELAY ring JOINT n=0.850/0.812 pre=E(0.858,0.85) R=CCCCMSS"
roles/Ananke/research/workers/W-I/out/analyze_console.txt,27,c16d5231,c16d52319beb8bce,evolve,B2,RELAY,0,,,,0,"03/0.879 pre=E(0.903,0.903) R=SSSSSSSSSJCCCCS [SJCS] CHANNEL-USING R5+P2 bf82cb29 B RELAY ring CHANNEL n=0.670/0.654 pre=E(0.67,0.67) R=CCMCCMS [CMCMS] CHANNEL-USING R4+P2 c16d5231 B2 RELAY ring JOINT n=0.850/0.812 pre=E(0.858,0.85) R=CCCCMSS [CMS] CHANNEL-USING R4+P2+P3 cd5b6fd6 B2 RELAY ring SITE n=0.723/0.707 pre=E(0.729,0.723) R=CCMMCMMSS"
roles/Ananke/research/workers/W-I/out/analyze_console.txt,28,cd5b6fd6,cd5b6fd649eb242d,evolve,B2,RELAY,0,,,,0,"0/0.654 pre=E(0.67,0.67) R=CCMCCMS [CMCMS] CHANNEL-USING R4+P2 c16d5231 B2 RELAY ring JOINT n=0.850/0.812 pre=E(0.858,0.85) R=CCCCMSS [CMS] CHANNEL-USING R4+P2+P3 cd5b6fd6 B2 RELAY ring SITE n=0.723/0.707 pre=E(0.729,0.723) R=CCMMCMMSSSSSSSS [CMCMS] CHANNEL-USING R4+R6+P1+P3 dcd404a9 B2 RELAY ring CHANNEL n=0.660/0.635 pre=E(0.656,0.667) R=CCC"
roles/Ananke/research/workers/W-I/out/analyze_console.txt,29,dcd404a9,dcd404a943f388ca,evolve,B2,RELAY,0,,,,0,"pre=E(0.858,0.85) R=CCCCMSS [CMS] CHANNEL-USING R4+P2+P3 cd5b6fd6 B2 RELAY ring SITE n=0.723/0.707 pre=E(0.729,0.723) R=CCMMCMMSSSSSSSS [CMCMS] CHANNEL-USING R4+R6+P1+P3 dcd404a9 B2 RELAY ring CHANNEL n=0.660/0.635 pre=E(0.656,0.667) R=CCC [C] CHANNEL-USING R2 e06701a5 D RELAY ring JOINT n=0.683/0.650 pre=E(0.689,0.683) R=CCCCJSS"
roles/Ananke/research/workers/W-I/out/analyze_console.txt,30,e06701a5,e06701a5e70bb7c2,evolve,D,RELAY,0,,,,0,"/0.707 pre=E(0.729,0.723) R=CCMMCMMSSSSSSSS [CMCMS] CHANNEL-USING R4+R6+P1+P3 dcd404a9 B2 RELAY ring CHANNEL n=0.660/0.635 pre=E(0.656,0.667) R=CCC [C] CHANNEL-USING R2 e06701a5 D RELAY ring JOINT n=0.683/0.650 pre=E(0.689,0.683) R=CCCCJSS [CJS] CHANNEL-USING R4+P1+P2 e2afff1c B RELAY ring SITE n=0.801/0.764 pre=E(0.812,0.784) R=CCCCJSSS"
roles/Ananke/research/workers/W-I/out/analyze_console.txt,31,e2afff1c,e2afff1ce40123fc,evolve,B,RELAY,0,,,,0,"0.660/0.635 pre=E(0.656,0.667) R=CCC [C] CHANNEL-USING R2 e06701a5 D RELAY ring JOINT n=0.683/0.650 pre=E(0.689,0.683) R=CCCCJSS [CJS] CHANNEL-USING R4+P1+P2 e2afff1c B RELAY ring SITE n=0.801/0.764 pre=E(0.812,0.784) R=CCCCJSSSSSSSSSS [CJS] CHANNEL-USING R4+P1+P3 e9196cae D RELAY ring SITE n=0.793/0.759 pre=E(0.793,0.793) R=CCCCSSS"
roles/Ananke/research/workers/W-I/out/analyze_console.txt,32,e9196cae,e9196cae3d7537f1,evolve,D,RELAY,0,,,,0,"650 pre=E(0.689,0.683) R=CCCCJSS [CJS] CHANNEL-USING R4+P1+P2 e2afff1c B RELAY ring SITE n=0.801/0.764 pre=E(0.812,0.784) R=CCCCJSSSSSSSSSS [CJS] CHANNEL-USING R4+P1+P3 e9196cae D RELAY ring SITE n=0.793/0.759 pre=E(0.793,0.793) R=CCCCSSS [CS] CHANNEL-USING R4+P1+P2 ed16c553 B2 RELAY ring CHANNEL n=0.764/0.736 pre=E(0.772,0.764) R=SMCCCCS"
roles/Ananke/research/workers/W-I/out/analyze_console.txt,33,ed16c553,ed16c5532e2398cd,evolve,B2,RELAY,0,,,,0,".764 pre=E(0.812,0.784) R=CCCCJSSSSSSSSSS [CJS] CHANNEL-USING R4+P1+P3 e9196cae D RELAY ring SITE n=0.793/0.759 pre=E(0.793,0.793) R=CCCCSSS [CS] CHANNEL-USING R4+P1+P2 ed16c553 B2 RELAY ring CHANNEL n=0.764/0.736 pre=E(0.772,0.764) R=SMCCCCS [SMCS] CHANNEL-USING R5+P2 {""P1"": [10, 2, true], ""P2"": [18, 6, true], ""P3"": [10, 4, true], ""P4"": [3, 3, true], """
roles/Ananke/research/workers/W-J/NOTES.md,238,f6b623cd,f6b623cdb23afd2c,evolve,B,MAJ,0,,held|search,10,0,"perator is the ONLY varied factor inside one engine: SUM / SAT2 / ALOHA2 / ARB (arb.py subclass; known-answer tested; CUDA-graph == eager). Tasks MAJ (5 senders) and RELAY (1 sender); base physics of f6b623cd; 4 search seeds each; C1 SearchSpec. Read-outs: held acc; emission density; operator transfer matrix; carrier swaps; actuator amnesia. Discriminating logic: if receiver semantics shapes emergence, (i"
roles/Ananke/research/workers/W-J/PLAN.md,60,f6b623cdb23afd2c,f6b623cdb23afd2c,evolve,B,MAJ,0,,champion|held,178,0,"s than SUM champions (held emit_rate median lower) on MAJ. Run only if a GPU lease is free and total wall < 60 min. ## E2 ADDENDUM (written after E1, before any E2 run) Base physics = C1 cell f6b623cdb23afd2c (ring 100, radius 3, dest all, fanout 8, loss .3, dup .1, noise 64, lat_base 4, async p .8, P=4, C=4), chosen because the matched block of E1 lives there. Arms change ONLY the receiver operator: SUM"
roles/Ananke/research/workers/W-J/PLAN.md,85,f6b623cd,f6b623cdb23afd2c,evolve,B,MAJ,0,,champion|held,63,0,"tence gate for code-class claims: held lo99 >= 0.55. ## E3 (written 05:15Z, GPU BUSY so E2 queued; before any E3 run) Existing matched champions: 18 C1 cells with physics/env/SearchSpec identical to f6b623cd except the operator: SUM 10 (collision none), ALOHA2 3, SAT2 5. Re-evaluate each champion on 64 held worlds (world_seeds(H(0x5EF,0xE3),64)) under SUM, SAT2, ALOHA2, ARB (CPU, 2 threads). Own-operator"
roles/Ananke/research/workers/W-K/REPORT.md,115,0a23398f,0a23398f20cc41a2,evolve,B,MAJ,0,,,,0,"NOT_VERIFIED. - **T-K3:** fill the plant-library gaps: must-not-flip plants for RELAY, and counter-plants that keep the fixture's genome-space fields. - **T-K4:** run the bundle on the real M3 cells (0a23398f, f6b623cd) to confirm that K1 and K2 catch the real window miss. - **T-K5:** a blind fixture set built by a different worker, to test these checks independently."
roles/Ananke/research/workers/W-K/REPORT.md,115,f6b623cd,f6b623cdb23afd2c,evolve,B,MAJ,0,,,,0,"ED. - **T-K3:** fill the plant-library gaps: must-not-flip plants for RELAY, and counter-plants that keep the fixture's genome-space fields. - **T-K4:** run the bundle on the real M3 cells (0a23398f, f6b623cd) to confirm that K1 and K2 catch the real window miss. - **T-K5:** a blind fixture set built by a different worker, to test these checks independently."
roles/Ananke/research/workers/W-L/LOG.md,9,4ab2ba014aac967e,4ab2ba014aac967e,evolve,C,HOLD,0,,held|search,19,0,"d instruments/INSTRUMENT_CARRIER_SWAP.md. No context contamination from SYNTHESIS*/C1B_REVIEW*/PTE_ENGINE_CARD/ARC3_PRIORITIES/REPORT.md files. ## Attempt 0 (2026-09-28) PLAN.md frozen Physics = M2 (4ab2ba014aac967e) unchanged. Search spec = M2 row's spec. GPU lease status at start: held by W-J (E6, until ~1790579986). cpu8 held by W-I. ## Attempt 1 checks.py (CPU, 2 threads) -> out/checks.json Plants at M2 phy"
roles/Ananke/research/workers/W-L/PLAN.md,18,4ab2ba014aac967e,4ab2ba014aac967e,evolve,C,HOLD,0,,search,65,0,"that a search-reachability failure (hand plants solve it at the same physics and program length) or a physics limit? ## 2 Physics and search (fixed) - Physics: the M2 specimen physics, c1b_run.load(""4ab2ba014aac967e""), unchanged (ring 144 r3, state_dim 2, prog_len 16, P2 C1, fanout 8 sample, loss .1, cap 2 saturate, sync period 2, plastic_route 1, wimm 1, rules 1). FALLBACK (declared now, used only if NO h"
roles/Ananke/research/workers/W-L/REPORT.md,7,4ab2ba014aac967e,4ab2ba014aac967e,evolve,C,HOLD,0,,search,25,1,"py, lagprofile.py; raw outputs in out/). Context: I did not read SYNTHESIS*, C1B_REVIEW*, PTE_ENGINE_CARD, ARC3_PRIORITIES or any REPORT.md. ## What I tested - **Physics and search.** Physics is M2 (4ab2ba014aac967e) unchanged: ring 144, radius 3, state_dim 2, prog_len 16, wimm 1, plastic_route 1, sync period 2. The search is the unedited search.evolve with the M2 cell's recorded SearchSpec (pop 96, gens 36, M 8"
roles/Ananke/research/workers/W-M/LOG.md,22,78f3b0ec,78f3b0eccd44b1ed,evolve,B2,RELAY,0,,held,177,0,"se-10ae2cf693e4 (token held), expires 04:43Z. (First call without --as refused: ""say who you are"".) A5 03:43Z apply.py launched as 4 background procs x 2 threads (logs/apply_*.log): [E2 E1] [78f3b0ec 2dccdaa5] [369f5a5b c16d5231] [4781b0a1 8c37f32e e06701a5]. Offsets -1..ro_off-1, trials 1..n-1 for BOTH modes (all trials; no subset needed at this cost), n_boot 2000, seeds 0x5EE (cells) /"
roles/Ananke/research/workers/W-M/LOG.md,22,2dccdaa5,2dccdaa5eb8ffa0e,evolve,B,RELAY,0,,held,186,0,"f693e4 (token held), expires 04:43Z. (First call without --as refused: ""say who you are"".) A5 03:43Z apply.py launched as 4 background procs x 2 threads (logs/apply_*.log): [E2 E1] [78f3b0ec 2dccdaa5] [369f5a5b c16d5231] [4781b0a1 8c37f32e e06701a5]. Offsets -1..ro_off-1, trials 1..n-1 for BOTH modes (all trials; no subset needed at this cost), n_boot 2000, seeds 0x5EE (cells) / 0x5F1 (E1"
roles/Ananke/research/workers/W-M/LOG.md,22,369f5a5b,369f5a5b745eb592,evolve,B,RELAY,0,,held,197,0,"en held), expires 04:43Z. (First call without --as refused: ""say who you are"".) A5 03:43Z apply.py launched as 4 background procs x 2 threads (logs/apply_*.log): [E2 E1] [78f3b0ec 2dccdaa5] [369f5a5b c16d5231] [4781b0a1 8c37f32e e06701a5]. Offsets -1..ro_off-1, trials 1..n-1 for BOTH modes (all trials; no subset needed at this cost), n_boot 2000, seeds 0x5EE (cells) / 0x5F1 (E1, E2)."
roles/Ananke/research/workers/W-M/LOG.md,22,c16d5231,c16d52319beb8bce,evolve,B2,RELAY,0,,,,0,"expires 04:43Z. (First call without --as refused: ""say who you are"".) A5 03:43Z apply.py launched as 4 background procs x 2 threads (logs/apply_*.log): [E2 E1] [78f3b0ec 2dccdaa5] [369f5a5b c16d5231] [4781b0a1 8c37f32e e06701a5]. Offsets -1..ro_off-1, trials 1..n-1 for BOTH modes (all trials; no subset needed at this cost), n_boot 2000, seeds 0x5EE (cells) / 0x5F1 (E1, E2). Note: the"
roles/Ananke/research/workers/W-M/LOG.md,22,4781b0a1,4781b0a172b6dc3c,evolve,C,MAJ,0,,,,0,":43Z. (First call without --as refused: ""say who you are"".) A5 03:43Z apply.py launched as 4 background procs x 2 threads (logs/apply_*.log): [E2 E1] [78f3b0ec 2dccdaa5] [369f5a5b c16d5231] [4781b0a1 8c37f32e e06701a5]. Offsets -1..ro_off-1, trials 1..n-1 for BOTH modes (all trials; no subset needed at this cost), n_boot 2000, seeds 0x5EE (cells) / 0x5F1 (E1, E2). Note: the applicatio"
roles/Ananke/research/workers/W-M/LOG.md,22,8c37f32e,8c37f32e68843070,evolve,D,RELAY,0,,,,0,"rst call without --as refused: ""say who you are"".) A5 03:43Z apply.py launched as 4 background procs x 2 threads (logs/apply_*.log): [E2 E1] [78f3b0ec 2dccdaa5] [369f5a5b c16d5231] [4781b0a1 8c37f32e e06701a5]. Offsets -1..ro_off-1, trials 1..n-1 for BOTH modes (all trials; no subset needed at this cost), n_boot 2000, seeds 0x5EE (cells) / 0x5F1 (E1, E2). Note: the application was lau"
roles/Ananke/research/workers/W-M/LOG.md,22,e06701a5,e06701a5e70bb7c2,evolve,D,RELAY,0,,,,0,"without --as refused: ""say who you are"".) A5 03:43Z apply.py launched as 4 background procs x 2 threads (logs/apply_*.log): [E2 E1] [78f3b0ec 2dccdaa5] [369f5a5b c16d5231] [4781b0a1 8c37f32e e06701a5]. Offsets -1..ro_off-1, trials 1..n-1 for BOTH modes (all trials; no subset needed at this cost), n_boot 2000, seeds 0x5EE (cells) / 0x5F1 (E1, E2). Note: the application was launched bef"
roles/Ananke/research/workers/W-M/LOG.md,29,369f5a5b,369f5a5b745eb592,evolve,B,RELAY,0,,,,0,"dy checked in A3); the KA tests are written in parallel and any KA failure is reported, not repaired post hoc. A6 03:45-03:50Z First application pass, EVERY mode only (killed before SINGLE): 369f5a5b EVERY IDENTITY-BROKEN at all 17 offsets (P2 as predicted); 4781b0a1 EVERY IDENTITY-BROKEN at o=-1..5,7, NEITHER o6, UNRESOLVED 8-11,14,15, CHANNEL 12,13; E2 EVERY CHANNEL o0-2,4-6, MIXTURE o3"
roles/Ananke/research/workers/W-M/LOG.md,30,4781b0a1,4781b0a172b6dc3c,evolve,C,MAJ,0,,,,0,"ailure is reported, not repaired post hoc. A6 03:45-03:50Z First application pass, EVERY mode only (killed before SINGLE): 369f5a5b EVERY IDENTITY-BROKEN at all 17 offsets (P2 as predicted); 4781b0a1 EVERY IDENTITY-BROKEN at o=-1..5,7, NEITHER o6, UNRESOLVED 8-11,14,15, CHANNEL 12,13; E2 EVERY CHANNEL o0-2,4-6, MIXTURE o3,o7, SITE o8-12; 78f3b0ec UNDEFINED at every offset. Diagnosis: 78f3"
roles/Ananke/research/workers/W-M/LOG.md,32,78f3b0ec,78f3b0eccd44b1ed,evolve,B2,RELAY,0,,,,0,"N at all 17 offsets (P2 as predicted); 4781b0a1 EVERY IDENTITY-BROKEN at o=-1..5,7, NEITHER o6, UNRESOLVED 8-11,14,15, CHANNEL 12,13; E2 EVERY CHANNEL o0-2,4-6, MIXTURE o3,o7, SITE o8-12; 78f3b0ec UNDEFINED at every offset. Diagnosis: 78f3b0ec is a one-sided abstainer (normal: 0 pair-trials with BOTH partners correct; A 115, B 142 correct, 511 of 768 world-trials are ties S0=0). The fr"
roles/Ananke/research/workers/W-M/LOG.md,32,78f3b0ec,78f3b0eccd44b1ed,evolve,B2,RELAY,0,,,,0,"b0a1 EVERY IDENTITY-BROKEN at o=-1..5,7, NEITHER o6, UNRESOLVED 8-11,14,15, CHANNEL 12,13; E2 EVERY CHANNEL o0-2,4-6, MIXTURE o3,o7, SITE o8-12; 78f3b0ec UNDEFINED at every offset. Diagnosis: 78f3b0ec is a one-sided abstainer (normal: 0 pair-trials with BOTH partners correct; A 115, B 142 correct, 511 of 768 world-trials are ties S0=0). The frozen census requires both partners correct,"
roles/Ananke/research/workers/W-M/LOG.md,64,369f5a5b,369f5a5b745eb592,evolve,B,RELAY,0,,,,0,"acket, the same kind of split one stage earlier. SINGLE == EVERY class at every E2 offset. Identity (outcome) 0.95-1.00 at o>=0 even though HOLD distractors arrive after the swap. A10 04:30Z 369f5a5b, 4781b0a1, 78f3b0ec, E1 done (SINGLE ~1830 s each for the delta-16 cells). E1 EVERY/SINGLE computed (KA7 must-fail input, see summary). 04:34Z e06701a5 launched solo (logs/apply_e06701a5_sol"
roles/Ananke/research/workers/W-M/LOG.md,64,4781b0a1,4781b0a172b6dc3c,evolve,C,MAJ,0,,,,0,"same kind of split one stage earlier. SINGLE == EVERY class at every E2 offset. Identity (outcome) 0.95-1.00 at o>=0 even though HOLD distractors arrive after the swap. A10 04:30Z 369f5a5b, 4781b0a1, 78f3b0ec, E1 done (SINGLE ~1830 s each for the delta-16 cells). E1 EVERY/SINGLE computed (KA7 must-fail input, see summary). 04:34Z e06701a5 launched solo (logs/apply_e06701a5_solo.log) to"
roles/Ananke/research/workers/W-M/LOG.md,64,78f3b0ec,78f3b0eccd44b1ed,evolve,B2,RELAY,0,,,,0,"of split one stage earlier. SINGLE == EVERY class at every E2 offset. Identity (outcome) 0.95-1.00 at o>=0 even though HOLD distractors arrive after the swap. A10 04:30Z 369f5a5b, 4781b0a1, 78f3b0ec, E1 done (SINGLE ~1830 s each for the delta-16 cells). E1 EVERY/SINGLE computed (KA7 must-fail input, see summary). 04:34Z e06701a5 launched solo (logs/apply_e06701a5_solo.log) to finish"
roles/Ananke/research/workers/W-M/LOG.md,66,e06701a5,e06701a5e70bb7c2,evolve,D,RELAY,0,,,,0,"ors arrive after the swap. A10 04:30Z 369f5a5b, 4781b0a1, 78f3b0ec, E1 done (SINGLE ~1830 s each for the delta-16 cells). E1 EVERY/SINGLE computed (KA7 must-fail input, see summary). 04:34Z e06701a5 launched solo (logs/apply_e06701a5_solo.log) to finish sooner; the group-3 proc (pid 33223) is killed by PID once census_8c37f32e.json exists, so it never runs e06701a5 twice. A11 04:40-04:44"
roles/Ananke/research/workers/W-M/LOG.md,66,e06701a5,e06701a5e70bb7c2,evolve,D,RELAY,0,,,,0,"0Z 369f5a5b, 4781b0a1, 78f3b0ec, E1 done (SINGLE ~1830 s each for the delta-16 cells). E1 EVERY/SINGLE computed (KA7 must-fail input, see summary). 04:34Z e06701a5 launched solo (logs/apply_e06701a5_solo.log) to finish sooner; the group-3 proc (pid 33223) is killed by PID once census_8c37f32e.json exists, so it never runs e06701a5 twice. A11 04:40-04:44Z 2dccdaa5, c16d5231, 8c37f32e, e0"
roles/Ananke/research/workers/W-M/LOG.md,68,8c37f32e,8c37f32e68843070,evolve,D,RELAY,0,,,,0,"NGLE computed (KA7 must-fail input, see summary). 04:34Z e06701a5 launched solo (logs/apply_e06701a5_solo.log) to finish sooner; the group-3 proc (pid 33223) is killed by PID once census_8c37f32e.json exists, so it never runs e06701a5 twice. A11 04:40-04:44Z 2dccdaa5, c16d5231, 8c37f32e, e06701a5 done (group-3 proc killed by PID after 8c37f32e; e06701a5 ran once, solo, with the fixed cod"
roles/Ananke/research/workers/W-M/LOG.md,68,e06701a5,e06701a5e70bb7c2,evolve,D,RELAY,0,,,,0,"summary). 04:34Z e06701a5 launched solo (logs/apply_e06701a5_solo.log) to finish sooner; the group-3 proc (pid 33223) is killed by PID once census_8c37f32e.json exists, so it never runs e06701a5 twice. A11 04:40-04:44Z 2dccdaa5, c16d5231, 8c37f32e, e06701a5 done (group-3 proc killed by PID after 8c37f32e; e06701a5 ran once, solo, with the fixed code). pytest: `python -m pytest roles"
roles/Ananke/research/workers/W-M/LOG.md,69,2dccdaa5,2dccdaa5eb8ffa0e,evolve,B,RELAY,0,,,,0,"unched solo (logs/apply_e06701a5_solo.log) to finish sooner; the group-3 proc (pid 33223) is killed by PID once census_8c37f32e.json exists, so it never runs e06701a5 twice. A11 04:40-04:44Z 2dccdaa5, c16d5231, 8c37f32e, e06701a5 done (group-3 proc killed by PID after 8c37f32e; e06701a5 ran once, solo, with the fixed code). pytest: `python -m pytest roles/Ananke/research/workers/W-M/test_"
roles/Ananke/research/workers/W-M/LOG.md,69,c16d5231,c16d52319beb8bce,evolve,B2,RELAY,0,,,,0,"o (logs/apply_e06701a5_solo.log) to finish sooner; the group-3 proc (pid 33223) is killed by PID once census_8c37f32e.json exists, so it never runs e06701a5 twice. A11 04:40-04:44Z 2dccdaa5, c16d5231, 8c37f32e, e06701a5 done (group-3 proc killed by PID after 8c37f32e; e06701a5 ran once, solo, with the fixed code). pytest: `python -m pytest roles/Ananke/research/workers/W-M/test_lens_ins6."
roles/Ananke/research/workers/W-M/LOG.md,69,8c37f32e,8c37f32e68843070,evolve,D,RELAY,0,,,,0,"ply_e06701a5_solo.log) to finish sooner; the group-3 proc (pid 33223) is killed by PID once census_8c37f32e.json exists, so it never runs e06701a5 twice. A11 04:40-04:44Z 2dccdaa5, c16d5231, 8c37f32e, e06701a5 done (group-3 proc killed by PID after 8c37f32e; e06701a5 ran once, solo, with the fixed code). pytest: `python -m pytest roles/Ananke/research/workers/W-M/test_lens_ins6.py -q`"
roles/Ananke/research/workers/W-M/LOG.md,69,e06701a5,e06701a5e70bb7c2,evolve,D,RELAY,0,,,,0,"a5_solo.log) to finish sooner; the group-3 proc (pid 33223) is killed by PID once census_8c37f32e.json exists, so it never runs e06701a5 twice. A11 04:40-04:44Z 2dccdaa5, c16d5231, 8c37f32e, e06701a5 done (group-3 proc killed by PID after 8c37f32e; e06701a5 ran once, solo, with the fixed code). pytest: `python -m pytest roles/Ananke/research/workers/W-M/test_lens_ins6.py -q` -> 20 pas"
roles/Ananke/research/workers/W-M/LOG.md,70,8c37f32e,8c37f32e68843070,evolve,D,RELAY,0,,,,0,"(pid 33223) is killed by PID once census_8c37f32e.json exists, so it never runs e06701a5 twice. A11 04:40-04:44Z 2dccdaa5, c16d5231, 8c37f32e, e06701a5 done (group-3 proc killed by PID after 8c37f32e; e06701a5 ran once, solo, with the fixed code). pytest: `python -m pytest roles/Ananke/research/workers/W-M/test_lens_ins6.py -q` -> 20 passed in 227.81 s, RC=0 (logs/pytest.log). Lease l"
roles/Ananke/research/workers/W-M/LOG.md,70,e06701a5,e06701a5e70bb7c2,evolve,D,RELAY,0,,,,0,") is killed by PID once census_8c37f32e.json exists, so it never runs e06701a5 twice. A11 04:40-04:44Z 2dccdaa5, c16d5231, 8c37f32e, e06701a5 done (group-3 proc killed by PID after 8c37f32e; e06701a5 ran once, solo, with the fixed code). pytest: `python -m pytest roles/Ananke/research/workers/W-M/test_lens_ins6.py -q` -> 20 passed in 227.81 s, RC=0 (logs/pytest.log). Lease lse-10ae2cf"
roles/Ananke/research/workers/W-M/LOG.md,83,c16d5231,c16d52319beb8bce,evolve,B2,RELAY,0,,held,133,0,"and the MIXTURE at lag -6 were not. A12 Outcome vs predictions: P1 HELD (SINGLE identity 1.00 at every o >= 1 in all 7 cells; o = 0 broken as expected). P2 WRONG (EVERY identity also broke in c16d5231 .87, 8c37f32e .52-.79, 4781b0a1 .72-.94 at o<=7, e06701a5 follow .72-.89; only 2dccdaa5 and 78f3b0ec stayed 1.00). P3 WRONG (W-I 'M' offsets resolve as MIXTURE or UNRESOLVED, never NEITHER)."
roles/Ananke/research/workers/W-M/LOG.md,83,8c37f32e,8c37f32e68843070,evolve,D,RELAY,0,,held,147,0,"E at lag -6 were not. A12 Outcome vs predictions: P1 HELD (SINGLE identity 1.00 at every o >= 1 in all 7 cells; o = 0 broken as expected). P2 WRONG (EVERY identity also broke in c16d5231 .87, 8c37f32e .52-.79, 4781b0a1 .72-.94 at o<=7, e06701a5 follow .72-.89; only 2dccdaa5 and 78f3b0ec stayed 1.00). P3 WRONG (W-I 'M' offsets resolve as MIXTURE or UNRESOLVED, never NEITHER). P4 PARTLY: whe"
roles/Ananke/research/workers/W-M/LOG.md,83,4781b0a1,4781b0a172b6dc3c,evolve,C,MAJ,0,,held,165,0,"ot. A12 Outcome vs predictions: P1 HELD (SINGLE identity 1.00 at every o >= 1 in all 7 cells; o = 0 broken as expected). P2 WRONG (EVERY identity also broke in c16d5231 .87, 8c37f32e .52-.79, 4781b0a1 .72-.94 at o<=7, e06701a5 follow .72-.89; only 2dccdaa5 and 78f3b0ec stayed 1.00). P3 WRONG (W-I 'M' offsets resolve as MIXTURE or UNRESOLVED, never NEITHER). P4 PARTLY: where both modes"
roles/Ananke/research/workers/W-M/LOG.md,83,e06701a5,e06701a5e70bb7c2,evolve,D,RELAY,0,,held,191,0,"ions: P1 HELD (SINGLE identity 1.00 at every o >= 1 in all 7 cells; o = 0 broken as expected). P2 WRONG (EVERY identity also broke in c16d5231 .87, 8c37f32e .52-.79, 4781b0a1 .72-.94 at o<=7, e06701a5 follow .72-.89; only 2dccdaa5 and 78f3b0ec stayed 1.00). P3 WRONG (W-I 'M' offsets resolve as MIXTURE or UNRESOLVED, never NEITHER). P4 PARTLY: where both modes are informative the classe"
roles/Ananke/research/workers/W-M/LOG.md,84,2dccdaa5,2dccdaa5eb8ffa0e,evolve,B,RELAY,0,,,,0,"0 at every o >= 1 in all 7 cells; o = 0 broken as expected). P2 WRONG (EVERY identity also broke in c16d5231 .87, 8c37f32e .52-.79, 4781b0a1 .72-.94 at o<=7, e06701a5 follow .72-.89; only 2dccdaa5 and 78f3b0ec stayed 1.00). P3 WRONG (W-I 'M' offsets resolve as MIXTURE or UNRESOLVED, never NEITHER). P4 PARTLY: where both modes are informative the classes agree 100%, but most EVERY offse"
roles/Ananke/research/workers/W-M/LOG.md,84,78f3b0ec,78f3b0eccd44b1ed,evolve,B2,RELAY,0,,,,0,">= 1 in all 7 cells; o = 0 broken as expected). P2 WRONG (EVERY identity also broke in c16d5231 .87, 8c37f32e .52-.79, 4781b0a1 .72-.94 at o<=7, e06701a5 follow .72-.89; only 2dccdaa5 and 78f3b0ec stayed 1.00). P3 WRONG (W-I 'M' offsets resolve as MIXTURE or UNRESOLVED, never NEITHER). P4 PARTLY: where both modes are informative the classes agree 100%, but most EVERY offsets of 5/7"
roles/Ananke/research/workers/W-M/LOG.md,88,369f5a5b,369f5a5b745eb592,evolve,B,RELAY,0,,,,0,"SOLVED, never NEITHER). P4 PARTLY: where both modes are informative the classes agree 100%, but most EVERY offsets of 5/7 cells are identity-broken, so the disagreement is not confined to 369f5a5b."
roles/Ananke/research/workers/W-M/PLAN.md,99,2dccdaa5,2dccdaa5eb8ffa0e,evolve,B,RELAY,0,,,,0,"(a). If E2 fails KA7 that is reported as a failed known-answer test (the instrument, or my reading of the design, is wrong), not repaired. ## 3. Application (after all KA tests pass) Cells: 2dccdaa5 c16d5231 78f3b0ec 8c37f32e e06701a5 369f5a5b 4781b0a1 (census-JOINT, W-I retested) + E2_pipe2 at gap 11. Seeds assays.world_seeds(0x5EE, 64) (W-I's reader seeds) for the cells; 0x5F1 for E2. Offsets"
roles/Ananke/research/workers/W-M/PLAN.md,99,c16d5231,c16d52319beb8bce,evolve,B2,RELAY,0,,,,0,"If E2 fails KA7 that is reported as a failed known-answer test (the instrument, or my reading of the design, is wrong), not repaired. ## 3. Application (after all KA tests pass) Cells: 2dccdaa5 c16d5231 78f3b0ec 8c37f32e e06701a5 369f5a5b 4781b0a1 (census-JOINT, W-I retested) + E2_pipe2 at gap 11. Seeds assays.world_seeds(0x5EE, 64) (W-I's reader seeds) for the cells; 0x5F1 for E2. Offsets -1 .. ro_"
roles/Ananke/research/workers/W-M/PLAN.md,99,78f3b0ec,78f3b0eccd44b1ed,evolve,B2,RELAY,0,,,,0,"ls KA7 that is reported as a failed known-answer test (the instrument, or my reading of the design, is wrong), not repaired. ## 3. Application (after all KA tests pass) Cells: 2dccdaa5 c16d5231 78f3b0ec 8c37f32e e06701a5 369f5a5b 4781b0a1 (census-JOINT, W-I retested) + E2_pipe2 at gap 11. Seeds assays.world_seeds(0x5EE, 64) (W-I's reader seeds) for the cells; 0x5F1 for E2. Offsets -1 .. ro_off-1 (W-"
roles/Ananke/research/workers/W-M/PLAN.md,99,8c37f32e,8c37f32e68843070,evolve,D,RELAY,0,,,,0,"at is reported as a failed known-answer test (the instrument, or my reading of the design, is wrong), not repaired. ## 3. Application (after all KA tests pass) Cells: 2dccdaa5 c16d5231 78f3b0ec 8c37f32e e06701a5 369f5a5b 4781b0a1 (census-JOINT, W-I retested) + E2_pipe2 at gap 11. Seeds assays.world_seeds(0x5EE, 64) (W-I's reader seeds) for the cells; 0x5F1 for E2. Offsets -1 .. ro_off-1 (W-I's). Arm"
roles/Ananke/research/workers/W-M/PLAN.md,99,e06701a5,e06701a5e70bb7c2,evolve,D,RELAY,0,,,,0,"orted as a failed known-answer test (the instrument, or my reading of the design, is wrong), not repaired. ## 3. Application (after all KA tests pass) Cells: 2dccdaa5 c16d5231 78f3b0ec 8c37f32e e06701a5 369f5a5b 4781b0a1 (census-JOINT, W-I retested) + E2_pipe2 at gap 11. Seeds assays.world_seeds(0x5EE, 64) (W-I's reader seeds) for the cells; 0x5F1 for E2. Offsets -1 .. ro_off-1 (W-I's). Arms site_al"
roles/Ananke/research/workers/W-M/PLAN.md,99,369f5a5b,369f5a5b745eb592,evolve,B,RELAY,0,,,,0,"a failed known-answer test (the instrument, or my reading of the design, is wrong), not repaired. ## 3. Application (after all KA tests pass) Cells: 2dccdaa5 c16d5231 78f3b0ec 8c37f32e e06701a5 369f5a5b 4781b0a1 (census-JOINT, W-I retested) + E2_pipe2 at gap 11. Seeds assays.world_seeds(0x5EE, 64) (W-I's reader seeds) for the cells; 0x5F1 for E2. Offsets -1 .. ro_off-1 (W-I's). Arms site_all and cha"
roles/Ananke/research/workers/W-M/PLAN.md,99,4781b0a1,4781b0a172b6dc3c,evolve,C,MAJ,0,,,,0,"known-answer test (the instrument, or my reading of the design, is wrong), not repaired. ## 3. Application (after all KA tests pass) Cells: 2dccdaa5 c16d5231 78f3b0ec 8c37f32e e06701a5 369f5a5b 4781b0a1 (census-JOINT, W-I retested) + E2_pipe2 at gap 11. Seeds assays.world_seeds(0x5EE, 64) (W-I's reader seeds) for the cells; 0x5F1 for E2. Offsets -1 .. ro_off-1 (W-I's). Arms site_all and channel_all"
roles/Ananke/research/workers/W-M/PLAN.md,113,369f5a5b,369f5a5b745eb592,evolve,B,RELAY,0,,,,0,"ut between swap and readout by construction). Any departure = a hidden exogenous difference between partners (an instrument defect) and is reported. P2 EVERY mode: identity < 0.90 somewhere for 369f5a5b (W-I: ~0.65) and ~1 for the rest. P3 The W-I ""M""/""J"" offsets (both-CHANCE) resolve mostly as NEITHER rather than MIXTURE (weak prior: W-I's phi at those offsets is mostly None or mildly posi"
roles/Ananke/research/workers/W-M/PLAN.md,117,2dccdaa5,2dccdaa5eb8ffa0e,evolve,B,RELAY,0,,,,0,"~0.65) and ~1 for the rest. P3 The W-I ""M""/""J"" offsets (both-CHANCE) resolve mostly as NEITHER rather than MIXTURE (weak prior: W-I's phi at those offsets is mostly None or mildly positive; 2dccdaa5 o5 phi -0.94 and 78f3b0ec o9-15 ~-0.6 are the MIXTURE candidates). P4 SINGLE vs EVERY: classifications agree at >= 80% of (cell, offset) where both are defined; disagreements concentrate in 369"
roles/Ananke/research/workers/W-M/PLAN.md,117,78f3b0ec,78f3b0eccd44b1ed,evolve,B2,RELAY,0,,,,0,"rest. P3 The W-I ""M""/""J"" offsets (both-CHANCE) resolve mostly as NEITHER rather than MIXTURE (weak prior: W-I's phi at those offsets is mostly None or mildly positive; 2dccdaa5 o5 phi -0.94 and 78f3b0ec o9-15 ~-0.6 are the MIXTURE candidates). P4 SINGLE vs EVERY: classifications agree at >= 80% of (cell, offset) where both are defined; disagreements concentrate in 369f5a5b. Decision: ""single-t"
roles/Ananke/research/workers/W-M/PLAN.md,120,369f5a5b,369f5a5b745eb592,evolve,B,RELAY,0,,,,0,"aa5 o5 phi -0.94 and 78f3b0ec o9-15 ~-0.6 are the MIXTURE candidates). P4 SINGLE vs EVERY: classifications agree at >= 80% of (cell, offset) where both are defined; disagreements concentrate in 369f5a5b. Decision: ""single-trial changes a classification"" = a (cell, offset) whose class differs between modes with both classes not UNDEFINED/UNRESOLVED, OR flips between MIXTURE and any other class. Repor"
roles/Ananke/research/workers/W-M/REPORT.md,45,369f5a5b,369f5a5b745eb592,evolve,B,RELAY,0,,,,0,"rive after the swap: the raw S0 values differ but the signs do not. P2 was wrong. In EVERY mode, history across trials broke the identity in 5 of 7 cells: | Cell | EVERY-mode identity | |---|---| | 369f5a5b | .34-.48 | | 8c37f32e | .52-.79 | | 4781b0a1 (o <= 7) | .72-.94 | | c16d5231 | .87 | | e06701a5 (follow census) | .72-.89 | | 2dccdaa5 | 1.00 | | 78f3b0ec | 1.00 | Meanwhile W-I's pair-level sums s"
roles/Ananke/research/workers/W-M/REPORT.md,46,8c37f32e,8c37f32e68843070,evolve,D,RELAY,0,,,,0,"e raw S0 values differ but the signs do not. P2 was wrong. In EVERY mode, history across trials broke the identity in 5 of 7 cells: | Cell | EVERY-mode identity | |---|---| | 369f5a5b | .34-.48 | | 8c37f32e | .52-.79 | | 4781b0a1 (o <= 7) | .72-.94 | | c16d5231 | .87 | | e06701a5 (follow census) | .72-.89 | | 2dccdaa5 | 1.00 | | 78f3b0ec | 1.00 | Meanwhile W-I's pair-level sums stayed at .97-1.01, so a"
roles/Ananke/research/workers/W-M/REPORT.md,47,4781b0a1,4781b0a172b6dc3c,evolve,C,MAJ,0,,,,0,"but the signs do not. P2 was wrong. In EVERY mode, history across trials broke the identity in 5 of 7 cells: | Cell | EVERY-mode identity | |---|---| | 369f5a5b | .34-.48 | | 8c37f32e | .52-.79 | | 4781b0a1 (o <= 7) | .72-.94 | | c16d5231 | .87 | | e06701a5 (follow census) | .72-.89 | | 2dccdaa5 | 1.00 | | 78f3b0ec | 1.00 | Meanwhile W-I's pair-level sums stayed at .97-1.01, so a sum near 1 is not evid"
roles/Ananke/research/workers/W-M/REPORT.md,48,c16d5231,c16d52319beb8bce,evolve,B2,RELAY,0,,,,0,"ong. In EVERY mode, history across trials broke the identity in 5 of 7 cells: | Cell | EVERY-mode identity | |---|---| | 369f5a5b | .34-.48 | | 8c37f32e | .52-.79 | | 4781b0a1 (o <= 7) | .72-.94 | | c16d5231 | .87 | | e06701a5 (follow census) | .72-.89 | | 2dccdaa5 | 1.00 | | 78f3b0ec | 1.00 | Meanwhile W-I's pair-level sums stayed at .97-1.01, so a sum near 1 is not evidence that the identity holds. C"
roles/Ananke/research/workers/W-M/REPORT.md,49,e06701a5,e06701a5e70bb7c2,evolve,D,RELAY,0,,,,0,"history across trials broke the identity in 5 of 7 cells: | Cell | EVERY-mode identity | |---|---| | 369f5a5b | .34-.48 | | 8c37f32e | .52-.79 | | 4781b0a1 (o <= 7) | .72-.94 | | c16d5231 | .87 | | e06701a5 (follow census) | .72-.89 | | 2dccdaa5 | 1.00 | | 78f3b0ec | 1.00 | Meanwhile W-I's pair-level sums stayed at .97-1.01, so a sum near 1 is not evidence that the identity holds. Classes per cell: -"
roles/Ananke/research/workers/W-M/REPORT.md,50,2dccdaa5,2dccdaa5eb8ffa0e,evolve,B,RELAY,0,,,,0,"ty in 5 of 7 cells: | Cell | EVERY-mode identity | |---|---| | 369f5a5b | .34-.48 | | 8c37f32e | .52-.79 | | 4781b0a1 (o <= 7) | .72-.94 | | c16d5231 | .87 | | e06701a5 (follow census) | .72-.89 | | 2dccdaa5 | 1.00 | | 78f3b0ec | 1.00 | Meanwhile W-I's pair-level sums stayed at .97-1.01, so a sum near 1 is not evidence that the identity holds. Classes per cell: - **2dccdaa5** (same in both modes) -"
roles/Ananke/research/workers/W-M/REPORT.md,51,78f3b0ec,78f3b0eccd44b1ed,evolve,B2,RELAY,0,,,,0,"| Cell | EVERY-mode identity | |---|---| | 369f5a5b | .34-.48 | | 8c37f32e | .52-.79 | | 4781b0a1 (o <= 7) | .72-.94 | | c16d5231 | .87 | | e06701a5 (follow census) | .72-.89 | | 2dccdaa5 | 1.00 | | 78f3b0ec | 1.00 | Meanwhile W-I's pair-level sums stayed at .97-1.01, so a sum near 1 is not evidence that the identity holds. Classes per cell: - **2dccdaa5** (same in both modes) - CHANNEL at o1-4, SIT"
roles/Ananke/research/workers/W-M/REPORT.md,57,2dccdaa5,2dccdaa5eb8ffa0e,evolve,B,RELAY,0,,,,0,"ollow census) | .72-.89 | | 2dccdaa5 | 1.00 | | 78f3b0ec | 1.00 | Meanwhile W-I's pair-level sums stayed at .97-1.01, so a sum near 1 is not evidence that the identity holds. Classes per cell: - **2dccdaa5** (same in both modes) - CHANNEL at o1-4, SITE at o6-7. - o5 (W-I ""M"") is a MIXTURE: fS .62 [.53,.69], fC .36 [.28,.44], phi -.98 [-1.00,-.93]. - **c16d5231** (EVERY: IDENTITY-BROKEN at every off"
roles/Ananke/research/workers/W-M/REPORT.md,60,c16d5231,c16d52319beb8bce,evolve,B2,RELAY,0,,,,0,"dentity holds. Classes per cell: - **2dccdaa5** (same in both modes) - CHANNEL at o1-4, SITE at o6-7. - o5 (W-I ""M"") is a MIXTURE: fS .62 [.53,.69], fC .36 [.28,.44], phi -.98 [-1.00,-.93]. - **c16d5231** (EVERY: IDENTITY-BROKEN at every offset) - o1-3: CHANNEL, fC .84 [.76,.91]. The follow census says MIXTURE, fS .26 [.20,.32]. - o4: MIXTURE, fS .29 [.22,.35], fC .70 [.62,.78], phi -.93 [-.98,-"
roles/Ananke/research/workers/W-M/REPORT.md,65,8c37f32e,8c37f32e68843070,evolve,D,RELAY,0,,,,0,", fS .26 [.20,.32]. - o4: MIXTURE, fS .29 [.22,.35], fC .70 [.62,.78], phi -.93 [-.98,-.87]. - o5 (W-I ""M""): MIXTURE, fS .67 [.62,.72], fC .32 [.27,.36], phi -.94 [-.98,-.88]. - o6-7: SITE. - **8c37f32e** (EVERY: all broken) - CHANNEL at o1-4, SITE at o6-7. - o5 (W-I ""J""): UNRESOLVED, with fS .53 [.46,.61], fC .25 [.17,.34], fN .21, phi -.29 [-.40,-.18]. The follow census says MIXTURE (phi -.54)"
roles/Ananke/research/workers/W-M/REPORT.md,68,e06701a5,e06701a5e70bb7c2,evolve,D,RELAY,0,,,,0,"ERY: all broken) - CHANNEL at o1-4, SITE at o6-7. - o5 (W-I ""J""): UNRESOLVED, with fS .53 [.46,.61], fC .25 [.17,.34], fN .21, phi -.29 [-.40,-.18]. The follow census says MIXTURE (phi -.54). - **e06701a5** - The frozen census is UNDEFINED: this specimen abstains on one cue sign, so no pair-trial has both partners correct. - Follow census: EVERY is broken; SINGLE gives CHANNEL at o1-4, UNRESOLVED"
roles/Ananke/research/workers/W-M/REPORT.md,71,78f3b0ec,78f3b0eccd44b1ed,evolve,B2,RELAY,0,,,,0,"en abstains on one cue sign, so no pair-trial has both partners correct. - Follow census: EVERY is broken; SINGLE gives CHANNEL at o1-4, UNRESOLVED at o5 (fS .51, fC .13, fN .36), SITE at o6-7. - **78f3b0ec** - The frozen census is UNDEFINED (also an abstainer). - Follow census (same in both modes): SITE at o1-8, MIXTURE at o9 (fS .68 [.62,.74], fC .16 [.11,.22], phi -.55 [-.70,-.39]), UNRESOLVED at"
roles/Ananke/research/workers/W-M/REPORT.md,74,369f5a5b,369f5a5b745eb592,evolve,B,RELAY,0,,,,0,"both modes): SITE at o1-8, MIXTURE at o9 (fS .68 [.62,.74], fC .16 [.11,.22], phi -.55 [-.70,-.39]), UNRESOLVED at o10-11, CHANNEL at o12-13, MIXTURE at o14 (the mirror of o9), UNRESOLVED at o15. - **369f5a5b** (EVERY: all broken) - o1-14 UNRESOLVED: a three-way blend with fS .39-.77, fC .04-.21, fN .12-.41, and phi with CIs spanning 0 (not a mixture). - o15 SITE: fS .84. - **4781b0a1** (MAJ) - o1-5"
roles/Ananke/research/workers/W-M/REPORT.md,77,4781b0a1,4781b0a172b6dc3c,evolve,C,MAJ,0,,,,0,"LVED at o15. - **369f5a5b** (EVERY: all broken) - o1-14 UNRESOLVED: a three-way blend with fS .39-.77, fC .04-.21, fN .12-.41, and phi with CIs spanning 0 (not a mixture). - o15 SITE: fS .84. - **4781b0a1** (MAJ) - o1-5 and o7 UNRESOLVED: site plus neither, fS .36-.77, fN .22-.49. - o6 NEITHER (fN .55). o8 NEITHER in SINGLE, UNRESOLVED in EVERY. - o9-11 UNRESOLVED. o11 (W-I ""M"") has fC .59, fS ."
roles/Ananke/research/workers/W-M/REPORT.md,90,2dccdaa5,2dccdaa5eb8ffa0e,evolve,B,RELAY,0,,,,0,"ters from trial to trial. - E1 matches E2 exactly up to o8. The echo return sets the handoff time, and E2's pipeline adds 4 site ticks after it. P3 was wrong. W-I's ""M"" offsets resolve as MIXTURE (2dccdaa5 o5, c16d5231 o5, 78f3b0ec o9 and o14) or UNRESOLVED (78f3b0ec o10, o11, o15; 4781b0a1 o11), never as NEITHER. NEITHER appears only at 4781b0a1 o6 and o8, which W-I labelled ""J"". Does the single-tria"
roles/Ananke/research/workers/W-M/REPORT.md,90,c16d5231,c16d52319beb8bce,evolve,B2,RELAY,0,,,,0,"al to trial. - E1 matches E2 exactly up to o8. The echo return sets the handoff time, and E2's pipeline adds 4 site ticks after it. P3 was wrong. W-I's ""M"" offsets resolve as MIXTURE (2dccdaa5 o5, c16d5231 o5, 78f3b0ec o9 and o14) or UNRESOLVED (78f3b0ec o10, o11, o15; 4781b0a1 o11), never as NEITHER. NEITHER appears only at 4781b0a1 o6 and o8, which W-I labelled ""J"". Does the single-trial variant cha"
roles/Ananke/research/workers/W-M/REPORT.md,90,78f3b0ec,78f3b0eccd44b1ed,evolve,B2,RELAY,0,,,,0,"- E1 matches E2 exactly up to o8. The echo return sets the handoff time, and E2's pipeline adds 4 site ticks after it. P3 was wrong. W-I's ""M"" offsets resolve as MIXTURE (2dccdaa5 o5, c16d5231 o5, 78f3b0ec o9 and o14) or UNRESOLVED (78f3b0ec o10, o11, o15; 4781b0a1 o11), never as NEITHER. NEITHER appears only at 4781b0a1 o6 and o8, which W-I labelled ""J"". Does the single-trial variant change any class"
roles/Ananke/research/workers/W-M/REPORT.md,90,78f3b0ec,78f3b0eccd44b1ed,evolve,B2,RELAY,0,,,,0,"The echo return sets the handoff time, and E2's pipeline adds 4 site ticks after it. P3 was wrong. W-I's ""M"" offsets resolve as MIXTURE (2dccdaa5 o5, c16d5231 o5, 78f3b0ec o9 and o14) or UNRESOLVED (78f3b0ec o10, o11, o15; 4781b0a1 o11), never as NEITHER. NEITHER appears only at 4781b0a1 o6 and o8, which W-I labelled ""J"". Does the single-trial variant change any classification? Yes. Under the frozen rul"
roles/Ananke/research/workers/W-M/REPORT.md,90,4781b0a1,4781b0a172b6dc3c,evolve,C,MAJ,0,,,,0,"handoff time, and E2's pipeline adds 4 site ticks after it. P3 was wrong. W-I's ""M"" offsets resolve as MIXTURE (2dccdaa5 o5, c16d5231 o5, 78f3b0ec o9 and o14) or UNRESOLVED (78f3b0ec o10, o11, o15; 4781b0a1 o11), never as NEITHER. NEITHER appears only at 4781b0a1 o6 and o8, which W-I labelled ""J"". Does the single-trial variant change any classification? Yes. Under the frozen rule these change: - c16d52"
roles/Ananke/research/workers/W-M/REPORT.md,90,4781b0a1,4781b0a172b6dc3c,evolve,C,MAJ,0,,,,0,"it. P3 was wrong. W-I's ""M"" offsets resolve as MIXTURE (2dccdaa5 o5, c16d5231 o5, 78f3b0ec o9 and o14) or UNRESOLVED (78f3b0ec o10, o11, o15; 4781b0a1 o11), never as NEITHER. NEITHER appears only at 4781b0a1 o6 and o8, which W-I labelled ""J"". Does the single-trial variant change any classification? Yes. Under the frozen rule these change: - c16d5231 o4 and o5: IDENTITY-BROKEN becomes MIXTURE. - Follow c"
roles/Ananke/research/workers/W-M/REPORT.md,93,c16d5231,c16d52319beb8bce,evolve,B2,RELAY,0,,,,0,"81b0a1 o11), never as NEITHER. NEITHER appears only at 4781b0a1 o6 and o8, which W-I labelled ""J"". Does the single-trial variant change any classification? Yes. Under the frozen rule these change: - c16d5231 o4 and o5: IDENTITY-BROKEN becomes MIXTURE. - Follow census: c16d5231 o1-3 and 8c37f32e o5 become MIXTURE. More generally, SINGLE mode turns every identity-broken EVERY offset in c16d5231, 8c37f32e,"
roles/Ananke/research/workers/W-M/REPORT.md,94,c16d5231,c16d52319beb8bce,evolve,B2,RELAY,0,,,,0,"o8, which W-I labelled ""J"". Does the single-trial variant change any classification? Yes. Under the frozen rule these change: - c16d5231 o4 and o5: IDENTITY-BROKEN becomes MIXTURE. - Follow census: c16d5231 o1-3 and 8c37f32e o5 become MIXTURE. More generally, SINGLE mode turns every identity-broken EVERY offset in c16d5231, 8c37f32e, 369f5a5b, 4781b0a1 and e06701a5 into an interpretable class. Where bo"
roles/Ananke/research/workers/W-M/REPORT.md,94,8c37f32e,8c37f32e68843070,evolve,D,RELAY,0,,,,0,"elled ""J"". Does the single-trial variant change any classification? Yes. Under the frozen rule these change: - c16d5231 o4 and o5: IDENTITY-BROKEN becomes MIXTURE. - Follow census: c16d5231 o1-3 and 8c37f32e o5 become MIXTURE. More generally, SINGLE mode turns every identity-broken EVERY offset in c16d5231, 8c37f32e, 369f5a5b, 4781b0a1 and e06701a5 into an interpretable class. Where both modes were info"
roles/Ananke/research/workers/W-M/REPORT.md,96,c16d5231,c16d52319beb8bce,evolve,B2,RELAY,0,,,,0,"change: - c16d5231 o4 and o5: IDENTITY-BROKEN becomes MIXTURE. - Follow census: c16d5231 o1-3 and 8c37f32e o5 become MIXTURE. More generally, SINGLE mode turns every identity-broken EVERY offset in c16d5231, 8c37f32e, 369f5a5b, 4781b0a1 and e06701a5 into an interpretable class. Where both modes were informative (2dccdaa5, 78f3b0ec, E1, E2, and 4781b0a1 o6/12/13), the classes agree 100%. No cell flips be"
roles/Ananke/research/workers/W-M/REPORT.md,96,8c37f32e,8c37f32e68843070,evolve,D,RELAY,0,,,,0,"c16d5231 o4 and o5: IDENTITY-BROKEN becomes MIXTURE. - Follow census: c16d5231 o1-3 and 8c37f32e o5 become MIXTURE. More generally, SINGLE mode turns every identity-broken EVERY offset in c16d5231, 8c37f32e, 369f5a5b, 4781b0a1 and e06701a5 into an interpretable class. Where both modes were informative (2dccdaa5, 78f3b0ec, E1, E2, and 4781b0a1 o6/12/13), the classes agree 100%. No cell flips between two"
roles/Ananke/research/workers/W-M/REPORT.md,96,369f5a5b,369f5a5b745eb592,evolve,B,RELAY,0,,,,0,"o4 and o5: IDENTITY-BROKEN becomes MIXTURE. - Follow census: c16d5231 o1-3 and 8c37f32e o5 become MIXTURE. More generally, SINGLE mode turns every identity-broken EVERY offset in c16d5231, 8c37f32e, 369f5a5b, 4781b0a1 and e06701a5 into an interpretable class. Where both modes were informative (2dccdaa5, 78f3b0ec, E1, E2, and 4781b0a1 o6/12/13), the classes agree 100%. No cell flips between two informativ"
roles/Ananke/research/workers/W-M/REPORT.md,96,4781b0a1,4781b0a172b6dc3c,evolve,C,MAJ,0,,,,0,"IDENTITY-BROKEN becomes MIXTURE. - Follow census: c16d5231 o1-3 and 8c37f32e o5 become MIXTURE. More generally, SINGLE mode turns every identity-broken EVERY offset in c16d5231, 8c37f32e, 369f5a5b, 4781b0a1 and e06701a5 into an interpretable class. Where both modes were informative (2dccdaa5, 78f3b0ec, E1, E2, and 4781b0a1 o6/12/13), the classes agree 100%. No cell flips between two informative carriers"
roles/Ananke/research/workers/W-M/REPORT.md,96,e06701a5,e06701a5e70bb7c2,evolve,D,RELAY,0,,,,0,"KEN becomes MIXTURE. - Follow census: c16d5231 o1-3 and 8c37f32e o5 become MIXTURE. More generally, SINGLE mode turns every identity-broken EVERY offset in c16d5231, 8c37f32e, 369f5a5b, 4781b0a1 and e06701a5 into an interpretable class. Where both modes were informative (2dccdaa5, 78f3b0ec, E1, E2, and 4781b0a1 o6/12/13), the classes agree 100%. No cell flips between two informative carriers (for example"
roles/Ananke/research/workers/W-M/REPORT.md,96,2dccdaa5,2dccdaa5eb8ffa0e,evolve,B,RELAY,0,,held,156,0,"e MIXTURE. More generally, SINGLE mode turns every identity-broken EVERY offset in c16d5231, 8c37f32e, 369f5a5b, 4781b0a1 and e06701a5 into an interpretable class. Where both modes were informative (2dccdaa5, 78f3b0ec, E1, E2, and 4781b0a1 o6/12/13), the classes agree 100%. No cell flips between two informative carriers (for example CHANNEL to SITE). So P4 held only partly. KNOWN-ANSWER TESTS (each with"
roles/Ananke/research/workers/W-M/REPORT.md,96,78f3b0ec,78f3b0eccd44b1ed,evolve,B2,RELAY,0,,held,146,0,"More generally, SINGLE mode turns every identity-broken EVERY offset in c16d5231, 8c37f32e, 369f5a5b, 4781b0a1 and e06701a5 into an interpretable class. Where both modes were informative (2dccdaa5, 78f3b0ec, E1, E2, and 4781b0a1 o6/12/13), the classes agree 100%. No cell flips between two informative carriers (for example CHANNEL to SITE). So P4 held only partly. KNOWN-ANSWER TESTS (each with the input"
roles/Ananke/research/workers/W-M/REPORT.md,96,4781b0a1,4781b0a172b6dc3c,evolve,C,MAJ,0,,held,124,0,"LE mode turns every identity-broken EVERY offset in c16d5231, 8c37f32e, 369f5a5b, 4781b0a1 and e06701a5 into an interpretable class. Where both modes were informative (2dccdaa5, 78f3b0ec, E1, E2, and 4781b0a1 o6/12/13), the classes agree 100%. No cell flips between two informative carriers (for example CHANNEL to SITE). So P4 held only partly. KNOWN-ANSWER TESTS (each with the input that makes it fail; t"
roles/Ananke/research/workers/W-M/REPORT.md,125,8c37f32e,8c37f32e68843070,evolve,D,RELAY,0,,,,0,"ure were not. DISAGREEMENTS AND DEVIATIONS 1. With the brief's premise. The sum is not only unable to diagnose a mixture; in EVERY mode it is not even evidence that the identity holds. For example, 8c37f32e has sums .97-1.01 while per-trial identity is .52-.79. The EVERY-mode swap does not reliably measure the trial it scores. 2. With W-I (the only worker interpretation I read, via its traj_table label"
roles/Ananke/research/workers/W-M/REPORT.md,129,c16d5231,c16d52319beb8bce,evolve,B2,RELAY,0,,,,0,"easure the trial it scores. 2. With W-I (the only worker interpretation I read, via its traj_table labels and phi values). - W-I's ""M"" label is ambiguous by construction. - W-I's phi values in c16d5231 (-.64, -.72) and 8c37f32e were computed on identity-broken EVERY arms. In SINGLE mode they become -.93/-.94 (c16d5231 o4/o5) and -.29 (8c37f32e o5). - W-I's identity for 369f5a5b was .65 over all"
roles/Ananke/research/workers/W-M/REPORT.md,129,8c37f32e,8c37f32e68843070,evolve,D,RELAY,0,,,,0,". 2. With W-I (the only worker interpretation I read, via its traj_table labels and phi values). - W-I's ""M"" label is ambiguous by construction. - W-I's phi values in c16d5231 (-.64, -.72) and 8c37f32e were computed on identity-broken EVERY arms. In SINGLE mode they become -.93/-.94 (c16d5231 o4/o5) and -.29 (8c37f32e o5). - W-I's identity for 369f5a5b was .65 over all trials; mine is .43 becaus"
roles/Ananke/research/workers/W-M/REPORT.md,129,c16d5231,c16d52319beb8bce,evolve,B2,RELAY,0,,,,0,"ues). - W-I's ""M"" label is ambiguous by construction. - W-I's phi values in c16d5231 (-.64, -.72) and 8c37f32e were computed on identity-broken EVERY arms. In SINGLE mode they become -.93/-.94 (c16d5231 o4/o5) and -.29 (8c37f32e o5). - W-I's identity for 369f5a5b was .65 over all trials; mine is .43 because I count only pair-trials where both partners were correct. - 369f5a5b ""J"" is not joint"
roles/Ananke/research/workers/W-M/REPORT.md,129,8c37f32e,8c37f32e68843070,evolve,D,RELAY,0,,,,0,"is ambiguous by construction. - W-I's phi values in c16d5231 (-.64, -.72) and 8c37f32e were computed on identity-broken EVERY arms. In SINGLE mode they become -.93/-.94 (c16d5231 o4/o5) and -.29 (8c37f32e o5). - W-I's identity for 369f5a5b was .65 over all trials; mine is .43 because I count only pair-trials where both partners were correct. - 369f5a5b ""J"" is not joint carriage in a clean sense."
roles/Ananke/research/workers/W-M/REPORT.md,130,369f5a5b,369f5a5b745eb592,evolve,B,RELAY,0,,,,0,"I's phi values in c16d5231 (-.64, -.72) and 8c37f32e were computed on identity-broken EVERY arms. In SINGLE mode they become -.93/-.94 (c16d5231 o4/o5) and -.29 (8c37f32e o5). - W-I's identity for 369f5a5b was .65 over all trials; mine is .43 because I count only pair-trials where both partners were correct. - 369f5a5b ""J"" is not joint carriage in a clean sense. It is a three-way S/N/C blend with ph"
roles/Ananke/research/workers/W-M/REPORT.md,131,369f5a5b,369f5a5b745eb592,evolve,B,RELAY,0,,,,0,"become -.93/-.94 (c16d5231 o4/o5) and -.29 (8c37f32e o5). - W-I's identity for 369f5a5b was .65 over all trials; mine is .43 because I count only pair-trials where both partners were correct. - 369f5a5b ""J"" is not joint carriage in a clean sense. It is a three-way S/N/C blend with phi near 0. 3. With designed_echoes/PLAN.md. It predicted that E2 would FLIP on channel or pay1 at lag -6 or -4. In fac"
roles/Ananke/research/workers/W-M/REPORT.md,135,78f3b0ec,78f3b0eccd44b1ed,evolve,B2,RELAY,0,,,,0,"-4 is SITE, and the channel phase ends at lag -7. 4. Deviation D1 (logged, made after seeing results). The frozen census requires both partners to be correct, so it is blind to one-sided abstainers (78f3b0ec, e06701a5). I added a secondary sign-based ""follow"" census. Its results are reported separately and marked. 5. A bug in D1, found and fixed (LOG A7). Its identity check used raw S0 equality where it"
roles/Ananke/research/workers/W-M/REPORT.md,135,e06701a5,e06701a5e70bb7c2,evolve,D,RELAY,0,,,,0,", and the channel phase ends at lag -7. 4. Deviation D1 (logged, made after seeing results). The frozen census requires both partners to be correct, so it is blind to one-sided abstainers (78f3b0ec, e06701a5). I added a secondary sign-based ""follow"" census. Its results are reported separately and marked. 5. A bug in D1, found and fixed (LOG A7). Its identity check used raw S0 equality where it should us"
roles/Ananke/research/workers/W-M/REPORT.md,137,e06701a5,e06701a5e70bb7c2,evolve,D,RELAY,0,,,,0,"quality where it should use sign equality. The fix is recomputed from the raw arrays in out/summary.*. The follow blocks inside census_<spec>.json for the 8 specs launched at 03:51Z are stale; census_e06701a5.json ran after the fix. 6. P2, P3 and P4 were wrong or only partly right, as described above. PYTEST `python -m pytest roles/Ananke/research/workers/W-M/test_lens_ins6.py -q` gives 20 passed in 22"
roles/Ananke/research/workers/W-M/REPORT.md,155,2dccdaa5,2dccdaa5eb8ffa0e,evolve,B,RELAY,0,,,,0,"S (all under F:/Prometheus-worktrees/ananke-base-role/roles/Ananke/research/workers/W-M/) - PLAN.md, LOG.md (A0-A12) - lens_ins6.py, test_lens_ins6.py - apply.py, summarize.py, smoke.py - out/census_{2dccdaa5,c16d5231,78f3b0ec,8c37f32e,e06701a5,369f5a5b,4781b0a1,E1,E2}.json - out/raw_<spec>_{every,single}.npz - out/summary.txt and out/summary.json (these are the authoritative tables) - logs/apply_*.log, l"
roles/Ananke/research/workers/W-M/REPORT.md,155,c16d5231,c16d52319beb8bce,evolve,B2,RELAY,0,,,,0,"der F:/Prometheus-worktrees/ananke-base-role/roles/Ananke/research/workers/W-M/) - PLAN.md, LOG.md (A0-A12) - lens_ins6.py, test_lens_ins6.py - apply.py, summarize.py, smoke.py - out/census_{2dccdaa5,c16d5231,78f3b0ec,8c37f32e,e06701a5,369f5a5b,4781b0a1,E1,E2}.json - out/raw_<spec>_{every,single}.npz - out/summary.txt and out/summary.json (these are the authoritative tables) - logs/apply_*.log, logs/pytes"
roles/Ananke/research/workers/W-M/REPORT.md,155,78f3b0ec,78f3b0eccd44b1ed,evolve,B2,RELAY,0,,,,0,"ometheus-worktrees/ananke-base-role/roles/Ananke/research/workers/W-M/) - PLAN.md, LOG.md (A0-A12) - lens_ins6.py, test_lens_ins6.py - apply.py, summarize.py, smoke.py - out/census_{2dccdaa5,c16d5231,78f3b0ec,8c37f32e,e06701a5,369f5a5b,4781b0a1,E1,E2}.json - out/raw_<spec>_{every,single}.npz - out/summary.txt and out/summary.json (these are the authoritative tables) - logs/apply_*.log, logs/pytest.log Pr"
roles/Ananke/research/workers/W-M/REPORT.md,155,8c37f32e,8c37f32e68843070,evolve,D,RELAY,0,,,,0,"worktrees/ananke-base-role/roles/Ananke/research/workers/W-M/) - PLAN.md, LOG.md (A0-A12) - lens_ins6.py, test_lens_ins6.py - apply.py, summarize.py, smoke.py - out/census_{2dccdaa5,c16d5231,78f3b0ec,8c37f32e,e06701a5,369f5a5b,4781b0a1,E1,E2}.json - out/raw_<spec>_{every,single}.npz - out/summary.txt and out/summary.json (these are the authoritative tables) - logs/apply_*.log, logs/pytest.log Proposed fo"
roles/Ananke/research/workers/W-M/REPORT.md,155,e06701a5,e06701a5e70bb7c2,evolve,D,RELAY,0,,,,0,"/ananke-base-role/roles/Ananke/research/workers/W-M/) - PLAN.md, LOG.md (A0-A12) - lens_ins6.py, test_lens_ins6.py - apply.py, summarize.py, smoke.py - out/census_{2dccdaa5,c16d5231,78f3b0ec,8c37f32e,e06701a5,369f5a5b,4781b0a1,E1,E2}.json - out/raw_<spec>_{every,single}.npz - out/summary.txt and out/summary.json (these are the authoritative tables) - logs/apply_*.log, logs/pytest.log Proposed follow-ups:"
roles/Ananke/research/workers/W-M/REPORT.md,155,369f5a5b,369f5a5b745eb592,evolve,B,RELAY,0,,,,0,"ase-role/roles/Ananke/research/workers/W-M/) - PLAN.md, LOG.md (A0-A12) - lens_ins6.py, test_lens_ins6.py - apply.py, summarize.py, smoke.py - out/census_{2dccdaa5,c16d5231,78f3b0ec,8c37f32e,e06701a5,369f5a5b,4781b0a1,E1,E2}.json - out/raw_<spec>_{every,single}.npz - out/summary.txt and out/summary.json (these are the authoritative tables) - logs/apply_*.log, logs/pytest.log Proposed follow-ups: - Make S"
roles/Ananke/research/workers/W-M/REPORT.md,155,4781b0a1,4781b0a172b6dc3c,evolve,C,MAJ,0,,,,0,"roles/Ananke/research/workers/W-M/) - PLAN.md, LOG.md (A0-A12) - lens_ins6.py, test_lens_ins6.py - apply.py, summarize.py, smoke.py - out/census_{2dccdaa5,c16d5231,78f3b0ec,8c37f32e,e06701a5,369f5a5b,4781b0a1,E1,E2}.json - out/raw_<spec>_{every,single}.npz - out/summary.txt and out/summary.json (these are the authoritative tables) - logs/apply_*.log, logs/pytest.log Proposed follow-ups: - Make SINGLE mod"
roles/Ananke/research/workers/W-M/REPORT.md,163,369f5a5b,369f5a5b745eb592,evolve,B,RELAY,0,,,,0,"logs/pytest.log Proposed follow-ups: - Make SINGLE mode the default for the carrier-swap instrument, since EVERY mode lets history break the identity. - Promote census_follow for abstainers. - Split 369f5a5b and 4781b0a1's N fraction by sub-array (S, inbox, Kp, flight content) to name the interaction."
roles/Ananke/research/workers/W-M/REPORT.md,163,4781b0a1,4781b0a172b6dc3c,evolve,C,MAJ,0,,,,0,"og Proposed follow-ups: - Make SINGLE mode the default for the carrier-swap instrument, since EVERY mode lets history break the identity. - Promote census_follow for abstainers. - Split 369f5a5b and 4781b0a1's N fraction by sub-array (S, inbox, Kp, flight content) to name the interaction."
roles/Ananke/research/workers/W-M/out/summary.txt,2,2dccdaa5,2dccdaa5eb8ffa0e,evolve,B,RELAY,0,,,,0,"== 2dccdaa5 RELAY ro_off 8 normal every [0.7997159090909092, 0.7670454545454546, 0.8309659090909092] o WI sumWI | EVERY frozen/follow | SINGLE frozen/follow | single frozen: elig ident fS fC fN"
roles/Ananke/research/workers/W-M/out/summary.txt,14,c16d5231,c16d52319beb8bce,evolve,B2,RELAY,0,,,,0,".00 0.00 0.00 - [ - ] | 211 1.00 1.00 0.00 0.00 - 7 S 1.0 | SITE/SITE | SITE/SITE | 211 1.00 1.00 0.00 0.00 - [ - ] | 211 1.00 1.00 0.00 0.00 - == c16d5231 RELAY ro_off 8 normal every [0.8501420454545455, 0.8124928977272727, 0.8821022727272727] o WI sumWI | EVERY frozen/follow | SINGLE frozen/follow | single frozen: elig ident fS fC fN"
roles/Ananke/research/workers/W-M/out/summary.txt,26,78f3b0ec,78f3b0eccd44b1ed,evolve,B2,RELAY,0,,,,0,".00 0.00 0.00 - [ - ] | 339 1.00 1.00 0.00 0.00 - 7 S 0.991 | IDENTITY-B/IDENTITY-B | SITE/SITE | 292 1.00 1.00 0.00 0.00 - [ - ] | 339 1.00 1.00 0.00 0.00 - == 78f3b0ec RELAY ro_off 16 normal every [0.6683238636363638, 0.6526988636363636, 0.6839488636363636] o WI sumWI | EVERY frozen/follow | SINGLE frozen/follow | single frozen: elig ident fS fC fN"
roles/Ananke/research/workers/W-M/out/summary.txt,46,8c37f32e,8c37f32e68843070,evolve,D,RELAY,0,,,,0,"- - - [ - ] | 237 1.00 0.16 0.68 0.16 -0.55 15 M 1.0 | UNDEFINED/UNRESOLVED | UNDEFINED/UNRESOLVED | 0 - - - - - [ - ] | 237 1.00 0.70 0.14 0.16 -0.54 == 8c37f32e RELAY ro_off 8 normal every [0.8423295454545454, 0.8053977272727273, 0.8792684659090909] o WI sumWI | EVERY frozen/follow | SINGLE frozen/follow | single frozen: elig ident fS fC fN"
roles/Ananke/research/workers/W-M/out/summary.txt,58,e06701a5,e06701a5e70bb7c2,evolve,D,RELAY,0,,,,0,".00 0.00 0.00 - [ - ] | 241 1.00 1.00 0.00 0.00 - 7 S 0.991 | IDENTITY-B/IDENTITY-B | SITE/SITE | 241 1.00 1.00 0.00 0.00 - [ - ] | 241 1.00 1.00 0.00 0.00 - == e06701a5 RELAY ro_off 8 normal every [0.6825284090909091, 0.649854403409091, 0.7102272727272727] o WI sumWI | EVERY frozen/follow | SINGLE frozen/follow | single frozen: elig ident fS fC fN p"
roles/Ananke/research/workers/W-M/out/summary.txt,70,369f5a5b,369f5a5b745eb592,evolve,B,RELAY,0,,,,0,"- - - - [ - ] | 257 1.00 1.00 0.00 0.00 - 7 S 0.994 | UNDEFINED/IDENTITY-B | UNDEFINED/SITE | 0 - - - - - [ - ] | 257 1.00 1.00 0.00 0.00 - == 369f5a5b RELAY ro_off 16 normal every [0.6768465909090908, 0.6413352272727273, 0.7088103693181818] o WI sumWI | EVERY frozen/follow | SINGLE frozen/follow | single frozen: elig ident fS fC fN"
roles/Ananke/research/workers/W-M/out/summary.txt,90,4781b0a1,4781b0a172b6dc3c,evolve,C,MAJ,0,,,,0,".18 0.08 [-0.09,+0.22] | 189 1.00 0.74 0.07 0.16 -0.34 15 J 0.985 | IDENTITY-B/IDENTITY-B | SITE/SITE | 128 1.00 0.84 0.04 0.12 0.03 [-0.15,+0.19] | 189 1.00 0.88 0.03 0.09 -0.32 == 4781b0a1 MAJ ro_off 16 normal every [0.7698863636363636, 0.7230042613636363, 0.8210227272727273] o WI sumWI | EVERY frozen/follow | SINGLE frozen/follow | single frozen: elig ident fS fC fN p"
roles/Ananke/research/workers/W-N/LOG.md,49,42716814,4271681452d29aee,evolve,C,RELAY,0,,,,0,"ffect, not a rule effect. A11 C1 5 ELSEWHERE cells (M=512, seeds 0xC1, SINGLE + EVERY + census). HOLD cells: site_all/joint FLIP_REL and absolute FLIP at M=512 (recorded M=64 EVERY: CHANCE). RELAY 42716814 mid: site CHANCE_REL (z -.37) but census fS .69 fN .22 = PARTIAL site transfer, not ""neither""; late site FLIP_REL. d3c0d182: site/channel INDETERMINATE (z -.47/-.51); readout is one-sign: partn"
roles/Ananke/research/workers/W-N/LOG.md,51,d3c0d182,d3c0d182d3dbb735,evolve,E,RELAY,0,,,,0,"EL and absolute FLIP at M=512 (recorded M=64 EVERY: CHANCE). RELAY 42716814 mid: site CHANCE_REL (z -.37) but census fS .69 fN .22 = PARTIAL site transfer, not ""neither""; late site FLIP_REL. d3c0d182: site/channel INDETERMINATE (z -.47/-.51); readout is one-sign: partners are never both correct (M=128 check: pair patterns (1,.5) 18 %, (.5,1) 28 %, (.5,.5) 30 %, (1,0)/(0,1) 24 %, (1,1) 0 %);"
roles/Ananke/research/workers/W-N/PLAN.md,93,0187372b,0187372b391d9d4e,evolve,A,HOLD,0,,,,0,"back1 (offset -1 - Pd). Prediction: S and site_all FLIP_REL where eligible (carrier S), channel/inbox NO_EFFECT_REL. (b) C1 SIGNAL cells with census class ELSEWHERE and normal < .8 (W-F census_table: 0187372b, 11f3ac85, 83d9d7b5, 42716814, d3c0d182; no class 'CHANCE' exists there): arms site_all, channel_all, joint at the W-F mid offset and site_all, channel_all at late offset; SINGLE (primary) and EVERY"
roles/Ananke/research/workers/W-N/PLAN.md,93,11f3ac85,11f3ac8548d931fd,evolve,B,HOLD,0,,,,0,"set -1 - Pd). Prediction: S and site_all FLIP_REL where eligible (carrier S), channel/inbox NO_EFFECT_REL. (b) C1 SIGNAL cells with census class ELSEWHERE and normal < .8 (W-F census_table: 0187372b, 11f3ac85, 83d9d7b5, 42716814, d3c0d182; no class 'CHANCE' exists there): arms site_all, channel_all, joint at the W-F mid offset and site_all, channel_all at late offset; SINGLE (primary) and EVERY (compariso"
roles/Ananke/research/workers/W-N/PLAN.md,93,83d9d7b5,83d9d7b50cb7e409,evolve,B,HOLD,0,,,,0,"d). Prediction: S and site_all FLIP_REL where eligible (carrier S), channel/inbox NO_EFFECT_REL. (b) C1 SIGNAL cells with census class ELSEWHERE and normal < .8 (W-F census_table: 0187372b, 11f3ac85, 83d9d7b5, 42716814, d3c0d182; no class 'CHANCE' exists there): arms site_all, channel_all, joint at the W-F mid offset and site_all, channel_all at late offset; SINGLE (primary) and EVERY (comparison); plus l"
roles/Ananke/research/workers/W-N/PLAN.md,93,42716814,4271681452d29aee,evolve,C,RELAY,0,,,,0,"tion: S and site_all FLIP_REL where eligible (carrier S), channel/inbox NO_EFFECT_REL. (b) C1 SIGNAL cells with census class ELSEWHERE and normal < .8 (W-F census_table: 0187372b, 11f3ac85, 83d9d7b5, 42716814, d3c0d182; no class 'CHANCE' exists there): arms site_all, channel_all, joint at the W-F mid offset and site_all, channel_all at late offset; SINGLE (primary) and EVERY (comparison); plus lens_swap c"
roles/Ananke/research/workers/W-N/PLAN.md,93,d3c0d182,d3c0d182d3dbb735,evolve,E,RELAY,0,,,,0,"d site_all FLIP_REL where eligible (carrier S), channel/inbox NO_EFFECT_REL. (b) C1 SIGNAL cells with census class ELSEWHERE and normal < .8 (W-F census_table: 0187372b, 11f3ac85, 83d9d7b5, 42716814, d3c0d182; no class 'CHANCE' exists there): arms site_all, channel_all, joint at the W-F mid offset and site_all, channel_all at late offset; SINGLE (primary) and EVERY (comparison); plus lens_swap census on S"
roles/Ananke/research/workers/W-N/PLAN.md,96,0187372b,0187372b391d9d4e,evolve,A,HOLD,0,,,,0,"the W-F mid offset and site_all, channel_all at late offset; SINGLE (primary) and EVERY (comparison); plus lens_swap census on SINGLE site/channel. Predictions (from W-F's EVERY numbers): HOLD cells 0187372b, 11f3ac85, 83d9d7b5: site_all mid FLIP_REL (was CHANCE); RELAY 42716814, d3c0d182: joint FLIP_REL, site/channel CHANCE_REL or INDETERMINATE. Report every verdict that changes (absolute -> relative) a"
roles/Ananke/research/workers/W-N/PLAN.md,97,11f3ac85,11f3ac8548d931fd,evolve,B,HOLD,0,,,,0,"id offset and site_all, channel_all at late offset; SINGLE (primary) and EVERY (comparison); plus lens_swap census on SINGLE site/channel. Predictions (from W-F's EVERY numbers): HOLD cells 0187372b, 11f3ac85, 83d9d7b5: site_all mid FLIP_REL (was CHANCE); RELAY 42716814, d3c0d182: joint FLIP_REL, site/channel CHANCE_REL or INDETERMINATE. Report every verdict that changes (absolute -> relative) and every N"
roles/Ananke/research/workers/W-N/PLAN.md,97,83d9d7b5,83d9d7b50cb7e409,evolve,B,HOLD,0,,,,0,"and site_all, channel_all at late offset; SINGLE (primary) and EVERY (comparison); plus lens_swap census on SINGLE site/channel. Predictions (from W-F's EVERY numbers): HOLD cells 0187372b, 11f3ac85, 83d9d7b5: site_all mid FLIP_REL (was CHANCE); RELAY 42716814, d3c0d182: joint FLIP_REL, site/channel CHANCE_REL or INDETERMINATE. Report every verdict that changes (absolute -> relative) and every NOT_ELIGIBL"
roles/Ananke/research/workers/W-N/PLAN.md,97,42716814,4271681452d29aee,evolve,C,RELAY,0,,,,0,"imary) and EVERY (comparison); plus lens_swap census on SINGLE site/channel. Predictions (from W-F's EVERY numbers): HOLD cells 0187372b, 11f3ac85, 83d9d7b5: site_all mid FLIP_REL (was CHANCE); RELAY 42716814, d3c0d182: joint FLIP_REL, site/channel CHANCE_REL or INDETERMINATE. Report every verdict that changes (absolute -> relative) and every NOT_ELIGIBLE. The absolute verdict is recomputed on my own SING"
roles/Ananke/research/workers/W-N/PLAN.md,97,d3c0d182,d3c0d182d3dbb735,evolve,E,RELAY,0,,,,0,"EVERY (comparison); plus lens_swap census on SINGLE site/channel. Predictions (from W-F's EVERY numbers): HOLD cells 0187372b, 11f3ac85, 83d9d7b5: site_all mid FLIP_REL (was CHANCE); RELAY 42716814, d3c0d182: joint FLIP_REL, site/channel CHANCE_REL or INDETERMINATE. Report every verdict that changes (absolute -> relative) and every NOT_ELIGIBLE. The absolute verdict is recomputed on my own SINGLE data AN"
roles/Ananke/research/workers/W-N/REPORT.md,50,0187372b,0187372b391d9d4e,evolve,A,HOLD,0,,,,0,"< .8. No cell in the census table has class CHANCE. Full numbers are in out/verdict_changes.csv. | Cell | normal [lo99] | mid site_all | mid joint | Other arms | Census | |---|---|---|---|---|---| | 0187372b HOLD | .722 [.680] | FLIP_REL, .268 [.230, .308] | FLIP_REL | late site FLIP_REL | SITE | | 11f3ac85 HOLD | .648 [.635] | FLIP_REL, .353 [.340, .364] | FLIP_REL | late site FLIP_REL | mid IDENTITY-BR"
roles/Ananke/research/workers/W-N/REPORT.md,51,11f3ac85,11f3ac8548d931fd,evolve,B,HOLD,0,,,,0,"ell | normal [lo99] | mid site_all | mid joint | Other arms | Census | |---|---|---|---|---|---| | 0187372b HOLD | .722 [.680] | FLIP_REL, .268 [.230, .308] | FLIP_REL | late site FLIP_REL | SITE | | 11f3ac85 HOLD | .648 [.635] | FLIP_REL, .353 [.340, .364] | FLIP_REL | late site FLIP_REL | mid IDENTITY-BROKEN (identity .75), late SITE | | 83d9d7b5 HOLD | .642 [.625] | FLIP_REL | FLIP_REL | late site FLIP"
roles/Ananke/research/workers/W-N/REPORT.md,52,83d9d7b5,83d9d7b50cb7e409,evolve,B,HOLD,0,,,,0,"8 [.230, .308] | FLIP_REL | late site FLIP_REL | SITE | | 11f3ac85 HOLD | .648 [.635] | FLIP_REL, .353 [.340, .364] | FLIP_REL | late site FLIP_REL | mid IDENTITY-BROKEN (identity .75), late SITE | | 83d9d7b5 HOLD | .642 [.625] | FLIP_REL | FLIP_REL | late site FLIP_REL | SITE | | 42716814 RELAY | .630 [.614] | CHANCE_REL, .452, z -.37 | FLIP_REL, z -1.0 | mid channel CHANCE_REL (z +.37); late site FLIP_R"
roles/Ananke/research/workers/W-N/REPORT.md,53,42716814,4271681452d29aee,evolve,C,RELAY,0,,,,0,"35] | FLIP_REL, .353 [.340, .364] | FLIP_REL | late site FLIP_REL | mid IDENTITY-BROKEN (identity .75), late SITE | | 83d9d7b5 HOLD | .642 [.625] | FLIP_REL | FLIP_REL | late site FLIP_REL | SITE | | 42716814 RELAY | .630 [.614] | CHANCE_REL, .452, z -.37 | FLIP_REL, z -1.0 | mid channel CHANCE_REL (z +.37); late site FLIP_REL | mid UNRESOLVED (fS .69, fN .22) | | d3c0d182 RELAY | .615 [.610] | INDETERMIN"
roles/Ananke/research/workers/W-N/REPORT.md,54,d3c0d182,d3c0d182d3dbb735,evolve,E,RELAY,0,,,,0,"| late site FLIP_REL | SITE | | 42716814 RELAY | .630 [.614] | CHANCE_REL, .452, z -.37 | FLIP_REL, z -1.0 | mid channel CHANCE_REL (z +.37); late site FLIP_REL | mid UNRESOLVED (fS .69, fN .22) | | d3c0d182 RELAY | .615 [.610] | INDETERMINATE, z -.47 | FLIP_REL | channel INDETERMINATE (z +.47) | UNDEFINED (0 eligible) | - Channel arms on the three HOLD cells are NO_EFFECT_REL. - EVERY gives the sam"
roles/Ananke/research/workers/W-N/REPORT.md,64,42716814,4271681452d29aee,evolve,C,RELAY,0,,champion,171,0,"site_all arms of the 5 W-L champions. - On the C1 cells, 11 recorded CHANCE verdicts become FLIP_REL: - site_all mid on the 3 HOLD cells. - joint mid on all 5 cells. - site_all late on 42716814 and 83d9d7b5. - Recorded CHANCE is sharpened to CHANCE_REL on 42716814 site and channel (mid), and to INDETERMINATE on d3c0d182 site and channel (mid and late). - All the FLIP changes also appear"
roles/Ananke/research/workers/W-N/REPORT.md,64,83d9d7b5,83d9d7b50cb7e409,evolve,B,HOLD,0,,champion,184,0,"s of the 5 W-L champions. - On the C1 cells, 11 recorded CHANCE verdicts become FLIP_REL: - site_all mid on the 3 HOLD cells. - joint mid on all 5 cells. - site_all late on 42716814 and 83d9d7b5. - Recorded CHANCE is sharpened to CHANCE_REL on 42716814 site and channel (mid), and to INDETERMINATE on d3c0d182 site and channel (mid and late). - All the FLIP changes also appear with the abs"
roles/Ananke/research/workers/W-N/REPORT.md,65,42716814,4271681452d29aee,evolve,C,RELAY,0,,,,0,"HANCE verdicts become FLIP_REL: - site_all mid on the 3 HOLD cells. - joint mid on all 5 cells. - site_all late on 42716814 and 83d9d7b5. - Recorded CHANCE is sharpened to CHANCE_REL on 42716814 site and channel (mid), and to INDETERMINATE on d3c0d182 site and channel (mid and late). - All the FLIP changes also appear with the absolute rule at M=512. The relative rule itself only adds the"
roles/Ananke/research/workers/W-N/REPORT.md,65,d3c0d182,d3c0d182d3dbb735,evolve,E,RELAY,0,,,,0,"3 HOLD cells. - joint mid on all 5 cells. - site_all late on 42716814 and 83d9d7b5. - Recorded CHANCE is sharpened to CHANCE_REL on 42716814 site and channel (mid), and to INDETERMINATE on d3c0d182 site and channel (mid and late). - All the FLIP changes also appear with the absolute rule at M=512. The relative rule itself only adds the CHANCE_REL/INDETERMINATE split and certified NO_EFFECT."
roles/Ananke/research/workers/W-N/REPORT.md,91,42716814,4271681452d29aee,evolve,C,RELAY,0,,,,0,"ve .5, so the gate mainly turns INDETERMINATE into NOT_ELIGIBLE and suppresses some valid certificates. Gated and ungated verdicts are both reported. 3. CHANCE_REL does not mean ""the bit is gone"". On 42716814 mid site, CHANCE_REL (z -.37) sits next to census fS .69: a partial site transfer. The SINGLE census should always accompany the verdict. 4. The flip rate f (my proposed accuracy-free companion) is n"
roles/Ananke/research/workers/W-N/REPORT.md,92,d3c0d182,d3c0d182d3dbb735,evolve,E,RELAY,0,,,,0,"accompany the verdict. 4. The flip rate f (my proposed accuracy-free companion) is not accuracy-free when mirror outcomes are asymmetric. On real specimens f was .5-.7 while z was about -1, and 0 on d3c0d182. Do not use it as a verdict. 5. d3c0d182 breaks the three-hypothesis model: its readout answers on only one sign, so the two partners are never both correct. INDETERMINATE is the honest output there."
roles/Ananke/research/workers/W-N/REPORT.md,93,d3c0d182,d3c0d182d3dbb735,evolve,E,RELAY,0,,,,0,"f (my proposed accuracy-free companion) is not accuracy-free when mirror outcomes are asymmetric. On real specimens f was .5-.7 while z was about -1, and 0 on d3c0d182. Do not use it as a verdict. 5. d3c0d182 breaks the three-hypothesis model: its readout answers on only one sign, so the two partners are never both correct. INDETERMINATE is the honest output there. PYTEST - Command: `python -m pytest -q"
roles/Ananke/research/workers/W-O/LOG.md,22,42716814,4271681452d29aee,evolve,C,RELAY,0,,,,0,"201a52e89fcbc4da14a0c993477b6a38c0c4930 *out/inventory.csv (inventory frozen before any re-run) A2 07:05Z selfcheck.py (2 threads, no lease, ~3 min): fork_single == lens_swap.run_arms SINGLE on 42716814 o=9 M=64 (normal, site_all, channel_all, S, pay0 first 4 trials: all True); lens_swap.selfcheck all True; must-fail fork at offset+1 identical=False (fails as required). Timing M=512 T=228: for"
roles/Ananke/research/workers/W-O/LOG.md,29,c939c3c7,c939c3c7271e65d2,evolve,A,RELAY,0,,,,0,"ll). A4 07:25Z ka_repro.py: KA5 733/733 recorded CIs re-derive CHANCE; must-fail (hi .39) does not read CHANCE. KA6 reproduced recorded swap acc exactly at original design for W-F mid site_all (c939c3c7), W-F pre (6a9c62c7), W-I S o0 (00c5d3b6), s_ct sitestate (c16d5231). Must-fail offset+1: did NOT reproduce for 3 of 4; for W-F c939c3c7 mid (o 9 -> 10) it DID reproduce (the swap is time-invar"
roles/Ananke/research/workers/W-O/LOG.md,29,6a9c62c7,6a9c62c71c6a74c5,evolve,A,HOLD,0,,,,0,"pro.py: KA5 733/733 recorded CIs re-derive CHANCE; must-fail (hi .39) does not read CHANCE. KA6 reproduced recorded swap acc exactly at original design for W-F mid site_all (c939c3c7), W-F pre (6a9c62c7), W-I S o0 (00c5d3b6), s_ct sitestate (c16d5231). Must-fail offset+1: did NOT reproduce for 3 of 4; for W-F c939c3c7 mid (o 9 -> 10) it DID reproduce (the swap is time-invariant there), so t"
roles/Ananke/research/workers/W-O/LOG.md,29,00c5d3b6,00c5d3b61fe3cac7,evolve,A,HOLD,0,,,,0,"ecorded CIs re-derive CHANCE; must-fail (hi .39) does not read CHANCE. KA6 reproduced recorded swap acc exactly at original design for W-F mid site_all (c939c3c7), W-F pre (6a9c62c7), W-I S o0 (00c5d3b6), s_ct sitestate (c16d5231). Must-fail offset+1: did NOT reproduce for 3 of 4; for W-F c939c3c7 mid (o 9 -> 10) it DID reproduce (the swap is time-invariant there), so that must-fail was not"
roles/Ananke/research/workers/W-O/LOG.md,30,c16d5231,c16d52319beb8bce,evolve,B2,RELAY,0,,,,0,"must-fail (hi .39) does not read CHANCE. KA6 reproduced recorded swap acc exactly at original design for W-F mid site_all (c939c3c7), W-F pre (6a9c62c7), W-I S o0 (00c5d3b6), s_ct sitestate (c16d5231). Must-fail offset+1: did NOT reproduce for 3 of 4; for W-F c939c3c7 mid (o 9 -> 10) it DID reproduce (the swap is time-invariant there), so that must-fail was not discriminating for that one r"
roles/Ananke/research/workers/W-O/LOG.md,31,c939c3c7,c939c3c7271e65d2,evolve,A,RELAY,0,,,,0,"acc exactly at original design for W-F mid site_all (c939c3c7), W-F pre (6a9c62c7), W-I S o0 (00c5d3b6), s_ct sitestate (c16d5231). Must-fail offset+1: did NOT reproduce for 3 of 4; for W-F c939c3c7 mid (o 9 -> 10) it DID reproduce (the swap is time-invariant there), so that must-fail was not discriminating for that one row; the other three are. (clock correction: A2-A4 timestamps above we"
roles/Ananke/research/workers/W-O/LOG.md,37,4ab2ba01,4ab2ba014aac967e,evolve,C,HOLD,0,,,,0,"ort:cpu8 --as Ananke ACQUIRED lse-9ef8ebed677c (ttl 1 h, renew planned). Launched audit.py shards 0..6 of 7, 1 torch thread each (7 threads). A6 07:00Z ka_plants.py (8th thread): KA2 hold_latch on 4ab2ba01 physics: site_all FLIP (swap 0.0), channel_all NO-EFFECT (trivially: plant sends no packets, swap == normal); must-fail (NO-EFFECT check fed site_all) -> FLIP, fails as required. KA3 half-pair"
roles/Ananke/research/workers/W-O/LOG.md,56,4781b0a1,4781b0a172b6dc3c,evolve,C,MAJ,0,,,,0,"roup without EVERY is reported as EVERY NOT_RUN. A9 07:20Z lease lse-9ef8ebed677c RENEWED ttl 7200 s. A10 07:50Z BUG: audit.arm_names parsed s_ct arm ""payload"" as pay<k> -> ValueError on group SCT 4781b0a1 (recorded as error line in rerun_s4.jsonl; errors are excluded from done-sets). Fixed (pay<digits> only); group to be re-run after the shards. A11 08:55-09:01Z tail balancing: shards 0/2/7 lagging; a"
roles/Ananke/research/workers/W-O/LOG.md,65,4781b0a1,4781b0a172b6dc3c,evolve,C,MAJ,0,,,,0,"e.csv, corrections_WF.csv, corrections_WI.csv. 733/733 verdicts re-run SINGLE (249 groups); EVERY on 29 verdicts (12 subset groups) only. The 'errors 1' in summary.json is the superseded SCT 4781b0a1 error line (re-run successfully by helper 4). Checks of the re-derivation code: re-deriving the RECORDED W-F class from recorded verdicts matches 166/166 records (0 mismatches); re-deriving W-I"
roles/Ananke/research/workers/W-O/PLAN.md,63,4ab2ba01,4ab2ba014aac967e,evolve,C,HOLD,0,,,,0,"M=512 ns 0x600^0x1: S and site_all SINGLE must be FLIP; channel_all NO-EFFECT. Must-fail: the FLIP check fed the channel_all arm must fail. KA2 pure latch plant plants.plant(""hold_latch"") on the 4ab2ba01 physics + its HOLD env, mid offset, M=512 ns 0x600^0x2: channel_all must be NO-EFFECT, site_all FLIP. Must-fail: the NO-EFFECT check fed site_all must fail. KA3 CHANCE by construction: latch"
roles/Ananke/research/workers/W-O/REPORT.md,78,4ab2ba01,4ab2ba014aac967e,evolve,C,HOLD,0,,,,0,"nd site_all FLIP (.270 [.253, .284]); channel_all NO-EFFECT. - Must-fail: the FLIP check fed channel_all gives NO-EFFECT, so it fails as required. - KA2 pure latch plants.plant(""hold_latch"") on the 4ab2ba01 physics/env, mid offset: site_all FLIP (swap .000); channel_all NO-EFFECT. - Caveat: this NO-EFFECT is trivial, because the plant sends no packets. - Must-fail: the NO-EFFECT check fed site_all g"
roles/Ananke/research/workers/W-O/REPORT.md,88,c939c3c7,c939c3c7271e65d2,evolve,A,RELAY,0,,,,0,"design (64 worlds, original namespace, EVERY) reproduces the recorded swap accuracy exactly for W-F mid, W-F pre, W-I S and s_ct sitestate. - Must-fail offset+1: not reproduced for 3 of 4. For W-F c939c3c7 (offset 9 -> 10) it did reproduce, because that swap is time-invariant, so that one must-fail does not discriminate. - The re-derivation code reproduces the recorded W-F class 166/166 and the W-I rea"
roles/Ananke/research/workers/W-O/REPORT.md,99,0187372b,0187372b391d9d4e,evolve,A,HOLD,0,,,,0,he CHANCE arms; the record's own rule re-derives the reading; readability uses the recorded normal. W-F census_table.csv class / class_late (row = csv line): | Cell | Row | Change | |---|---|---| | 0187372b | 3 | ELSEWHERE -> SITE | | 11f3ac85 | 4 | ELSEWHERE -> SITE | | 83d9d7b5 | 5 | ELSEWHERE -> SITE; late ELSEWHERE -> SITE | | 42716814 | 124 | ELSEWHERE -> JOINT; late -> SITE | | d3c0d182 | 125 | EL
roles/Ananke/research/workers/W-O/REPORT.md,100,11f3ac85,11f3ac8548d931fd,evolve,B,HOLD,0,,,,0,re-derives the reading; readability uses the recorded normal. W-F census_table.csv class / class_late (row = csv line): | Cell | Row | Change | |---|---|---| | 0187372b | 3 | ELSEWHERE -> SITE | | 11f3ac85 | 4 | ELSEWHERE -> SITE | | 83d9d7b5 | 5 | ELSEWHERE -> SITE; late ELSEWHERE -> SITE | | 42716814 | 124 | ELSEWHERE -> JOINT; late -> SITE | | d3c0d182 | 125 | ELSEWHERE -> JOINT | | 2dccdaa5 | 127 |
roles/Ananke/research/workers/W-O/REPORT.md,101,83d9d7b5,83d9d7b50cb7e409,evolve,B,HOLD,0,,,,0,uses the recorded normal. W-F census_table.csv class / class_late (row = csv line): | Cell | Row | Change | |---|---|---| | 0187372b | 3 | ELSEWHERE -> SITE | | 11f3ac85 | 4 | ELSEWHERE -> SITE | | 83d9d7b5 | 5 | ELSEWHERE -> SITE; late ELSEWHERE -> SITE | | 42716814 | 124 | ELSEWHERE -> JOINT; late -> SITE | | d3c0d182 | 125 | ELSEWHERE -> JOINT | | 2dccdaa5 | 127 | JOINT -> SITE | | 8c37f32e | 132 | J
roles/Ananke/research/workers/W-O/REPORT.md,102,42716814,4271681452d29aee,evolve,C,RELAY,0,,,,0,_late (row = csv line): | Cell | Row | Change | |---|---|---| | 0187372b | 3 | ELSEWHERE -> SITE | | 11f3ac85 | 4 | ELSEWHERE -> SITE | | 83d9d7b5 | 5 | ELSEWHERE -> SITE; late ELSEWHERE -> SITE | | 42716814 | 124 | ELSEWHERE -> JOINT; late -> SITE | | d3c0d182 | 125 | ELSEWHERE -> JOINT | | 2dccdaa5 | 127 | JOINT -> SITE | | 8c37f32e | 132 | JOINT -> SITE | | c16d5231 | 135 | JOINT -> SITE | | 8743da7f
roles/Ananke/research/workers/W-O/REPORT.md,103,d3c0d182,d3c0d182d3dbb735,evolve,E,RELAY,0,,,,0,---|---| | 0187372b | 3 | ELSEWHERE -> SITE | | 11f3ac85 | 4 | ELSEWHERE -> SITE | | 83d9d7b5 | 5 | ELSEWHERE -> SITE; late ELSEWHERE -> SITE | | 42716814 | 124 | ELSEWHERE -> JOINT; late -> SITE | | d3c0d182 | 125 | ELSEWHERE -> JOINT | | 2dccdaa5 | 127 | JOINT -> SITE | | 8c37f32e | 132 | JOINT -> SITE | | c16d5231 | 135 | JOINT -> SITE | | 8743da7f | 106 | JOINT -> CHANNEL | | 4781b0a1 | 105 | late ELS
roles/Ananke/research/workers/W-O/REPORT.md,104,2dccdaa5,2dccdaa5eb8ffa0e,evolve,B,RELAY,0,,,,0,ITE | | 11f3ac85 | 4 | ELSEWHERE -> SITE | | 83d9d7b5 | 5 | ELSEWHERE -> SITE; late ELSEWHERE -> SITE | | 42716814 | 124 | ELSEWHERE -> JOINT; late -> SITE | | d3c0d182 | 125 | ELSEWHERE -> JOINT | | 2dccdaa5 | 127 | JOINT -> SITE | | 8c37f32e | 132 | JOINT -> SITE | | c16d5231 | 135 | JOINT -> SITE | | 8743da7f | 106 | JOINT -> CHANNEL | | 4781b0a1 | 105 | late ELSEWHERE -> SITE | | cc18858f | 70 | late
roles/Ananke/research/workers/W-O/REPORT.md,105,8c37f32e,8c37f32e68843070,evolve,D,RELAY,0,,,,0,SITE | | 83d9d7b5 | 5 | ELSEWHERE -> SITE; late ELSEWHERE -> SITE | | 42716814 | 124 | ELSEWHERE -> JOINT; late -> SITE | | d3c0d182 | 125 | ELSEWHERE -> JOINT | | 2dccdaa5 | 127 | JOINT -> SITE | | 8c37f32e | 132 | JOINT -> SITE | | c16d5231 | 135 | JOINT -> SITE | | 8743da7f | 106 | JOINT -> CHANNEL | | 4781b0a1 | 105 | late ELSEWHERE -> SITE | | cc18858f | 70 | late ELSEWHERE -> SITE | | cdf60380 | 71
roles/Ananke/research/workers/W-O/REPORT.md,106,c16d5231,c16d52319beb8bce,evolve,B2,RELAY,0,,,,0,-> SITE; late ELSEWHERE -> SITE | | 42716814 | 124 | ELSEWHERE -> JOINT; late -> SITE | | d3c0d182 | 125 | ELSEWHERE -> JOINT | | 2dccdaa5 | 127 | JOINT -> SITE | | 8c37f32e | 132 | JOINT -> SITE | | c16d5231 | 135 | JOINT -> SITE | | 8743da7f | 106 | JOINT -> CHANNEL | | 4781b0a1 | 105 | late ELSEWHERE -> SITE | | cc18858f | 70 | late ELSEWHERE -> SITE | | cdf60380 | 71 | late ELSEWHERE -> SITE | | bf82c
roles/Ananke/research/workers/W-O/REPORT.md,107,8743da7f,8743da7f1f62947d,evolve,D,MAJ,0,,,,0,42716814 | 124 | ELSEWHERE -> JOINT; late -> SITE | | d3c0d182 | 125 | ELSEWHERE -> JOINT | | 2dccdaa5 | 127 | JOINT -> SITE | | 8c37f32e | 132 | JOINT -> SITE | | c16d5231 | 135 | JOINT -> SITE | | 8743da7f | 106 | JOINT -> CHANNEL | | 4781b0a1 | 105 | late ELSEWHERE -> SITE | | cc18858f | 70 | late ELSEWHERE -> SITE | | cdf60380 | 71 | late ELSEWHERE -> SITE | | bf82cb29 | 121 | late ELSEWHERE -> SITE
roles/Ananke/research/workers/W-O/REPORT.md,108,4781b0a1,4781b0a172b6dc3c,evolve,C,MAJ,0,,,,0,late -> SITE | | d3c0d182 | 125 | ELSEWHERE -> JOINT | | 2dccdaa5 | 127 | JOINT -> SITE | | 8c37f32e | 132 | JOINT -> SITE | | c16d5231 | 135 | JOINT -> SITE | | 8743da7f | 106 | JOINT -> CHANNEL | | 4781b0a1 | 105 | late ELSEWHERE -> SITE | | cc18858f | 70 | late ELSEWHERE -> SITE | | cdf60380 | 71 | late ELSEWHERE -> SITE | | bf82cb29 | 121 | late ELSEWHERE -> SITE | - The source lines are in census_s0
roles/Ananke/research/workers/W-O/REPORT.md,109,cc18858f,cc18858fdfd34515,evolve,A,HOLD,0,,,,0,-> JOINT | | 2dccdaa5 | 127 | JOINT -> SITE | | 8c37f32e | 132 | JOINT -> SITE | | c16d5231 | 135 | JOINT -> SITE | | 8743da7f | 106 | JOINT -> CHANNEL | | 4781b0a1 | 105 | late ELSEWHERE -> SITE | | cc18858f | 70 | late ELSEWHERE -> SITE | | cdf60380 | 71 | late ELSEWHERE -> SITE | | bf82cb29 | 121 | late ELSEWHERE -> SITE | - The source lines are in census_s0/s1.jsonl (listed in the CSV). - Where the r
roles/Ananke/research/workers/W-O/REPORT.md,110,cdf60380,cdf603803282cd29,evolve,A,HOLD,0,,,,0,"| | 8c37f32e | 132 | JOINT -> SITE | | c16d5231 | 135 | JOINT -> SITE | | 8743da7f | 106 | JOINT -> CHANNEL | | 4781b0a1 | 105 | late ELSEWHERE -> SITE | | cc18858f | 70 | late ELSEWHERE -> SITE | | cdf60380 | 71 | late ELSEWHERE -> SITE | | bf82cb29 | 121 | late ELSEWHERE -> SITE | - The source lines are in census_s0/s1.jsonl (listed in the CSV). - Where the record ran no joint arm for a changed cell,"
roles/Ananke/research/workers/W-O/REPORT.md,111,bf82cb29,bf82cb29e967a489,evolve,B,RELAY,0,,,,0,"d5231 | 135 | JOINT -> SITE | | 8743da7f | 106 | JOINT -> CHANNEL | | 4781b0a1 | 105 | late ELSEWHERE -> SITE | | cc18858f | 70 | late ELSEWHERE -> SITE | | cdf60380 | 71 | late ELSEWHERE -> SITE | | bf82cb29 | 121 | late ELSEWHERE -> SITE | - The source lines are in census_s0/s1.jsonl (listed in the CSV). - Where the record ran no joint arm for a changed cell, the CSV notes it. - If readability is also"
roles/Ananke/research/workers/W-O/REPORT.md,116,c868a87b,c868a87bcd47d94b,evolve,A,HOLD,0,,,,0,"s1.jsonl (listed in the CSV). - Where the record ran no joint arm for a changed cell, the CSV notes it. - If readability is also re-evaluated at M=512, 12 more UNREADABLE cells get a class: - SITE: c868a87b, ed884172, e2fa0531, 9dd25cb2, 0017d8cc, 7ca102eb, b4e404f6. - CHANNEL: 88f94654, 57650798, 4ba2a869, 8a8e65ad. - JOINT: a395784b. W-I table_<cell>.csv reader letter (line = offset + 3): | Cell"
roles/Ananke/research/workers/W-O/REPORT.md,116,ed884172,ed884172de6b4ec0,evolve,A,HOLD,0,,,,0,"listed in the CSV). - Where the record ran no joint arm for a changed cell, the CSV notes it. - If readability is also re-evaluated at M=512, 12 more UNREADABLE cells get a class: - SITE: c868a87b, ed884172, e2fa0531, 9dd25cb2, 0017d8cc, 7ca102eb, b4e404f6. - CHANNEL: 88f94654, 57650798, 4ba2a869, 8a8e65ad. - JOINT: a395784b. W-I table_<cell>.csv reader letter (line = offset + 3): | Cell | Offsets"
roles/Ananke/research/workers/W-O/REPORT.md,116,e2fa0531,e2fa053169f5f890,evolve,A,HOLD,0,,,,0,"the CSV). - Where the record ran no joint arm for a changed cell, the CSV notes it. - If readability is also re-evaluated at M=512, 12 more UNREADABLE cells get a class: - SITE: c868a87b, ed884172, e2fa0531, 9dd25cb2, 0017d8cc, 7ca102eb, b4e404f6. - CHANNEL: 88f94654, 57650798, 4ba2a869, 8a8e65ad. - JOINT: a395784b. W-I table_<cell>.csv reader letter (line = offset + 3): | Cell | Offsets | Change"
roles/Ananke/research/workers/W-O/REPORT.md,116,9dd25cb2,9dd25cb21750f3c5,evolve,A,HOLD,0,,,,0,"- Where the record ran no joint arm for a changed cell, the CSV notes it. - If readability is also re-evaluated at M=512, 12 more UNREADABLE cells get a class: - SITE: c868a87b, ed884172, e2fa0531, 9dd25cb2, 0017d8cc, 7ca102eb, b4e404f6. - CHANNEL: 88f94654, 57650798, 4ba2a869, 8a8e65ad. - JOINT: a395784b. W-I table_<cell>.csv reader letter (line = offset + 3): | Cell | Offsets | Change | |---|---"
roles/Ananke/research/workers/W-O/REPORT.md,116,0017d8cc,0017d8ccce60da90,evolve,A,HOLD,0,,,,0,"e record ran no joint arm for a changed cell, the CSV notes it. - If readability is also re-evaluated at M=512, 12 more UNREADABLE cells get a class: - SITE: c868a87b, ed884172, e2fa0531, 9dd25cb2, 0017d8cc, 7ca102eb, b4e404f6. - CHANNEL: 88f94654, 57650798, 4ba2a869, 8a8e65ad. - JOINT: a395784b. W-I table_<cell>.csv reader letter (line = offset + 3): | Cell | Offsets | Change | |---|---|---| | 36"
roles/Ananke/research/workers/W-O/REPORT.md,116,7ca102eb,7ca102eb518ac124,evolve,A,HOLD,0,,,,0,"an no joint arm for a changed cell, the CSV notes it. - If readability is also re-evaluated at M=512, 12 more UNREADABLE cells get a class: - SITE: c868a87b, ed884172, e2fa0531, 9dd25cb2, 0017d8cc, 7ca102eb, b4e404f6. - CHANNEL: 88f94654, 57650798, 4ba2a869, 8a8e65ad. - JOINT: a395784b. W-I table_<cell>.csv reader letter (line = offset + 3): | Cell | Offsets | Change | |---|---|---| | 369f5a5b | o"
roles/Ananke/research/workers/W-O/REPORT.md,116,b4e404f6,b4e404f606bd2bb8,evolve,A,HOLD,0,,,,0,"t arm for a changed cell, the CSV notes it. - If readability is also re-evaluated at M=512, 12 more UNREADABLE cells get a class: - SITE: c868a87b, ed884172, e2fa0531, 9dd25cb2, 0017d8cc, 7ca102eb, b4e404f6. - CHANNEL: 88f94654, 57650798, 4ba2a869, 8a8e65ad. - JOINT: a395784b. W-I table_<cell>.csv reader letter (line = offset + 3): | Cell | Offsets | Change | |---|---|---| | 369f5a5b | o2, o14, o1"
roles/Ananke/research/workers/W-O/REPORT.md,117,88f94654,88f94654d171e95e,evolve,B,MAJ,0,,,,0,"l, the CSV notes it. - If readability is also re-evaluated at M=512, 12 more UNREADABLE cells get a class: - SITE: c868a87b, ed884172, e2fa0531, 9dd25cb2, 0017d8cc, 7ca102eb, b4e404f6. - CHANNEL: 88f94654, 57650798, 4ba2a869, 8a8e65ad. - JOINT: a395784b. W-I table_<cell>.csv reader letter (line = offset + 3): | Cell | Offsets | Change | |---|---|---| | 369f5a5b | o2, o14, o15 | J -> S | | 4781b0a1"
roles/Ananke/research/workers/W-O/REPORT.md,117,57650798,57650798bada0219,evolve,A,MAJ,0,,,,0,"notes it. - If readability is also re-evaluated at M=512, 12 more UNREADABLE cells get a class: - SITE: c868a87b, ed884172, e2fa0531, 9dd25cb2, 0017d8cc, 7ca102eb, b4e404f6. - CHANNEL: 88f94654, 57650798, 4ba2a869, 8a8e65ad. - JOINT: a395784b. W-I table_<cell>.csv reader letter (line = offset + 3): | Cell | Offsets | Change | |---|---|---| | 369f5a5b | o2, o14, o15 | J -> S | | 4781b0a1 | o5, o15"
roles/Ananke/research/workers/W-O/REPORT.md,117,4ba2a869,4ba2a869707a5108,evolve,B,RELAY,0,,,,0,"- If readability is also re-evaluated at M=512, 12 more UNREADABLE cells get a class: - SITE: c868a87b, ed884172, e2fa0531, 9dd25cb2, 0017d8cc, 7ca102eb, b4e404f6. - CHANNEL: 88f94654, 57650798, 4ba2a869, 8a8e65ad. - JOINT: a395784b. W-I table_<cell>.csv reader letter (line = offset + 3): | Cell | Offsets | Change | |---|---|---| | 369f5a5b | o2, o14, o15 | J -> S | | 4781b0a1 | o5, o15 | J -> S"
roles/Ananke/research/workers/W-O/REPORT.md,117,8a8e65ad,8a8e65ad57ccf99b,evolve,B2,RELAY,0,,,,0,"ability is also re-evaluated at M=512, 12 more UNREADABLE cells get a class: - SITE: c868a87b, ed884172, e2fa0531, 9dd25cb2, 0017d8cc, 7ca102eb, b4e404f6. - CHANNEL: 88f94654, 57650798, 4ba2a869, 8a8e65ad. - JOINT: a395784b. W-I table_<cell>.csv reader letter (line = offset + 3): | Cell | Offsets | Change | |---|---|---| | 369f5a5b | o2, o14, o15 | J -> S | | 4781b0a1 | o5, o15 | J -> S | | 4781b0"
roles/Ananke/research/workers/W-O/REPORT.md,118,a395784b,a395784b37d01a6e,evolve,B,RELAY,0,,,,0,"aluated at M=512, 12 more UNREADABLE cells get a class: - SITE: c868a87b, ed884172, e2fa0531, 9dd25cb2, 0017d8cc, 7ca102eb, b4e404f6. - CHANNEL: 88f94654, 57650798, 4ba2a869, 8a8e65ad. - JOINT: a395784b. W-I table_<cell>.csv reader letter (line = offset + 3): | Cell | Offsets | Change | |---|---|---| | 369f5a5b | o2, o14, o15 | J -> S | | 4781b0a1 | o5, o15 | J -> S | | 4781b0a1 | o11 | M -> C | |"
roles/Ananke/research/workers/W-O/REPORT.md,124,369f5a5b,369f5a5b745eb592,evolve,B,RELAY,0,,,,0,"cc, 7ca102eb, b4e404f6. - CHANNEL: 88f94654, 57650798, 4ba2a869, 8a8e65ad. - JOINT: a395784b. W-I table_<cell>.csv reader letter (line = offset + 3): | Cell | Offsets | Change | |---|---|---| | 369f5a5b | o2, o14, o15 | J -> S | | 4781b0a1 | o5, o15 | J -> S | | 4781b0a1 | o11 | M -> C | | 4781b0a1 | o14 | J -> C | | 613162a3 | o9 | M -> S | | c16d5231 | o5 | M -> S | | cd5b6fd6 | o6 | M -> C | | 8c"
roles/Ananke/research/workers/W-O/REPORT.md,125,4781b0a1,4781b0a172b6dc3c,evolve,C,MAJ,0,,,,0,"88f94654, 57650798, 4ba2a869, 8a8e65ad. - JOINT: a395784b. W-I table_<cell>.csv reader letter (line = offset + 3): | Cell | Offsets | Change | |---|---|---| | 369f5a5b | o2, o14, o15 | J -> S | | 4781b0a1 | o5, o15 | J -> S | | 4781b0a1 | o11 | M -> C | | 4781b0a1 | o14 | J -> C | | 613162a3 | o9 | M -> S | | c16d5231 | o5 | M -> S | | cd5b6fd6 | o6 | M -> C | | 8c37f32e | o5 | J -> S | - 20 W-I rows"
roles/Ananke/research/workers/W-O/REPORT.md,126,4781b0a1,4781b0a172b6dc3c,evolve,C,MAJ,0,,,,0,"8e65ad. - JOINT: a395784b. W-I table_<cell>.csv reader letter (line = offset + 3): | Cell | Offsets | Change | |---|---|---| | 369f5a5b | o2, o14, o15 | J -> S | | 4781b0a1 | o5, o15 | J -> S | | 4781b0a1 | o11 | M -> C | | 4781b0a1 | o14 | J -> C | | 613162a3 | o9 | M -> S | | c16d5231 | o5 | M -> S | | cd5b6fd6 | o6 | M -> C | | 8c37f32e | o5 | J -> S | - 20 W-I rows change sub_chance/sub_flip; see"
roles/Ananke/research/workers/W-O/REPORT.md,127,4781b0a1,4781b0a172b6dc3c,evolve,C,MAJ,0,,,,0,"W-I table_<cell>.csv reader letter (line = offset + 3): | Cell | Offsets | Change | |---|---|---| | 369f5a5b | o2, o14, o15 | J -> S | | 4781b0a1 | o5, o15 | J -> S | | 4781b0a1 | o11 | M -> C | | 4781b0a1 | o14 | J -> C | | 613162a3 | o9 | M -> S | | c16d5231 | o5 | M -> S | | cd5b6fd6 | o6 | M -> C | | 8c37f32e | o5 | J -> S | - 20 W-I rows change sub_chance/sub_flip; see the CSV. - On 42716814 (unr"
roles/Ananke/research/workers/W-O/REPORT.md,128,613162a3,613162a306938de7,evolve,C,MAJ,0,,,,0,"r letter (line = offset + 3): | Cell | Offsets | Change | |---|---|---| | 369f5a5b | o2, o14, o15 | J -> S | | 4781b0a1 | o5, o15 | J -> S | | 4781b0a1 | o11 | M -> C | | 4781b0a1 | o14 | J -> C | | 613162a3 | o9 | M -> S | | c16d5231 | o5 | M -> S | | cd5b6fd6 | o6 | M -> C | | 8c37f32e | o5 | J -> S | - 20 W-I rows change sub_chance/sub_flip; see the CSV. - On 42716814 (unreadable '?' at 64 worlds, no"
roles/Ananke/research/workers/W-O/REPORT.md,129,c16d5231,c16d52319beb8bce,evolve,B2,RELAY,0,,,,0,"): | Cell | Offsets | Change | |---|---|---| | 369f5a5b | o2, o14, o15 | J -> S | | 4781b0a1 | o5, o15 | J -> S | | 4781b0a1 | o11 | M -> C | | 4781b0a1 | o14 | J -> C | | 613162a3 | o9 | M -> S | | c16d5231 | o5 | M -> S | | cd5b6fd6 | o6 | M -> C | | 8c37f32e | o5 | J -> S | - 20 W-I rows change sub_chance/sub_flip; see the CSV. - On 42716814 (unreadable '?' at 64 worlds, normal .63 at 512), S becomes"
roles/Ananke/research/workers/W-O/REPORT.md,130,cd5b6fd6,cd5b6fd649eb242d,evolve,B2,RELAY,0,,,,0,"ge | |---|---|---| | 369f5a5b | o2, o14, o15 | J -> S | | 4781b0a1 | o5, o15 | J -> S | | 4781b0a1 | o11 | M -> C | | 4781b0a1 | o14 | J -> C | | 613162a3 | o9 | M -> S | | c16d5231 | o5 | M -> S | | cd5b6fd6 | o6 | M -> C | | 8c37f32e | o5 | J -> S | - 20 W-I rows change sub_chance/sub_flip; see the CSV. - On 42716814 (unreadable '?' at 64 worlds, normal .63 at 512), S becomes FLIP at o14 and o15. - Mot"
roles/Ananke/research/workers/W-O/REPORT.md,131,8c37f32e,8c37f32e68843070,evolve,D,RELAY,0,,,,0,"5b | o2, o14, o15 | J -> S | | 4781b0a1 | o5, o15 | J -> S | | 4781b0a1 | o11 | M -> C | | 4781b0a1 | o14 | J -> C | | 613162a3 | o9 | M -> S | | c16d5231 | o5 | M -> S | | cd5b6fd6 | o6 | M -> C | | 8c37f32e | o5 | J -> S | - 20 W-I rows change sub_chance/sub_flip; see the CSV. - On 42716814 (unreadable '?' at 64 worlds, normal .63 at 512), S becomes FLIP at o14 and o15. - Motif strings in W-I motifs.js"
roles/Ananke/research/workers/W-O/REPORT.md,134,42716814,4271681452d29aee,evolve,C,RELAY,0,,,,0,"| | 4781b0a1 | o14 | J -> C | | 613162a3 | o9 | M -> S | | c16d5231 | o5 | M -> S | | cd5b6fd6 | o6 | M -> C | | 8c37f32e | o5 | J -> S | - 20 W-I rows change sub_chance/sub_flip; see the CSV. - On 42716814 (unreadable '?' at 64 worlds, normal .63 at 512), S becomes FLIP at o14 and o15. - Motif strings in W-I motifs.json and REPORT built from these letters should be re-derived. W-E class (from s_ct): n"
roles/Ananke/research/workers/W-O/REPORT.md,137,c16d5231,c16d52319beb8bce,evolve,B2,RELAY,0,,,,0,"le '?' at 64 worlds, normal .63 at 512), S becomes FLIP at o14 and o15. - Motif strings in W-I motifs.json and REPORT built from these letters should be re-derived. W-E class (from s_ct): no change. c16d5231 sitestate and 4781b0a1 inflight/sitestate/payload all stay CHANCE at M=512. DISAGREEMENTS 1. With W-N's generalisation, as read from its RESULTS section: its CHANCE->FLIP pattern does not extend to"
roles/Ananke/research/workers/W-O/REPORT.md,137,4781b0a1,4781b0a172b6dc3c,evolve,C,MAJ,0,,,,0,"rmal .63 at 512), S becomes FLIP at o14 and o15. - Motif strings in W-I motifs.json and REPORT built from these letters should be re-derived. W-E class (from s_ct): no change. c16d5231 sitestate and 4781b0a1 inflight/sitestate/payload all stay CHANCE at M=512. DISAGREEMENTS 1. With W-N's generalisation, as read from its RESULTS section: its CHANCE->FLIP pattern does not extend to the records at large."
roles/Ananke/research/workers/W-O/out/summary.txt,10,4781b0a1,4781b0a172b6dc3c,evolve,C,MAJ,0,,,,0,"{ ""inventory"": 733, ""groups_run"": 249, ""verdicts_run"": 733, ""errors"": 1, ""err_groups"": [ [ ""SCT"", ""d_wave"", ""4781b0a1"", """", ""all"", ""MAJ"" ] ], ""single_vs_every"": { ""CHANCE|CHANCE"": 25, ""FLIP|CHANCE"": 1, ""FLIP|FLIP"": 3 }, ""single_every_agree"": [ 28, 29 ], ""single_vs_rel_ungated"": { ""CHANCE"
roles/Ananke/research/workers/W-O/out/summary.txt,77,c16d5231,c16d52319beb8bce,evolve,B2,RELAY,0,,,,0,"""NEITHER"": 13 }, ""WF_class_changes"": { ""rec_normal"": 13, ""rerun_normal"": 25 }, ""WF_cells"": 71, ""WI_reader_changes"": 11, ""WI_sub_changes"": 20, ""WI_offsets"": 135, ""SCT"": [ { ""parent"": ""c16d5231"", ""changes"": { ""sitestate"": ""CHANCE"" }, ""we_class_rec"": ""in-flight"", ""we_class_new"": ""in-flight"", ""changed"": false, ""affected"": ""W-E ret_census.specimens() class for D-wave cell"
roles/Ananke/research/workers/W-O/out/summary.txt,84,c16d5231,c16d52319beb8bce,evolve,B2,RELAY,0,,,,0,""": { ""sitestate"": ""CHANCE"" }, ""we_class_rec"": ""in-flight"", ""we_class_new"": ""in-flight"", ""changed"": false, ""affected"": ""W-E ret_census.specimens() class for D-wave cells with parent c16d5231"" }, { ""parent"": ""4781b0a1"", ""changes"": { ""inflight"": ""CHANCE"", ""sitestate"": ""CHANCE"", ""payload"": ""CHANCE"" }, ""we_class_rec"": ""joint"", ""we_class_new"": ""joint"", ""chang"
roles/Ananke/research/workers/W-O/out/summary.txt,87,4781b0a1,4781b0a172b6dc3c,evolve,C,MAJ,0,,,,0,"}, ""we_class_rec"": ""in-flight"", ""we_class_new"": ""in-flight"", ""changed"": false, ""affected"": ""W-E ret_census.specimens() class for D-wave cells with parent c16d5231"" }, { ""parent"": ""4781b0a1"", ""changes"": { ""inflight"": ""CHANCE"", ""sitestate"": ""CHANCE"", ""payload"": ""CHANCE"" }, ""we_class_rec"": ""joint"", ""we_class_new"": ""joint"", ""changed"": false, ""affected"": ""W-E r"
roles/Ananke/research/workers/W-O/out/summary.txt,96,4781b0a1,4781b0a172b6dc3c,evolve,C,MAJ,0,,,,0,"te"": ""CHANCE"", ""payload"": ""CHANCE"" }, ""we_class_rec"": ""joint"", ""we_class_new"": ""joint"", ""changed"": false, ""affected"": ""W-E ret_census.specimens() class for D-wave cells with parent 4781b0a1"" } ] } all 733 {'FLIP': (90, 0.123, (0.095, 0.157), (0.076, 0.188)), 'NO-EFFECT': (28, 0.038, (0.024, 0.061), (0.012, 0.068)), 'CHANCE': (615, 0.839, (0.801, 0.871), (0.771, 0.896))} readable 495"
roles/Ananke/research/workers/W-P/LOG.md,6,369f5a5b,369f5a5b745eb592,evolve,B,RELAY,0,,,,0,"ants.py, W-M apply.py, W-N plants_rel.py header. Context contamination (brief-directed): read W-M/REPORT.md, the corrections register CORRECTIONS_2026-09-29_SWAP_AUDIT.md, W-O corrections_WI.csv (369f5a5b rows), W-I table_369f5a5b.csv / table_4781b0a1.csv and W-M census_*.json SINGLE blocks (per-offset fS/fC/fN) BEFORE writing PLAN.md. Did NOT read SYNTHESIS*, C1B_REVIEW*, PTE_ENGINE_CARD.md, AR"
roles/Ananke/research/workers/W-P/LOG.md,7,369f5a5b,369f5a5b745eb592,evolve,B,RELAY,0,,,,0,"lants_rel.py header. Context contamination (brief-directed): read W-M/REPORT.md, the corrections register CORRECTIONS_2026-09-29_SWAP_AUDIT.md, W-O corrections_WI.csv (369f5a5b rows), W-I table_369f5a5b.csv / table_4781b0a1.csv and W-M census_*.json SINGLE blocks (per-offset fS/fC/fN) BEFORE writing PLAN.md. Did NOT read SYNTHESIS*, C1B_REVIEW*, PTE_ENGINE_CARD.md, ARC3_PRIORITIES.md. A1 Decompi"
roles/Ananke/research/workers/W-P/LOG.md,7,4781b0a1,4781b0a172b6dc3c,evolve,C,MAJ,0,,champion,196,0,". Context contamination (brief-directed): read W-M/REPORT.md, the corrections register CORRECTIONS_2026-09-29_SWAP_AUDIT.md, W-O corrections_WI.csv (369f5a5b rows), W-I table_369f5a5b.csv / table_4781b0a1.csv and W-M census_*.json SINGLE blocks (per-offset fS/fC/fN) BEFORE writing PLAN.md. Did NOT read SYNTHESIS*, C1B_REVIEW*, PTE_ENGINE_CARD.md, ARC3_PRIORITIES.md. A1 Decompiled both champion gen"
roles/Ananke/research/workers/W-P/LOG.md,11,4781b0a1,4781b0a172b6dc3c,evolve,C,MAJ,0,,champion,84,0,"writing PLAN.md. Did NOT read SYNTHESIS*, C1B_REVIEW*, PTE_ENGINE_CARD.md, ARC3_PRIORITIES.md. A1 Decompiled both champion genomes (plants.regmap) before PLAN (specimen reading, no swap results). 4781b0a1 readout line 7: S0 := ADDI(IN0_1, imm -3 + Kp[7]); Kp written by WIMM (line 8 Kp[S0%16] := EMIT = MAX(S1,SENSE); line 15 Kp[0] := PAY1). sync, update_period 2, dest 'sample' with plastic w (w rou"
roles/Ananke/research/workers/W-P/LOG.md,13,369f5a5b,369f5a5b745eb592,evolve,B,RELAY,0,,,,0,"ut line 7: S0 := ADDI(IN0_1, imm -3 + Kp[7]); Kp written by WIMM (line 8 Kp[S0%16] := EMIT = MAX(S1,SENSE); line 15 Kp[0] := PAY1). sync, update_period 2, dest 'sample' with plastic w (w routes). 369f5a5b: 4 rules, async p=.8, dest 'all' (w never read by the physics -> inert component), rule 0 has S1 := MAX(IN1_0, SENSE+S1), S0 := 4*(Kp[7]-25) + S1, r := CNT0 mod 4 (SETRULE). Fabric lease status"
roles/Ananke/research/workers/W-P/LOG.md,22,369f5a5b,369f5a5b745eb592,evolve,B,RELAY,0,,champion,66,0,"-MUX), test_ana.py (6 synthetic classifier tests: AND, OR, MUX, XOR3 -> HIGHER, DICT, AND-not-MUX; 6 passed). A3 timing.py on both champions (namespace 0x7777, outputs discarded, only wall time): 369f5a5b 28 s, 4781b0a1 50 s per 32 subsets x 2 offsets x 256 worlds at 2 threads. A4 run_ka.py (plants, seeds 0x611 x64, HOLD gap 8, offsets 3..8, trials 1..7): C1 bit-identity vs lens_swap True x4 on all"
roles/Ananke/research/workers/W-P/LOG.md,22,4781b0a1,4781b0a172b6dc3c,evolve,C,MAJ,0,,champion,81,0,".py (6 synthetic classifier tests: AND, OR, MUX, XOR3 -> HIGHER, DICT, AND-not-MUX; 6 passed). A3 timing.py on both champions (namespace 0x7777, outputs discarded, only wall time): 369f5a5b 28 s, 4781b0a1 50 s per 32 subsets x 2 offsets x 256 worlds at 2 threads. A4 run_ka.py (plants, seeds 0x611 x64, HOLD gap 8, offsets 3..8, trials 1..7): C1 bit-identity vs lens_swap True x4 on all four plants. ma"
roles/Ananke/research/workers/W-P/LOG.md,34,369f5a5b,369f5a5b745eb592,evolve,B,RELAY,0,,champion,35,0,"eck is therefore load-bearing for the champions' half-cube runs. A5 Fabric lease lse-feb3419a6fe6 (skullport:cpu8, --as Ananke) ACQUIRED 10:02Z, ttl 1 h. C1 on champions (trial 5, o6, 32 worlds): 369f5a5b and 4781b0a1 True x4. First launch attempt garbled by shell line continuation (no process started); relaunched via launch.sh: 4 procs x 2 threads (369 trials 1-11; 4781 1-4, 5-8, 9-11 + verify k6"
roles/Ananke/research/workers/W-P/LOG.md,34,4781b0a1,4781b0a172b6dc3c,evolve,C,MAJ,0,,champion,48,0,"ore load-bearing for the champions' half-cube runs. A5 Fabric lease lse-feb3419a6fe6 (skullport:cpu8, --as Ananke) ACQUIRED 10:02Z, ttl 1 h. C1 on champions (trial 5, o6, 32 worlds): 369f5a5b and 4781b0a1 True x4. First launch attempt garbled by shell line continuation (no process started); relaunched via launch.sh: 4 procs x 2 threads (369 trials 1-11; 4781 1-4, 5-8, 9-11 + verify k6). A6 10:15Z"
roles/Ananke/research/workers/W-P/LOG.md,47,369f5a5b,369f5a5b745eb592,evolve,B,RELAY,0,,,,0,"partly under the A6 oversubscription); 11 trials x 2 cells would exceed the 3 h cap. Killed all 4 procs (after trial-1 files for 369 k1, 4781 k1/k5/k9 were written, complete). Trial sets reduced: 369f5a5b {1,2,3,4,5}, 4781b0a1 {1,2,5,6,9,10}. DEVIATION D2: verification slice (C2/C3) offsets reduced to {-1,1,5,10,14} (trial 6). Relaunched via launch2.sh (4 procs x 2 threads). A8 10:22Z lease renewe"
roles/Ananke/research/workers/W-P/LOG.md,47,4781b0a1,4781b0a172b6dc3c,evolve,C,MAJ,0,,,,0,"ersubscription); 11 trials x 2 cells would exceed the 3 h cap. Killed all 4 procs (after trial-1 files for 369 k1, 4781 k1/k5/k9 were written, complete). Trial sets reduced: 369f5a5b {1,2,3,4,5}, 4781b0a1 {1,2,5,6,9,10}. DEVIATION D2: verification slice (C2/C3) offsets reduced to {-1,1,5,10,14} (trial 6). Relaunched via launch2.sh (4 procs x 2 threads). A8 10:22Z lease renewed (ttl 5400 s). 10:41Z"
roles/Ananke/research/workers/W-P/LOG.md,50,369f5a5b,369f5a5b745eb592,evolve,B,RELAY,0,,,,0,"DEVIATION D2: verification slice (C2/C3) offsets reduced to {-1,1,5,10,14} (trial 6). Relaunched via launch2.sh (4 procs x 2 threads). A8 10:22Z lease renewed (ttl 5400 s). 10:41Z main runs done: 369f5a5b trials 1-5, 4781b0a1 trials 1,2,5,6,9,10 (~530-600 s per trial per proc). analyze.py -> out/summary_*.json, out/analyze_*.txt, out/recs_*.pkl. Added (reporting only, not decision rules) the per"
roles/Ananke/research/workers/W-P/LOG.md,50,4781b0a1,4781b0a172b6dc3c,evolve,C,MAJ,0,,,,0,"ication slice (C2/C3) offsets reduced to {-1,1,5,10,14} (trial 6). Relaunched via launch2.sh (4 procs x 2 threads). A8 10:22Z lease renewed (ttl 5400 s). 10:41Z main runs done: 369f5a5b trials 1-5, 4781b0a1 trials 1,2,5,6,9,10 (~530-600 s per trial per proc). analyze.py -> out/summary_*.json, out/analyze_*.txt, out/recs_*.pkl. Added (reporting only, not decision rules) the per-(R, truth table) mod"
roles/Ananke/research/workers/W-P/LOG.md,56,4781b0a1,4781b0a172b6dc3c,evolve,C,MAJ,0,,,,0,"lit; posthoc.py (monotonicity, |R| sizes, minimal decisive set inside site-only) -> out/posthoc_*.json. A9 10:43Z stage 2 launched (launch3.sh; offsets chosen by PLAN s6 rule from stage-1 census: 4781b0a1 max-fN o6, earliest o1, latest o15 (modal md {inbox,Msum}); 369f5a5b max-fN o9, earliest o1, latest fN>=.20 o13), restricted to stage-1 N pair-trials. Verify slices (C2/C3) still running (2 procs"
roles/Ananke/research/workers/W-P/LOG.md,56,369f5a5b,369f5a5b745eb592,evolve,B,RELAY,0,,,,0,"de site-only) -> out/posthoc_*.json. A9 10:43Z stage 2 launched (launch3.sh; offsets chosen by PLAN s6 rule from stage-1 census: 4781b0a1 max-fN o6, earliest o1, latest o15 (modal md {inbox,Msum}); 369f5a5b max-fN o9, earliest o1, latest fN>=.20 o13), restricted to stage-1 N pair-trials. Verify slices (C2/C3) still running (2 procs); stage 2 adds 2 procs -> 8 threads. A10 10:46Z verify slices (trial"
roles/Ananke/research/workers/W-P/LOG.md,59,4781b0a1,4781b0a172b6dc3c,evolve,C,MAJ,0,,,,0,"rliest o1, latest fN>=.20 o13), restricted to stage-1 N pair-trials. Verify slices (C2/C3) still running (2 procs); stage 2 adds 2 procs -> 8 threads. A10 10:46Z verify slices (trial 6, full cube): 4781b0a1 identity 1.000 at o1/5/10/14, .265 at o-1 (must-fail); 369f5a5b (incl. w) 1.000 at o1/5/10/14, .602 at o-1; w in R for 0 pair-trials (C3); direct (no-identity) decisive set found for every eligib"
roles/Ananke/research/workers/W-P/LOG.md,60,369f5a5b,369f5a5b745eb592,evolve,B,RELAY,0,,,,0,"s. Verify slices (C2/C3) still running (2 procs); stage 2 adds 2 procs -> 8 threads. A10 10:46Z verify slices (trial 6, full cube): 4781b0a1 identity 1.000 at o1/5/10/14, .265 at o-1 (must-fail); 369f5a5b (incl. w) 1.000 at o1/5/10/14, .602 at o-1; w in R for 0 pair-trials (C3); direct (no-identity) decisive set found for every eligible pair at o >= 1. out/verify_*.json. A11 10:49Z stage 2 done (o"
roles/Ananke/research/workers/W-P/LOG.md,67,4781b0a1,4781b0a172b6dc3c,evolve,C,MAJ,0,,held,14,0,"ease status` -> []. git status: nothing modified outside W-P. A12 Prediction outcomes (frozen PLAN s5): P1 held (identity 1.000 at o >= 1 both cells). P2 FAILED: Kp is in R for 0 N pair-trials of 4781b0a1; JOINT-2 held but with {S, Msum} (stage 2: S1 x Msum payload 1) at o1-9 and {inbox, Msum} (Acc_sum x Msum_p1) at o14-15; polarity RECTIFIED(-) at o1-5, (+) only at o12-15. P3 partly held: S and M"
roles/Ananke/research/workers/W-P/LOG.md,73,4781b0a1,4781b0a172b6dc3c,evolve,C,MAJ,0,,held,94,0,"ER o1-8, MIXED o9-10, JOINT-2(S,Msum) o11-14; RECTIFIED(+) only at o10-12, o14 (PAIR-SPECIFIC o1-9). P4 held. GATED never met the rule (MUX share <= .16 anywhere). Post-hoc (not a frozen rule): 4781b0a1 N is concentrated in one sync phase (swap-tick parity, update_period 2): e.g. o14 even tick C 1.00 / odd tick N .70."
roles/Ananke/research/workers/W-P/PLAN.md,3,369f5a5b,369f5a5b745eb592,evolve,B,RELAY,0,,champion,29,0,"# W-P PLAN (E-ANANKE-W-P, T-INS-8, MWO-0002) -- FROZEN before any champion swap run Question. 369f5a5b (RELAY) and 4781b0a1 (MAJ) have a large N (""neither"") fraction under the site/channel swap (W-M SINGLE census). Name the interaction behind N. ## 0 Algebra (why a truth table answers it) Mirror part"
roles/Ananke/research/workers/W-P/PLAN.md,3,4781b0a1,4781b0a172b6dc3c,evolve,C,MAJ,0,,champion,50,0,"# W-P PLAN (E-ANANKE-W-P, T-INS-8, MWO-0002) -- FROZEN before any champion swap run Question. 369f5a5b (RELAY) and 4781b0a1 (MAJ) have a large N (""neither"") fraction under the site/channel swap (W-M SINGLE census). Name the interaction behind N. ## 0 Algebra (why a truth table answers it) Mirror partners A, B share every"
roles/Ananke/research/workers/W-P/PLAN.md,40,369f5a5b,369f5a5b745eb592,evolve,B,RELAY,0,,champion,195,0,"oth champions and a plant before use. SINGLE-trial semantics (only trial k swapped). Worlds: assays.world_seeds(0x610, 256) = 128 mirror pairs; trials 1..11; offsets 1..15. Coarse components (brief): 369f5a5b: S, inbox (Acc_sum+Acc_cnt), Kp, r, Msum, Mcnt (w dropped from the main run: dest_mode 'all' never reads w; kept in a verification slice, s3). E dropped for both (economy off: E constant = e_max). 47"
roles/Ananke/research/workers/W-P/PLAN.md,42,4781b0a1,4781b0a172b6dc3c,evolve,C,MAJ,0,,champion,172,0,"5b: S, inbox (Acc_sum+Acc_cnt), Kp, r, Msum, Mcnt (w dropped from the main run: dest_mode 'all' never reads w; kept in a verification slice, s3). E dropped for both (economy off: E constant = e_max). 4781b0a1: S, inbox, Kp, w (dest 'sample': w routes), Msum, Mcnt. CIs: 99% pair bootstrap (resample the 128 pairs, pool their trials), 2000 draws. ## 2 Decision rules (per champion x offset; frozen) Base = el"
roles/Ananke/research/workers/W-P/PLAN.md,64,369f5a5b,369f5a5b745eb592,evolve,B,RELAY,0,,champion,57,0,"el_all, joint SINGLE arms) on each champion (1 trial, 1 offset, 32 worlds) and on the KA plants. C2 identity: on one verification slice per champion (trial 6, all offsets, FULL cube incl. w for 369f5a5b) b(z) = a(~z) for >= .99 of (pair, z) at o >= 1. Must-fail: o = -1 (a cue tick still arrives after the swap) gives < .99. C3 w inert in 369f5a5b: w in R for 0 pair-trials in the verification slice"
roles/Ananke/research/workers/W-P/PLAN.md,66,369f5a5b,369f5a5b745eb592,evolve,B,RELAY,0,,,,0,"ion (trial 6, all offsets, FULL cube incl. w for 369f5a5b) b(z) = a(~z) for >= .99 of (pair, z) at o >= 1. Must-fail: o = -1 (a cue tick still arrives after the swap) gives < .99. C3 w inert in 369f5a5b: w in R for 0 pair-trials in the verification slice (exact). ## 4 Known answers (plants on c1b_echo_physics, HOLD cue 2 gap 8, swap offsets 3..8) KA-AND max_plant: sensor latches cue sign in S1; ec"
roles/Ananke/research/workers/W-P/PLAN.md,84,4781b0a1,4781b0a172b6dc3c,evolve,C,MAJ,0,,,,0,"a synthetic AND table JOINT-2 (unit tests of the classifier). ## 5 Predictions (from specimen decompilation, before any swap result) P1 identity >= .99 at o >= 1 on both verification slices (C2). P2 4781b0a1 readout line S0 := IN0_1 - 3 + Kp[7]; Kp written with EMIT = MAX(S1, SENSE) (>= 0 at the actuator). Predict JOINT-2({Kp} x {Msum or inbox}) at the majority of offsets with base >= 20, RECTIFIED"
roles/Ananke/research/workers/W-P/PLAN.md,87,369f5a5b,369f5a5b745eb592,evolve,B,RELAY,0,,,,0,"line S0 := IN0_1 - 3 + Kp[7]; Kp written with EMIT = MAX(S1, SENSE) (>= 0 at the actuator). Predict JOINT-2({Kp} x {Msum or inbox}) at the majority of offsets with base >= 20, RECTIFIED(+). P3 369f5a5b: S1 := MAX(IN1_0, SENSE + S1), S0 := 4(Kp[7] - 25) + S1, r := CNT0 mod 4. Predict the modal R contains S and Msum; r in R for >= .30 of N trials at >= 1 offset (a candidate gate); class less cl"
roles/Ananke/research/workers/W-P/PLAN.md,89,4781b0a1,4781b0a172b6dc3c,evolve,C,MAJ,0,,,,0,"AX(IN1_0, SENSE + S1), S0 := 4(Kp[7] - 25) + S1, r := CNT0 mod 4. Predict the modal R contains S and Msum; r in R for >= .30 of N trials at >= 1 offset (a candidate gate); class less clean than 4781b0a1 (MIXED or GATED allowed); RECTIFIED(+). P4 C3 holds (w never relevant). If a prediction fails it is reported as failed; thresholds are not moved. ## 6 Stage 2 (refinement; procedure frozen, parts"
roles/Ananke/research/workers/W-P/PLAN.md,97,369f5a5b,369f5a5b745eb592,evolve,B,RELAY,0,,,,0,"et, earliest and latest offsets with fN >= .20): split the components of the modal minimal decisive set into parts (S -> S0, S1; inbox -> Acc_sum, Acc_cnt; Kp -> Kp[7], Kp[rest]; Msum -> per channel (369f5a5b) or per payload (4781b0a1); Mcnt kept whole), lump every other coarse component into one ""rest"" part, <= 6 parts, full truth table, same rules. Reports the refined minimal decisive set. ## 7 Budget"
roles/Ananke/research/workers/W-P/PLAN.md,98,4781b0a1,4781b0a172b6dc3c,evolve,C,MAJ,0,,,,0,"fsets with fN >= .20): split the components of the modal minimal decisive set into parts (S -> S0, S1; inbox -> Acc_sum, Acc_cnt; Kp -> Kp[7], Kp[rest]; Msum -> per channel (369f5a5b) or per payload (4781b0a1); Mcnt kept whole), lump every other coarse component into one ""rest"" part, <= 6 parts, full truth table, same rules. Reports the refined minimal decisive set. ## 7 Budget CPU only, torch threads 2"
roles/Ananke/research/workers/W-P/REPORT.md,3,369f5a5b,369f5a5b745eb592,evolve,B,RELAY,0,,champion,110,0,"56d1a56a4695d7d; delimited; see REPORT.provenance.json --> W-P REPORT: T-INS-8 (successor of T-INS-6, thr-8c7342a7d513), E-ANANKE-W-P, MWO-0002 What interaction produces the N (""neither"") fraction in 369f5a5b (RELAY) and 4781b0a1 (MAJ)? WHAT I TESTED 1. The algebra (PLAN.md s0, frozen before any run on the champions) - After the cue (o >= 1), the readout depends only on the state at the swap tick."
roles/Ananke/research/workers/W-P/REPORT.md,3,4781b0a1,4781b0a172b6dc3c,evolve,C,MAJ,0,,champion,89,0,"mited; see REPORT.provenance.json --> W-P REPORT: T-INS-8 (successor of T-INS-6, thr-8c7342a7d513), E-ANANKE-W-P, MWO-0002 What interaction produces the N (""neither"") fraction in 369f5a5b (RELAY) and 4781b0a1 (MAJ)? WHAT I TESTED 1. The algebra (PLAN.md s0, frozen before any run on the champions) - After the cue (o >= 1), the readout depends only on the state at the swap tick. - I split that state"
roles/Ananke/research/workers/W-P/REPORT.md,26,369f5a5b,369f5a5b745eb592,evolve,B,RELAY,0,,champion,199,0,"champions and all 4 plants (C1: True x4 everywhere). - Worlds: assays.world_seeds(0x610, 256) = 128 mirror pairs; offsets 1..15; 99% pair-bootstrap CIs (2000 draws). - Coarse sub-arrays: - 369f5a5b: S, inbox (Acc_sum + Acc_cnt), Kp, r, Msum, Mcnt. w was left out of the main run because dest_mode 'all' never reads it; it is kept in the verification slice. - 4781b0a1: S, inbox, Kp, w, Msum,"
roles/Ananke/research/workers/W-P/REPORT.md,27,4781b0a1,4781b0a172b6dc3c,evolve,C,MAJ,0,,,,0,"oarse sub-arrays: - 369f5a5b: S, inbox (Acc_sum + Acc_cnt), Kp, r, Msum, Mcnt. w was left out of the main run because dest_mode 'all' never reads it; it is kept in the verification slice. - 4781b0a1: S, inbox, Kp, w, Msum, Mcnt. - E was dropped for both, because the economy is off. - Stage 2 (frozen procedure) refined the modal minimal decisive set into parts, at 3 offsets per cell. It c"
roles/Ananke/research/workers/W-P/REPORT.md,32,369f5a5b,369f5a5b745eb592,evolve,B,RELAY,0,,,,0,"decisive set into parts, at 3 offsets per cell. It covered only the stage-1 N pair-trials. 3. Deviations, made on wall-time grounds before any result was inspected - D1: trials cut from 1..11 to 369f5a5b {1..5} and 4781b0a1 {1,2,5,6,9,10}. This is still 245-495 eligible pair-trials per offset. - D2: the verification slice used offsets {-1,1,5,10,14} only. RESULTS (fractions of N pair-trials unles"
roles/Ananke/research/workers/W-P/REPORT.md,32,4781b0a1,4781b0a172b6dc3c,evolve,C,MAJ,0,,,,0,"arts, at 3 offsets per cell. It covered only the stage-1 N pair-trials. 3. Deviations, made on wall-time grounds before any result was inspected - D1: trials cut from 1..11 to 369f5a5b {1..5} and 4781b0a1 {1,2,5,6,9,10}. This is still 245-495 eligible pair-trials per offset. - D2: the verification slice used offsets {-1,1,5,10,14} only. RESULTS (fractions of N pair-trials unless stated; [99% CI])"
roles/Ananke/research/workers/W-P/REPORT.md,39,4781b0a1,4781b0a172b6dc3c,evolve,C,MAJ,0,,,,0,"offsets {-1,1,5,10,14} only. RESULTS (fractions of N pair-trials unless stated; [99% CI]) The classes below come from the frozen rules; mechanism readings added afterwards are labelled ""post-hoc"". 4781b0a1 (MAJ): N is a clean two-carrier AND/OR. | Offset | fN [99% CI] | Frozen class | JOINT-2 share [CI] | Polarity (share with d = +) | |---|---|---|---|---| | o1 | .27 [.21,.33] | JOINT-2(S, Msum) | .95"
roles/Ananke/research/workers/W-P/REPORT.md,66,4781b0a1,4781b0a172b6dc3c,evolve,C,MAJ,0,,,,0,"o6: {S1, payload 1 of Msum}, 91% of N. - o15: {Acc_sum, payload 1 of Msum}, 100% of N. - S0, payload 0 of Msum, and Acc_cnt are never relevant. Kp and w are never in R at any offset. - Post-hoc: 4781b0a1 updates on every second tick (sync, update_period 2), and N is concentrated in one phase of that clock. - The swap tick's parity is set by t0 + o. The period is 19 (odd), so trials alternate phase."
roles/Ananke/research/workers/W-P/REPORT.md,78,369f5a5b,369f5a5b745eb592,evolve,B,RELAY,0,,,,0,"by tick): - S1 := 256 * (S1 + SENSE > CNT0) is a one-sided latch holding 0 or 256. - PAY1 := MAX(IN0_1, SENSE) is also rectified. - These fit ""+ needs both carriers"", i.e. RECTIFIED(-) early. 369f5a5b (RELAY): N is not one interaction. It is higher-order early and a JOINT-2 of S1 with channel-1 packets late. | Offset | fN [99% CI] | Frozen class | JOINT-2 share [CI] | HIGHER share | Polarity (sha"
roles/Ananke/research/workers/W-P/REPORT.md,112,4781b0a1,4781b0a172b6dc3c,evolve,C,MAJ,0,,,,0,"dominant answer is + (RECTIFIED(+) at o10-12 and o14). - GATED (MUX) never met its rule: MUX is at most 16% of N at any offset, in either cell. Verdict on the question - ""Joint carrier"" is right for 4781b0a1 at every offset and for 369f5a5b late (o11-14). The joint pair is the site latch S1 with the in-flight payload that feeds it. - The ""register that makes both chimeras answer the same"" hypothesis gets"
roles/Ananke/research/workers/W-P/REPORT.md,112,369f5a5b,369f5a5b745eb592,evolve,B,RELAY,0,,,,0,") at o10-12 and o14). - GATED (MUX) never met its rule: MUX is at most 16% of N at any offset, in either cell. Verdict on the question - ""Joint carrier"" is right for 4781b0a1 at every offset and for 369f5a5b late (o11-14). The joint pair is the site latch S1 with the in-flight payload that feeds it. - The ""register that makes both chimeras answer the same"" hypothesis gets no support as a state gate: MUX"
roles/Ananke/research/workers/W-P/REPORT.md,114,4781b0a1,4781b0a172b6dc3c,evolve,C,MAJ,0,,,,0,"answer the same"" hypothesis gets no support as a state gate: MUX is at most 16% of N, and the frozen rule never classified any offset GATED. - Post-hoc, the shared update clock does play that role in 4781b0a1: its phase decides whether a pair-trial reads C, S or N. - 369f5a5b's early N is higher-order and involves Kp, r and Mcnt. My data do not reduce it to a single named interaction. KNOWN-ANSWER CHECKS"
roles/Ananke/research/workers/W-P/REPORT.md,115,369f5a5b,369f5a5b745eb592,evolve,B,RELAY,0,,,,0,"at most 16% of N, and the frozen rule never classified any offset GATED. - Post-hoc, the shared update clock does play that role in 4781b0a1: its phase decides whether a pair-trial reads C, S or N. - 369f5a5b's early N is higher-order and involves Kp, r and Mcnt. My data do not reduce it to a single named interaction. KNOWN-ANSWER CHECKS (plants in W-P/plants_joint.py; c1b_echo_physics, HOLD gap 8, offse"
roles/Ananke/research/workers/W-P/REPORT.md,126,4781b0a1,4781b0a172b6dc3c,evolve,C,MAJ,0,,champion,82,0,"AND/OR; MUX reads MUX; DICT reads DICT | XOR of 3 reads HIGHER; AND is not read as MUX or OR | | C2 identity on the champions (trial 6, full cube) | 1.000 at o1/5/10/14 in both cells | o = -1: .265 (4781b0a1) and .602 (369f5a5b) | | C3 w inert in 369f5a5b | w in R for 0 pair-trials | — | - Found along the way (LOG A4): the half-cube shortcut on the Msum-omitted list reads a spurious fS = 1.00. The short"
roles/Ananke/research/workers/W-P/REPORT.md,126,369f5a5b,369f5a5b745eb592,evolve,B,RELAY,0,,champion,102,0,"UX; DICT reads DICT | XOR of 3 reads HIGHER; AND is not read as MUX or OR | | C2 identity on the champions (trial 6, full cube) | 1.000 at o1/5/10/14 in both cells | o = -1: .265 (4781b0a1) and .602 (369f5a5b) | | C3 w inert in 369f5a5b | w in R for 0 pair-trials | — | - Found along the way (LOG A4): the half-cube shortcut on the Msum-omitted list reads a spurious fS = 1.00. The shortcut assumes identity"
roles/Ananke/research/workers/W-P/REPORT.md,127,369f5a5b,369f5a5b745eb592,evolve,B,RELAY,0,,champion,130,0,"3 reads HIGHER; AND is not read as MUX or OR | | C2 identity on the champions (trial 6, full cube) | 1.000 at o1/5/10/14 in both cells | o = -1: .265 (4781b0a1) and .602 (369f5a5b) | | C3 w inert in 369f5a5b | w in R for 0 pair-trials | — | - Found along the way (LOG A4): the half-cube shortcut on the Msum-omitted list reads a spurious fS = 1.00. The shortcut assumes identity, so the C2 identity check i"
roles/Ananke/research/workers/W-P/REPORT.md,135,4781b0a1,4781b0a172b6dc3c,evolve,C,MAJ,0,,held,151,0,"-cube result. - In the C2 slices, a decisive set was found directly (no identity assumption) for every eligible pair at o >= 1. DISAGREEMENTS 1. With my own predictions - P2 failed. Kp[7] enters 4781b0a1's readout line (S0 := IN0_1 - 3 + Kp[7]), but Kp is never in R. The site carrier is S1. - The polarity is RECTIFIED(-) early, not (+). - P3 held only partly. 2. With W-M - Agreement: the ce"
roles/Ananke/research/workers/W-P/REPORT.md,140,4781b0a1,4781b0a172b6dc3c,evolve,C,MAJ,0,,held,103,0,"is never in R. The site carrier is S1. - The polarity is RECTIFIED(-) early, not (+). - P3 held only partly. 2. With W-M - Agreement: the census numbers match W-M's within CIs. For example, 4781b0a1 o6 fN .54 vs W-M's .55; o12-13 fC .84/.86 vs .87. - W-M: ""369f5a5b 'J' is not joint carriage in a clean sense"". I agree for o1-8 (HIGHER, non-monotone, involving Kp/r/Mcnt). It is clean joint carr"
roles/Ananke/research/workers/W-P/REPORT.md,141,369f5a5b,369f5a5b745eb592,evolve,B,RELAY,0,,held,173,0,"-) early, not (+). - P3 held only partly. 2. With W-M - Agreement: the census numbers match W-M's within CIs. For example, 4781b0a1 o6 fN .54 vs W-M's .55; o12-13 fC .84/.86 vs .87. - W-M: ""369f5a5b 'J' is not joint carriage in a clean sense"". I agree for o1-8 (HIGHER, non-monotone, involving Kp/r/Mcnt). It is clean joint carriage at o11-14: JOINT-2(S1, channel-1 packets) in 62-79% of N. - W-"
roles/Ananke/research/workers/W-P/REPORT.md,142,4781b0a1,4781b0a172b6dc3c,evolve,C,MAJ,0,,,,0,"sense"". I agree for o1-8 (HIGHER, non-monotone, involving Kp/r/Mcnt). It is clean joint carriage at o11-14: JOINT-2(S1, channel-1 packets) in 62-79% of N. - W-M's per-offset ""UNRESOLVED"" blends in 4781b0a1 are partly a pooling of the two update-clock phases, which it did not separate. 3. With the corrections register (W-O corrections_WI.csv) - It re-letters 4781b0a1 o14 J->C, o15 J->S and o11 M->C,"
roles/Ananke/research/workers/W-P/REPORT.md,145,4781b0a1,4781b0a172b6dc3c,evolve,C,MAJ,0,,,,0,"er-offset ""UNRESOLVED"" blends in 4781b0a1 are partly a pooling of the two update-clock phases, which it did not separate. 3. With the corrections register (W-O corrections_WI.csv) - It re-letters 4781b0a1 o14 J->C, o15 J->S and o11 M->C, and 369f5a5b o2 J->S and o14 J->S. - Pooled over pair-trials, the dominant pattern supports those letters: 4781b0a1 o14 fC .56, o15 fS .60; 369f5a5b o14 fS .80."
roles/Ananke/research/workers/W-P/REPORT.md,145,369f5a5b,369f5a5b745eb592,evolve,B,RELAY,0,,,,0,"partly a pooling of the two update-clock phases, which it did not separate. 3. With the corrections register (W-O corrections_WI.csv) - It re-letters 4781b0a1 o14 J->C, o15 J->S and o11 M->C, and 369f5a5b o2 J->S and o14 J->S. - Pooled over pair-trials, the dominant pattern supports those letters: 4781b0a1 o14 fC .56, o15 fS .60; 369f5a5b o14 fS .80. - But N stays at .35 / .32 at 4781b0a1 o14/o1"
roles/Ananke/research/workers/W-P/REPORT.md,146,4781b0a1,4781b0a172b6dc3c,evolve,C,MAJ,0,,,,0,"ter (W-O corrections_WI.csv) - It re-letters 4781b0a1 o14 J->C, o15 J->S and o11 M->C, and 369f5a5b o2 J->S and o14 J->S. - Pooled over pair-trials, the dominant pattern supports those letters: 4781b0a1 o14 fC .56, o15 fS .60; 369f5a5b o14 fS .80. - But N stays at .35 / .32 at 4781b0a1 o14/o15. There it is a 100% JOINT-2(inbox, Msum), and it is .64-.70 inside one clock phase. The C/S letters hide"
roles/Ananke/research/workers/W-P/REPORT.md,146,369f5a5b,369f5a5b745eb592,evolve,B,RELAY,0,,,,0,"It re-letters 4781b0a1 o14 J->C, o15 J->S and o11 M->C, and 369f5a5b o2 J->S and o14 J->S. - Pooled over pair-trials, the dominant pattern supports those letters: 4781b0a1 o14 fC .56, o15 fS .60; 369f5a5b o14 fS .80. - But N stays at .35 / .32 at 4781b0a1 o14/o15. There it is a 100% JOINT-2(inbox, Msum), and it is .64-.70 inside one clock phase. The C/S letters hide a clean joint carrier in about a"
roles/Ananke/research/workers/W-P/REPORT.md,147,4781b0a1,4781b0a172b6dc3c,evolve,C,MAJ,0,,,,0,"C, and 369f5a5b o2 J->S and o14 J->S. - Pooled over pair-trials, the dominant pattern supports those letters: 4781b0a1 o14 fC .56, o15 fS .60; 369f5a5b o14 fS .80. - But N stays at .35 / .32 at 4781b0a1 o14/o15. There it is a 100% JOINT-2(inbox, Msum), and it is .64-.70 inside one clock phase. The C/S letters hide a clean joint carrier in about a third of pair-trials. - 369f5a5b o2 is not SITE he"
roles/Ananke/research/workers/W-P/REPORT.md,148,369f5a5b,369f5a5b745eb592,evolve,B,RELAY,0,,,,0,"s at .35 / .32 at 4781b0a1 o14/o15. There it is a 100% JOINT-2(inbox, Msum), and it is .64-.70 inside one clock phase. The C/S letters hide a clean joint carrier in about a third of pair-trials. - 369f5a5b o2 is not SITE here: fS .45, fN .33, HIGHER. 4. With W-I: W-I's sub_chance ""S+channel_content"" at 369f5a5b o3-14 names the right pair for o9-14, but it misses the Kp/r/Mcnt involvement at o1-8. LEA"
roles/Ananke/research/workers/W-P/REPORT.md,150,369f5a5b,369f5a5b745eb592,evolve,B,RELAY,0,,,,0,"ock phase. The C/S letters hide a clean joint carrier in about a third of pair-trials. - 369f5a5b o2 is not SITE here: fS .45, fN .33, HIGHER. 4. With W-I: W-I's sub_chance ""S+channel_content"" at 369f5a5b o3-14 names the right pair for o9-14, but it misses the Kp/r/Mcnt involvement at o1-8. LEASES - Fabric lse-feb3419a6fe6 on skullport:cpu8, taken --as Ananke at 10:02Z. Renewed at 10:22Z (ttl 5400 s)"
roles/Ananke/research/workers/W-P/REPORT.md,160,369f5a5b,369f5a5b745eb592,evolve,B,RELAY,0,,,,0,"AN.md, LOG.md (A0-A12) - Code: tt.py, ana.py, analyze.py, posthoc.py, stage2.py, run_champ.py, common.py, plants_joint.py, run_ka.py, ka_mustfail.py, test_ana.py, timing.py, launch*.sh - out/summary_{369f5a5b,4781b0a1}.json and analyze_*.txt: per-offset tables with CIs and parity splits - out/posthoc_*.json, out/recs_*.pkl - out/s2_*.json (stage 2) - out/verify_*.json (C2/C3) - out/C1_*.json - out/ka_plan"
roles/Ananke/research/workers/W-P/REPORT.md,160,4781b0a1,4781b0a172b6dc3c,evolve,C,MAJ,0,,,,0,"G.md (A0-A12) - Code: tt.py, ana.py, analyze.py, posthoc.py, stage2.py, run_champ.py, common.py, plants_joint.py, run_ka.py, ka_mustfail.py, test_ana.py, timing.py, launch*.sh - out/summary_{369f5a5b,4781b0a1}.json and analyze_*.txt: per-offset tables with CIs and parity splits - out/posthoc_*.json, out/recs_*.pkl - out/s2_*.json (stage 2) - out/verify_*.json (C2/C3) - out/C1_*.json - out/ka_plants.json,"
roles/Ananke/research/workers/W-P/REPORT.md,171,369f5a5b,369f5a5b745eb592,evolve,B,RELAY,0,,,,0,"uth tables: out/tt_<cell>_{main_k*,verify_k6}.npz - logs/*.log Proposed follow-ups - Stratify every carrier-swap census by update-clock phase when the physics is sync with update_period > 1. - Split 369f5a5b's early ""rest"" (Kp, r, Mcnt) in its own stage-2 run to name the non-monotone S1-Kp-r interaction. - Check tick by tick why Kp[7] is not mirror-different at 4781b0a1's readout."
roles/Ananke/research/workers/W-P/REPORT.md,172,4781b0a1,4781b0a172b6dc3c,evolve,C,MAJ,0,,,,0,"nc with update_period > 1. - Split 369f5a5b's early ""rest"" (Kp, r, Mcnt) in its own stage-2 run to name the non-monotone S1-Kp-r interaction. - Check tick by tick why Kp[7] is not mirror-different at 4781b0a1's readout."
roles/Ananke/research/workers/W-Q/LOG.md,79,3c3d996a,3c3d996aa4ea15c7,evolve,B,MAJ,0,,held,121,0,"IGIBLE): REL2 FLIP_REL 53/53, STRICT NOT_ELIGIBLE 53/53 (lo99 .552-.576). - P3 held (42/42; >=40 of 53 -> 53). P3's ""21 CHANCE_REL"" -> 22 (W-N gated NE -> CHANCE_REL). - Only REL2 NOT_ELIGIBLE: V0081 3c3d996a channel_count, ungated INDETERMINATE, lo99 .564 (< all p_min). ## A10 final pytest: 10 passed, RC=0 (out/pytest.txt). No W-Q python processes running (count 0). Lease status shows only lse-848b29b"
roles/Ananke/research/workers/W-Q/REPORT.md,74,3c3d996a,3c3d996aa4ea15c7,evolve,B,MAJ,0,,,,0,"- REL2 against W-N's gated verdicts: - Every eligible verdict is unchanged. - W-N's 81 NOT_ELIGIBLE become FLIP_REL 53, CHANCE_REL 22, INDETERMINATE 4, NO_EFFECT_REL 1 and NOT_ELIGIBLE 1 (V0081, 3c3d996a channel_count, lo .564). - REL2 against the absolute rule: - The 615 absolute CHANCE verdicts become FLIP_REL 95, NO_EFFECT_REL 54, CHANCE_REL 365, INDETERMINATE 100, NOT_ELIGIBLE 1. - FLIP_REL"
roles/Ananke/research/workers/W-Q/REPORT.md,84,26f9428b,26f9428bd464d37f,evolve,B,MAJ,0,,,,0,"cimens but only 20 specimen × source × offset groups. Arms of one group share the normal run and often have identical swap values, so they are not independent evidence. - By specimen and arm: - 26f9428b MAJ: channel_all mid and late, channel_count, joint. - 626aa72f MAJ: channel_all, channel_content, joint, pay0 (mid); site_all late. - 8e1caf6b MAJ: channel_all mid and late, joint (z -1.00);"
roles/Ananke/research/workers/W-Q/REPORT.md,85,626aa72f,626aa72f8ad384ff,evolve,B,MAJ,0,,,,0,"oup share the normal run and often have identical swap values, so they are not independent evidence. - By specimen and arm: - 26f9428b MAJ: channel_all mid and late, channel_count, joint. - 626aa72f MAJ: channel_all, channel_content, joint, pay0 (mid); site_all late. - 8e1caf6b MAJ: channel_all mid and late, joint (z -1.00); channel_content and pay3 (z -.64). - 8743da7f MAJ: channel_cont"
roles/Ananke/research/workers/W-Q/REPORT.md,86,8e1caf6b,8e1caf6bcc7897fb,evolve,B,MAJ,0,,,,0,"endent evidence. - By specimen and arm: - 26f9428b MAJ: channel_all mid and late, channel_count, joint. - 626aa72f MAJ: channel_all, channel_content, joint, pay0 (mid); site_all late. - 8e1caf6b MAJ: channel_all mid and late, joint (z -1.00); channel_content and pay3 (z -.64). - 8743da7f MAJ: channel_content, pay0 (z -.77). - c939c3c7 RELAY: joint mid, site_all mid and late. - e2"
roles/Ananke/research/workers/W-Q/REPORT.md,87,8743da7f,8743da7f1f62947d,evolve,D,MAJ,0,,,,0,"unt, joint. - 626aa72f MAJ: channel_all, channel_content, joint, pay0 (mid); site_all late. - 8e1caf6b MAJ: channel_all mid and late, joint (z -1.00); channel_content and pay3 (z -.64). - 8743da7f MAJ: channel_content, pay0 (z -.77). - c939c3c7 RELAY: joint mid, site_all mid and late. - e2334ea7 RELAY: joint mid. - 86fc0105 RELAY: joint (z -1.00); channel_all, channel_content, pay0"
roles/Ananke/research/workers/W-Q/REPORT.md,88,c939c3c7,c939c3c7271e65d2,evolve,A,RELAY,0,,,,0,"_content, joint, pay0 (mid); site_all late. - 8e1caf6b MAJ: channel_all mid and late, joint (z -1.00); channel_content and pay3 (z -.64). - 8743da7f MAJ: channel_content, pay0 (z -.77). - c939c3c7 RELAY: joint mid, site_all mid and late. - e2334ea7 RELAY: joint mid. - 86fc0105 RELAY: joint (z -1.00); channel_all, channel_content, pay0 (z -.66 to -.70). - 9bbe8637 RELAY: channel_all"
roles/Ananke/research/workers/W-Q/REPORT.md,89,e2334ea7,e2334ea74d8ec661,evolve,B,RELAY,0,,,,0,"6b MAJ: channel_all mid and late, joint (z -1.00); channel_content and pay3 (z -.64). - 8743da7f MAJ: channel_content, pay0 (z -.77). - c939c3c7 RELAY: joint mid, site_all mid and late. - e2334ea7 RELAY: joint mid. - 86fc0105 RELAY: joint (z -1.00); channel_all, channel_content, pay0 (z -.66 to -.70). - 9bbe8637 RELAY: channel_all mid and late, channel_content, pay0 (z -.68). - dcc"
roles/Ananke/research/workers/W-Q/REPORT.md,90,86fc0105,86fc01052c666646,evolve,A,RELAY,0,,,,0,"joint (z -1.00); channel_content and pay3 (z -.64). - 8743da7f MAJ: channel_content, pay0 (z -.77). - c939c3c7 RELAY: joint mid, site_all mid and late. - e2334ea7 RELAY: joint mid. - 86fc0105 RELAY: joint (z -1.00); channel_all, channel_content, pay0 (z -.66 to -.70). - 9bbe8637 RELAY: channel_all mid and late, channel_content, pay0 (z -.68). - dcc7afb7 RELAY: channel_all, channel"
roles/Ananke/research/workers/W-Q/REPORT.md,91,9bbe8637,9bbe86373465aaf9,evolve,B,RELAY,0,,,,0,"y0 (z -.77). - c939c3c7 RELAY: joint mid, site_all mid and late. - e2334ea7 RELAY: joint mid. - 86fc0105 RELAY: joint (z -1.00); channel_all, channel_content, pay0 (z -.66 to -.70). - 9bbe8637 RELAY: channel_all mid and late, channel_content, pay0 (z -.68). - dcc7afb7 RELAY: channel_all, channel_content, pay0 (z -.57/-.58). - 369f5a5b RELAY (W-I): S at o1 and o14 (z -.58/-.59)."
roles/Ananke/research/workers/W-Q/REPORT.md,92,dcc7afb7,dcc7afb706a846d6,evolve,B,RELAY,0,,,,0,"ea7 RELAY: joint mid. - 86fc0105 RELAY: joint (z -1.00); channel_all, channel_content, pay0 (z -.66 to -.70). - 9bbe8637 RELAY: channel_all mid and late, channel_content, pay0 (z -.68). - dcc7afb7 RELAY: channel_all, channel_content, pay0 (z -.57/-.58). - 369f5a5b RELAY (W-I): S at o1 and o14 (z -.58/-.59). - 42716814 RELAY (W-I): S o13, site_all o12 (z -.70/-.71). - HOLD 688b9f6f:"
roles/Ananke/research/workers/W-Q/REPORT.md,93,369f5a5b,369f5a5b745eb592,evolve,B,RELAY,0,,,,0,", channel_content, pay0 (z -.66 to -.70). - 9bbe8637 RELAY: channel_all mid and late, channel_content, pay0 (z -.68). - dcc7afb7 RELAY: channel_all, channel_content, pay0 (z -.57/-.58). - 369f5a5b RELAY (W-I): S at o1 and o14 (z -.58/-.59). - 42716814 RELAY (W-I): S o13, site_all o12 (z -.70/-.71). - HOLD 688b9f6f: joint mid, site_all mid and late. - HOLD faafa5b0: joint mid, site_"
roles/Ananke/research/workers/W-Q/REPORT.md,94,42716814,4271681452d29aee,evolve,C,RELAY,0,,,,0,"LAY: channel_all mid and late, channel_content, pay0 (z -.68). - dcc7afb7 RELAY: channel_all, channel_content, pay0 (z -.57/-.58). - 369f5a5b RELAY (W-I): S at o1 and o14 (z -.58/-.59). - 42716814 RELAY (W-I): S o13, site_all o12 (z -.70/-.71). - HOLD 688b9f6f: joint mid, site_all mid and late. - HOLD faafa5b0: joint mid, site_all mid and late. - HOLD 62c6fa31: site_all late. - C"
roles/Ananke/research/workers/W-Q/REPORT.md,95,688b9f6f,688b9f6f5ccfb225,evolve,B,HOLD,0,,,,0,"dcc7afb7 RELAY: channel_all, channel_content, pay0 (z -.57/-.58). - 369f5a5b RELAY (W-I): S at o1 and o14 (z -.58/-.59). - 42716814 RELAY (W-I): S o13, site_all o12 (z -.70/-.71). - HOLD 688b9f6f: joint mid, site_all mid and late. - HOLD faafa5b0: joint mid, site_all mid and late. - HOLD 62c6fa31: site_all late. - Completeness: z <= -.95 on 24; -.95 to -.75 on 2; -.75 to -.57 on 16."
roles/Ananke/research/workers/W-Q/REPORT.md,96,faafa5b0,faafa5b049e1d4b4,evolve,A,HOLD,0,,,,0,"-.57/-.58). - 369f5a5b RELAY (W-I): S at o1 and o14 (z -.58/-.59). - 42716814 RELAY (W-I): S o13, site_all o12 (z -.70/-.71). - HOLD 688b9f6f: joint mid, site_all mid and late. - HOLD faafa5b0: joint mid, site_all mid and late. - HOLD 62c6fa31: site_all late. - Completeness: z <= -.95 on 24; -.95 to -.75 on 2; -.75 to -.57 on 16. So 16 of the 42 are certified FLIP_REL (closer to 1 -"
roles/Ananke/research/workers/W-Q/REPORT.md,97,62c6fa31,62c6fa31078b1a9c,evolve,B,HOLD,0,,,,0,"(z -.58/-.59). - 42716814 RELAY (W-I): S o13, site_all o12 (z -.70/-.71). - HOLD 688b9f6f: joint mid, site_all mid and late. - HOLD faafa5b0: joint mid, site_all mid and late. - HOLD 62c6fa31: site_all late. - Completeness: z <= -.95 on 24; -.95 to -.75 on 2; -.75 to -.57 on 16. So 16 of the 42 are certified FLIP_REL (closer to 1 - normal than to .5) but not complete transfers. - THE 53"
roles/Ananke/research/workers/W-Q/REPORT.md,150,369f5a5b,369f5a5b745eb592,evolve,B,RELAY,0,,,,0,"gate; FLIP and NO_EFFECT reach 80% power at .57-.58. 3. With W-O (""42 … complete transfers, swap about 1 - normal""): only 24 of the 42 have z <= -.95; 16 are partial (z -.57 to -.77). - Examples: 369f5a5b S, dcc7afb7 channel arms, 86fc0105 channel/pay0, 9bbe8637, 8743da7f, 42716814. - FLIP_REL certifies z < -1/2, not z = -1. - The 42 are also 20 dependent groups, not 42 independent findings. 4."
roles/Ananke/research/workers/W-Q/REPORT.md,150,dcc7afb7,dcc7afb706a846d6,evolve,B,RELAY,0,,,,0,"and NO_EFFECT reach 80% power at .57-.58. 3. With W-O (""42 … complete transfers, swap about 1 - normal""): only 24 of the 42 have z <= -.95; 16 are partial (z -.57 to -.77). - Examples: 369f5a5b S, dcc7afb7 channel arms, 86fc0105 channel/pay0, 9bbe8637, 8743da7f, 42716814. - FLIP_REL certifies z < -1/2, not z = -1. - The 42 are also 20 dependent groups, not 42 independent findings. 4. With W-O's """
roles/Ananke/research/workers/W-Q/REPORT.md,150,86fc0105,86fc01052c666646,evolve,A,RELAY,0,,,,0,"power at .57-.58. 3. With W-O (""42 … complete transfers, swap about 1 - normal""): only 24 of the 42 have z <= -.95; 16 are partial (z -.57 to -.77). - Examples: 369f5a5b S, dcc7afb7 channel arms, 86fc0105 channel/pay0, 9bbe8637, 8743da7f, 42716814. - FLIP_REL certifies z < -1/2, not z = -1. - The 42 are also 20 dependent groups, not 42 independent findings. 4. With W-O's ""the absolute rule can n"
roles/Ananke/research/workers/W-Q/REPORT.md,150,9bbe8637,9bbe86373465aaf9,evolve,B,RELAY,0,,,,0,"ith W-O (""42 … complete transfers, swap about 1 - normal""): only 24 of the 42 have z <= -.95; 16 are partial (z -.57 to -.77). - Examples: 369f5a5b S, dcc7afb7 channel arms, 86fc0105 channel/pay0, 9bbe8637, 8743da7f, 42716814. - FLIP_REL certifies z < -1/2, not z = -1. - The 42 are also 20 dependent groups, not 42 independent findings. 4. With W-O's ""the absolute rule can never call these FLIP; W"
roles/Ananke/research/workers/W-Q/REPORT.md,150,8743da7f,8743da7f1f62947d,evolve,D,MAJ,0,,,,0,"42 … complete transfers, swap about 1 - normal""): only 24 of the 42 have z <= -.95; 16 are partial (z -.57 to -.77). - Examples: 369f5a5b S, dcc7afb7 channel arms, 86fc0105 channel/pay0, 9bbe8637, 8743da7f, 42716814. - FLIP_REL certifies z < -1/2, not z = -1. - The 42 are also 20 dependent groups, not 42 independent findings. 4. With W-O's ""the absolute rule can never call these FLIP; W-N's relat"
roles/Ananke/research/workers/W-Q/REPORT.md,150,42716814,4271681452d29aee,evolve,C,RELAY,0,,,,0,"ete transfers, swap about 1 - normal""): only 24 of the 42 have z <= -.95; 16 are partial (z -.57 to -.77). - Examples: 369f5a5b S, dcc7afb7 channel arms, 86fc0105 channel/pay0, 9bbe8637, 8743da7f, 42716814. - FLIP_REL certifies z < -1/2, not z = -1. - The 42 are also 20 dependent groups, not 42 independent findings. 4. With W-O's ""the absolute rule can never call these FLIP; W-N's relative rule i"
roles/Ananke/research/workers/W-R/LOG.md,8,369f5a5b,369f5a5b745eb592,evolve,B,RELAY,0,,,,0,"S*/C1B_REVIEW*/PTE_ENGINE_CARD/ARC3_PRIORITIES or the corrections register before PLAN. A1 12:20Z probe_physics.py -> out/physics.json: 8/9 specs sync update_period 2 (update_p .5 unused in sync); 369f5a5b async (p .8). Pd: 11 / 19 odd for the cells, 12 (E1) / 16 (E2) even. fabric lease status: []. A2 12:35Z PLAN.md frozen (before any census). Code: fork.py (forked SINGLE runner + phase bookkeeping +"
roles/Ananke/research/workers/W-R/LOG.md,13,4781b0a1,4781b0a172b6dc3c,evolve,C,MAJ,0,,,,0,"tside W-R. A3 12:40Z lease lse-be98c3489db7 ACQUIRED (skullport:cpu8, exp 13:23Z). KA-F PLANT2: identical 52/52 arms; must-fail late=1: 1 arm (o0 chan) mismatched -> not identical (PASS). Launch KA-F 4781b0a1 + 369f5a5b (2 procs x 2 threads). A4 12:47Z pytest test_fork.py 6 passed RC=0 (logs/pytest.log). KA-F late=0: 369f5a5b identical 64/64, 4781b0a1 identical 64/64 (+normal). Launch stratify PLANT2 (M=2"
roles/Ananke/research/workers/W-R/LOG.md,13,369f5a5b,369f5a5b745eb592,evolve,B,RELAY,0,,,,0,"A3 12:40Z lease lse-be98c3489db7 ACQUIRED (skullport:cpu8, exp 13:23Z). KA-F PLANT2: identical 52/52 arms; must-fail late=1: 1 arm (o0 chan) mismatched -> not identical (PASS). Launch KA-F 4781b0a1 + 369f5a5b (2 procs x 2 threads). A4 12:47Z pytest test_fork.py 6 passed RC=0 (logs/pytest.log). KA-F late=0: 369f5a5b identical 64/64, 4781b0a1 identical 64/64 (+normal). Launch stratify PLANT2 (M=256). A5 12:"
roles/Ananke/research/workers/W-R/LOG.md,14,369f5a5b,369f5a5b745eb592,evolve,B,RELAY,0,,,,0,"ust-fail late=1: 1 arm (o0 chan) mismatched -> not identical (PASS). Launch KA-F 4781b0a1 + 369f5a5b (2 procs x 2 threads). A4 12:47Z pytest test_fork.py 6 passed RC=0 (logs/pytest.log). KA-F late=0: 369f5a5b identical 64/64, 4781b0a1 identical 64/64 (+normal). Launch stratify PLANT2 (M=256). A5 12:58Z KA-F must-fail late=1: 369f5a5b 4 arms mismatched (o0), 4781b0a1 pending; PLANT2 M=256 done (122 s): per"
roles/Ananke/research/workers/W-R/LOG.md,14,4781b0a1,4781b0a172b6dc3c,evolve,C,MAJ,0,,,,0,"chan) mismatched -> not identical (PASS). Launch KA-F 4781b0a1 + 369f5a5b (2 procs x 2 threads). A4 12:47Z pytest test_fork.py 6 passed RC=0 (logs/pytest.log). KA-F late=0: 369f5a5b identical 64/64, 4781b0a1 identical 64/64 (+normal). Launch stratify PLANT2 (M=256). A5 12:58Z KA-F must-fail late=1: 369f5a5b 4 arms mismatched (o0), 4781b0a1 pending; PLANT2 M=256 done (122 s): per-phase classes match the P"
roles/Ananke/research/workers/W-R/LOG.md,15,369f5a5b,369f5a5b745eb592,evolve,B,RELAY,0,,,,0,"12:47Z pytest test_fork.py 6 passed RC=0 (logs/pytest.log). KA-F late=0: 369f5a5b identical 64/64, 4781b0a1 identical 64/64 (+normal). Launch stratify PLANT2 (M=256). A5 12:58Z KA-F must-fail late=1: 369f5a5b 4 arms mismatched (o0), 4781b0a1 pending; PLANT2 M=256 done (122 s): per-phase classes match the PLAN s4 hand table at all 13 offsets; permuted-label must-fail: discordant set {6} != {0,5,6,11} (fail"
roles/Ananke/research/workers/W-R/LOG.md,15,4781b0a1,4781b0a172b6dc3c,evolve,C,MAJ,0,,,,0,"ed RC=0 (logs/pytest.log). KA-F late=0: 369f5a5b identical 64/64, 4781b0a1 identical 64/64 (+normal). Launch stratify PLANT2 (M=256). A5 12:58Z KA-F must-fail late=1: 369f5a5b 4 arms mismatched (o0), 4781b0a1 pending; PLANT2 M=256 done (122 s): per-phase classes match the PLAN s4 hand table at all 13 offsets; permuted-label must-fail: discordant set {6} != {0,5,6,11} (fails as required; weak: a shuffle of"
roles/Ananke/research/workers/W-R/LOG.md,15,4781b0a1,4781b0a172b6dc3c,evolve,C,MAJ,0,,,,0,"s): per-phase classes match the PLAN s4 hand table at all 13 offsets; permuted-label must-fail: discordant set {6} != {0,5,6,11} (fails as required; weak: a shuffle of 11 labels keeps most). Launched 4781b0a1, 369f5a5b (12:52Z), PLANT1, 78f3b0ec. A6 12:28Z CORRECTION: clock times written in A2-A5 were my estimates, not read from the clock. Actual (file mtimes/lease): PLAN frozen ~12:21Z, lease acquired 12"
roles/Ananke/research/workers/W-R/LOG.md,15,369f5a5b,369f5a5b745eb592,evolve,B,RELAY,0,,,,0,"ase classes match the PLAN s4 hand table at all 13 offsets; permuted-label must-fail: discordant set {6} != {0,5,6,11} (fails as required; weak: a shuffle of 11 labels keeps most). Launched 4781b0a1, 369f5a5b (12:52Z), PLANT1, 78f3b0ec. A6 12:28Z CORRECTION: clock times written in A2-A5 were my estimates, not read from the clock. Actual (file mtimes/lease): PLAN frozen ~12:21Z, lease acquired 12:23:35Z (e"
roles/Ananke/research/workers/W-R/LOG.md,15,78f3b0ec,78f3b0eccd44b1ed,evolve,B2,RELAY,0,,,,0,"s4 hand table at all 13 offsets; permuted-label must-fail: discordant set {6} != {0,5,6,11} (fails as required; weak: a shuffle of 11 labels keeps most). Launched 4781b0a1, 369f5a5b (12:52Z), PLANT1, 78f3b0ec. A6 12:28Z CORRECTION: clock times written in A2-A5 were my estimates, not read from the clock. Actual (file mtimes/lease): PLAN frozen ~12:21Z, lease acquired 12:23:35Z (expires 13:23Z), KA-F 12:24-"
roles/Ananke/research/workers/W-R/LOG.md,17,2dccdaa5,2dccdaa5eb8ffa0e,evolve,B,RELAY,0,,,,0,":24:52Z, PLANT2 done 12:27:03Z, main launches 12:26-12:27Z. From here times are from date -u. A7 12:31Z PLANT1 (period-1 must-fail) done: no phase-discordant offset (all per-phase = pooled). Launched 2dccdaa5. A8 12:36Z 2dccdaa5 done (~5 min). Launched c16d5231. A9 12:41Z c16d5231 done. Launched 8c37f32e. A10 12:42Z 369f5a5b, 4781b0a1 done. Launched e06701a5, E1 (4 procs: 78f3, 8c37, e067, E1). A11 12:45Z"
roles/Ananke/research/workers/W-R/LOG.md,18,2dccdaa5,2dccdaa5eb8ffa0e,evolve,B,RELAY,0,,,,0,"12:27:03Z, main launches 12:26-12:27Z. From here times are from date -u. A7 12:31Z PLANT1 (period-1 must-fail) done: no phase-discordant offset (all per-phase = pooled). Launched 2dccdaa5. A8 12:36Z 2dccdaa5 done (~5 min). Launched c16d5231. A9 12:41Z c16d5231 done. Launched 8c37f32e. A10 12:42Z 369f5a5b, 4781b0a1 done. Launched e06701a5, E1 (4 procs: 78f3, 8c37, e067, E1). A11 12:45Z summarize (partial)"
roles/Ananke/research/workers/W-R/LOG.md,18,c16d5231,c16d52319beb8bce,evolve,B2,RELAY,0,,,,0,"2:27Z. From here times are from date -u. A7 12:31Z PLANT1 (period-1 must-fail) done: no phase-discordant offset (all per-phase = pooled). Launched 2dccdaa5. A8 12:36Z 2dccdaa5 done (~5 min). Launched c16d5231. A9 12:41Z c16d5231 done. Launched 8c37f32e. A10 12:42Z 369f5a5b, 4781b0a1 done. Launched e06701a5, E1 (4 procs: 78f3, 8c37, e067, E1). A11 12:45Z summarize (partial). NEGATIVE CONTROL 369f5a5b FAILS"
roles/Ananke/research/workers/W-R/LOG.md,19,c16d5231,c16d52319beb8bce,evolve,B2,RELAY,0,,,,0,"es are from date -u. A7 12:31Z PLANT1 (period-1 must-fail) done: no phase-discordant offset (all per-phase = pooled). Launched 2dccdaa5. A8 12:36Z 2dccdaa5 done (~5 min). Launched c16d5231. A9 12:41Z c16d5231 done. Launched 8c37f32e. A10 12:42Z 369f5a5b, 4781b0a1 done. Launched e06701a5, E1 (4 procs: 78f3, 8c37, e067, E1). A11 12:45Z summarize (partial). NEGATIVE CONTROL 369f5a5b FAILS the frozen rule: PH"
roles/Ananke/research/workers/W-R/LOG.md,19,8c37f32e,8c37f32e68843070,evolve,D,RELAY,0,,,,0,"12:31Z PLANT1 (period-1 must-fail) done: no phase-discordant offset (all per-phase = pooled). Launched 2dccdaa5. A8 12:36Z 2dccdaa5 done (~5 min). Launched c16d5231. A9 12:41Z c16d5231 done. Launched 8c37f32e. A10 12:42Z 369f5a5b, 4781b0a1 done. Launched e06701a5, E1 (4 procs: 78f3, 8c37, e067, E1). A11 12:45Z summarize (partial). NEGATIVE CONTROL 369f5a5b FAILS the frozen rule: PHASE EFFECT at o1 (dN -.1"
roles/Ananke/research/workers/W-R/LOG.md,20,369f5a5b,369f5a5b745eb592,evolve,B,RELAY,0,,,,0,"-1 must-fail) done: no phase-discordant offset (all per-phase = pooled). Launched 2dccdaa5. A8 12:36Z 2dccdaa5 done (~5 min). Launched c16d5231. A9 12:41Z c16d5231 done. Launched 8c37f32e. A10 12:42Z 369f5a5b, 4781b0a1 done. Launched e06701a5, E1 (4 procs: 78f3, 8c37, e067, E1). A11 12:45Z summarize (partial). NEGATIVE CONTROL 369f5a5b FAILS the frozen rule: PHASE EFFECT at o1 (dN -.15 [-.25,-.04]) and o3"
roles/Ananke/research/workers/W-R/LOG.md,20,4781b0a1,4781b0a172b6dc3c,evolve,C,MAJ,0,,,,0,"il) done: no phase-discordant offset (all per-phase = pooled). Launched 2dccdaa5. A8 12:36Z 2dccdaa5 done (~5 min). Launched c16d5231. A9 12:41Z c16d5231 done. Launched 8c37f32e. A10 12:42Z 369f5a5b, 4781b0a1 done. Launched e06701a5, E1 (4 procs: 78f3, 8c37, e067, E1). A11 12:45Z summarize (partial). NEGATIVE CONTROL 369f5a5b FAILS the frozen rule: PHASE EFFECT at o1 (dN -.15 [-.25,-.04]) and o3 (dN -.14"
roles/Ananke/research/workers/W-R/LOG.md,20,e06701a5,e06701a5e70bb7c2,evolve,D,RELAY,0,,,,0,"rdant offset (all per-phase = pooled). Launched 2dccdaa5. A8 12:36Z 2dccdaa5 done (~5 min). Launched c16d5231. A9 12:41Z c16d5231 done. Launched 8c37f32e. A10 12:42Z 369f5a5b, 4781b0a1 done. Launched e06701a5, E1 (4 procs: 78f3, 8c37, e067, E1). A11 12:45Z summarize (partial). NEGATIVE CONTROL 369f5a5b FAILS the frozen rule: PHASE EFFECT at o1 (dN -.15 [-.25,-.04]) and o3 (dN -.14 [-.23,-.03]); 2 > 1 allo"
roles/Ananke/research/workers/W-R/LOG.md,21,369f5a5b,369f5a5b745eb592,evolve,B,RELAY,0,,,,0,"nched c16d5231. A9 12:41Z c16d5231 done. Launched 8c37f32e. A10 12:42Z 369f5a5b, 4781b0a1 done. Launched e06701a5, E1 (4 procs: 78f3, 8c37, e067, E1). A11 12:45Z summarize (partial). NEGATIVE CONTROL 369f5a5b FAILS the frozen rule: PHASE EFFECT at o1 (dN -.15 [-.25,-.04]) and o3 (dN -.14 [-.23,-.03]); 2 > 1 allowed; no class change (all UNRESOLVED/SITE same per stratum). Direction: odd-k trials carry more"
roles/Ananke/research/workers/W-R/LOG.md,22,78f3b0ec,78f3b0eccd44b1ed,evolve,B2,RELAY,0,,,,0,"parity in odd-Pd cells; a trial-parity baseline of |d| ~ .15 exists without any clock. Post-hoc (labelled) planned: leave-trial-1-out reanalysis + effect-size comparison vs this baseline. A12 12:45Z 78f3b0ec, 8c37f32e done. Launched E2 (last spec). A13 12:47Z POST-HOC (labelled): posthoc.py leave-trial-1/11-out on 369f5a5b: same effect offsets [1,3], no class change -> not trial-1/11 driven. posthoc_spli"
roles/Ananke/research/workers/W-R/LOG.md,22,8c37f32e,8c37f32e68843070,evolve,D,RELAY,0,,,,0,"odd-Pd cells; a trial-parity baseline of |d| ~ .15 exists without any clock. Post-hoc (labelled) planned: leave-trial-1-out reanalysis + effect-size comparison vs this baseline. A12 12:45Z 78f3b0ec, 8c37f32e done. Launched E2 (last spec). A13 12:47Z POST-HOC (labelled): posthoc.py leave-trial-1/11-out on 369f5a5b: same effect offsets [1,3], no class change -> not trial-1/11 driven. posthoc_split.py exact"
roles/Ananke/research/workers/W-R/LOG.md,23,369f5a5b,369f5a5b745eb592,evolve,B,RELAY,0,,,,0,"leave-trial-1-out reanalysis + effect-size comparison vs this baseline. A12 12:45Z 78f3b0ec, 8c37f32e done. Launched E2 (last spec). A13 12:47Z POST-HOC (labelled): posthoc.py leave-trial-1/11-out on 369f5a5b: same effect offsets [1,3], no class change -> not trial-1/11 driven. posthoc_split.py exact split permutation (462 5/6 splits of trials 1..11): 369f5a5b parity split extreme at o1 p=.006, o3 p=.004"
roles/Ananke/research/workers/W-R/LOG.md,23,369f5a5b,369f5a5b745eb592,evolve,B,RELAY,0,,,,0,"labelled): posthoc.py leave-trial-1/11-out on 369f5a5b: same effect offsets [1,3], no class change -> not trial-1/11 driven. posthoc_split.py exact split permutation (462 5/6 splits of trials 1..11): 369f5a5b parity split extreme at o1 p=.006, o3 p=.004 (o6 .035, others >.05), max|d| .15; 4781b0a1 parity split is the most extreme split at all 16 offsets (p=.002 = floor), max|d| .83. No env/physics parity"
roles/Ananke/research/workers/W-R/LOG.md,23,4781b0a1,4781b0a172b6dc3c,evolve,C,MAJ,0,,,,0,"s change -> not trial-1/11 driven. posthoc_split.py exact split permutation (462 5/6 splits of trials 1..11): 369f5a5b parity split extreme at o1 p=.006, o3 p=.004 (o6 .035, others >.05), max|d| .15; 4781b0a1 parity split is the most extreme split at all 16 offsets (p=.002 = floor), max|d| .83. No env/physics parity source found for async (envs.build RELAY: iid coins; WAKE hashed per (ws,t,site)). stratif"
roles/Ananke/research/workers/W-R/LOG.md,23,369f5a5b,369f5a5b745eb592,evolve,B,RELAY,0,,,,0,"= floor), max|d| .83. No env/physics parity source found for async (envs.build RELAY: iid coins; WAKE hashed per (ws,t,site)). stratify.py gained optional ns arg (tag _ns<hex>); launched REPLICATION 369f5a5b at ns 0x621 M=256 to test if the async parity effect replicates. e06701a5, E1 done. A14 12:50Z SECONDARY followdiff.py: PLAN s2 phase-effect rule on the follow census for the abstainers (frozen censu"
roles/Ananke/research/workers/W-R/LOG.md,23,e06701a5,e06701a5e70bb7c2,evolve,D,RELAY,0,,,,0,"build RELAY: iid coins; WAKE hashed per (ws,t,site)). stratify.py gained optional ns arg (tag _ns<hex>); launched REPLICATION 369f5a5b at ns 0x621 M=256 to test if the async parity effect replicates. e06701a5, E1 done. A14 12:50Z SECONDARY followdiff.py: PLAN s2 phase-effect rule on the follow census for the abstainers (frozen census UNDEFINED there): e06701a5 effects at o0, o5; 78f3b0ec at o0, o9, o11, o"
roles/Ananke/research/workers/W-R/LOG.md,24,e06701a5,e06701a5e70bb7c2,evolve,D,RELAY,0,,,,0,"o test if the async parity effect replicates. e06701a5, E1 done. A14 12:50Z SECONDARY followdiff.py: PLAN s2 phase-effect rule on the follow census for the abstainers (frozen census UNDEFINED there): e06701a5 effects at o0, o5; 78f3b0ec at o0, o9, o11, o14, o15; o10 none (UNRESOLVED both phases). A15 12:53Z REPLICATION 369f5a5b ns 0x621 (post-hoc): PHASE EFFECT at 0 of 16 offsets, no class change; per-pha"
roles/Ananke/research/workers/W-R/LOG.md,24,78f3b0ec,78f3b0eccd44b1ed,evolve,B2,RELAY,0,,,,0,"ffect replicates. e06701a5, E1 done. A14 12:50Z SECONDARY followdiff.py: PLAN s2 phase-effect rule on the follow census for the abstainers (frozen census UNDEFINED there): e06701a5 effects at o0, o5; 78f3b0ec at o0, o9, o11, o14, o15; o10 none (UNRESOLVED both phases). A15 12:53Z REPLICATION 369f5a5b ns 0x621 (post-hoc): PHASE EFFECT at 0 of 16 offsets, no class change; per-phase = pooled everywhere. The"
roles/Ananke/research/workers/W-R/LOG.md,25,369f5a5b,369f5a5b745eb592,evolve,B,RELAY,0,,,,0,"rule on the follow census for the abstainers (frozen census UNDEFINED there): e06701a5 effects at o0, o5; 78f3b0ec at o0, o9, o11, o14, o15; o10 none (UNRESOLVED both phases). A15 12:53Z REPLICATION 369f5a5b ns 0x621 (post-hoc): PHASE EFFECT at 0 of 16 offsets, no class change; per-phase = pooled everywhere. The 0x620 o1/o3 flags do not replicate -> read as sampling (trial-level variation across 5-6 tria"
roles/Ananke/research/workers/W-R/LOG.md,25,2dccdaa5,2dccdaa5eb8ffa0e,evolve,B,RELAY,0,,,,0,"variation across 5-6 trials per stratum is outside the pair bootstrap). Pooled o14 SITE at 0x621 vs UNRESOLVED (fS .74) at 0x620: namespace jitter near the .80 threshold. Launch post-hoc replications 2dccdaa5, c16d5231 at 0x621. A16 12:58Z posthoc_split + leave-trial-out on 2dccdaa5/c16d5231/8c37f32e/4781b0a1: phase split p=.002 (floor) at every flagged offset; dropping trial 1 or 11 changes no effect set"
roles/Ananke/research/workers/W-R/LOG.md,25,c16d5231,c16d52319beb8bce,evolve,B2,RELAY,0,,,,0,"across 5-6 trials per stratum is outside the pair bootstrap). Pooled o14 SITE at 0x621 vs UNRESOLVED (fS .74) at 0x620: namespace jitter near the .80 threshold. Launch post-hoc replications 2dccdaa5, c16d5231 at 0x621. A16 12:58Z posthoc_split + leave-trial-out on 2dccdaa5/c16d5231/8c37f32e/4781b0a1: phase split p=.002 (floor) at every flagged offset; dropping trial 1 or 11 changes no effect set and no re"
roles/Ananke/research/workers/W-R/LOG.md,26,2dccdaa5,2dccdaa5eb8ffa0e,evolve,B,RELAY,0,,,,0,"led o14 SITE at 0x621 vs UNRESOLVED (fS .74) at 0x620: namespace jitter near the .80 threshold. Launch post-hoc replications 2dccdaa5, c16d5231 at 0x621. A16 12:58Z posthoc_split + leave-trial-out on 2dccdaa5/c16d5231/8c37f32e/4781b0a1: phase split p=.002 (floor) at every flagged offset; dropping trial 1 or 11 changes no effect set and no resolution; one class change (4781b0a1 o8, near a threshold). A17 1"
roles/Ananke/research/workers/W-R/LOG.md,26,c16d5231,c16d52319beb8bce,evolve,B2,RELAY,0,,,,0,"ITE at 0x621 vs UNRESOLVED (fS .74) at 0x620: namespace jitter near the .80 threshold. Launch post-hoc replications 2dccdaa5, c16d5231 at 0x621. A16 12:58Z posthoc_split + leave-trial-out on 2dccdaa5/c16d5231/8c37f32e/4781b0a1: phase split p=.002 (floor) at every flagged offset; dropping trial 1 or 11 changes no effect set and no resolution; one class change (4781b0a1 o8, near a threshold). A17 12:56Z rep"
roles/Ananke/research/workers/W-R/LOG.md,26,8c37f32e,8c37f32e68843070,evolve,D,RELAY,0,,,,0,"621 vs UNRESOLVED (fS .74) at 0x620: namespace jitter near the .80 threshold. Launch post-hoc replications 2dccdaa5, c16d5231 at 0x621. A16 12:58Z posthoc_split + leave-trial-out on 2dccdaa5/c16d5231/8c37f32e/4781b0a1: phase split p=.002 (floor) at every flagged offset; dropping trial 1 or 11 changes no effect set and no resolution; one class change (4781b0a1 o8, near a threshold). A17 12:56Z replications"
roles/Ananke/research/workers/W-R/LOG.md,26,4781b0a1,4781b0a172b6dc3c,evolve,C,MAJ,0,,,,0,"RESOLVED (fS .74) at 0x620: namespace jitter near the .80 threshold. Launch post-hoc replications 2dccdaa5, c16d5231 at 0x621. A16 12:58Z posthoc_split + leave-trial-out on 2dccdaa5/c16d5231/8c37f32e/4781b0a1: phase split p=.002 (floor) at every flagged offset; dropping trial 1 or 11 changes no effect set and no resolution; one class change (4781b0a1 o8, near a threshold). A17 12:56Z replications 2dccdaa5"
roles/Ananke/research/workers/W-R/LOG.md,26,4781b0a1,4781b0a172b6dc3c,evolve,C,MAJ,0,,,,0,"c_split + leave-trial-out on 2dccdaa5/c16d5231/8c37f32e/4781b0a1: phase split p=.002 (floor) at every flagged offset; dropping trial 1 or 11 changes no effect set and no resolution; one class change (4781b0a1 o8, near a threshold). A17 12:56Z replications 2dccdaa5/c16d5231 at 0x621 reproduce the main classes (o0 CHANNEL|BROKEN, o4/o5 one phase clean + one phase ~50/50 MIXTURE). Lease lse-be98c3489db7 RELE"
roles/Ananke/research/workers/W-R/LOG.md,27,2dccdaa5,2dccdaa5eb8ffa0e,evolve,B,RELAY,0,,,,0,"4781b0a1: phase split p=.002 (floor) at every flagged offset; dropping trial 1 or 11 changes no effect set and no resolution; one class change (4781b0a1 o8, near a threshold). A17 12:56Z replications 2dccdaa5/c16d5231 at 0x621 reproduce the main classes (o0 CHANNEL|BROKEN, o4/o5 one phase clean + one phase ~50/50 MIXTURE). Lease lse-be98c3489db7 RELEASED 12:56Z (fabric lease status lists only Aether's buc"
roles/Ananke/research/workers/W-R/LOG.md,27,c16d5231,c16d52319beb8bce,evolve,B2,RELAY,0,,,,0,"phase split p=.002 (floor) at every flagged offset; dropping trial 1 or 11 changes no effect set and no resolution; one class change (4781b0a1 o8, near a threshold). A17 12:56Z replications 2dccdaa5/c16d5231 at 0x621 reproduce the main classes (o0 CHANNEL|BROKEN, o4/o5 one phase clean + one phase ~50/50 MIXTURE). Lease lse-be98c3489db7 RELEASED 12:56Z (fabric lease status lists only Aether's buckkeep:cpu"
roles/Ananke/research/workers/W-R/PLAN.md,18,2dccdaa5,2dccdaa5eb8ffa0e,evolve,B,RELAY,0,,,,0,"only for awake sites), do not run the program and do not emit. So in sync period p a delivered packet can wait in the inbox (a SITE array) up to p-1 ticks. - probe_physics.py (out/physics.json): 2dccdaa5, c16d5231, 78f3b0ec, 8c37f32e, e06701a5, 4781b0a1, E1, E2 are sync update_period 2 -> PHASE-DEPENDENT. 369f5a5b is async (update_p .8) -> NOT phase-dependent: NEGATIVE CONTROL. - Trial period Pd:"
roles/Ananke/research/workers/W-R/PLAN.md,18,c16d5231,c16d52319beb8bce,evolve,B2,RELAY,0,,,,0,"awake sites), do not run the program and do not emit. So in sync period p a delivered packet can wait in the inbox (a SITE array) up to p-1 ticks. - probe_physics.py (out/physics.json): 2dccdaa5, c16d5231, 78f3b0ec, 8c37f32e, e06701a5, 4781b0a1, E1, E2 are sync update_period 2 -> PHASE-DEPENDENT. 369f5a5b is async (update_p .8) -> NOT phase-dependent: NEGATIVE CONTROL. - Trial period Pd: 11 (2dcc,"
roles/Ananke/research/workers/W-R/PLAN.md,18,78f3b0ec,78f3b0eccd44b1ed,evolve,B2,RELAY,0,,,,0,"s), do not run the program and do not emit. So in sync period p a delivered packet can wait in the inbox (a SITE array) up to p-1 ticks. - probe_physics.py (out/physics.json): 2dccdaa5, c16d5231, 78f3b0ec, 8c37f32e, e06701a5, 4781b0a1, E1, E2 are sync update_period 2 -> PHASE-DEPENDENT. 369f5a5b is async (update_p .8) -> NOT phase-dependent: NEGATIVE CONTROL. - Trial period Pd: 11 (2dcc, c16d, 8c3"
roles/Ananke/research/workers/W-R/PLAN.md,18,8c37f32e,8c37f32e68843070,evolve,D,RELAY,0,,,,0,"run the program and do not emit. So in sync period p a delivered packet can wait in the inbox (a SITE array) up to p-1 ticks. - probe_physics.py (out/physics.json): 2dccdaa5, c16d5231, 78f3b0ec, 8c37f32e, e06701a5, 4781b0a1, E1, E2 are sync update_period 2 -> PHASE-DEPENDENT. 369f5a5b is async (update_p .8) -> NOT phase-dependent: NEGATIVE CONTROL. - Trial period Pd: 11 (2dcc, c16d, 8c37, e067),"
roles/Ananke/research/workers/W-R/PLAN.md,18,e06701a5,e06701a5e70bb7c2,evolve,D,RELAY,0,,,,0,"program and do not emit. So in sync period p a delivered packet can wait in the inbox (a SITE array) up to p-1 ticks. - probe_physics.py (out/physics.json): 2dccdaa5, c16d5231, 78f3b0ec, 8c37f32e, e06701a5, 4781b0a1, E1, E2 are sync update_period 2 -> PHASE-DEPENDENT. 369f5a5b is async (update_p .8) -> NOT phase-dependent: NEGATIVE CONTROL. - Trial period Pd: 11 (2dcc, c16d, 8c37, e067), 19 (78f3,"
roles/Ananke/research/workers/W-R/PLAN.md,18,4781b0a1,4781b0a172b6dc3c,evolve,C,MAJ,0,,,,0,"nd do not emit. So in sync period p a delivered packet can wait in the inbox (a SITE array) up to p-1 ticks. - probe_physics.py (out/physics.json): 2dccdaa5, c16d5231, 78f3b0ec, 8c37f32e, e06701a5, 4781b0a1, E1, E2 are sync update_period 2 -> PHASE-DEPENDENT. 369f5a5b is async (update_p .8) -> NOT phase-dependent: NEGATIVE CONTROL. - Trial period Pd: 11 (2dcc, c16d, 8c37, e067), 19 (78f3, 369f, 4781"
roles/Ananke/research/workers/W-R/PLAN.md,19,369f5a5b,369f5a5b745eb592,evolve,B,RELAY,0,,,,0,"in the inbox (a SITE array) up to p-1 ticks. - probe_physics.py (out/physics.json): 2dccdaa5, c16d5231, 78f3b0ec, 8c37f32e, e06701a5, 4781b0a1, E1, E2 are sync update_period 2 -> PHASE-DEPENDENT. 369f5a5b is async (update_p .8) -> NOT phase-dependent: NEGATIVE CONTROL. - Trial period Pd: 11 (2dcc, c16d, 8c37, e067), 19 (78f3, 369f, 4781) are ODD, so t0 = k*Pd alternates parity across trials 1..11"
roles/Ananke/research/workers/W-R/PLAN.md,41,78f3b0ec,78f3b0eccd44b1ed,evolve,B2,RELAY,0,,,,0,"1..11, (b) trials with q = 0, (c) trials with q = 1. 99% pair-bootstrap CIs (2000 draws, lens_swap.census). Secondary (as W-M deviation D1, labelled): census_follow + classify for the abstainers 78f3b0ec, e06701a5 whose frozen census is UNDEFINED. - Phase-difference statistic: dfX = fX(q=1) - fX(q=0), X in {S, C, N}, 99% pair bootstrap (same resampled pairs for both strata, 2000 draws). ## s2 Deci"
roles/Ananke/research/workers/W-R/PLAN.md,41,e06701a5,e06701a5e70bb7c2,evolve,D,RELAY,0,,,,0,") trials with q = 0, (c) trials with q = 1. 99% pair-bootstrap CIs (2000 draws, lens_swap.census). Secondary (as W-M deviation D1, labelled): census_follow + classify for the abstainers 78f3b0ec, e06701a5 whose frozen census is UNDEFINED. - Phase-difference statistic: dfX = fX(q=1) - fX(q=0), X in {S, C, N}, 99% pair bootstrap (same resampled pairs for both strata, 2000 draws). ## s2 Decision rules"
roles/Ananke/research/workers/W-R/PLAN.md,55,369f5a5b,369f5a5b745eb592,evolve,B,RELAY,0,,,,0,"xed, NEITHER or UNDEFINED). - STAYS MIXED: no stratum class in {SITE, CHANNEL}. Per-phase NEITHER is reported separately (a pure-N phase), still counted as not clean. - Negative control passes if 369f5a5b has PHASE EFFECT at <= 1 of its 16 offsets and every per-phase class change is threshold jitter. ## s3 Predictions (frozen) - P1 (bookkeeping) E1/E2: stratum q = o mod 2 equals the pooled census e"
roles/Ananke/research/workers/W-R/PLAN.md,61,369f5a5b,369f5a5b745eb592,evolve,B,RELAY,0,,,,0,": stratum q = o mod 2 equals the pooled census exactly (same pair-trials), the other stratum UNDEFINED (0 eligible). So E1/E2 MIXTUREs (W-M: o3, o7) cannot be phase pooling. - P2 (negative control) 369f5a5b: no phase effect (<= 1 offset flagged), per-phase classes = pooled up to threshold jitter. - P3 4781b0a1: PHASE EFFECT at >= 8 of o1..15. o14 and o15 at least PARTLY RESOLVE (W-P: o14 C 1.00 on e"
roles/Ananke/research/workers/W-R/PLAN.md,63,4781b0a1,4781b0a172b6dc3c,evolve,C,MAJ,0,,,,0,"eligible). So E1/E2 MIXTUREs (W-M: o3, o7) cannot be phase pooling. - P2 (negative control) 369f5a5b: no phase effect (<= 1 offset flagged), per-phase classes = pooled up to threshold jitter. - P3 4781b0a1: PHASE EFFECT at >= 8 of o1..15. o14 and o15 at least PARTLY RESOLVE (W-P: o14 C 1.00 on even ticks; o15 S 1.00 on even ticks); full resolutions in 4781b0a1: 0-2. - P4 period-2 odd-Pd RELAY cells:"
roles/Ananke/research/workers/W-R/PLAN.md,64,4781b0a1,4781b0a172b6dc3c,evolve,C,MAJ,0,,,,0,"= pooled up to threshold jitter. - P3 4781b0a1: PHASE EFFECT at >= 8 of o1..15. o14 and o15 at least PARTLY RESOLVE (W-P: o14 C 1.00 on even ticks; o15 S 1.00 on even ticks); full resolutions in 4781b0a1: 0-2. - P4 period-2 odd-Pd RELAY cells: the pooled MIXTUREs (2dccdaa5 o5, c16d5231 o4/o5, follow 78f3b0ec o9/o14) are phase pooling: >= half of them RESOLVE (SITE in one phase, CHANNEL in the other"
roles/Ananke/research/workers/W-R/PLAN.md,65,2dccdaa5,2dccdaa5eb8ffa0e,evolve,B,RELAY,0,,,,0,"8 of o1..15. o14 and o15 at least PARTLY RESOLVE (W-P: o14 C 1.00 on even ticks; o15 S 1.00 on even ticks); full resolutions in 4781b0a1: 0-2. - P4 period-2 odd-Pd RELAY cells: the pooled MIXTUREs (2dccdaa5 o5, c16d5231 o4/o5, follow 78f3b0ec o9/o14) are phase pooling: >= half of them RESOLVE (SITE in one phase, CHANNEL in the other). Offsets that are pooled SITE or CHANNEL keep that class in both p"
roles/Ananke/research/workers/W-R/PLAN.md,65,c16d5231,c16d52319beb8bce,evolve,B2,RELAY,0,,,,0,"o14 and o15 at least PARTLY RESOLVE (W-P: o14 C 1.00 on even ticks; o15 S 1.00 on even ticks); full resolutions in 4781b0a1: 0-2. - P4 period-2 odd-Pd RELAY cells: the pooled MIXTUREs (2dccdaa5 o5, c16d5231 o4/o5, follow 78f3b0ec o9/o14) are phase pooling: >= half of them RESOLVE (SITE in one phase, CHANNEL in the other). Offsets that are pooled SITE or CHANNEL keep that class in both phases. - P5 o"
roles/Ananke/research/workers/W-R/PLAN.md,65,78f3b0ec,78f3b0eccd44b1ed,evolve,B2,RELAY,0,,,,0,"RTLY RESOLVE (W-P: o14 C 1.00 on even ticks; o15 S 1.00 on even ticks); full resolutions in 4781b0a1: 0-2. - P4 period-2 odd-Pd RELAY cells: the pooled MIXTUREs (2dccdaa5 o5, c16d5231 o4/o5, follow 78f3b0ec o9/o14) are phase pooling: >= half of them RESOLVE (SITE in one phase, CHANNEL in the other). Offsets that are pooled SITE or CHANNEL keep that class in both phases. - P5 overall: most pooled UNR"
roles/Ananke/research/workers/W-R/PLAN.md,68,4781b0a1,4781b0a172b6dc3c,evolve,C,MAJ,0,,,,0,": >= half of them RESOLVE (SITE in one phase, CHANNEL in the other). Offsets that are pooled SITE or CHANNEL keep that class in both phases. - P5 overall: most pooled UNRESOLVED/NEITHER readings of 4781b0a1 (sync) STAY MIXED or only PARTLY RESOLVE (W-P: N concentrated in one phase, not zero in the other). ## s4 Known-answer checks (each with a must-fail input) - KA-F runner identity: fork.py output ("
roles/Ananke/research/workers/W-R/PLAN.md,73,4781b0a1,4781b0a172b6dc3c,evolve,C,MAJ,0,,,,0,"r). ## s4 Known-answer checks (each with a must-fail input) - KA-F runner identity: fork.py output (per-trial score and raw S0 of every arm at its trial) is bit-identical to lens_swap.run_arms for 4781b0a1 (period 2), 369f5a5b (async) and the plant, M = 16, all offsets, trials {1, 2}. MUST-FAIL: forking one tick late (state after tick k*Pd + o_min + 1) is not identical. - KA-B bookkeeping (pytest):"
roles/Ananke/research/workers/W-R/PLAN.md,73,369f5a5b,369f5a5b745eb592,evolve,B,RELAY,0,,,,0,"er checks (each with a must-fail input) - KA-F runner identity: fork.py output (per-trial score and raw S0 of every arm at its trial) is bit-identical to lens_swap.run_arms for 4781b0a1 (period 2), 369f5a5b (async) and the plant, M = 16, all offsets, trials {1, 2}. MUST-FAIL: forking one tick late (state after tick k*Pd + o_min + 1) is not identical. - KA-B bookkeeping (pytest): phase labels of synt"
roles/Ananke/research/workers/W-R/PLAN.md,94,4781b0a1,4781b0a172b6dc3c,evolve,C,MAJ,0,,,,0,"phase labels randomly permuted (seed 0): check (i) must fail (no clean per-""phase"" split at o5/o6/o11). - KA-N negative-control check applied to a positive: the ""no phase effect"" rule of s2 run on 4781b0a1 and on the period-2 plant must FAIL (they have effects). ## s5 Budget - <= 2.5 h wall, CPU only, torch threads 2 per process, at most 4 processes (8 threads) under a Fabric skullport:cpu8 lease"
roles/Ananke/research/workers/W-R/REPORT.md,12,2dccdaa5,2dccdaa5eb8ffa0e,evolve,B,RELAY,0,,,,0,"er periodic update. The mailbox slot t mod LM is only ring indexing, decay runs every tick, and the rng streams are hashed. - Result (out/physics.json): 8 of 9 specs are sync with update_period 2: 2dccdaa5, c16d5231, 8c37f32e, e06701a5, 78f3b0ec, 4781b0a1, E1, E2. - 369f5a5b is async (update_p .8). It is the only negative control among the census cells. - Trial period Pd is odd for the 7 cells (1"
roles/Ananke/research/workers/W-R/REPORT.md,12,c16d5231,c16d52319beb8bce,evolve,B2,RELAY,0,,,,0,"c update. The mailbox slot t mod LM is only ring indexing, decay runs every tick, and the rng streams are hashed. - Result (out/physics.json): 8 of 9 specs are sync with update_period 2: 2dccdaa5, c16d5231, 8c37f32e, e06701a5, 78f3b0ec, 4781b0a1, E1, E2. - 369f5a5b is async (update_p .8). It is the only negative control among the census cells. - Trial period Pd is odd for the 7 cells (11 or 19),"
roles/Ananke/research/workers/W-R/REPORT.md,12,8c37f32e,8c37f32e68843070,evolve,D,RELAY,0,,,,0,"The mailbox slot t mod LM is only ring indexing, decay runs every tick, and the rng streams are hashed. - Result (out/physics.json): 8 of 9 specs are sync with update_period 2: 2dccdaa5, c16d5231, 8c37f32e, e06701a5, 78f3b0ec, 4781b0a1, E1, E2. - 369f5a5b is async (update_p .8). It is the only negative control among the census cells. - Trial period Pd is odd for the 7 cells (11 or 19), so the tri"
roles/Ananke/research/workers/W-R/REPORT.md,12,e06701a5,e06701a5e70bb7c2,evolve,D,RELAY,0,,,,0,"x slot t mod LM is only ring indexing, decay runs every tick, and the rng streams are hashed. - Result (out/physics.json): 8 of 9 specs are sync with update_period 2: 2dccdaa5, c16d5231, 8c37f32e, e06701a5, 78f3b0ec, 4781b0a1, E1, E2. - 369f5a5b is async (update_p .8). It is the only negative control among the census cells. - Trial period Pd is odd for the 7 cells (11 or 19), so the trial onset t"
roles/Ananke/research/workers/W-R/REPORT.md,12,78f3b0ec,78f3b0eccd44b1ed,evolve,B2,RELAY,0,,,,0,"od LM is only ring indexing, decay runs every tick, and the rng streams are hashed. - Result (out/physics.json): 8 of 9 specs are sync with update_period 2: 2dccdaa5, c16d5231, 8c37f32e, e06701a5, 78f3b0ec, 4781b0a1, E1, E2. - 369f5a5b is async (update_p .8). It is the only negative control among the census cells. - Trial period Pd is odd for the 7 cells (11 or 19), so the trial onset t0 = k*Pd a"
roles/Ananke/research/workers/W-R/REPORT.md,12,4781b0a1,4781b0a172b6dc3c,evolve,C,MAJ,0,,,,0,"nly ring indexing, decay runs every tick, and the rng streams are hashed. - Result (out/physics.json): 8 of 9 specs are sync with update_period 2: 2dccdaa5, c16d5231, 8c37f32e, e06701a5, 78f3b0ec, 4781b0a1, E1, E2. - 369f5a5b is async (update_p .8). It is the only negative control among the census cells. - Trial period Pd is odd for the 7 cells (11 or 19), so the trial onset t0 = k*Pd alternates"
roles/Ananke/research/workers/W-R/REPORT.md,13,369f5a5b,369f5a5b745eb592,evolve,B,RELAY,0,,,,0,"y runs every tick, and the rng streams are hashed. - Result (out/physics.json): 8 of 9 specs are sync with update_period 2: 2dccdaa5, c16d5231, 8c37f32e, e06701a5, 78f3b0ec, 4781b0a1, E1, E2. - 369f5a5b is async (update_p .8). It is the only negative control among the census cells. - Trial period Pd is odd for the 7 cells (11 or 19), so the trial onset t0 = k*Pd alternates parity across trials 1."
roles/Ananke/research/workers/W-R/REPORT.md,28,78f3b0ec,78f3b0eccd44b1ed,evolve,B2,RELAY,0,,,,0,"UNRESOLVED or NEITHER reading: - RESOLVES = both phases SITE or CHANNEL. - PARTLY = exactly one phase SITE or CHANNEL. - STAYS MIXED = no phase SITE or CHANNEL. - For the abstainers 78f3b0ec and e06701a5 the frozen census is UNDEFINED (0 eligible pairs). I report the W-M D1 follow census for them as secondary, labelled. 3. Runner (fork.py). It runs one normal pass, forks the state at ea"
roles/Ananke/research/workers/W-R/REPORT.md,28,e06701a5,e06701a5e70bb7c2,evolve,D,RELAY,0,,,,0,"NEITHER reading: - RESOLVES = both phases SITE or CHANNEL. - PARTLY = exactly one phase SITE or CHANNEL. - STAYS MIXED = no phase SITE or CHANNEL. - For the abstainers 78f3b0ec and e06701a5 the frozen census is UNDEFINED (0 eligible pairs). I report the W-M D1 follow census for them as secondary, labelled. 3. Runner (fork.py). It runs one normal pass, forks the state at each trial's fi"
roles/Ananke/research/workers/W-R/REPORT.md,38,2dccdaa5,2dccdaa5eb8ffa0e,evolve,B,RELAY,0,,,,0,"Answer to the question. Stratifying by phase changes classifications in every sync period-2 cell whose trials cover both phases. | Cell | Offsets with a PHASE EFFECT (all change class) | |---|---| | 2dccdaa5 | o0, o5 | | c16d5231 | o0, o4, o5 | | 8c37f32e | o0, o5 | | 4781b0a1 | 16 of 16 (15 change class) | | e06701a5 (follow census) | o0, o5 | | 78f3b0ec (follow census) | o0, o9, o11, o14, o15 | Effect"
roles/Ananke/research/workers/W-R/REPORT.md,39,c16d5231,c16d52319beb8bce,evolve,B2,RELAY,0,,,,0,". Stratifying by phase changes classifications in every sync period-2 cell whose trials cover both phases. | Cell | Offsets with a PHASE EFFECT (all change class) | |---|---| | 2dccdaa5 | o0, o5 | | c16d5231 | o0, o4, o5 | | 8c37f32e | o0, o5 | | 4781b0a1 | 16 of 16 (15 change class) | | e06701a5 (follow census) | o0, o5 | | 78f3b0ec (follow census) | o0, o9, o11, o14, o15 | Effect sizes are |d| up to ."
roles/Ananke/research/workers/W-R/REPORT.md,40,8c37f32e,8c37f32e68843070,evolve,D,RELAY,0,,,,0,"nges classifications in every sync period-2 cell whose trials cover both phases. | Cell | Offsets with a PHASE EFFECT (all change class) | |---|---| | 2dccdaa5 | o0, o5 | | c16d5231 | o0, o4, o5 | | 8c37f32e | o0, o5 | | 4781b0a1 | 16 of 16 (15 change class) | | e06701a5 (follow census) | o0, o5 | | 78f3b0ec (follow census) | o0, o9, o11, o14, o15 | Effect sizes are |d| up to .53-.83 at o >= 1. Every fl"
roles/Ananke/research/workers/W-R/REPORT.md,41,4781b0a1,4781b0a172b6dc3c,evolve,C,MAJ,0,,,,0,"n every sync period-2 cell whose trials cover both phases. | Cell | Offsets with a PHASE EFFECT (all change class) | |---|---| | 2dccdaa5 | o0, o5 | | c16d5231 | o0, o4, o5 | | 8c37f32e | o0, o5 | | 4781b0a1 | 16 of 16 (15 change class) | | e06701a5 (follow census) | o0, o5 | | 78f3b0ec (follow census) | o0, o9, o11, o14, o15 | Effect sizes are |d| up to .53-.83 at o >= 1. Every flagged split is the mos"
roles/Ananke/research/workers/W-R/REPORT.md,42,e06701a5,e06701a5e70bb7c2,evolve,D,RELAY,0,,,,0,"ver both phases. | Cell | Offsets with a PHASE EFFECT (all change class) | |---|---| | 2dccdaa5 | o0, o5 | | c16d5231 | o0, o4, o5 | | 8c37f32e | o0, o5 | | 4781b0a1 | 16 of 16 (15 change class) | | e06701a5 (follow census) | o0, o5 | | 78f3b0ec (follow census) | o0, o9, o11, o14, o15 | Effect sizes are |d| up to .53-.83 at o >= 1. Every flagged split is the most extreme of all 462 possible 5/6 trial sp"
roles/Ananke/research/workers/W-R/REPORT.md,43,78f3b0ec,78f3b0eccd44b1ed,evolve,B2,RELAY,0,,,,0,"h a PHASE EFFECT (all change class) | |---|---| | 2dccdaa5 | o0, o5 | | c16d5231 | o0, o4, o5 | | 8c37f32e | o0, o5 | | 4781b0a1 | 16 of 16 (15 change class) | | e06701a5 (follow census) | o0, o5 | | 78f3b0ec (follow census) | o0, o9, o11, o14, o15 | Effect sizes are |d| up to .53-.83 at o >= 1. Every flagged split is the most extreme of all 462 possible 5/6 trial splits (exact permutation p = .002, the"
roles/Ananke/research/workers/W-R/REPORT.md,47,4781b0a1,4781b0a172b6dc3c,evolve,C,MAJ,0,,,,0,"xact permutation p = .002, the floor). Dropping trial 1 or trial 11 changes no effect set. Offsets that are pooled SITE or CHANNEL in the RELAY cells keep that class in both phases. The exception is 4781b0a1: o12 and o13 read CHANNEL pooled, but one phase is UNRESOLVED (C .69-.71, N .27-.29). Pooled mixed readings: | Group | RESOLVES | PARTLY | STAYS MIXED | |---|---|---|---| | Frozen census, period-2"
roles/Ananke/research/workers/W-R/REPORT.md,56,2dccdaa5,2dccdaa5eb8ffa0e,evolve,B,RELAY,0,,,,0,"| Group | RESOLVES | PARTLY | STAYS MIXED | |---|---|---|---| | Frozen census, period-2 cells with both phases | 0 | 11 | 6 | | Follow census, abstainers | 0 | 5 | 1 | - Frozen census, PARTLY (11): 2dccdaa5 o5; c16d5231 o4, o5; 8c37f32e o5; 4781b0a1 o1-4, o11, o14, o15. - Frozen census, STAYS MIXED (6): 4781b0a1 o5-10. - Follow census, PARTLY (5): e06701a5 o5; 78f3b0ec o9, o11, o14, o15. - Follow census"
roles/Ananke/research/workers/W-R/REPORT.md,56,c16d5231,c16d52319beb8bce,evolve,B2,RELAY,0,,,,0,"SOLVES | PARTLY | STAYS MIXED | |---|---|---|---| | Frozen census, period-2 cells with both phases | 0 | 11 | 6 | | Follow census, abstainers | 0 | 5 | 1 | - Frozen census, PARTLY (11): 2dccdaa5 o5; c16d5231 o4, o5; 8c37f32e o5; 4781b0a1 o1-4, o11, o14, o15. - Frozen census, STAYS MIXED (6): 4781b0a1 o5-10. - Follow census, PARTLY (5): e06701a5 o5; 78f3b0ec o9, o11, o14, o15. - Follow census, STAYS MIXED"
roles/Ananke/research/workers/W-R/REPORT.md,56,8c37f32e,8c37f32e68843070,evolve,D,RELAY,0,,,,0,"STAYS MIXED | |---|---|---|---| | Frozen census, period-2 cells with both phases | 0 | 11 | 6 | | Follow census, abstainers | 0 | 5 | 1 | - Frozen census, PARTLY (11): 2dccdaa5 o5; c16d5231 o4, o5; 8c37f32e o5; 4781b0a1 o1-4, o11, o14, o15. - Frozen census, STAYS MIXED (6): 4781b0a1 o5-10. - Follow census, PARTLY (5): e06701a5 o5; 78f3b0ec o9, o11, o14, o15. - Follow census, STAYS MIXED (1): 78f3b0ec o1"
roles/Ananke/research/workers/W-R/REPORT.md,56,4781b0a1,4781b0a172b6dc3c,evolve,C,MAJ,0,,,,0,"| |---|---|---|---| | Frozen census, period-2 cells with both phases | 0 | 11 | 6 | | Follow census, abstainers | 0 | 5 | 1 | - Frozen census, PARTLY (11): 2dccdaa5 o5; c16d5231 o4, o5; 8c37f32e o5; 4781b0a1 o1-4, o11, o14, o15. - Frozen census, STAYS MIXED (6): 4781b0a1 o5-10. - Follow census, PARTLY (5): e06701a5 o5; 78f3b0ec o9, o11, o14, o15. - Follow census, STAYS MIXED (1): 78f3b0ec o10, which is U"
roles/Ananke/research/workers/W-R/REPORT.md,57,4781b0a1,4781b0a172b6dc3c,evolve,C,MAJ,0,,,,0,"ases | 0 | 11 | 6 | | Follow census, abstainers | 0 | 5 | 1 | - Frozen census, PARTLY (11): 2dccdaa5 o5; c16d5231 o4, o5; 8c37f32e o5; 4781b0a1 o1-4, o11, o14, o15. - Frozen census, STAYS MIXED (6): 4781b0a1 o5-10. - Follow census, PARTLY (5): e06701a5 o5; 78f3b0ec o9, o11, o14, o15. - Follow census, STAYS MIXED (1): 78f3b0ec o10, which is UNRESOLVED in both phases with no effect. - Not evaluable: E1 and"
roles/Ananke/research/workers/W-R/REPORT.md,58,e06701a5,e06701a5e70bb7c2,evolve,D,RELAY,0,,,,0,"rs | 0 | 5 | 1 | - Frozen census, PARTLY (11): 2dccdaa5 o5; c16d5231 o4, o5; 8c37f32e o5; 4781b0a1 o1-4, o11, o14, o15. - Frozen census, STAYS MIXED (6): 4781b0a1 o5-10. - Follow census, PARTLY (5): e06701a5 o5; 78f3b0ec o9, o11, o14, o15. - Follow census, STAYS MIXED (1): 78f3b0ec o10, which is UNRESOLVED in both phases with no effect. - Not evaluable: E1 and E2 (o3, o7 MIXTURE with one stratum empty) a"
roles/Ananke/research/workers/W-R/REPORT.md,58,78f3b0ec,78f3b0eccd44b1ed,evolve,B2,RELAY,0,,,,0,"1 | - Frozen census, PARTLY (11): 2dccdaa5 o5; c16d5231 o4, o5; 8c37f32e o5; 4781b0a1 o1-4, o11, o14, o15. - Frozen census, STAYS MIXED (6): 4781b0a1 o5-10. - Follow census, PARTLY (5): e06701a5 o5; 78f3b0ec o9, o11, o14, o15. - Follow census, STAYS MIXED (1): 78f3b0ec o10, which is UNRESOLVED in both phases with no effect. - Not evaluable: E1 and E2 (o3, o7 MIXTURE with one stratum empty) and the async"
roles/Ananke/research/workers/W-R/REPORT.md,59,78f3b0ec,78f3b0eccd44b1ed,evolve,B2,RELAY,0,,,,0,"5; 8c37f32e o5; 4781b0a1 o1-4, o11, o14, o15. - Frozen census, STAYS MIXED (6): 4781b0a1 o5-10. - Follow census, PARTLY (5): e06701a5 o5; 78f3b0ec o9, o11, o14, o15. - Follow census, STAYS MIXED (1): 78f3b0ec o10, which is UNRESOLVED in both phases with no effect. - Not evaluable: E1 and E2 (o3, o7 MIXTURE with one stratum empty) and the async control (14 UNRESOLVED readings, all staying mixed). The domi"
roles/Ananke/research/workers/W-R/REPORT.md,66,2dccdaa5,2dccdaa5eb8ffa0e,evolve,B,RELAY,0,,,,0,". The dominant pattern: in the RELAY cells, the pooled MIXTURE is one clean phase plus one phase that is itself a roughly 50/50 S/C mixture. | Cell / offset | Pooled | q1 | q0 | |---|---|---|---| | 2dccdaa5 o5 | MIXTURE S .66 [.61,.69] C .32 | SITE S 1.00 [1.00,1.00] (n310) | MIXTURE S .47 [.41,.53] C .49 [.44,.55] (n573) | | c16d5231 o5 | MIXTURE S .69 C .31 | SITE 1.00 (n550) | MIXTURE S .44 [.39,.49]"
roles/Ananke/research/workers/W-R/REPORT.md,67,c16d5231,c16d52319beb8bce,evolve,B2,RELAY,0,,,,0,"/C mixture. | Cell / offset | Pooled | q1 | q0 | |---|---|---|---| | 2dccdaa5 o5 | MIXTURE S .66 [.61,.69] C .32 | SITE S 1.00 [1.00,1.00] (n310) | MIXTURE S .47 [.41,.53] C .49 [.44,.55] (n573) | | c16d5231 o5 | MIXTURE S .69 C .31 | SITE 1.00 (n550) | MIXTURE S .44 [.39,.49] C .56 [.51,.61] (n661) | | c16d5231 o4 | MIXTURE S .28 C .71 | CHANNEL C .85 [.81,.88] | MIXTURE S .45 C .55 | | 8c37f32e o5 | UN"
roles/Ananke/research/workers/W-R/REPORT.md,68,c16d5231,c16d52319beb8bce,evolve,B2,RELAY,0,,,,0,"] C .32 | SITE S 1.00 [1.00,1.00] (n310) | MIXTURE S .47 [.41,.53] C .49 [.44,.55] (n573) | | c16d5231 o5 | MIXTURE S .69 C .31 | SITE 1.00 (n550) | MIXTURE S .44 [.39,.49] C .56 [.51,.61] (n661) | | c16d5231 o4 | MIXTURE S .28 C .71 | CHANNEL C .85 [.81,.88] | MIXTURE S .45 C .55 | | 8c37f32e o5 | UNRESOLVED S .57 C .23 N .18 | SITE .99 [.97,1.00] (n361) | UNRESOLVED S .33 C .36 N .28 (n634) | - Pattern"
roles/Ananke/research/workers/W-R/REPORT.md,69,8c37f32e,8c37f32e68843070,evolve,D,RELAY,0,,,,0,"73) | | c16d5231 o5 | MIXTURE S .69 C .31 | SITE 1.00 (n550) | MIXTURE S .44 [.39,.49] C .56 [.51,.61] (n661) | | c16d5231 o4 | MIXTURE S .28 C .71 | CHANNEL C .85 [.81,.88] | MIXTURE S .45 C .55 | | 8c37f32e o5 | UNRESOLVED S .57 C .23 N .18 | SITE .99 [.97,1.00] (n361) | UNRESOLVED S .33 C .36 N .28 (n634) | - Pattern o0: pooled IDENTITY-BROKEN becomes CHANNEL in q0 (SITE for 78f3b0ec) and stays IDENTI"
roles/Ananke/research/workers/W-R/REPORT.md,71,78f3b0ec,78f3b0eccd44b1ed,evolve,B2,RELAY,0,,,,0,"E S .45 C .55 | | 8c37f32e o5 | UNRESOLVED S .57 C .23 N .18 | SITE .99 [.97,1.00] (n361) | UNRESOLVED S .33 C .36 N .28 (n634) | - Pattern o0: pooled IDENTITY-BROKEN becomes CHANNEL in q0 (SITE for 78f3b0ec) and stays IDENTITY-BROKEN in q1. The second cue tick falls on an asleep tick in q0, so it is never read and identity holds. This matches the plant derivation. - 2dccdaa5 and c16d5231 were replicated"
roles/Ananke/research/workers/W-R/REPORT.md,72,2dccdaa5,2dccdaa5eb8ffa0e,evolve,B,RELAY,0,,,,0,"omes CHANNEL in q0 (SITE for 78f3b0ec) and stays IDENTITY-BROKEN in q1. The second cue tick falls on an asleep tick in q0, so it is never read and identity holds. This matches the plant derivation. - 2dccdaa5 and c16d5231 were replicated post hoc at ns 0x621 with identical classes (e.g. 2dccdaa5 o5 q1 SITE 1.00, q0 MIXTURE .51/.45). 4781b0a1 (MAJ): | Offset | q0 | q1 | |---|---|---| | o1 | UNRESOLVED |"
roles/Ananke/research/workers/W-R/REPORT.md,72,c16d5231,c16d52319beb8bce,evolve,B2,RELAY,0,,,,0,"in q0 (SITE for 78f3b0ec) and stays IDENTITY-BROKEN in q1. The second cue tick falls on an asleep tick in q0, so it is never read and identity holds. This matches the plant derivation. - 2dccdaa5 and c16d5231 were replicated post hoc at ns 0x621 with identical classes (e.g. 2dccdaa5 o5 q1 SITE 1.00, q0 MIXTURE .51/.45). 4781b0a1 (MAJ): | Offset | q0 | q1 | |---|---|---| | o1 | UNRESOLVED | SITE .83 [.78"
roles/Ananke/research/workers/W-R/REPORT.md,72,2dccdaa5,2dccdaa5eb8ffa0e,evolve,B,RELAY,0,,,,0,"ick falls on an asleep tick in q0, so it is never read and identity holds. This matches the plant derivation. - 2dccdaa5 and c16d5231 were replicated post hoc at ns 0x621 with identical classes (e.g. 2dccdaa5 o5 q1 SITE 1.00, q0 MIXTURE .51/.45). 4781b0a1 (MAJ): | Offset | q0 | q1 | |---|---|---| | o1 | UNRESOLVED | SITE .83 [.78,.87] | | o2 | UNRESOLVED | SITE .80 [.76,.85] | | o3 | UNRESOLVED | SITE ."
roles/Ananke/research/workers/W-R/REPORT.md,74,4781b0a1,4781b0a172b6dc3c,evolve,C,MAJ,0,,,,0,"r read and identity holds. This matches the plant derivation. - 2dccdaa5 and c16d5231 were replicated post hoc at ns 0x621 with identical classes (e.g. 2dccdaa5 o5 q1 SITE 1.00, q0 MIXTURE .51/.45). 4781b0a1 (MAJ): | Offset | q0 | q1 | |---|---|---| | o1 | UNRESOLVED | SITE .83 [.78,.87] | | o2 | UNRESOLVED | SITE .80 [.76,.85] | | o3 | UNRESOLVED | SITE .87 [.83,.91] | | o4 | NEITHER N .68 [.63,.74] |"
roles/Ananke/research/workers/W-R/REPORT.md,97,e06701a5,e06701a5e70bb7c2,evolve,D,RELAY,0,,,,0,"| NEITHER N .64 [.57,.70] | - The N fraction concentrates in one phase at every offset, but that phase is never clean. The other phase is clean only at o1-4 and o11-15. Follow census (secondary): - e06701a5 o5: q1 SITE 1.00, q0 NEITHER .55 [.48,.62]. - 78f3b0ec o9, o11, o14, o15: one phase is clean (SITE 1.00, CHANNEL 1.00, CHANNEL 1.00, SITE 1.00). The other phase is a near-thirds blend (S .32-.37, C ."
roles/Ananke/research/workers/W-R/REPORT.md,98,78f3b0ec,78f3b0eccd44b1ed,evolve,B2,RELAY,0,,,,0,"tes in one phase at every offset, but that phase is never clean. The other phase is clean only at o1-4 and o11-15. Follow census (secondary): - e06701a5 o5: q1 SITE 1.00, q0 NEITHER .55 [.48,.62]. - 78f3b0ec o9, o11, o14, o15: one phase is clean (SITE 1.00, CHANNEL 1.00, CHANNEL 1.00, SITE 1.00). The other phase is a near-thirds blend (S .32-.37, C .32-.37, N .30-.31). The same blend holds at o10 in both"
roles/Ananke/research/workers/W-R/REPORT.md,105,369f5a5b,369f5a5b745eb592,evolve,B,RELAY,0,,held,178,0,"atum is UNDEFINED (P1 held). - The MIXTUREs at o3 and o7 all lie in q1: E2 o3 S .45 [.42,.48] C .48; E2 o7 S .47 C .52; E1 o3 and o7 are similar. - So they cannot be phase pooling. Negative control (369f5a5b, async): - Classes are identical in both strata at all 16 offsets: UNRESOLVED at o1-14, SITE at o15, IDENTITY-BROKEN at o0. - The frozen rule FAILED by one offset: PHASE EFFECT at o1 (dN -.15 [-.25,-"
roles/Ananke/research/workers/W-R/REPORT.md,118,4781b0a1,4781b0a172b6dc3c,evolve,C,MAJ,0,,held,88,0,"ediction scorecard: | Prediction | Result | |---|---| | P1 (E1/E2 single-phase bookkeeping) | held | | P2 (negative control shows no effect) | FAILED the frozen rule at 0x620; clean at 0x621 | | P3 (4781b0a1: effect at >= 8 of o1-15; o14/o15 at least partly resolve; 0-2 full resolutions) | held: 15 of 15, o14/o15 PARTLY, 0 full | | P4 (>= half of the pooled MIXTUREs in period-2 cells RESOLVE) | FAILED: 0"
roles/Ananke/research/workers/W-R/REPORT.md,120,4781b0a1,4781b0a172b6dc3c,evolve,C,MAJ,0,,held,37,0,"ls RESOLVE) | FAILED: 0 resolve; all are PARTLY (one phase clean, the other still a within-phase mixture) | | P4b (pooled SITE/CHANNEL offsets keep their class) | held for the RELAY cells, failed for 4781b0a1 o12/o13 | | P5 (4781b0a1 mixed readings stay mixed or only partly resolve) | held | KNOWN-ANSWER CHECKS | Check | Result | Must-fail input, shown to fail | |---|---|---| | KA-F: fork runner vs lens"
roles/Ananke/research/workers/W-R/REPORT.md,121,4781b0a1,4781b0a172b6dc3c,evolve,C,MAJ,0,,held,57,0,"esolve; all are PARTLY (one phase clean, the other still a within-phase mixture) | | P4b (pooled SITE/CHANNEL offsets keep their class) | held for the RELAY cells, failed for 4781b0a1 o12/o13 | | P5 (4781b0a1 mixed readings stay mixed or only partly resolve) | held | KNOWN-ANSWER CHECKS | Check | Result | Must-fail input, shown to fail | |---|---|---| | KA-F: fork runner vs lens_swap.run_arms (M = 16, a"
roles/Ananke/research/workers/W-R/REPORT.md,127,369f5a5b,369f5a5b745eb592,evolve,B,RELAY,0,,,,0,"fail | |---|---|---| | KA-F: fork runner vs lens_swap.run_arms (M = 16, all offsets, trials 1 and 2) | Bit-identical (per-trial score and raw S0 of every arm, plus the normal arm): PLANT2 52/52 arms, 369f5a5b 64/64, 4781b0a1 64/64 | Forking one tick late: 1 mismatched arm (PLANT2) and 4 (each cell), all at o0 → not identical | | KA-P: echo_hold under c1b_echo_physics with update_period 2 (HOLD gap 11, iti"
roles/Ananke/research/workers/W-R/REPORT.md,127,4781b0a1,4781b0a172b6dc3c,evolve,C,MAJ,0,,,,0,"---| | KA-F: fork runner vs lens_swap.run_arms (M = 16, all offsets, trials 1 and 2) | Bit-identical (per-trial score and raw S0 of every arm, plus the normal arm): PLANT2 52/52 arms, 369f5a5b 64/64, 4781b0a1 64/64 | Forking one tick late: 1 mismatched arm (PLANT2) and 4 (each cell), all at o0 → not identical | | KA-P: echo_hold under c1b_echo_physics with update_period 2 (HOLD gap 11, iti 3, Pd 17), pred"
roles/Ananke/research/workers/W-R/REPORT.md,129,4781b0a1,4781b0a172b6dc3c,evolve,C,MAJ,0,,,,0,"nt set {6}, so checks i-iii fail. Caveat: a shuffle of 11 labels leaves most labels in place, so this is a weak must-fail. | | KA-N: the no-phase-effect rule applied to known positives | Must fail on 4781b0a1 and PLANT2: it does (16 and 4 effect offsets). It passes on PLANT1. | — | | KA-B: pytest bookkeeping | A synthetic phase-locked S/C table reads pooled MIXTURE, q0 SITE, q1 CHANNEL, and RESOLVES | Lab"
roles/Ananke/research/workers/W-R/REPORT.md,134,2dccdaa5,2dccdaa5eb8ffa0e,evolve,B,RELAY,0,,,,0,"asses (asserted). A phase-independent 50/50 mixture reads MIXTURE in both phases with no effect (asserted). | DISAGREEMENTS 1. With W-M (REPORT.md). Its pooled MIXTUREs in the period-2 RELAY cells (2dccdaa5 o5, c16d5231 o4/o5, follow 78f3b0ec o9/o14) are partly update-clock pooling. - One phase is 100% SITE or CHANNEL. For example, c16d5231 o5 ""fS .67"" is a 100%-SITE phase pooled with a 44/56 phase."
roles/Ananke/research/workers/W-R/REPORT.md,134,c16d5231,c16d52319beb8bce,evolve,B2,RELAY,0,,,,0,"ed). A phase-independent 50/50 mixture reads MIXTURE in both phases with no effect (asserted). | DISAGREEMENTS 1. With W-M (REPORT.md). Its pooled MIXTUREs in the period-2 RELAY cells (2dccdaa5 o5, c16d5231 o4/o5, follow 78f3b0ec o9/o14) are partly update-clock pooling. - One phase is 100% SITE or CHANNEL. For example, c16d5231 o5 ""fS .67"" is a 100%-SITE phase pooled with a 44/56 phase. - The per-"
roles/Ananke/research/workers/W-R/REPORT.md,134,78f3b0ec,78f3b0eccd44b1ed,evolve,B2,RELAY,0,,,,0,"t 50/50 mixture reads MIXTURE in both phases with no effect (asserted). | DISAGREEMENTS 1. With W-M (REPORT.md). Its pooled MIXTUREs in the period-2 RELAY cells (2dccdaa5 o5, c16d5231 o4/o5, follow 78f3b0ec o9/o14) are partly update-clock pooling. - One phase is 100% SITE or CHANNEL. For example, c16d5231 o5 ""fS .67"" is a 100%-SITE phase pooled with a 44/56 phase. - The per-trial S/C mixture W-M f"
roles/Ananke/research/workers/W-R/REPORT.md,135,c16d5231,c16d52319beb8bce,evolve,B2,RELAY,0,,,,0,"REPORT.md). Its pooled MIXTUREs in the period-2 RELAY cells (2dccdaa5 o5, c16d5231 o4/o5, follow 78f3b0ec o9/o14) are partly update-clock pooling. - One phase is 100% SITE or CHANNEL. For example, c16d5231 o5 ""fS .67"" is a 100%-SITE phase pooled with a 44/56 phase. - The per-trial S/C mixture W-M found is real, but it lives inside one phase only. The pooled fS/fC values are phase-weighted blends."
roles/Ananke/research/workers/W-R/REPORT.md,143,4781b0a1,4781b0a172b6dc3c,evolve,C,MAJ,0,,,,0,"2. With W-P. Numbers agree within CIs: - o14: C 1.00 in q0 vs N .65 in q1 (W-P: 1.00 vs .70). - o15: S 1.00 vs N .64 (W-P: 1.00 vs .64). - o4: N .68 vs .13 (W-P: .73 vs .12). I extend it: 4781b0a1 has a phase effect at every offset, and even the pooled CHANNEL offsets o12/o13 hold an UNRESOLVED phase. W-P's clean phase is never matched by a clean other phase. 3. With the corrections register"
roles/Ananke/research/workers/W-R/REPORT.md,146,c16d5231,c16d52319beb8bce,evolve,B2,RELAY,0,,,,0,"fsets o12/o13 hold an UNRESOLVED phase. W-P's clean phase is never matched by a clean other phase. 3. With the corrections register (CORRECTIONS_2026-09-29_SWAP_AUDIT / W-O corrections_WI.csv). - c16d5231 o5 M->S and 8c37f32e o5 J->S: ""S"" is correct in one clock phase only. The other phase is 44/56 S/C (c16d5231) or S .33 / C .36 / N .28 (8c37f32e). - 4781b0a1 o5 J->S: S reaches .78 only in q1; q0"
roles/Ananke/research/workers/W-R/REPORT.md,146,8c37f32e,8c37f32e68843070,evolve,D,RELAY,0,,,,0,"UNRESOLVED phase. W-P's clean phase is never matched by a clean other phase. 3. With the corrections register (CORRECTIONS_2026-09-29_SWAP_AUDIT / W-O corrections_WI.csv). - c16d5231 o5 M->S and 8c37f32e o5 J->S: ""S"" is correct in one clock phase only. The other phase is 44/56 S/C (c16d5231) or S .33 / C .36 / N .28 (8c37f32e). - 4781b0a1 o5 J->S: S reaches .78 only in q1; q0 is NEITHER .63. -"
roles/Ananke/research/workers/W-R/REPORT.md,146,c16d5231,c16d52319beb8bce,evolve,B2,RELAY,0,,,,0,"he corrections register (CORRECTIONS_2026-09-29_SWAP_AUDIT / W-O corrections_WI.csv). - c16d5231 o5 M->S and 8c37f32e o5 J->S: ""S"" is correct in one clock phase only. The other phase is 44/56 S/C (c16d5231) or S .33 / C .36 / N .28 (8c37f32e). - 4781b0a1 o5 J->S: S reaches .78 only in q1; q0 is NEITHER .63. - 4781b0a1 o11 M->C, o14 J->C, o15 J->S: correct in q0 only; q1 is UNRESOLVED or NEITHER."
roles/Ananke/research/workers/W-R/REPORT.md,146,8c37f32e,8c37f32e68843070,evolve,D,RELAY,0,,,,0,"_2026-09-29_SWAP_AUDIT / W-O corrections_WI.csv). - c16d5231 o5 M->S and 8c37f32e o5 J->S: ""S"" is correct in one clock phase only. The other phase is 44/56 S/C (c16d5231) or S .33 / C .36 / N .28 (8c37f32e). - 4781b0a1 o5 J->S: S reaches .78 only in q1; q0 is NEITHER .63. - 4781b0a1 o11 M->C, o14 J->C, o15 J->S: correct in q0 only; q1 is UNRESOLVED or NEITHER. - 369f5a5b o2 J->S is not support"
roles/Ananke/research/workers/W-R/REPORT.md,147,4781b0a1,4781b0a172b6dc3c,evolve,C,MAJ,0,,,,0,"_AUDIT / W-O corrections_WI.csv). - c16d5231 o5 M->S and 8c37f32e o5 J->S: ""S"" is correct in one clock phase only. The other phase is 44/56 S/C (c16d5231) or S .33 / C .36 / N .28 (8c37f32e). - 4781b0a1 o5 J->S: S reaches .78 only in q1; q0 is NEITHER .63. - 4781b0a1 o11 M->C, o14 J->C, o15 J->S: correct in q0 only; q1 is UNRESOLVED or NEITHER. - 369f5a5b o2 J->S is not supported: UNRESOLVED f"
roles/Ananke/research/workers/W-R/REPORT.md,148,4781b0a1,4781b0a172b6dc3c,evolve,C,MAJ,0,,,,0,"o5 J->S: ""S"" is correct in one clock phase only. The other phase is 44/56 S/C (c16d5231) or S .33 / C .36 / N .28 (8c37f32e). - 4781b0a1 o5 J->S: S reaches .78 only in q1; q0 is NEITHER .63. - 4781b0a1 o11 M->C, o14 J->C, o15 J->S: correct in q0 only; q1 is UNRESOLVED or NEITHER. - 369f5a5b o2 J->S is not supported: UNRESOLVED fS .50 in both phases (as W-P said). o14 reads UNRESOLVED fS .74 at 0"
roles/Ananke/research/workers/W-R/REPORT.md,149,369f5a5b,369f5a5b745eb592,evolve,B,RELAY,0,,,,0,"S .33 / C .36 / N .28 (8c37f32e). - 4781b0a1 o5 J->S: S reaches .78 only in q1; q0 is NEITHER .63. - 4781b0a1 o11 M->C, o14 J->C, o15 J->S: correct in q0 only; q1 is UNRESOLVED or NEITHER. - 369f5a5b o2 J->S is not supported: UNRESOLVED fS .50 in both phases (as W-P said). o14 reads UNRESOLVED fS .74 at 0x620 but SITE at 0x621, so it is threshold jitter. - On period-2 cells, single letters sho"
roles/Ananke/research/workers/W-R/REPORT.md,178,369f5a5b,369f5a5b745eb592,evolve,B,RELAY,0,,,,0,"t.py (exact split test), followdiff.py (follow-census phase effect) - out/physics.json - out/strat_<spec>.json and out/raw_<spec>.npz for the 9 specs plus PLANT1 and PLANT2 - Replications: out/strat_{369f5a5b,2dccdaa5,c16d5231}_ns0x621.json - out/ka_fork_*.json, out/posthoc_*.json, out/split_*.json, out/followdiff_*.json - out/summary.txt and out/summary.json (the authoritative tables) - logs/*.log Propo"
roles/Ananke/research/workers/W-R/REPORT.md,178,2dccdaa5,2dccdaa5eb8ffa0e,evolve,B,RELAY,0,,,,0,"ct split test), followdiff.py (follow-census phase effect) - out/physics.json - out/strat_<spec>.json and out/raw_<spec>.npz for the 9 specs plus PLANT1 and PLANT2 - Replications: out/strat_{369f5a5b,2dccdaa5,c16d5231}_ns0x621.json - out/ka_fork_*.json, out/posthoc_*.json, out/split_*.json, out/followdiff_*.json - out/summary.txt and out/summary.json (the authoritative tables) - logs/*.log Proposed follo"
roles/Ananke/research/workers/W-R/REPORT.md,178,c16d5231,c16d52319beb8bce,evolve,B2,RELAY,0,,,,0,"test), followdiff.py (follow-census phase effect) - out/physics.json - out/strat_<spec>.json and out/raw_<spec>.npz for the 9 specs plus PLANT1 and PLANT2 - Replications: out/strat_{369f5a5b,2dccdaa5,c16d5231}_ns0x621.json - out/ka_fork_*.json, out/posthoc_*.json, out/split_*.json, out/followdiff_*.json - out/summary.txt and out/summary.json (the authoritative tables) - logs/*.log Proposed follow-ups - I"
roles/Ananke/research/workers/W-R/out/summary.txt,1,2dccdaa5,2dccdaa5eb8ffa0e,evolve,B,RELAY,0,,,,0,"== 2dccdaa5 sync period 2 Pd 11 strat update_clock M 256 ns 0x620 ro_off 8 normal acc by t0 phase {'t0mod2=0': 0.7421875, 't0mod2=1': 0.873046875} wall 290s o 0 pooled IDENTITY-B n 883 S0.00[0.00,0.00] C0.35[0."
roles/Ananke/research/workers/W-R/out/summary.txt,34,2dccdaa5,2dccdaa5eb8ffa0e,evolve,B,RELAY,0,,,,0,"q1 SITE n 310 S1.00[1.00,1.00] C0.00[0.00,0.00] N0.00[0.00,0.00] id1.00 trials [2, 4, 6, 8, 10] diff q1-q0 dS+0.00[+0.00,+0.00] dC+0.00[+0.00,+0.00] dN+0.00[+0.00,+0.00] SUMMARY 2dccdaa5: phase-effect offsets [0, 5]; supported class changes [0, 5]; jitter [] pooled-mixed resolution (frozen): RESOLVES [], PARTLY [5], STAYS_MIXED [] no-phase-effect rule (PLAN s2): {'effect_offset"
roles/Ananke/research/workers/W-R/out/summary.txt,38,c16d5231,c16d52319beb8bce,evolve,B2,RELAY,0,,,,0,"pooled-mixed resolution (frozen): RESOLVES [], PARTLY [5], STAYS_MIXED [] no-phase-effect rule (PLAN s2): {'effect_offsets': ['0', '5'], 'supported_class_changes': ['0', '5'], 'pass': False} == c16d5231 sync period 2 Pd 11 strat update_clock M 256 ns 0x620 ro_off 8 normal acc by t0 phase {'t0mod2=0': 0.873828125, 't0mod2=1': 0.8782552083333334} wall 297s o 0 pooled IDENTITY-B n1211 S0.15[0.12,0.18]"
roles/Ananke/research/workers/W-R/out/summary.txt,71,c16d5231,c16d52319beb8bce,evolve,B2,RELAY,0,,,,0,"q1 SITE n 550 S1.00[1.00,1.00] C0.00[0.00,0.00] N0.00[0.00,0.00] id1.00 trials [2, 4, 6, 8, 10] diff q1-q0 dS+0.00[+0.00,+0.00] dC+0.00[+0.00,+0.00] dN+0.00[+0.00,+0.00] SUMMARY c16d5231: phase-effect offsets [0, 4, 5]; supported class changes [0, 4, 5]; jitter [] pooled-mixed resolution (frozen): RESOLVES [], PARTLY [4, 5], STAYS_MIXED [] no-phase-effect rule (PLAN s2): {'effe"
roles/Ananke/research/workers/W-R/out/summary.txt,75,8c37f32e,8c37f32e68843070,evolve,D,RELAY,0,,,,0,"d resolution (frozen): RESOLVES [], PARTLY [4, 5], STAYS_MIXED [] no-phase-effect rule (PLAN s2): {'effect_offsets': ['0', '4', '5'], 'supported_class_changes': ['0', '4', '5'], 'pass': False} == 8c37f32e sync period 2 Pd 11 strat update_clock M 256 ns 0x620 ro_off 8 normal acc by t0 phase {'t0mod2=0': 0.78203125, 't0mod2=1': 0.912109375} wall 233s o 0 pooled IDENTITY-B n 995 S0.00[0.00,0.00] C0.36[0"
roles/Ananke/research/workers/W-R/out/summary.txt,108,8c37f32e,8c37f32e68843070,evolve,D,RELAY,0,,,,0,"q1 SITE n 361 S0.99[0.98,1.00] C0.00[0.00,0.00] N0.01[0.00,0.02] id1.00 trials [2, 4, 6, 8, 10] diff q1-q0 dS-0.01[-0.02,+0.00] dC+0.00[+0.00,+0.00] dN+0.01[+0.00,+0.02] SUMMARY 8c37f32e: phase-effect offsets [0, 5]; supported class changes [0, 5]; jitter [] pooled-mixed resolution (frozen): RESOLVES [], PARTLY [5], STAYS_MIXED [] no-phase-effect rule (PLAN s2): {'effect_offset"
roles/Ananke/research/workers/W-R/out/summary.txt,112,e06701a5,e06701a5e70bb7c2,evolve,D,RELAY,0,,,,0,"pooled-mixed resolution (frozen): RESOLVES [], PARTLY [5], STAYS_MIXED [] no-phase-effect rule (PLAN s2): {'effect_offsets': ['0', '5'], 'supported_class_changes': ['0', '5'], 'pass': False} == e06701a5 sync period 2 Pd 11 strat update_clock M 256 ns 0x620 ro_off 8 normal acc by t0 phase {'t0mod2=0': 0.650390625, 't0mod2=1': 0.6930338541666666} wall 218s o 0 pooled UNDEFINED n 0 q0 UNDE"
roles/Ananke/research/workers/W-R/out/summary.txt,169,e06701a5,e06701a5e70bb7c2,evolve,D,RELAY,0,,,,0,"FOLLOW q0 SITE n 593 S1.00[1.00,1.00] C0.00[0.00,0.00] N0.00[0.00,0.00] id1.00 FOLLOW q1 SITE n 385 S1.00[1.00,1.00] C0.00[0.00,0.00] N0.00[0.00,0.00] id1.00 SUMMARY e06701a5: phase-effect offsets []; supported class changes []; jitter [] pooled-mixed resolution (frozen): RESOLVES [], PARTLY [], STAYS_MIXED [] pooled-mixed resolution (follow): RESOLVES [], PARTLY [5"
roles/Ananke/research/workers/W-R/out/summary.txt,174,78f3b0ec,78f3b0eccd44b1ed,evolve,B2,RELAY,0,,,,0,"STAYS_MIXED [] pooled-mixed resolution (follow): RESOLVES [], PARTLY [5], STAYS_MIXED [] no-phase-effect rule (PLAN s2): {'effect_offsets': [], 'supported_class_changes': [], 'pass': True} == 78f3b0ec sync period 2 Pd 19 strat update_clock M 256 ns 0x620 ro_off 16 normal acc by t0 phase {'t0mod2=0': 0.67265625, 't0mod2=1': 0.6770833333333334} wall 910s o 0 pooled UNDEFINED n 0 q0 UNDE"
roles/Ananke/research/workers/W-R/out/summary.txt,287,78f3b0ec,78f3b0eccd44b1ed,evolve,B2,RELAY,0,,,,0,"FOLLOW q0 SITE n 544 S1.00[1.00,1.00] C0.00[0.00,0.00] N0.00[0.00,0.00] id1.00 FOLLOW q1 UNRESOLVED n 442 S0.37[0.31,0.43] C0.34[0.28,0.39] N0.30[0.24,0.36] id1.00 PARTLY SUMMARY 78f3b0ec: phase-effect offsets []; supported class changes []; jitter [] pooled-mixed resolution (frozen): RESOLVES [], PARTLY [], STAYS_MIXED [] pooled-mixed resolution (follow): RESOLVES [], PARTLY [9"
roles/Ananke/research/workers/W-R/out/summary.txt,292,4781b0a1,4781b0a172b6dc3c,evolve,C,MAJ,0,,,,0,"] pooled-mixed resolution (follow): RESOLVES [], PARTLY [9, 11, 14, 15], STAYS_MIXED [10] no-phase-effect rule (PLAN s2): {'effect_offsets': [], 'supported_class_changes': [], 'pass': True} == 4781b0a1 sync period 2 Pd 19 strat update_clock M 256 ns 0x620 ro_off 16 normal acc by t0 phase {'t0mod2=0': 0.74453125, 't0mod2=1': 0.7552083333333334} wall 911s o 0 pooled IDENTITY-B n 892 S0.30[0.26,0.33]"
roles/Ananke/research/workers/W-R/out/summary.txt,357,4781b0a1,4781b0a172b6dc3c,evolve,C,MAJ,0,,,,0,"n 395 S0.18[0.14,0.23] C0.18[0.13,0.24] N0.64[0.57,0.70] id1.00 trials [2, 4, 6, 8, 10] diff q1-q0 dS-0.82[-0.87,-0.78] dC+0.18[+0.13,+0.24] dN+0.64[+0.57,+0.70] EFFECT CHANGE PARTLY SUMMARY 4781b0a1: phase-effect offsets [0, 1, 2, 3, 4, 5, 6, 7, 8, 9, 10, 11, 12, 13, 14, 15]; supported class changes [0, 1, 2, 3, 4, 5, 6, 7, 8, 10, 11, 12, 13, 14, 15]; jitter [] pooled-mixed resolution (frozen"
roles/Ananke/research/workers/W-R/out/summary.txt,361,369f5a5b,369f5a5b745eb592,evolve,B,RELAY,0,,,,0,"3', '4', '5', '6', '7', '8', '9', '10', '11', '12', '13', '14', '15'], 'supported_class_changes': ['0', '1', '2', '3', '4', '5', '6', '7', '8', '10', '11', '12', '13', '14', '15'], 'pass': False} == 369f5a5b async period 1 Pd 19 strat pseudo_parity M 256 ns 0x620 ro_off 16 normal acc by t0 phase {'t0mod2=0': 0.67265625, 't0mod2=1': 0.6744791666666666} wall 923s o 0 pooled IDENTITY-B n 486 S0.15[0.11,0.1"
roles/Ananke/research/workers/W-R/out/summary.txt,426,369f5a5b,369f5a5b745eb592,evolve,B,RELAY,0,,,,0,"q1 SITE n 222 S0.89[0.82,0.94] C0.04[0.00,0.08] N0.08[0.03,0.14] id1.00 trials [2, 4, 6, 8, 10] diff q1-q0 dS+0.02[-0.05,+0.09] dC+0.01[-0.03,+0.06] dN-0.04[-0.10,+0.04] SUMMARY 369f5a5b: phase-effect offsets [1, 3]; supported class changes []; jitter [] pooled-mixed resolution (frozen): RESOLVES [], PARTLY [], STAYS_MIXED [1, 2, 3, 4, 5, 6, 7, 8, 9, 10, 11, 12, 13, 14] no-phas"
roles/Ananke/research/workers/W-R/out/summary.txt,646,4781b0a1,4781b0a172b6dc3c,evolve,C,MAJ,0,,,,0,"""MIXTURE"", ""CHANNEL""], [11, 1, ""MIXTURE"", ""SITE""]], ""iii"": false, ""normal_ok"": true, ""normal"": {""t0mod2=0"": 1.0, ""t0mod2=1"": 1.0}, ""PASS"": false} == KA-N: no-phase-effect rule must FAIL on positives (4781b0a1, PLANT2) and PASS on 369f5a5b 369f5a5b: pass=False effect offsets ['1', '3'] 4781b0a1: pass=False effect offsets ['0', '1', '2', '3', '4', '5', '6', '7', '8', '9', '10', '11', '12', '13', '14', '15"
roles/Ananke/research/workers/W-R/out/summary.txt,646,369f5a5b,369f5a5b745eb592,evolve,B,RELAY,0,,,,0,"""MIXTURE"", ""SITE""]], ""iii"": false, ""normal_ok"": true, ""normal"": {""t0mod2=0"": 1.0, ""t0mod2=1"": 1.0}, ""PASS"": false} == KA-N: no-phase-effect rule must FAIL on positives (4781b0a1, PLANT2) and PASS on 369f5a5b 369f5a5b: pass=False effect offsets ['1', '3'] 4781b0a1: pass=False effect offsets ['0', '1', '2', '3', '4', '5', '6', '7', '8', '9', '10', '11', '12', '13', '14', '15'] PLANT2: pass=False effect"
roles/Ananke/research/workers/W-R/out/summary.txt,647,369f5a5b,369f5a5b745eb592,evolve,B,RELAY,0,,,,0,", ""SITE""]], ""iii"": false, ""normal_ok"": true, ""normal"": {""t0mod2=0"": 1.0, ""t0mod2=1"": 1.0}, ""PASS"": false} == KA-N: no-phase-effect rule must FAIL on positives (4781b0a1, PLANT2) and PASS on 369f5a5b 369f5a5b: pass=False effect offsets ['1', '3'] 4781b0a1: pass=False effect offsets ['0', '1', '2', '3', '4', '5', '6', '7', '8', '9', '10', '11', '12', '13', '14', '15'] PLANT2: pass=False effect offsets ['"
roles/Ananke/research/workers/W-R/out/summary.txt,648,4781b0a1,4781b0a172b6dc3c,evolve,C,MAJ,0,,,,0,"rmal"": {""t0mod2=0"": 1.0, ""t0mod2=1"": 1.0}, ""PASS"": false} == KA-N: no-phase-effect rule must FAIL on positives (4781b0a1, PLANT2) and PASS on 369f5a5b 369f5a5b: pass=False effect offsets ['1', '3'] 4781b0a1: pass=False effect offsets ['0', '1', '2', '3', '4', '5', '6', '7', '8', '9', '10', '11', '12', '13', '14', '15'] PLANT2: pass=False effect offsets ['0', '5', '6', '11'] PLANT1: pass=True effect of"
roles/Ananke/research/workers/W-S/LOG.md,20,2dccdaa5,2dccdaa5eb8ffa0e,evolve,B,RELAY,0,,champion|held,100,0,"then follows y_prev == y_now. So H1 needs a 3-way predictor (all-held S / all-in-flight C / straddle M). A3 13:55Z KA-F (arm identity vs W-R fork_single, M16 ns 0x630 trials 1-3): PLANT2J1 11/11, 2dccdaa5 5/5, e06701a5 5/5; must-fail late=1: 10/11, 3/5, 3/5 (not identical). NOTE: this touched champion 2dccdaa5 at M16 for arm identity only; no pattern or predictor output was computed or looked at."
roles/Ananke/research/workers/W-S/LOG.md,21,e06701a5,e06701a5e70bb7c2,evolve,D,RELAY,0,,champion|held,84,0,"prev == y_now. So H1 needs a 3-way predictor (all-held S / all-in-flight C / straddle M). A3 13:55Z KA-F (arm identity vs W-R fork_single, M16 ns 0x630 trials 1-3): PLANT2J1 11/11, 2dccdaa5 5/5, e06701a5 5/5; must-fail late=1: 10/11, 3/5, 3/5 (not identical). NOTE: this touched champion 2dccdaa5 at M16 for arm identity only; no pattern or predictor output was computed or looked at. A4 13:57Z DEV r"
roles/Ananke/research/workers/W-S/LOG.md,22,2dccdaa5,2dccdaa5eb8ffa0e,evolve,B,RELAY,0,,champion,11,0,"13:55Z KA-F (arm identity vs W-R fork_single, M16 ns 0x630 trials 1-3): PLANT2J1 11/11, 2dccdaa5 5/5, e06701a5 5/5; must-fail late=1: 10/11, 3/5, 3/5 (not identical). NOTE: this touched champion 2dccdaa5 at M16 for arm identity only; no pattern or predictor output was computed or looked at. A4 13:57Z DEV run (predictor development, declared): e06701a5 (same geometry, NOT a champion), M64, ns 0x631"
roles/Ananke/research/workers/W-S/LOG.md,23,e06701a5,e06701a5e70bb7c2,evolve,D,RELAY,0,,champion,31,0,"5 (not identical). NOTE: this touched champion 2dccdaa5 at M16 for arm identity only; no pattern or predictor output was computed or looked at. A4 13:57Z DEV run (predictor development, declared): e06701a5 (same geometry, NOT a champion), M64, ns 0x631, o4,o5. Plant exploration also counts as development. A5 14:00Z e06701a5 dev gave 0 eligible pair-trials (normal S0 mostly 0 = ties; it is a follow-c"
roles/Ananke/research/workers/W-S/LOG.md,25,e06701a5,e06701a5e70bb7c2,evolve,D,RELAY,0,,champion,92,0,"computed or looked at. A4 13:57Z DEV run (predictor development, declared): e06701a5 (same geometry, NOT a champion), M64, ns 0x631, o4,o5. Plant exploration also counts as development. A5 14:00Z e06701a5 dev gave 0 eligible pair-trials (normal S0 mostly 0 = ties; it is a follow-census cell). Switched DEV to 4781b0a1 (MAJ, sync p2, same geometry; not a champion) M64 ns 0x631 o5,o9. A6 (clock 13:31Z) C"
roles/Ananke/research/workers/W-S/LOG.md,25,4781b0a1,4781b0a172b6dc3c,evolve,C,MAJ,0,,champion,45,0,"on), M64, ns 0x631, o4,o5. Plant exploration also counts as development. A5 14:00Z e06701a5 dev gave 0 eligible pair-trials (normal S0 mostly 0 = ties; it is a follow-census cell). Switched DEV to 4781b0a1 (MAJ, sync p2, same geometry; not a champion) M64 ns 0x631 o5,o9. A6 (clock 13:31Z) CLOCK CORRECTION: the times in A1-A5 were estimates; `date -u` read 13:24Z at A0 and 13:31Z here. Changes since A"
roles/Ananke/research/workers/W-S/LOG.md,30,4781b0a1,4781b0a172b6dc3c,evolve,C,MAJ,0,,,,0,"f a sign-flipped world differs). Dev plant (jitter 1, M64 0x631): decisive P3 100% correct at the straddle phases (o5/o6/o11/o12 q1); P3 = M cases follow y_prev == y_now exactly (S iff same). Dev 4781b0a1: every cone M, direct in-flight share ~equal across S/C/N (no timing signal in MAJ). KA-L now scored as real-subset-of-logged (4781b0a1: 704/704 subset, 624/704 equal: logged copies can cancel in"
roles/Ananke/research/workers/W-S/LOG.md,31,4781b0a1,4781b0a172b6dc3c,evolve,C,MAJ,0,,,,0,"P3 = M cases follow y_prev == y_now exactly (S iff same). Dev 4781b0a1: every cone M, direct in-flight share ~equal across S/C/N (no timing signal in MAJ). KA-L now scored as real-subset-of-logged (4781b0a1: 704/704 subset, 624/704 equal: logged copies can cancel in a slot sum). A7 13:32Z PLAN.md FROZEN, sha256 5ef889411088081abcae7f8fa2eb17f0cd39c3408c6d8e2c577dd523b58e7719. Added P6_share to anal"
roles/Ananke/research/workers/W-S/LOG.md,37,c16d5231,c16d52319beb8bce,evolve,B2,RELAY,0,,champion,20,0,"ubshells -> champion runs did not start (bash error only); KA-P plant J1/J0 runs started (PIDs 26844 J1, then 26764 J0). Relaunching champions via launch_champs.sh. A10 13:33:48Z Champion PIDs 7808 (c16d5231), 10984 (2dccdaa5 then 8c37f32e), 2 threads each. KA-P runs done (J1 21 s, J0 27 s). A11 13:34:42Z KA-P PASS (out/summary_KA.txt): jitter1 straddle phase q1 at o5/o6/o11/o12: P3 decisive 1.00 [1.00,"
roles/Ananke/research/workers/W-S/LOG.md,37,2dccdaa5,2dccdaa5eb8ffa0e,evolve,B,RELAY,0,,champion,38,0,"on runs did not start (bash error only); KA-P plant J1/J0 runs started (PIDs 26844 J1, then 26764 J0). Relaunching champions via launch_champs.sh. A10 13:33:48Z Champion PIDs 7808 (c16d5231), 10984 (2dccdaa5 then 8c37f32e), 2 threads each. KA-P runs done (J1 21 s, J0 27 s). A11 13:34:42Z KA-P PASS (out/summary_KA.txt): jitter1 straddle phase q1 at o5/o6/o11/o12: P3 decisive 1.00 [1.00,1.00], coverage .4"
roles/Ananke/research/workers/W-S/LOG.md,37,8c37f32e,8c37f32e68843070,evolve,D,RELAY,0,,champion,52,0,"t start (bash error only); KA-P plant J1/J0 runs started (PIDs 26844 J1, then 26764 J0). Relaunching champions via launch_champs.sh. A10 13:33:48Z Champion PIDs 7808 (c16d5231), 10984 (2dccdaa5 then 8c37f32e), 2 threads each. KA-P runs done (J1 21 s, J0 27 s). A11 13:34:42Z KA-P PASS (out/summary_KA.txt): jitter1 straddle phase q1 at o5/o6/o11/o12: P3 decisive 1.00 [1.00,1.00], coverage .48/.51/.49/.53;"
roles/Ananke/research/workers/W-S/LOG.md,39,2dccdaa5,2dccdaa5eb8ffa0e,evolve,B,RELAY,0,,champion,20,0,".51 (<=.65). jitter0: every offset-phase a single class, P3 strict 1.00. Direct-only predictors P1/P2/P4 fail the first-leg offsets (carrier upstream), as expected. A12 13:36:22Z Champion runs done (2dccdaa5 66 s, c16d5231 65 s, 8c37f32e 50 s); summary out/summary_champions.{txt,json}. KA_L real-subset 2816/2816 in all three. A13 13:38:48Z POST HOC (labelled): posthoc.py re-runs champions (same seeds) f"
roles/Ananke/research/workers/W-S/LOG.md,39,c16d5231,c16d52319beb8bce,evolve,B2,RELAY,0,,champion,35,0,"tter0: every offset-phase a single class, P3 strict 1.00. Direct-only predictors P1/P2/P4 fail the first-leg offsets (carrier upstream), as expected. A12 13:36:22Z Champion runs done (2dccdaa5 66 s, c16d5231 65 s, 8c37f32e 50 s); summary out/summary_champions.{txt,json}. KA_L real-subset 2816/2816 in all three. A13 13:38:48Z POST HOC (labelled): posthoc.py re-runs champions (same seeds) for source-first"
roles/Ananke/research/workers/W-S/LOG.md,39,8c37f32e,8c37f32e68843070,evolve,D,RELAY,0,,champion,50,0,"fset-phase a single class, P3 strict 1.00. Direct-only predictors P1/P2/P4 fail the first-leg offsets (carrier upstream), as expected. A12 13:36:22Z Champion runs done (2dccdaa5 66 s, c16d5231 65 s, 8c37f32e 50 s); summary out/summary_champions.{txt,json}. KA_L real-subset 2816/2816 in all three. A13 13:38:48Z POST HOC (labelled): posthoc.py re-runs champions (same seeds) for source-first-emission featu"
roles/Ananke/research/workers/W-S/LOG.md,41,2dccdaa5,2dccdaa5eb8ffa0e,evolve,B,RELAY,0,,,,0,"T HOC results out/posthoc_summary.txt: P8 decisive 1.00 in U1-U4 (coverage .75/.62/.61/.28); P8any strict U1 .87 [.83,.91], U2 1.00 [1.00,1.00], U3 1.00 [1.00,1.00], U4 .64 [.59,.70]. Straddle cases: 2dccdaa5 C60/S68 (chimera readouts are small near-cancellation residuals, e.g. site [-18,16] vs normal [187,-189]); c16d5231 all C; 8c37f32e C161/S160/N178. No simple split predictor (y_prev, label sign, part"
roles/Ananke/research/workers/W-S/LOG.md,41,c16d5231,c16d52319beb8bce,evolve,B2,RELAY,0,,,,0,"3,.91], U2 1.00 [1.00,1.00], U3 1.00 [1.00,1.00], U4 .64 [.59,.70]. Straddle cases: 2dccdaa5 C60/S68 (chimera readouts are small near-cancellation residuals, e.g. site [-18,16] vs normal [187,-189]); c16d5231 all C; 8c37f32e C161/S160/N178. No simple split predictor (y_prev, label sign, partner magnitude). PLAN s7 addendum written for a confirmatory 0x632 replication; PLAN sha256 now below. c75a1dad6de27b"
roles/Ananke/research/workers/W-S/LOG.md,41,8c37f32e,8c37f32e68843070,evolve,D,RELAY,0,,,,0,"[1.00,1.00], U3 1.00 [1.00,1.00], U4 .64 [.59,.70]. Straddle cases: 2dccdaa5 C60/S68 (chimera readouts are small near-cancellation residuals, e.g. site [-18,16] vs normal [187,-189]); c16d5231 all C; 8c37f32e C161/S160/N178. No simple split predictor (y_prev, label sign, partner magnitude). PLAN s7 addendum written for a confirmatory 0x632 replication; PLAN sha256 now below. c75a1dad6de27bd3c6809c2ff2cfb1"
roles/Ananke/research/workers/W-S/LOG.md,46,c16d5231,c16d52319beb8bce,evolve,B2,RELAY,0,,,,0,"1.00] in U1-U4 (coverage .75/.61/.60/.28): PASS. R2 P8any U2 1.00 [1.00,1.00], U3 1.00 [1.00,1.00], U1 .88 [.84,.91] (in [.80,.95]), U4 .65 [.58,.71] (not > .80): PASS as predicted. R3 straddles: c16d5231 141/141 and 165/165 C; 2dccdaa5 S share .49; 8c37f32e .49 (+201 N): PASS. R4 clean phases P8any 1.00 (8c37f32e o5q1 .997): PASS. Must-fail shuffled P8any U2/U3 .52/.52: PASS. A16 13:41Z No W-S pyt"
roles/Ananke/research/workers/W-S/LOG.md,46,2dccdaa5,2dccdaa5eb8ffa0e,evolve,B,RELAY,0,,,,0,"/.60/.28): PASS. R2 P8any U2 1.00 [1.00,1.00], U3 1.00 [1.00,1.00], U1 .88 [.84,.91] (in [.80,.95]), U4 .65 [.58,.71] (not > .80): PASS as predicted. R3 straddles: c16d5231 141/141 and 165/165 C; 2dccdaa5 S share .49; 8c37f32e .49 (+201 N): PASS. R4 clean phases P8any 1.00 (8c37f32e o5q1 .997): PASS. Must-fail shuffled P8any U2/U3 .52/.52: PASS. A16 13:41Z No W-S python processes (Win32_Process cou"
roles/Ananke/research/workers/W-S/LOG.md,46,8c37f32e,8c37f32e68843070,evolve,D,RELAY,0,,,,0,"any U2 1.00 [1.00,1.00], U3 1.00 [1.00,1.00], U1 .88 [.84,.91] (in [.80,.95]), U4 .65 [.58,.71] (not > .80): PASS as predicted. R3 straddles: c16d5231 141/141 and 165/165 C; 2dccdaa5 S share .49; 8c37f32e .49 (+201 N): PASS. R4 clean phases P8any 1.00 (8c37f32e o5q1 .997): PASS. Must-fail shuffled P8any U2/U3 .52/.52: PASS. A16 13:41Z No W-S python processes (Win32_Process count 0). Lease lse-6d73c"
roles/Ananke/research/workers/W-S/LOG.md,47,8c37f32e,8c37f32e68843070,evolve,D,RELAY,0,,,,0,",.91] (in [.80,.95]), U4 .65 [.58,.71] (not > .80): PASS as predicted. R3 straddles: c16d5231 141/141 and 165/165 C; 2dccdaa5 S share .49; 8c37f32e .49 (+201 N): PASS. R4 clean phases P8any 1.00 (8c37f32e o5q1 .997): PASS. Must-fail shuffled P8any U2/U3 .52/.52: PASS. A16 13:41Z No W-S python processes (Win32_Process count 0). Lease lse-6d73ca4a7e5b RELEASED (--lease --token), `python -m fabric lea"
roles/Ananke/research/workers/W-S/PLAN.md,5,2dccdaa5,2dccdaa5eb8ffa0e,evolve,B,RELAY,0,,champion,157,0,", T-INS-11, MWO-0004) -- FROZEN before any champion predictor run ## s1 Question In the sync update_period-2 RELAY cells, one swap-tick phase q = (t0+o) mod 2 is a ~50/50 per-trial S/C mixture (W-R: 2dccdaa5 o5 q0, c16d5231 o4 q0, c16d5231 o5 q0, 8c37f32e o5 q0). What decides, pair-trial by pair-trial, whether it reads S or C? - H1 delivery timing: the cue-bearing packet(s) the readout depends on are del"
roles/Ananke/research/workers/W-S/PLAN.md,5,c16d5231,c16d52319beb8bce,evolve,B2,RELAY,0,,champion,173,0,"0004) -- FROZEN before any champion predictor run ## s1 Question In the sync update_period-2 RELAY cells, one swap-tick phase q = (t0+o) mod 2 is a ~50/50 per-trial S/C mixture (W-R: 2dccdaa5 o5 q0, c16d5231 o4 q0, c16d5231 o5 q0, 8c37f32e o5 q0). What decides, pair-trial by pair-trial, whether it reads S or C? - H1 delivery timing: the cue-bearing packet(s) the readout depends on are delivered before th"
roles/Ananke/research/workers/W-S/PLAN.md,5,c16d5231,c16d52319beb8bce,evolve,B2,RELAY,0,,champion,189,0,"before any champion predictor run ## s1 Question In the sync update_period-2 RELAY cells, one swap-tick phase q = (t0+o) mod 2 is a ~50/50 per-trial S/C mixture (W-R: 2dccdaa5 o5 q0, c16d5231 o4 q0, c16d5231 o5 q0, 8c37f32e o5 q0). What decides, pair-trial by pair-trial, whether it reads S or C? - H1 delivery timing: the cue-bearing packet(s) the readout depends on are delivered before the swap tick (h"
roles/Ananke/research/workers/W-S/PLAN.md,5,8c37f32e,8c37f32e68843070,evolve,D,RELAY,0,,held,187,0,"ion predictor run ## s1 Question In the sync update_period-2 RELAY cells, one swap-tick phase q = (t0+o) mod 2 is a ~50/50 per-trial S/C mixture (W-R: 2dccdaa5 o5 q0, c16d5231 o4 q0, c16d5231 o5 q0, 8c37f32e o5 q0). What decides, pair-trial by pair-trial, whether it reads S or C? - H1 delivery timing: the cue-bearing packet(s) the readout depends on are delivered before the swap tick (held in a site /"
roles/Ananke/research/workers/W-S/PLAN.md,59,2dccdaa5,2dccdaa5eb8ffa0e,evolve,B,RELAY,0,,,,0,"/C pair-trials of the stratum (seed 0) must give accuracy within .15 of the majority-class rate; if a real predictor passes, its shuffle must not. - Offsets run: o4 and o5 in all three cells (o4 of 2dccdaa5 / 8c37f32e descriptive only), trials 1..11. ## s5 Known-answer checks - KA-F (done, LOG A3): site/chan arms bit-identical to W-R fork_single; must-fail late=1 not identical. - KA-L: every real in-fl"
roles/Ananke/research/workers/W-S/PLAN.md,59,8c37f32e,8c37f32e68843070,evolve,D,RELAY,0,,,,0,"als of the stratum (seed 0) must give accuracy within .15 of the majority-class rate; if a real predictor passes, its shuffle must not. - Offsets run: o4 and o5 in all three cells (o4 of 2dccdaa5 / 8c37f32e descriptive only), trials 1..11. ## s5 Known-answer checks - KA-F (done, LOG A3): site/chan arms bit-identical to W-R fork_single; must-fail late=1 not identical. - KA-L: every real in-flight mirror"
roles/Ananke/research/workers/W-S/PLAN.md,78,4781b0a1,4781b0a172b6dc3c,evolve,C,MAJ,0,,champion|held,21,0,"es; Fabric lease skullport:cpu8 --as Ananke held for the KA-P + champion runs; no GPU; PYTHONDONTWRITEBYTECODE=1; no git writes. DEVELOPMENT (declared, before freeze): plant PLANT2J1 M64 ns 0x631 and 4781b0a1 (MAJ, not a champion) M64 ns 0x631; e06701a5 attempted (0 eligible). In 4781b0a1 cue-bearing traffic was dense (every cone M, flight share flat across S/C/N): the predictors may saturate in the champ"
roles/Ananke/research/workers/W-S/PLAN.md,79,e06701a5,e06701a5e70bb7c2,evolve,D,RELAY,0,,champion,24,0,"eld for the KA-P + champion runs; no GPU; PYTHONDONTWRITEBYTECODE=1; no git writes. DEVELOPMENT (declared, before freeze): plant PLANT2J1 M64 ns 0x631 and 4781b0a1 (MAJ, not a champion) M64 ns 0x631; e06701a5 attempted (0 eligible). In 4781b0a1 cue-bearing traffic was dense (every cone M, flight share flat across S/C/N): the predictors may saturate in the champions too; that would be a result. ## s7 ADDE"
roles/Ananke/research/workers/W-S/PLAN.md,79,4781b0a1,4781b0a172b6dc3c,evolve,C,MAJ,0,,champion,60,0,"GPU; PYTHONDONTWRITEBYTECODE=1; no git writes. DEVELOPMENT (declared, before freeze): plant PLANT2J1 M64 ns 0x631 and 4781b0a1 (MAJ, not a champion) M64 ns 0x631; e06701a5 attempted (0 eligible). In 4781b0a1 cue-bearing traffic was dense (every cone M, flight share flat across S/C/N): the predictors may saturate in the champions too; that would be a result. ## s7 ADDENDUM (written 2026-09-29 ~13:50Z AFT"
roles/Ananke/research/workers/W-S/PLAN.md,90,c16d5231,c16d52319beb8bce,evolve,B2,RELAY,0,,,,0,"strict lo99 > .80 in U2 and U3 (0x630: 1.00 [1.00,1.00]); in U1 point in [.80, .95] (0x630 .87); in U4 NOT > .80 (0x630 .64) -- straddles there read S/C/N ~thirds. - R3: straddle (P8 = M) outcomes: c16d5231 >= .95 C; 2dccdaa5 and 8c37f32e S share among S/C in [.30, .70]. - R4: clean phases (o5 q1 all cells, o4 q1 of 2dccdaa5/8c37f32e): P8any strict >= .95. - Must-fail: shuffled P8any labels in U2/U3 mus"
roles/Ananke/research/workers/W-S/PLAN.md,90,2dccdaa5,2dccdaa5eb8ffa0e,evolve,B,RELAY,0,,,,0,"n U2 and U3 (0x630: 1.00 [1.00,1.00]); in U1 point in [.80, .95] (0x630 .87); in U4 NOT > .80 (0x630 .64) -- straddles there read S/C/N ~thirds. - R3: straddle (P8 = M) outcomes: c16d5231 >= .95 C; 2dccdaa5 and 8c37f32e S share among S/C in [.30, .70]. - R4: clean phases (o5 q1 all cells, o4 q1 of 2dccdaa5/8c37f32e): P8any strict >= .95. - Must-fail: shuffled P8any labels in U2/U3 must fall to <= .70."
roles/Ananke/research/workers/W-S/PLAN.md,90,8c37f32e,8c37f32e68843070,evolve,D,RELAY,0,,,,0,"0x630: 1.00 [1.00,1.00]); in U1 point in [.80, .95] (0x630 .87); in U4 NOT > .80 (0x630 .64) -- straddles there read S/C/N ~thirds. - R3: straddle (P8 = M) outcomes: c16d5231 >= .95 C; 2dccdaa5 and 8c37f32e S share among S/C in [.30, .70]. - R4: clean phases (o5 q1 all cells, o4 q1 of 2dccdaa5/8c37f32e): P8any strict >= .95. - Must-fail: shuffled P8any labels in U2/U3 must fall to <= .70."
roles/Ananke/research/workers/W-S/PLAN.md,91,2dccdaa5,2dccdaa5eb8ffa0e,evolve,B,RELAY,0,,,,0,"0 .64) -- straddles there read S/C/N ~thirds. - R3: straddle (P8 = M) outcomes: c16d5231 >= .95 C; 2dccdaa5 and 8c37f32e S share among S/C in [.30, .70]. - R4: clean phases (o5 q1 all cells, o4 q1 of 2dccdaa5/8c37f32e): P8any strict >= .95. - Must-fail: shuffled P8any labels in U2/U3 must fall to <= .70."
roles/Ananke/research/workers/W-S/PLAN.md,91,8c37f32e,8c37f32e68843070,evolve,D,RELAY,0,,,,0,"straddles there read S/C/N ~thirds. - R3: straddle (P8 = M) outcomes: c16d5231 >= .95 C; 2dccdaa5 and 8c37f32e S share among S/C in [.30, .70]. - R4: clean phases (o5 q1 all cells, o4 q1 of 2dccdaa5/8c37f32e): P8any strict >= .95. - Must-fail: shuffled P8any labels in U2/U3 must fall to <= .70."
roles/Ananke/research/workers/W-S/REPORT.md,6,2dccdaa5,2dccdaa5eb8ffa0e,evolve,B,RELAY,0,,,,0,"espace 0x630, confirmatory namespace 0x632. WHAT I TESTED - **Question:** in the sync update_period-2 RELAY cells, what decides per pair-trial whether the mixed swap-tick phase reads S or C? - U1: 2dccdaa5 o5 q0 - U2: c16d5231 o4 q0 - U3: c16d5231 o5 q0 - U4: 8c37f32e o5 q0 - **Hypotheses:** H1 delivery timing, H2 route, H3 per-pair state, H4 stale-state fallback. - **Instrument** (`probe.py`, `a"
roles/Ananke/research/workers/W-S/REPORT.md,7,c16d5231,c16d52319beb8bce,evolve,B2,RELAY,0,,,,0,"ory namespace 0x632. WHAT I TESTED - **Question:** in the sync update_period-2 RELAY cells, what decides per pair-trial whether the mixed swap-tick phase reads S or C? - U1: 2dccdaa5 o5 q0 - U2: c16d5231 o4 q0 - U3: c16d5231 o5 q0 - U4: 8c37f32e o5 q0 - **Hypotheses:** H1 delivery timing, H2 route, H3 per-pair state, H4 stale-state fallback. - **Instrument** (`probe.py`, `analyze.py`; nothing in"
roles/Ananke/research/workers/W-S/REPORT.md,8,c16d5231,c16d52319beb8bce,evolve,B2,RELAY,0,,,,0,"HAT I TESTED - **Question:** in the sync update_period-2 RELAY cells, what decides per pair-trial whether the mixed swap-tick phase reads S or C? - U1: 2dccdaa5 o5 q0 - U2: c16d5231 o4 q0 - U3: c16d5231 o5 q0 - U4: 8c37f32e o5 q0 - **Hypotheses:** H1 delivery timing, H2 route, H3 per-pair state, H4 stale-state fallback. - **Instrument** (`probe.py`, `analyze.py`; nothing in `prometheus/ananke` edi"
roles/Ananke/research/workers/W-S/REPORT.md,9,8c37f32e,8c37f32e68843070,evolve,D,RELAY,0,,,,0,"on:** in the sync update_period-2 RELAY cells, what decides per pair-trial whether the mixed swap-tick phase reads S or C? - U1: 2dccdaa5 o5 q0 - U2: c16d5231 o4 q0 - U3: c16d5231 o5 q0 - U4: 8c37f32e o5 q0 - **Hypotheses:** H1 delivery timing, H2 route, H3 per-pair state, H4 stale-state fallback. - **Instrument** (`probe.py`, `analyze.py`; nothing in `prometheus/ananke` edited): - A fork runner"
roles/Ananke/research/workers/W-S/REPORT.md,19,4781b0a1,4781b0a172b6dc3c,evolve,C,MAJ,0,,champion,21,0,"in-flight share, P7 stale-state rule (H4), H3 leave-one-trial-out pair majority. - Decision rule: H1 SUPPORTED in a unit iff P3 strict lo99 > .80. - **Development runs (declared):** the plant, and 4781b0a1 (MAJ, not a champion) at M = 64 with ns 0x631. e06701a5 gave 0 eligible pair-trials. RESULTS (99% pair-bootstrap CIs) The census replicates W-R: | Unit | S | C | N | |---|---|---|---| | U1 | .46 |"
roles/Ananke/research/workers/W-S/REPORT.md,19,e06701a5,e06701a5e70bb7c2,evolve,D,RELAY,0,,champion,35,0,"-trial-out pair majority. - Decision rule: H1 SUPPORTED in a unit iff P3 strict lo99 > .80. - **Development runs (declared):** the plant, and 4781b0a1 (MAJ, not a champion) at M = 64 with ns 0x631. e06701a5 gave 0 eligible pair-trials. RESULTS (99% pair-bootstrap CIs) The census replicates W-R: | Unit | S | C | N | |---|---|---|---| | U1 | .46 | .48 | — | | U2 | .40 | .60 | — | | U3 | .44 | .56 | — |"
roles/Ananke/research/workers/W-S/REPORT.md,42,2dccdaa5,2dccdaa5eb8ffa0e,evolve,B,RELAY,0,,held,13,0,"00 (.16) | P1 .64 | **Verdict by the frozen rule: H1 NOT SUPPORTED overall.** U1 is PARTIAL; U2, U3 and U4 are NOT SUPPORTED. - Clean-phase comparison (H1 predicted P3 ≥ .90 there): it held only in 2dccdaa5 o5 q1 (1.00). It failed in c16d5231 o5 q1 (.22), c16d5231 o4 q1 (.48) and 8c37f32e o5 q1 (.00). - **Why P3 fails:** the source re-broadcasts the cue on every wake tick, and the readout ignores those"
roles/Ananke/research/workers/W-S/REPORT.md,42,c16d5231,c16d52319beb8bce,evolve,B2,RELAY,0,,held,49,0,"e frozen rule: H1 NOT SUPPORTED overall.** U1 is PARTIAL; U2, U3 and U4 are NOT SUPPORTED. - Clean-phase comparison (H1 predicted P3 ≥ .90 there): it held only in 2dccdaa5 o5 q1 (1.00). It failed in c16d5231 o5 q1 (.22), c16d5231 o4 q1 (.48) and 8c37f32e o5 q1 (.00). - **Why P3 fails:** the source re-broadcasts the cue on every wake tick, and the readout ignores those later copies. The cone therefore cou"
roles/Ananke/research/workers/W-S/REPORT.md,42,c16d5231,c16d52319beb8bce,evolve,B2,RELAY,0,,held,71,0,"SUPPORTED overall.** U1 is PARTIAL; U2, U3 and U4 are NOT SUPPORTED. - Clean-phase comparison (H1 predicted P3 ≥ .90 there): it held only in 2dccdaa5 o5 q1 (1.00). It failed in c16d5231 o5 q1 (.22), c16d5231 o4 q1 (.48) and 8c37f32e o5 q1 (.00). - **Why P3 fails:** the source re-broadcasts the cue on every wake tick, and the readout ignores those later copies. The cone therefore counts irrelevant in-flig"
roles/Ananke/research/workers/W-S/REPORT.md,42,8c37f32e,8c37f32e68843070,evolve,D,RELAY,0,,held,96,0,"s PARTIAL; U2, U3 and U4 are NOT SUPPORTED. - Clean-phase comparison (H1 predicted P3 ≥ .90 there): it held only in 2dccdaa5 o5 q1 (1.00). It failed in c16d5231 o5 q1 (.22), c16d5231 o4 q1 (.48) and 8c37f32e o5 q1 (.00). - **Why P3 fails:** the source re-broadcasts the cue on every wake tick, and the readout ignores those later copies. The cone therefore counts irrelevant in-flight copies. - **H3 (per-pa"
roles/Ananke/research/workers/W-S/REPORT.md,62,c16d5231,c16d52319beb8bce,evolve,B2,RELAY,0,,held,26,0,"e first wakes at t0, so its copies land at τ−1 or τ whatever the jitter; that is the phase mechanism. All confirmatory predictions R1–R4 passed. - **Split copies** (one copy held, one in flight): - c16d5231: always C (0x630: 146/146 and 154/154; 0x632: 141/141 and 165/165). - 2dccdaa5: about a coin toss (S share .53 at 0x630, .49 at 0x632). The chimera readouts are small near-cancellation leftovers, f"
roles/Ananke/research/workers/W-S/REPORT.md,63,2dccdaa5,2dccdaa5eb8ffa0e,evolve,B,RELAY,0,,held,107,0,"the phase mechanism. All confirmatory predictions R1–R4 passed. - **Split copies** (one copy held, one in flight): - c16d5231: always C (0x630: 146/146 and 154/154; 0x632: 141/141 and 165/165). - 2dccdaa5: about a coin toss (S share .53 at 0x630, .49 at 0x632). The chimera readouts are small near-cancellation leftovers, for example [-18, 16] against a normal [187, -189]. - 8c37f32e: S / C / N in nea"
roles/Ananke/research/workers/W-S/REPORT.md,64,8c37f32e,8c37f32e68843070,evolve,D,RELAY,0,,held,185,0,"and 165/165). - 2dccdaa5: about a coin toss (S share .53 at 0x630, .49 at 0x632). The chimera readouts are small near-cancellation leftovers, for example [-18, 16] against a normal [187, -189]. - 8c37f32e: S / C / N in near-thirds, and 178 of the cell's 180 N are split cases. - Nothing I tried predicts the split outcome: the stale-state rule, the label sign, partner magnitude and held/flight copy co"
roles/Ananke/research/workers/W-S/REPORT.md,66,c16d5231,c16d52319beb8bce,evolve,B2,RELAY,0,,held,65,0,"l's 180 N are split cases. - Nothing I tried predicts the split outcome: the stale-state rule, the label sign, partner magnitude and held/flight copy counts all read at chance. - **H2 (route):** in c16d5231, when no source copy reaches the readout directly (about 15% of pair-trials) the result is always S. Routing matters there by deciding whether the source hits the readout at all. The cue also changes"
roles/Ananke/research/workers/W-S/REPORT.md,69,2dccdaa5,2dccdaa5eb8ffa0e,evolve,B,RELAY,0,,,,0,"cue also changes the source's routes, because routing is plastic. KNOWN-ANSWER CHECKS (each with a must-fail input) - **KA-F:** site/chan arms are bit-identical to W-R `fork_single` (PLANT2J1 11/11, 2dccdaa5 5/5, e06701a5 5/5). Must-fail, forking one tick late: 10/11, 3/5, 3/5, i.e. not identical. - **KA-L:** every real in-flight mirror difference addressed to the readout is predicted by the packet log,"
roles/Ananke/research/workers/W-S/REPORT.md,69,e06701a5,e06701a5e70bb7c2,evolve,D,RELAY,0,,,,0,"es the source's routes, because routing is plastic. KNOWN-ANSWER CHECKS (each with a must-fail input) - **KA-F:** site/chan arms are bit-identical to W-R `fork_single` (PLANT2J1 11/11, 2dccdaa5 5/5, e06701a5 5/5). Must-fail, forking one tick late: 10/11, 3/5, 3/5, i.e. not identical. - **KA-L:** every real in-flight mirror difference addressed to the readout is predicted by the packet log, 100% as a subs"
roles/Ananke/research/workers/W-S/REPORT.md,80,c16d5231,c16d52319beb8bce,evolve,B2,RELAY,0,,,,0,"disagree on the reading. The ""~50/50 mixed phase"" is not a mixture of carriers or strategies. In non-split cases it is fully determined by one latency-jitter draw on the source's first broadcast; in c16d5231 it is fully determined in every case. W-R's suggested follow-up (arrival jitter relative to the swap/wake tick) is right, but the carrier is only the first broadcast, not later ones. 2. **W-M:** the"
roles/Ananke/research/workers/W-S/REPORT.md,81,8c37f32e,8c37f32e68843070,evolve,D,RELAY,0,,,,0,"but the carrier is only the first broadcast, not later ones. 2. **W-M:** the per-trial S/C ""mixture"" is physics randomness in delivery latency, not organism state (leave-one-out at chance). The N in 8c37f32e is a split-carrier artifact, not a third carrier. 3. **W-P:** there is no direct test on MAJ. In 4781b0a1 (development run at M = 64) cue-bearing traffic is dense and I saw no timing signal. The RELA"
roles/Ananke/research/workers/W-S/REPORT.md,82,4781b0a1,4781b0a172b6dc3c,evolve,C,MAJ,0,,,,0,"hysics randomness in delivery latency, not organism state (leave-one-out at chance). The N in 8c37f32e is a split-carrier artifact, not a third carrier. 3. **W-P:** there is no direct test on MAJ. In 4781b0a1 (development run at M = 64) cue-bearing traffic is dense and I saw no timing signal. The RELAY mechanism has not been shown to carry over to MAJ. 4. **My own frozen plan:** the P3 primary failed, and"
roles/Ananke/research/workers/W-S/REPORT.md,106,2dccdaa5,2dccdaa5eb8ffa0e,evolve,B,RELAY,0,,,,0,"`, `out/posthoc_summary{,_ns632}.{txt,json}`, `out/ka_fork.json` - Raw data: `out/rows_*.json`, `out/raw_*.npz`, `out/posthoc_*.json` - `logs/` PROPOSED FOLLOW-UPS - Decompile the readout program in 2dccdaa5 and 8c37f32e to explain the split outcomes, and in c16d5231 to explain why the later copy always wins. - Build a direct-carrier plant with fanout 2 and jitter to validate P8 against a known answer. -"
roles/Ananke/research/workers/W-S/REPORT.md,106,8c37f32e,8c37f32e68843070,evolve,D,RELAY,0,,,,0,"oc_summary{,_ns632}.{txt,json}`, `out/ka_fork.json` - Raw data: `out/rows_*.json`, `out/raw_*.npz`, `out/posthoc_*.json` - `logs/` PROPOSED FOLLOW-UPS - Decompile the readout program in 2dccdaa5 and 8c37f32e to explain the split outcomes, and in c16d5231 to explain why the later copy always wins. - Build a direct-carrier plant with fanout 2 and jitter to validate P8 against a known answer. - Test whether"
roles/Ananke/research/workers/W-S/REPORT.md,106,c16d5231,c16d52319beb8bce,evolve,B2,RELAY,0,,,,0,"son` - Raw data: `out/rows_*.json`, `out/raw_*.npz`, `out/posthoc_*.json` - `logs/` PROPOSED FOLLOW-UPS - Decompile the readout program in 2dccdaa5 and 8c37f32e to explain the split outcomes, and in c16d5231 to explain why the later copy always wins. - Build a direct-carrier plant with fanout 2 and jitter to validate P8 against a known answer. - Test whether the first-broadcast rule reaches MAJ or larger"
roles/Ananke/research/workers/W-S/REPORT.md,108,78f3b0ec,78f3b0eccd44b1ed,evolve,B2,RELAY,0,,,,0,ain why the later copy always wins. - Build a direct-carrier plant with fanout 2 and jitter to validate P8 against a known answer. - Test whether the first-broadcast rule reaches MAJ or larger delta (78f3b0ec).
roles/Ananke/research/workers/W-S/out/posthoc_summary.txt,1,2dccdaa5,2dccdaa5eb8ffa0e,evolve,B,RELAY,0,,,,0,"2dccdaa5 o4 q0 census {'C': 335} P8 strict 0.55 [0.48,0.61] n335 | decisive 1.00 [1.00,1.00] n183 cov 0.55 | dec-shuf 1.00 [1.00,1.00] n183 P8any 1.00 [1.00,1.00] n335 | shuf 1.00 [1.00,1.00] n335 {'"
roles/Ananke/research/workers/W-S/out/posthoc_summary.txt,5,2dccdaa5,2dccdaa5eb8ffa0e,evolve,B,RELAY,0,,,,0,"} P8 strict 0.55 [0.48,0.61] n335 | decisive 1.00 [1.00,1.00] n183 cov 0.55 | dec-shuf 1.00 [1.00,1.00] n183 P8any 1.00 [1.00,1.00] n335 | shuf 1.00 [1.00,1.00] n335 {'C>C': 183, 'C>M': 152} 2dccdaa5 o4 q1 census {'C': 550} P8 strict 1.00 [1.00,1.00] n550 | decisive 1.00 [1.00,1.00] n550 cov 1.00 | dec-shuf 1.00 [1.00,1.00] n550 P8any 1.00 [1.00,1.00] n550 | shuf 1.00 [1.00,1.00] n550 {'"
roles/Ananke/research/workers/W-S/out/posthoc_summary.txt,9,2dccdaa5,2dccdaa5eb8ffa0e,evolve,B,RELAY,0,,,,0,"us {'C': 550} P8 strict 1.00 [1.00,1.00] n550 | decisive 1.00 [1.00,1.00] n550 cov 1.00 | dec-shuf 1.00 [1.00,1.00] n550 P8any 1.00 [1.00,1.00] n550 | shuf 1.00 [1.00,1.00] n550 {'C>C': 550} 2dccdaa5 o5 q0 census {'S': 255, 'C': 267, 'N': 13, 'tie': 15} P8 strict 0.75 [0.71,0.80] n522 | decisive 1.00 [1.00,1.00] n394 cov 0.75 | dec-shuf 0.49 [0.44,0.55] n394 P8any 0.87 [0.83,0.91] n522 | sh"
roles/Ananke/research/workers/W-S/out/posthoc_summary.txt,13,2dccdaa5,2dccdaa5eb8ffa0e,evolve,B,RELAY,0,,,,0,"e 1.00 [1.00,1.00] n394 cov 0.75 | dec-shuf 0.49 [0.44,0.55] n394 P8any 0.87 [0.83,0.91] n522 | shuf 0.52 [0.47,0.57] n522 {'C>C': 207, 'C>M': 60, 'N>M': 13, 'S>M': 68, 'S>S': 187, 'tie>M': 15} 2dccdaa5 o5 q1 census {'S': 335} P8 strict 1.00 [1.00,1.00] n335 | decisive 1.00 [1.00,1.00] n335 cov 1.00 | dec-shuf 1.00 [1.00,1.00] n335 P8any 1.00 [1.00,1.00] n335 | shuf 1.00 [1.00,1.00] n335 {'"
roles/Ananke/research/workers/W-S/out/posthoc_summary.txt,17,c16d5231,c16d52319beb8bce,evolve,B2,RELAY,0,,,,0,"us {'S': 335} P8 strict 1.00 [1.00,1.00] n335 | decisive 1.00 [1.00,1.00] n335 cov 1.00 | dec-shuf 1.00 [1.00,1.00] n335 P8any 1.00 [1.00,1.00] n335 | shuf 1.00 [1.00,1.00] n335 {'S>S': 335} c16d5231 o4 q0 census {'C': 323, 'S': 214, 'N': 3} P8 strict 0.62 [0.57,0.67] n537 | decisive 1.00 [1.00,1.00] n331 cov 0.62 | dec-shuf 0.52 [0.45,0.59] n331 P8any 1.00 [1.00,1.00] n537 | shuf 0.57 [0.5"
roles/Ananke/research/workers/W-S/out/posthoc_summary.txt,21,c16d5231,c16d52319beb8bce,evolve,B2,RELAY,0,,,,0,"537 | decisive 1.00 [1.00,1.00] n331 cov 0.62 | dec-shuf 0.52 [0.45,0.59] n331 P8any 1.00 [1.00,1.00] n537 | shuf 0.57 [0.51,0.63] n537 {'C>C': 177, 'C>M': 146, 'N>C': 3, 'S>S': 154, 'S>U': 60} c16d5231 o4 q1 census {'C': 540, 'S': 94, 'N': 4, 'tie': 3} P8 strict 0.85 [0.81,0.89] n634 | decisive 1.00 [1.00,1.00] n540 cov 0.85 | dec-shuf 1.00 [1.00,1.00] n540 P8any 1.00 [1.00,1.00] n634 | shuf"
roles/Ananke/research/workers/W-S/out/posthoc_summary.txt,25,c16d5231,c16d52319beb8bce,evolve,B2,RELAY,0,,,,0,"0.81,0.89] n634 | decisive 1.00 [1.00,1.00] n540 cov 0.85 | dec-shuf 1.00 [1.00,1.00] n540 P8any 1.00 [1.00,1.00] n634 | shuf 0.74 [0.69,0.78] n634 {'C>C': 540, 'N>C': 4, 'S>U': 94, 'tie>C': 3} c16d5231 o5 q0 census {'C': 358, 'S': 281, 'N': 2} P8 strict 0.61 [0.57,0.66] n639 | decisive 1.00 [1.00,1.00] n391 cov 0.61 | dec-shuf 0.47 [0.41,0.53] n391 P8any 1.00 [1.00,1.00] n639 | shuf 0.54 [0.4"
roles/Ananke/research/workers/W-S/out/posthoc_summary.txt,29,c16d5231,c16d52319beb8bce,evolve,B2,RELAY,0,,,,0,"639 | decisive 1.00 [1.00,1.00] n391 cov 0.61 | dec-shuf 0.47 [0.41,0.53] n391 P8any 1.00 [1.00,1.00] n639 | shuf 0.54 [0.49,0.59] n639 {'C>C': 204, 'C>M': 154, 'N>C': 2, 'S>S': 187, 'S>U': 94} c16d5231 o5 q1 census {'S': 540} P8 strict 0.89 [0.85,0.92] n540 | decisive 1.00 [1.00,1.00] n480 cov 0.89 | dec-shuf 1.00 [1.00,1.00] n480 P8any 1.00 [1.00,1.00] n540 | shuf 1.00 [1.00,1.00] n540 {'"
roles/Ananke/research/workers/W-S/out/posthoc_summary.txt,33,8c37f32e,8c37f32e68843070,evolve,D,RELAY,0,,,,0,"0} P8 strict 0.89 [0.85,0.92] n540 | decisive 1.00 [1.00,1.00] n480 cov 0.89 | dec-shuf 1.00 [1.00,1.00] n480 P8any 1.00 [1.00,1.00] n540 | shuf 1.00 [1.00,1.00] n540 {'S>S': 480, 'S>U': 60} 8c37f32e o4 q0 census {'C': 368} P8 strict 0.13 [0.08,0.18] n368 | decisive 0.98 [0.91,1.00] n48 cov 0.13 | dec-shuf 0.98 [0.91,1.00] n48 P8any 1.00 [0.99,1.00] n368 | shuf 1.00 [0.99,1.00] n368 {'C>"
roles/Ananke/research/workers/W-S/out/posthoc_summary.txt,37,8c37f32e,8c37f32e68843070,evolve,D,RELAY,0,,,,0,"strict 0.13 [0.08,0.18] n368 | decisive 0.98 [0.91,1.00] n48 cov 0.13 | dec-shuf 0.98 [0.91,1.00] n48 P8any 1.00 [0.99,1.00] n368 | shuf 1.00 [0.99,1.00] n368 {'C>C': 47, 'C>M': 320, 'C>S': 1} 8c37f32e o4 q1 census {'C': 634, 'N': 2} P8 strict 1.00 [1.00,1.00] n634 | decisive 1.00 [1.00,1.00] n634 cov 1.00 | dec-shuf 1.00 [1.00,1.00] n634 P8any 1.00 [1.00,1.00] n634 | shuf 1.00 [1.00,1.00] n6"
roles/Ananke/research/workers/W-S/out/posthoc_summary.txt,41,8c37f32e,8c37f32e68843070,evolve,D,RELAY,0,,,,0,"2} P8 strict 1.00 [1.00,1.00] n634 | decisive 1.00 [1.00,1.00] n634 cov 1.00 | dec-shuf 1.00 [1.00,1.00] n634 P8any 1.00 [1.00,1.00] n634 | shuf 1.00 [1.00,1.00] n634 {'C>C': 634, 'N>C': 2} 8c37f32e o5 q0 census {'N': 180, 'C': 231, 'S': 217, 'tie': 8} P8 strict 0.28 [0.23,0.34] n448 | decisive 1.00 [1.00,1.00] n127 cov 0.28 | dec-shuf 0.48 [0.36,0.60] n127 P8any 0.64 [0.59,0.70] n448 | sh"
roles/Ananke/research/workers/W-S/out/posthoc_summary.txt,45,8c37f32e,8c37f32e68843070,evolve,D,RELAY,0,,,,0,"127 cov 0.28 | dec-shuf 0.48 [0.36,0.60] n127 P8any 0.64 [0.59,0.70] n448 | shuf 0.50 [0.44,0.55] n448 {'C>C': 70, 'C>M': 161, 'N>C': 1, 'N>M': 178, 'N>S': 1, 'S>M': 160, 'S>S': 57, 'tie>M': 8} 8c37f32e o5 q1 census {'S': 365, 'C': 2, 'N': 1} P8 strict 0.99 [0.98,1.00] n367 | decisive 0.99 [0.98,1.00] n367 cov 1.00 | dec-shuf 0.99 [0.98,1.00] n367 P8any 0.99 [0.98,1.00] n367 | shuf 0.99 [0.98,"
roles/Ananke/research/workers/W-S/out/posthoc_summary_ns632.txt,1,2dccdaa5,2dccdaa5eb8ffa0e,evolve,B,RELAY,0,,,,0,"2dccdaa5 o4 q0 census {'C': 302} P8 strict 0.52 [0.45,0.60] n302 | decisive 1.00 [1.00,1.00] n158 cov 0.52 | dec-shuf 1.00 [1.00,1.00] n158 P8any 1.00 [1.00,1.00] n302 | shuf 1.00 [1.00,1.00] n302 {'"
roles/Ananke/research/workers/W-S/out/posthoc_summary_ns632.txt,5,2dccdaa5,2dccdaa5eb8ffa0e,evolve,B,RELAY,0,,,,0,"} P8 strict 0.52 [0.45,0.60] n302 | decisive 1.00 [1.00,1.00] n158 cov 0.52 | dec-shuf 1.00 [1.00,1.00] n158 P8any 1.00 [1.00,1.00] n302 | shuf 1.00 [1.00,1.00] n302 {'C>C': 158, 'C>M': 144} 2dccdaa5 o4 q1 census {'C': 570} P8 strict 1.00 [1.00,1.00] n570 | decisive 1.00 [1.00,1.00] n570 cov 1.00 | dec-shuf 1.00 [1.00,1.00] n570 P8any 1.00 [1.00,1.00] n570 | shuf 1.00 [1.00,1.00] n570 {'"
roles/Ananke/research/workers/W-S/out/posthoc_summary_ns632.txt,9,2dccdaa5,2dccdaa5eb8ffa0e,evolve,B,RELAY,0,,,,0,"us {'C': 570} P8 strict 1.00 [1.00,1.00] n570 | decisive 1.00 [1.00,1.00] n570 cov 1.00 | dec-shuf 1.00 [1.00,1.00] n570 P8any 1.00 [1.00,1.00] n570 | shuf 1.00 [1.00,1.00] n570 {'C>C': 570} 2dccdaa5 o5 q0 census {'S': 256, 'C': 284, 'N': 14, 'tie': 16} P8 strict 0.75 [0.70,0.79] n540 | decisive 1.00 [1.00,1.00] n403 cov 0.75 | dec-shuf 0.56 [0.50,0.63] n403 P8any 0.88 [0.84,0.91] n540 | sh"
roles/Ananke/research/workers/W-S/out/posthoc_summary_ns632.txt,13,2dccdaa5,2dccdaa5eb8ffa0e,evolve,B,RELAY,0,,,,0,"e 1.00 [1.00,1.00] n403 cov 0.75 | dec-shuf 0.56 [0.50,0.63] n403 P8any 0.88 [0.84,0.91] n540 | shuf 0.48 [0.43,0.53] n540 {'C>C': 214, 'C>M': 70, 'N>M': 14, 'S>M': 67, 'S>S': 189, 'tie>M': 16} 2dccdaa5 o5 q1 census {'S': 302} P8 strict 1.00 [1.00,1.00] n302 | decisive 1.00 [1.00,1.00] n302 cov 1.00 | dec-shuf 1.00 [1.00,1.00] n302 P8any 1.00 [1.00,1.00] n302 | shuf 1.00 [1.00,1.00] n302 {'"
roles/Ananke/research/workers/W-S/out/posthoc_summary_ns632.txt,17,c16d5231,c16d52319beb8bce,evolve,B2,RELAY,0,,,,0,"us {'S': 302} P8 strict 1.00 [1.00,1.00] n302 | decisive 1.00 [1.00,1.00] n302 cov 1.00 | dec-shuf 1.00 [1.00,1.00] n302 P8any 1.00 [1.00,1.00] n302 | shuf 1.00 [1.00,1.00] n302 {'S>S': 302} c16d5231 o4 q0 census {'S': 241, 'C': 294, 'N': 4} P8 strict 0.61 [0.55,0.67] n535 | decisive 1.00 [1.00,1.00] n327 cov 0.61 | dec-shuf 0.50 [0.44,0.57] n327 P8any 1.00 [1.00,1.00] n535 | shuf 0.52 [0.4"
roles/Ananke/research/workers/W-S/out/posthoc_summary_ns632.txt,21,c16d5231,c16d52319beb8bce,evolve,B2,RELAY,0,,,,0,"535 | decisive 1.00 [1.00,1.00] n327 cov 0.61 | dec-shuf 0.50 [0.44,0.57] n327 P8any 1.00 [1.00,1.00] n535 | shuf 0.52 [0.47,0.57] n535 {'C>C': 153, 'C>M': 141, 'N>C': 4, 'S>S': 174, 'S>U': 67} c16d5231 o4 q1 census {'C': 562, 'S': 98, 'tie': 2, 'N': 2} P8 strict 0.85 [0.82,0.89] n660 | decisive 1.00 [1.00,1.00] n562 cov 0.85 | dec-shuf 1.00 [1.00,1.00] n562 P8any 1.00 [1.00,1.00] n660 | shuf"
roles/Ananke/research/workers/W-S/out/posthoc_summary_ns632.txt,25,c16d5231,c16d52319beb8bce,evolve,B2,RELAY,0,,,,0,"0.82,0.89] n660 | decisive 1.00 [1.00,1.00] n562 cov 0.85 | dec-shuf 1.00 [1.00,1.00] n562 P8any 1.00 [1.00,1.00] n660 | shuf 0.76 [0.72,0.80] n660 {'C>C': 562, 'N>C': 2, 'S>U': 98, 'tie>C': 2} c16d5231 o5 q0 census {'S': 286, 'C': 378} P8 strict 0.60 [0.56,0.66] n664 | decisive 1.00 [1.00,1.00] n401 cov 0.60 | dec-shuf 0.50 [0.44,0.57] n401 P8any 1.00 [1.00,1.00] n664 | shuf 0.52 [0.48,0.57]"
roles/Ananke/research/workers/W-S/out/posthoc_summary_ns632.txt,29,c16d5231,c16d52319beb8bce,evolve,B2,RELAY,0,,,,0,"56,0.66] n664 | decisive 1.00 [1.00,1.00] n401 cov 0.60 | dec-shuf 0.50 [0.44,0.57] n401 P8any 1.00 [1.00,1.00] n664 | shuf 0.52 [0.48,0.57] n664 {'C>C': 213, 'C>M': 165, 'S>S': 188, 'S>U': 98} c16d5231 o5 q1 census {'S': 539} P8 strict 0.88 [0.84,0.91] n539 | decisive 1.00 [1.00,1.00] n472 cov 0.88 | dec-shuf 1.00 [1.00,1.00] n472 P8any 1.00 [1.00,1.00] n539 | shuf 1.00 [1.00,1.00] n539 {'"
roles/Ananke/research/workers/W-S/out/posthoc_summary_ns632.txt,33,8c37f32e,8c37f32e68843070,evolve,D,RELAY,0,,,,0,"9} P8 strict 0.88 [0.84,0.91] n539 | decisive 1.00 [1.00,1.00] n472 cov 0.88 | dec-shuf 1.00 [1.00,1.00] n472 P8any 1.00 [1.00,1.00] n539 | shuf 1.00 [1.00,1.00] n539 {'S>S': 472, 'S>U': 67} 8c37f32e o4 q0 census {'C': 367} P8 strict 0.11 [0.07,0.16] n367 | decisive 1.00 [1.00,1.00] n42 cov 0.11 | dec-shuf 1.00 [1.00,1.00] n42 P8any 1.00 [1.00,1.00] n367 | shuf 1.00 [1.00,1.00] n367 {'C>"
roles/Ananke/research/workers/W-S/out/posthoc_summary_ns632.txt,37,8c37f32e,8c37f32e68843070,evolve,D,RELAY,0,,,,0,"367} P8 strict 0.11 [0.07,0.16] n367 | decisive 1.00 [1.00,1.00] n42 cov 0.11 | dec-shuf 1.00 [1.00,1.00] n42 P8any 1.00 [1.00,1.00] n367 | shuf 1.00 [1.00,1.00] n367 {'C>C': 42, 'C>M': 325} 8c37f32e o4 q1 census {'C': 619, 'N': 2} P8 strict 1.00 [1.00,1.00] n619 | decisive 1.00 [1.00,1.00] n619 cov 1.00 | dec-shuf 1.00 [1.00,1.00] n619 P8any 1.00 [1.00,1.00] n619 | shuf 1.00 [1.00,1.00] n6"
roles/Ananke/research/workers/W-S/out/posthoc_summary_ns632.txt,41,8c37f32e,8c37f32e68843070,evolve,D,RELAY,0,,,,0,"2} P8 strict 1.00 [1.00,1.00] n619 | decisive 1.00 [1.00,1.00] n619 cov 1.00 | dec-shuf 1.00 [1.00,1.00] n619 P8any 1.00 [1.00,1.00] n619 | shuf 1.00 [1.00,1.00] n619 {'C>C': 619, 'N>C': 2} 8c37f32e o5 q0 census {'N': 201, 'C': 213, 'S': 201, 'tie': 6} P8 strict 0.28 [0.22,0.35] n414 | decisive 1.00 [1.00,1.00] n116 cov 0.28 | dec-shuf 0.52 [0.41,0.62] n116 P8any 0.65 [0.58,0.71] n414 | sh"
roles/Ananke/research/workers/W-S/out/posthoc_summary_ns632.txt,45,8c37f32e,8c37f32e68843070,evolve,D,RELAY,0,,,,0,"e 1.00 [1.00,1.00] n116 cov 0.28 | dec-shuf 0.52 [0.41,0.62] n116 P8any 0.65 [0.58,0.71] n414 | shuf 0.50 [0.44,0.56] n414 {'C>C': 60, 'C>M': 153, 'N>M': 201, 'S>M': 145, 'S>S': 56, 'tie>M': 6} 8c37f32e o5 q1 census {'S': 364, 'C': 1, 'N': 2} P8 strict 1.00 [0.99,1.00] n365 | decisive 1.00 [0.99,1.00] n365 cov 1.00 | dec-shuf 1.00 [0.99,1.00] n365 P8any 1.00 [0.99,1.00] n365 | shuf 1.00 [0.99,"
roles/Ananke/research/workers/W-S/out/summary_champions.txt,1,2dccdaa5,2dccdaa5eb8ffa0e,evolve,B,RELAY,0,,,,0,"== champ_2dccdaa5 normal 0.814 KA_L {'checked': 2816, 'equal': 2816, 'nonempty_real': 1248, 'real_subset': 2816} mustfail {'checked': 2816, 'equal': 890, 'nonempty_real': 1248, 'real_subset': 1876} wall 66s -- o4 q0"
roles/Ananke/research/workers/W-S/out/summary_champions.txt,82,c16d5231,c16d52319beb8bce,evolve,B2,RELAY,0,,,,0,"1': 183} first_jit_cross: {'S|0': 335} first_sib_split: {'S|0': 335} first_arr_rel: {'S|-1': 152, 'S|0': 183} first_te_rel: {'S|-5': 335} y_same_prev: {'S|0': 168, 'S|1': 167} == champ_c16d5231 normal 0.860 KA_L {'checked': 2816, 'equal': 2798, 'nonempty_real': 2448, 'real_subset': 2816} mustfail {'checked': 2816, 'equal': 290, 'nonempty_real': 2448, 'real_subset': 791} wall 65s -- o4 q0 U2"
roles/Ananke/research/workers/W-S/out/summary_champions.txt,163,8c37f32e,8c37f32e68843070,evolve,D,RELAY,0,,,,0,"8} first_arr_rel: {'S|-1': 300, 'S|0': 193, 'S|1': 24, 'S|2': 15, 'S|None': 8} first_te_rel: {'S|-1': 27, 'S|-3': 25, 'S|-5': 480, 'S|None': 8} y_same_prev: {'S|0': 253, 'S|1': 287} == champ_8c37f32e normal 0.857 KA_L {'checked': 2816, 'equal': 1941, 'nonempty_real': 2726, 'real_subset': 2816} mustfail {'checked': 2816, 'equal': 103, 'nonempty_real': 2726, 'real_subset': 873} wall 50s -- o4 q0 n"
roles/Ananke/research/workers/W-T/LOG.md,7,4781b0a1,4781b0a172b6dc3c,evolve,C,MAJ,0,,,,0,"-R strat logs (per-offset classes). Context contamination: none beyond the brief. A1 14:08Z Prior strata (W-R raw npz, ns 0x620; not my test data): per (offset, phase) S/C/N fractions for 4781b0a1 (frozen), 78f3b0ec and e06701a5 (follow). 78f3b0ec: S o0-o8, C o11-o14 q0; mixed thirds at o9 q0, o10, o11 q1, o14 q1, o15 q1. e06701a5 o5 q0 S.21 C.24 N.55. A2 14:10Z wt.py (plants PF/P1"
roles/Ananke/research/workers/W-T/LOG.md,7,78f3b0ec,78f3b0eccd44b1ed,evolve,B2,RELAY,0,,,,0,"offset classes). Context contamination: none beyond the brief. A1 14:08Z Prior strata (W-R raw npz, ns 0x620; not my test data): per (offset, phase) S/C/N fractions for 4781b0a1 (frozen), 78f3b0ec and e06701a5 (follow). 78f3b0ec: S o0-o8, C o11-o14 q0; mixed thirds at o9 q0, o10, o11 q1, o14 q1, o15 q1. e06701a5 o5 q0 S.21 C.24 N.55. A2 14:10Z wt.py (plants PF/P1/PL, runner reusing"
roles/Ananke/research/workers/W-T/LOG.md,7,e06701a5,e06701a5e70bb7c2,evolve,D,RELAY,0,,,,0,"s). Context contamination: none beyond the brief. A1 14:08Z Prior strata (W-R raw npz, ns 0x620; not my test data): per (offset, phase) S/C/N fractions for 4781b0a1 (frozen), 78f3b0ec and e06701a5 (follow). 78f3b0ec: S o0-o8, C o11-o14 q0; mixed thirds at o9 q0, o10, o11 q1, o14 q1, o15 q1. e06701a5 o5 q0 S.21 C.24 N.55. A2 14:10Z wt.py (plants PF/P1/PL, runner reusing W-S probe.fo"
roles/Ananke/research/workers/W-T/LOG.md,7,78f3b0ec,78f3b0eccd44b1ed,evolve,B2,RELAY,0,,,,0,"nation: none beyond the brief. A1 14:08Z Prior strata (W-R raw npz, ns 0x620; not my test data): per (offset, phase) S/C/N fractions for 4781b0a1 (frozen), 78f3b0ec and e06701a5 (follow). 78f3b0ec: S o0-o8, C o11-o14 q0; mixed thirds at o9 q0, o10, o11 q1, o14 q1, o15 q1. e06701a5 o5 q0 S.21 C.24 N.55. A2 14:10Z wt.py (plants PF/P1/PL, runner reusing W-S probe.fork) + summ.py. Dev"
roles/Ananke/research/workers/W-T/LOG.md,8,e06701a5,e06701a5e70bb7c2,evolve,D,RELAY,0,,,,0,": per (offset, phase) S/C/N fractions for 4781b0a1 (frozen), 78f3b0ec and e06701a5 (follow). 78f3b0ec: S o0-o8, C o11-o14 q0; mixed thirds at o9 q0, o10, o11 q1, o14 q1, o15 q1. e06701a5 o5 q0 S.21 C.24 N.55. A2 14:10Z wt.py (plants PF/P1/PL, runner reusing W-S probe.fork) + summ.py. Dev plants ns 0x7ff M16 o4,5: P1_J1 decisive 1.00 in all 4 strata; PF_J1 decisive .83-.91"
roles/Ananke/research/workers/W-T/LOG.md,14,c16d5231,c16d52319beb8bce,evolve,B2,RELAY,0,,,,0,"(o5 q1 .21); PF_J0 single classes (errors = the same decoy cases). A3 14:15Z Mixed-strata rule (n_SC >= 50, max(fS,fC) < .80) applied to prior data -> unit lists in PLAN s3. A4 14:13Z KA-R run: c16d5231 M64 ns 0x632 o4,5 (10 s, RC 0). A5 14:16Z KA-R compare: 584/584 eligible rows identical to W-S posthoc_c16d5231_ns632.json (pairs < 32): keyset, pattern, P8, n1_held, n1_flight, te1_rel."
roles/Ananke/research/workers/W-T/LOG.md,15,c16d5231,c16d52319beb8bce,evolve,B2,RELAY,0,,,,0,"max(fS,fC) < .80) applied to prior data -> unit lists in PLAN s3. A4 14:13Z KA-R run: c16d5231 M64 ns 0x632 o4,5 (10 s, RC 0). A5 14:16Z KA-R compare: 584/584 eligible rows identical to W-S posthoc_c16d5231_ns632.json (pairs < 32): keyset, pattern, P8, n1_held, n1_flight, te1_rel. Must-fail vs ns 0x630 file: keysets differ, 282/482 common rows mismatch. PASS. A6 14:20Z PLAN.md FRO"
roles/Ananke/research/workers/W-T/LOG.md,23,4781b0a1,4781b0a172b6dc3c,evolve,C,MAJ,0,,,,0,"tus` -> [] ; acquire skullport:cpu8 --as Ananke -> lse-33d3f78d0178 ACQUIRED (expires 15:13:07Z). A9 14:13:15Z Launch (launch.sh, 4 procs x 2 threads, ns 0x640 M 256). Win32_Process: 7300 (4781b0a1 o0-15), 20312 (plants chain, first PLANT_P1_J1), 7324 (78f3b0ec o9,10,11,14,15), 15596 (e06701a5 o5). A10 14:14Z pytest test_wt.py: 10 passed, RC 0 (logs/pytest.log). A11 14:15Z e06701a5 d"
roles/Ananke/research/workers/W-T/LOG.md,24,78f3b0ec,78f3b0eccd44b1ed,evolve,B2,RELAY,0,,,,0,"178 ACQUIRED (expires 15:13:07Z). A9 14:13:15Z Launch (launch.sh, 4 procs x 2 threads, ns 0x640 M 256). Win32_Process: 7300 (4781b0a1 o0-15), 20312 (plants chain, first PLANT_P1_J1), 7324 (78f3b0ec o9,10,11,14,15), 15596 (e06701a5 o5). A10 14:14Z pytest test_wt.py: 10 passed, RC 0 (logs/pytest.log). A11 14:15Z e06701a5 done (64 s, 957 rows, normal acc .670). Summary out/summary_e06701a5.{txt,js"
roles/Ananke/research/workers/W-T/LOG.md,24,e06701a5,e06701a5e70bb7c2,evolve,D,RELAY,0,,,,0,"A9 14:13:15Z Launch (launch.sh, 4 procs x 2 threads, ns 0x640 M 256). Win32_Process: 7300 (4781b0a1 o0-15), 20312 (plants chain, first PLANT_P1_J1), 7324 (78f3b0ec o9,10,11,14,15), 15596 (e06701a5 o5). A10 14:14Z pytest test_wt.py: 10 passed, RC 0 (logs/pytest.log). A11 14:15Z e06701a5 done (64 s, 957 rows, normal acc .670). Summary out/summary_e06701a5.{txt,json}. A12 ~14:17Z PLANT_P1_J1 (122"
roles/Ananke/research/workers/W-T/LOG.md,26,e06701a5,e06701a5e70bb7c2,evolve,D,RELAY,0,,,,0,"(4781b0a1 o0-15), 20312 (plants chain, first PLANT_P1_J1), 7324 (78f3b0ec o9,10,11,14,15), 15596 (e06701a5 o5). A10 14:14Z pytest test_wt.py: 10 passed, RC 0 (logs/pytest.log). A11 14:15Z e06701a5 done (64 s, 957 rows, normal acc .670). Summary out/summary_e06701a5.{txt,json}. A12 ~14:17Z PLANT_P1_J1 (122 s) and PLANT_P1_J0 (83 s) done RC 0; 78f3b0ec done (178 s, 4975 rows). KA-P1 P"
roles/Ananke/research/workers/W-T/LOG.md,26,e06701a5,e06701a5e70bb7c2,evolve,D,RELAY,0,,,,0,", 7324 (78f3b0ec o9,10,11,14,15), 15596 (e06701a5 o5). A10 14:14Z pytest test_wt.py: 10 passed, RC 0 (logs/pytest.log). A11 14:15Z e06701a5 done (64 s, 957 rows, normal acc .670). Summary out/summary_e06701a5.{txt,json}. A12 ~14:17Z PLANT_P1_J1 (122 s) and PLANT_P1_J0 (83 s) done RC 0; 78f3b0ec done (178 s, 4975 rows). KA-P1 PASS (o4q0, o5q0 decisive 1.00 [1,1], cov .605/.602, P8any 1.00; shuff"
roles/Ananke/research/workers/W-T/LOG.md,27,78f3b0ec,78f3b0eccd44b1ed,evolve,B2,RELAY,0,,,,0,"passed, RC 0 (logs/pytest.log). A11 14:15Z e06701a5 done (64 s, 957 rows, normal acc .670). Summary out/summary_e06701a5.{txt,json}. A12 ~14:17Z PLANT_P1_J1 (122 s) and PLANT_P1_J0 (83 s) done RC 0; 78f3b0ec done (178 s, 4975 rows). KA-P1 PASS (o4q0, o5q0 decisive 1.00 [1,1], cov .605/.602, P8any 1.00; shuffled dec .465/.467). KA-J0 PASS (0 M predictions; decisive S/C one class in e"
roles/Ananke/research/workers/W-T/LOG.md,30,78f3b0ec,78f3b0eccd44b1ed,evolve,B2,RELAY,0,,,,0,"KA-P1 PASS (o4q0, o5q0 decisive 1.00 [1,1], cov .605/.602, P8any 1.00; shuffled dec .465/.467). KA-J0 PASS (0 M predictions; decisive S/C one class in every stratum; dec 1.00). 78f3b0ec: DOES NOT REACH in all 6 mixed units (P8 dec .43-.57 ~ shuffle); te1 = t0+1, source re-emits ~4.4 distinct ticks, share re-broadcast .78, no relay copies. A13 POST HOC (labelled, not in PL"
roles/Ananke/research/workers/W-T/LOG.md,33,78f3b0ec,78f3b0eccd44b1ed,evolve,B2,RELAY,0,,,,0,"ce re-emits ~4.4 distinct ticks, share re-broadcast .78, no relay copies. A13 POST HOC (labelled, not in PLAN): posthoc.py -- emission-index predictors E1..E8 / ELAST / ALAST on 78f3b0ec (same ns/M, re-run) to find which source emission the readout follows. A14 ~14:21Z PLANT_PF_J1 (68 s) and PLANT_PL_J1 (102 s) done RC 0. KA-PF PASS: P8 decisive 1.00 [1,1] on pair-trials w"
roles/Ananke/research/workers/W-T/LOG.md,39,78f3b0ec,78f3b0eccd44b1ed,evolve,B2,RELAY,0,,,,0,"(all pair-trials): DOES NOT REACH (decisive .844 [.792,.891] o4q0, .863 o5q0). KA-PL PASS (must-fail plant): DOES NOT REACH in o4q0 (.700) and o5q0 (.755); o5q1 .406. A15 ~14:22Z POST HOC 78f3b0ec (posthoc.py, 6 units): no emission-index predictor E1..E6 reaches in o9q0/o10/o11q1; ELAST (latest source emission with te <= tau) = ALAST = 1.00 [1,1] at o15q1, .751 at o14q1,"
roles/Ananke/research/workers/W-T/LOG.md,42,4781b0a1,4781b0a172b6dc3c,evolve,C,MAJ,0,,,,0,"ission-index predictor E1..E6 reaches in o9q0/o10/o11q1; ELAST (latest source emission with te <= tau) = ALAST = 1.00 [1,1] at o15q1, .751 at o14q1, ~.5 at o9-o11. A16 14:23:27Z 4781b0a1 done (603 s, 17120 rows, normal acc .768). DOES NOT REACH in all 22 mixed units: P8 decisive = its shuffle in every unit (o0-o3 .01: P8 says C, truth S; o12/o13 q1 .03-.05; best"
roles/Ananke/research/workers/W-T/PLAN.md,2,4781b0a1,4781b0a172b6dc3c,evolve,C,MAJ,0,,,,0,"# W-T PLAN (E-ANANKE-W-T, T-INS-16 successor of T-INS-11 thr-8c7342a7d513, MWO-0004) -- FROZEN 2026-09-29 ~14:20Z FROZEN before any run on a test unit (plants at ns 0x640 or cells 4781b0a1 / 78f3b0ec / e06701a5). Nothing below changes after results; any later analysis is labelled POST HOC in LOG.md. ## s1 Question How far does W-S's first-broadcast latency rule reach? Test W-S's P8 /"
roles/Ananke/research/workers/W-T/PLAN.md,2,78f3b0ec,78f3b0eccd44b1ed,evolve,B2,RELAY,0,,,,0,"# W-T PLAN (E-ANANKE-W-T, T-INS-16 successor of T-INS-11 thr-8c7342a7d513, MWO-0004) -- FROZEN 2026-09-29 ~14:20Z FROZEN before any run on a test unit (plants at ns 0x640 or cells 4781b0a1 / 78f3b0ec / e06701a5). Nothing below changes after results; any later analysis is labelled POST HOC in LOG.md. ## s1 Question How far does W-S's first-broadcast latency rule reach? Test W-S's P8 / P8any, froz"
roles/Ananke/research/workers/W-T/PLAN.md,2,e06701a5,e06701a5e70bb7c2,evolve,D,RELAY,0,,,,0,"W-T PLAN (E-ANANKE-W-T, T-INS-16 successor of T-INS-11 thr-8c7342a7d513, MWO-0004) -- FROZEN 2026-09-29 ~14:20Z FROZEN before any run on a test unit (plants at ns 0x640 or cells 4781b0a1 / 78f3b0ec / e06701a5). Nothing below changes after results; any later analysis is labelled POST HOC in LOG.md. ## s1 Question How far does W-S's first-broadcast latency rule reach? Test W-S's P8 / P8any, frozen, on (a)"
roles/Ananke/research/workers/W-T/PLAN.md,8,4781b0a1,4781b0a172b6dc3c,evolve,C,MAJ,0,,,,0,"S's first-broadcast latency rule reach? Test W-S's P8 / P8any, frozen, on (a) a known-answer DIRECT-carrier plant under sync update_period 2 (jitter on; jitter off control; must-fail inputs), (b) MAJ 4781b0a1 mixed strata, (c) 78f3b0ec mixed strata (follow census), (d) e06701a5 o5 mixed stratum (follow census). ## s2 Predictors -- copied EXACTLY from W-S (PLAN s7 + code) Source: roles/Ananke/research/wor"
roles/Ananke/research/workers/W-T/PLAN.md,8,78f3b0ec,78f3b0eccd44b1ed,evolve,B2,RELAY,0,,,,0,"rule reach? Test W-S's P8 / P8any, frozen, on (a) a known-answer DIRECT-carrier plant under sync update_period 2 (jitter on; jitter off control; must-fail inputs), (b) MAJ 4781b0a1 mixed strata, (c) 78f3b0ec mixed strata (follow census), (d) e06701a5 o5 mixed stratum (follow census). ## s2 Predictors -- copied EXACTLY from W-S (PLAN s7 + code) Source: roles/Ananke/research/workers/W-S/PLAN.md s7, postho"
roles/Ananke/research/workers/W-T/PLAN.md,8,e06701a5,e06701a5e70bb7c2,evolve,D,RELAY,0,,,,0,"on (a) a known-answer DIRECT-carrier plant under sync update_period 2 (jitter on; jitter off control; must-fail inputs), (b) MAJ 4781b0a1 mixed strata, (c) 78f3b0ec mixed strata (follow census), (d) e06701a5 o5 mixed stratum (follow census). ## s2 Predictors -- copied EXACTLY from W-S (PLAN s7 + code) Source: roles/Ananke/research/workers/W-S/PLAN.md s7, posthoc.py (lines `srcc = sorted(...)` .. `r[""P8_"
roles/Ananke/research/workers/W-T/PLAN.md,33,c16d5231,c16d52319beb8bce,evolve,B2,RELAY,0,,,,0,"cell>.npz at ns 0x620, computed before freezing; LOG A3): stratum (o, q = (t0+o) mod 2) is MIXED iff prior n(S or C) >= 50 and max(fS, fC) < .80 among eligible pair-trials. - (a) Plants (wt.py; RELAY c16d5231 physics with prog_len 24, env d3 delta 8 Pd 11; direct delay 1 + 3 + jitter; fanout 8 over 6 ring ports, loss .1). Offsets 4, 5; frozen census. - PLANT_P1_J1 (PRIMARY KA): the source emits its cu"
roles/Ananke/research/workers/W-T/PLAN.md,43,4781b0a1,4781b0a172b6dc3c,evolve,C,MAJ,0,,,,0,"-- the realistic case (W-S's cells re-broadcast). - PLANT_PL_J1 (MUST-FAIL plant): the source re-emits the cue on PAY0 every wake; readout follows the LATEST arrivals. P8 must fail here. - (b) 4781b0a1 (MAJ, frozen census), offsets 0..15; units = the 22 mixed strata: 0:0,1:0,2:0,3:0,4:0,5:0,5:1,6:0,6:1,7:0,7:1,8:0,8:1,9:0,9:1,10:0,10:1,11:1,12:1,13:1,14:1,15:1 - (c) 78f3b0ec (RELAY delta 16, FOLL"
roles/Ananke/research/workers/W-T/PLAN.md,45,78f3b0ec,78f3b0eccd44b1ed,evolve,B2,RELAY,0,,,,0,"must fail here. - (b) 4781b0a1 (MAJ, frozen census), offsets 0..15; units = the 22 mixed strata: 0:0,1:0,2:0,3:0,4:0,5:0,5:1,6:0,6:1,7:0,7:1,8:0,8:1,9:0,9:1,10:0,10:1,11:1,12:1,13:1,14:1,15:1 - (c) 78f3b0ec (RELAY delta 16, FOLLOW census = W-R followdiff.follow_table / lens_swap.census_follow), offsets 9, 10, 11, 14, 15. PRIMARY units (brief / W-R): 9:0, 11:1, 14:1, 15:1. Additional units (mixed by"
roles/Ananke/research/workers/W-T/PLAN.md,48,e06701a5,e06701a5e70bb7c2,evolve,D,RELAY,0,,,,0,"llow_table / lens_swap.census_follow), offsets 9, 10, 11, 14, 15. PRIMARY units (brief / W-R): 9:0, 11:1, 14:1, 15:1. Additional units (mixed by the same rule, no phase effect): 10:0, 10:1. - (d) e06701a5 (FOLLOW census), offset 5; unit 5:0 (5:1 is a clean S stratum, reported). ## s4 Decision rule per unit (frozen, from the brief) RULE REACHES iff P8 decisive accuracy lo99 > .90 with coverage >= .25"
roles/Ananke/research/workers/W-T/PLAN.md,53,78f3b0ec,78f3b0eccd44b1ed,evolve,B2,RELAY,0,,,,0,"e >= .25 AND P8any strict lo99 > .80. Otherwise DOES NOT REACH, naming which part fails, plus cue-traffic descriptors (s5). Cell-level: the rule reaches a cell iff it REACHES every unit of that cell (78f3b0ec: primary units); the count of reaching units is reported for all. ## s5 Known-answer checks and must-fail inputs (pass criteria) - KA-R (done in development, LOG A5): my P8 implementation vs. W-S po"
roles/Ananke/research/workers/W-T/PLAN.md,57,c16d5231,c16d52319beb8bce,evolve,B2,RELAY,0,,,,0,"ary units); the count of reaching units is reported for all. ## s5 Known-answer checks and must-fail inputs (pass criteria) - KA-R (done in development, LOG A5): my P8 implementation vs. W-S posthoc_c16d5231_ns632.json on pairs 0..31 (M 64 prefix of ns 0x632): pattern, P8, n1_held, n1_flight, te1_rel identical on all rows. Must-fail: same rows vs. the ns 0x630 file must mismatch (they do: 282/482). -"
roles/Ananke/research/workers/W-T/PLAN.md,86,c16d5231,c16d52319beb8bce,evolve,B2,RELAY,0,,,,0,"e <= 16 core-hours (expected < 2). DEVELOPMENT (declared): plants at ns 0x7ff M 16 (PF/P1/PL/J0): P1 perfect; PF errors all on no-first-broadcast pair-trials (14/14); PL fails. KA-R at ns 0x632 M 64 (c16d5231). CONTEXT: read W-S REPORT RESULTS+DISAGREEMENTS (brief), W-S PLAN.md (definitions), W-S/W-R code, W-R strat logs and raw npz (prior strata). No other worker's REPORT read."
roles/Ananke/research/workers/W-T/REPORT.md,13,c16d5231,c16d52319beb8bce,evolve,B2,RELAY,0,,,,0,"- A ""mixed stratum"" is an (offset, phase) with, in W-R's 0x620 data, n(S or C) ≥ 50 and max(fS, fC) < .80. I fixed this rule before looking at 0x640. - **Units.** - (a) Direct-carrier plants on the c16d5231 physics (prog_len raised to 24; RELAY d3, delta 8; sync period 2; fanout 8 over 6 ports; loss .1; direct delay 4 + jitter): - P1: the source emits once per trial. This is the primary known-answer"
roles/Ananke/research/workers/W-T/REPORT.md,17,4781b0a1,4781b0a172b6dc3c,evolve,C,MAJ,0,,,,0,"r-off control. - PF: first broadcast on PAY0, then decoy re-emissions of the cue on PAY1 that the readout ignores. - PL: the readout follows the latest arrivals. This plant must fail. - (b) 4781b0a1 (MAJ): 22 mixed strata. - (c) 78f3b0ec (follow census): primary units o9q0, o11q1, o14q1, o15q1, plus o10q0 and o10q1. - (d) e06701a5 o5q0 (follow census). RESULTS PER UNIT (99% CIs) **(a) Plant"
roles/Ananke/research/workers/W-T/REPORT.md,18,78f3b0ec,78f3b0eccd44b1ed,evolve,B2,RELAY,0,,,,0,"on PAY0, then decoy re-emissions of the cue on PAY1 that the readout ignores. - PL: the readout follows the latest arrivals. This plant must fail. - (b) 4781b0a1 (MAJ): 22 mixed strata. - (c) 78f3b0ec (follow census): primary units o9q0, o11q1, o14q1, o15q1, plus o10q0 and o10q1. - (d) e06701a5 o5q0 (follow census). RESULTS PER UNIT (99% CIs) **(a) Plants** | Plant, stratum | Census | P8 decis"
roles/Ananke/research/workers/W-T/REPORT.md,19,e06701a5,e06701a5e70bb7c2,evolve,D,RELAY,0,,,,0,"ut follows the latest arrivals. This plant must fail. - (b) 4781b0a1 (MAJ): 22 mixed strata. - (c) 78f3b0ec (follow census): primary units o9q0, o11q1, o14q1, o15q1, plus o10q0 and o10q1. - (d) e06701a5 o5q0 (follow census). RESULTS PER UNIT (99% CIs) **(a) Plants** | Plant, stratum | Census | P8 decisive (coverage) | P8any strict | Verdict | |---|---|---|---|---| | P1_J1 o4q0 (mixed) | C298 / S24"
roles/Ananke/research/workers/W-T/REPORT.md,37,4781b0a1,4781b0a172b6dc3c,evolve,C,MAJ,0,,,,0,"error is a pair-trial where no first-broadcast copy arrived, so the earliest cue-bearing emission P8 used was a decoy. - **PL_J1.** DOES NOT REACH in o4q0 (.700) or o5q0 (.755); o5q1 is .406. **(b) 4781b0a1 (MAJ): DOES NOT REACH in 22 of 22 units.** - P8 decisive accuracy equals its own shuffle in every unit: - o0q0–o3q0: .01, because P8 says C (first copies still in flight) while the truth is S. -"
roles/Ananke/research/workers/W-T/REPORT.md,45,78f3b0ec,78f3b0eccd44b1ed,evolve,B2,RELAY,0,,,,0,"gainst a shuffle of .85. These are simply the majority-S rate. - P8all (secondary: each of the 5 sensors' own first emission) does no better: o5q1 .99 but coverage only .29; elsewhere .02–.92. **(c) 78f3b0ec: DOES NOT REACH in 6 of 6 units.** | Unit | P8 decisive (coverage) | P8any | |---|---|---| | o9q0 | .481 [.416,.547] (.99) | .485 | | o11q1 | .567 [.494,.632] | .567 | | o14q1 | .507 [.437,.575] | ."
roles/Ananke/research/workers/W-T/REPORT.md,59,e06701a5,e06701a5e70bb7c2,evolve,D,RELAY,0,,,,0,"10q1 | .480 | — | - All of these equal their shuffles. - In the clean strata P8 is right at o15q0 (1.00) and o9q1 (.98), but wrong at o11q0 and o14q0 (.015 / .004: it says S, the truth is C). **(d) e06701a5 o5q0: DOES NOT REACH, and only the P8any part fails.** - P8 decisive is 1.00 [1.00,1.00] with coverage .525; P8any strict is .734 [.659,.807]. - Split cases go S 74 / C 58, a coin toss. All 304 N pai"
roles/Ananke/research/workers/W-T/REPORT.md,65,e06701a5,e06701a5e70bb7c2,evolve,D,RELAY,0,,,,0,"s are split cases. - The clean o5q1 stratum reaches (S375, P8 1.00). **What the cue-bearing traffic looks like** (mean per S/C pair-trial; ""copies"" means cue-bearing copies reaching the readout) - **e06701a5:** 1.9 copies, all from a single source emission at tau−4. No re-broadcast, no relays. The failure is only in the split outcomes. - **78f3b0ec:** 5.6–6.1 copies, all from the source (relay share 0)."
roles/Ananke/research/workers/W-T/REPORT.md,66,78f3b0ec,78f3b0eccd44b1ed,evolve,B2,RELAY,0,,,,0,"pies"" means cue-bearing copies reaching the readout) - **e06701a5:** 1.9 copies, all from a single source emission at tau−4. No re-broadcast, no relays. The failure is only in the split outcomes. - **78f3b0ec:** 5.6–6.1 copies, all from the source (relay share 0). The source emits on about 4.4–5 distinct ticks, so 78% of source copies are re-broadcasts. The first emission is at about t0+1 and lands long b"
roles/Ananke/research/workers/W-T/REPORT.md,69,4781b0a1,4781b0a172b6dc3c,evolve,C,MAJ,0,,,,0,"(E1–E6) works at o9–o11. - ""Latest source emission with te ≤ tau"" (ELAST) is 1.00 [1,1] at o15q1 and .751 at o14q1. So late in the trial the readout follows the latest broadcast, not the first. - **4781b0a1:** about 30 copies per pair-trial, 7–9 of them in flight at tau. 79% of the first sensor's copies are re-broadcasts. - POST HOC (posthoc_maj.py): the 81% ""non-source"" share comes entirely from the"
roles/Ananke/research/workers/W-T/REPORT.md,75,c16d5231,c16d52319beb8bce,evolve,B2,RELAY,0,,,,0,"C and N. The readout integrates many broadcasts from 5 sensors, so no single-emission timing rule applies. KNOWN-ANSWER CHECKS (+ must-fail inputs) All pass. - **KA-R:** my P8 reproduces W-S posthoc_c16d5231_ns632.json on 584 of 584 rows (pairs < 32, M = 64 prefix): keyset, pattern, P8, n1_held, n1_flight and te1_rel all identical. Must-fail: against the ns 0x630 file, the keysets differ and 282 of 482 c"
roles/Ananke/research/workers/W-T/REPORT.md,85,78f3b0ec,78f3b0eccd44b1ed,evolve,B2,RELAY,0,,,,0,"e-broadcasts break it whenever the first broadcast misses the readout (PF, about 11% of pair-trials). - Its reach stops at W-S's three RELAY cells. It does not hold in MAJ, in the larger-delta cell 78f3b0ec (where the readout follows later, and at the end the latest, source broadcasts), or for split outcomes in e06701a5. - W-S's R3 finding that split outcomes are c16d5231-specific holds: in e06701a5 s"
roles/Ananke/research/workers/W-T/REPORT.md,85,e06701a5,e06701a5e70bb7c2,evolve,D,RELAY,0,,,,0,"stops at W-S's three RELAY cells. It does not hold in MAJ, in the larger-delta cell 78f3b0ec (where the readout follows later, and at the end the latest, source broadcasts), or for split outcomes in e06701a5. - W-S's R3 finding that split outcomes are c16d5231-specific holds: in e06701a5 splits are a coin toss. - **W-R:** the 78f3b0ec phase effects at o9–o15 are real (mixed thirds replicate at 0x640)."
roles/Ananke/research/workers/W-T/REPORT.md,86,c16d5231,c16d52319beb8bce,evolve,B2,RELAY,0,,,,0,"MAJ, in the larger-delta cell 78f3b0ec (where the readout follows later, and at the end the latest, source broadcasts), or for split outcomes in e06701a5. - W-S's R3 finding that split outcomes are c16d5231-specific holds: in e06701a5 splits are a coin toss. - **W-R:** the 78f3b0ec phase effects at o9–o15 are real (mixed thirds replicate at 0x640). They are not first-arrival jitter; the late-offset (o15"
roles/Ananke/research/workers/W-T/REPORT.md,86,e06701a5,e06701a5e70bb7c2,evolve,D,RELAY,0,,,,0,"l 78f3b0ec (where the readout follows later, and at the end the latest, source broadcasts), or for split outcomes in e06701a5. - W-S's R3 finding that split outcomes are c16d5231-specific holds: in e06701a5 splits are a coin toss. - **W-R:** the 78f3b0ec phase effects at o9–o15 are real (mixed thirds replicate at 0x640). They are not first-arrival jitter; the late-offset (o15) mixture tracks the latest"
roles/Ananke/research/workers/W-T/REPORT.md,87,78f3b0ec,78f3b0eccd44b1ed,evolve,B2,RELAY,0,,,,0,"at the end the latest, source broadcasts), or for split outcomes in e06701a5. - W-S's R3 finding that split outcomes are c16d5231-specific holds: in e06701a5 splits are a coin toss. - **W-R:** the 78f3b0ec phase effects at o9–o15 are real (mixed thirds replicate at 0x640). They are not first-arrival jitter; the late-offset (o15) mixture tracks the latest source emission. - **W-P:** MAJ phase effects at"
roles/Ananke/research/workers/W-T/REPORT.md,104,4781b0a1,4781b0a172b6dc3c,evolve,C,MAJ,0,,,,0,"T HOC) - Code: wt.py (plants and runner), summ.py (decision rule and descriptors), posthoc.py, posthoc_maj.py, test_wt.py, launch.sh - out/summary_{PLANT_P1_J1, PLANT_P1_J0, PLANT_PF_J1, PLANT_PL_J1, 4781b0a1, 78f3b0ec, e06701a5}.{txt,json} - out/rows_*.npz, out/meta_*.json, out/posthoc_summary_78f3b0ec.*, out/posthoc_maj_traffic.json, out/*dev* (development runs) - logs/ PROPOSED FOLLOW-UPS - A causal-e"
roles/Ananke/research/workers/W-T/REPORT.md,104,78f3b0ec,78f3b0eccd44b1ed,evolve,B2,RELAY,0,,,,0,"ode: wt.py (plants and runner), summ.py (decision rule and descriptors), posthoc.py, posthoc_maj.py, test_wt.py, launch.sh - out/summary_{PLANT_P1_J1, PLANT_P1_J0, PLANT_PF_J1, PLANT_PL_J1, 4781b0a1, 78f3b0ec, e06701a5}.{txt,json} - out/rows_*.npz, out/meta_*.json, out/posthoc_summary_78f3b0ec.*, out/posthoc_maj_traffic.json, out/*dev* (development runs) - logs/ PROPOSED FOLLOW-UPS - A causal-emission ve"
roles/Ananke/research/workers/W-T/REPORT.md,104,e06701a5,e06701a5e70bb7c2,evolve,D,RELAY,0,,,,0,"(plants and runner), summ.py (decision rule and descriptors), posthoc.py, posthoc_maj.py, test_wt.py, launch.sh - out/summary_{PLANT_P1_J1, PLANT_P1_J0, PLANT_PF_J1, PLANT_PL_J1, 4781b0a1, 78f3b0ec, e06701a5}.{txt,json} - out/rows_*.npz, out/meta_*.json, out/posthoc_summary_78f3b0ec.*, out/posthoc_maj_traffic.json, out/*dev* (development runs) - logs/ PROPOSED FOLLOW-UPS - A causal-emission version of P"
roles/Ananke/research/workers/W-T/REPORT.md,105,78f3b0ec,78f3b0eccd44b1ed,evolve,B2,RELAY,0,,,,0,"osthoc_maj.py, test_wt.py, launch.sh - out/summary_{PLANT_P1_J1, PLANT_P1_J0, PLANT_PF_J1, PLANT_PL_J1, 4781b0a1, 78f3b0ec, e06701a5}.{txt,json} - out/rows_*.npz, out/meta_*.json, out/posthoc_summary_78f3b0ec.*, out/posthoc_maj_traffic.json, out/*dev* (development runs) - logs/ PROPOSED FOLLOW-UPS - A causal-emission version of P8: identify the carrier by cue-flipping each source emission separately, rat"
roles/Ananke/research/workers/W-T/REPORT.md,110,78f3b0ec,78f3b0eccd44b1ed,evolve,B2,RELAY,0,,,,0,"ment runs) - logs/ PROPOSED FOLLOW-UPS - A causal-emission version of P8: identify the carrier by cue-flipping each source emission separately, rather than taking the earliest cue-bearing one. - For 78f3b0ec o9–o11: test whether the mixture is the source's emission clock (site → flight hand-off) rather than arrival timing. - For MAJ: a per-sensor carrier census."
roles/Ananke/research/workers/W-T/logs/pids.txt,3,4781b0a1,4781b0a172b6dc3c,evolve,C,MAJ,0,,,,0,Tue Sep 29 14:13:15 UTC 2026 plants shell 51647 4781b0a1 51648 78f3b0ec 51650 e06701a5 51651 ALLDONE
roles/Ananke/research/workers/W-T/logs/pids.txt,4,78f3b0ec,78f3b0eccd44b1ed,evolve,B2,RELAY,0,,,,0,Tue Sep 29 14:13:15 UTC 2026 plants shell 51647 4781b0a1 51648 78f3b0ec 51650 e06701a5 51651 ALLDONE
roles/Ananke/research/workers/W-T/logs/pids.txt,5,e06701a5,e06701a5e70bb7c2,evolve,D,RELAY,0,,,,0,Tue Sep 29 14:13:15 UTC 2026 plants shell 51647 4781b0a1 51648 78f3b0ec 51650 e06701a5 51651 ALLDONE
roles/Ananke/research/workers/W-T/out/posthoc_summary_78f3b0ec.txt,1,78f3b0ec,78f3b0eccd44b1ed,evolve,B2,RELAY,0,,,,0,"78f3b0ec o9 q0 census {'N': 161, 'C': 189, 'S': 184} E1 dec 0.481 [0.416,0.547] cov 0.99 | strict 0.475 {'C>C': 6, 'C>M': 4, 'C>S': 179, 'N>C': 8, 'N>M': 1, 'N>S': 152, 'S>C': 12, 'S>M': 1, 'S>S': 171}"
roles/Ananke/research/workers/W-T/out/posthoc_summary_78f3b0ec.txt,10,78f3b0ec,78f3b0eccd44b1ed,evolve,B2,RELAY,0,,,,0,"c 0.547 [0.472,0.614] cov 0.99 | strict 0.544 {'C>C': 189, 'N>C': 161, 'S>C': 168, 'S>M': 2, 'S>S': 14} ALAST dec 0.507 [0.437,0.575] cov 1.00 | strict 0.507 {'C>C': 189, 'N>C': 161, 'S>C': 184} 78f3b0ec o11 q1 census {'S': 183, 'C': 140, 'N': 138} E1 dec 0.567 [0.494,0.632] cov 1.00 | strict 0.567 {'C>C': 2, 'C>S': 138, 'N>C': 2, 'N>S': 136, 'S>C': 2, 'S>S': 181} E2 dec 0.573 [0.500,0.6"
roles/Ananke/research/workers/W-T/out/posthoc_summary_78f3b0ec.txt,20,78f3b0ec,78f3b0eccd44b1ed,evolve,B2,RELAY,0,,,,0,"ELAST dec 0.526 [0.454,0.604] cov 1.00 | strict 0.526 {'C>C': 140, 'N>C': 138, 'S>C': 153, 'S>S': 30} ALAST dec 0.433 [0.365,0.504] cov 1.00 | strict 0.433 {'C>C': 140, 'N>C': 138, 'S>C': 183} 78f3b0ec o14 q1 census {'N': 161, 'S': 189, 'C': 184} E1 dec 0.507 [0.437,0.575] cov 1.00 | strict 0.507 {'C>S': 184, 'N>S': 161, 'S>S': 189} E2 dec 0.527 [0.457,0.595] cov 1.00 | strict 0.525 {"
roles/Ananke/research/workers/W-T/out/posthoc_summary_78f3b0ec.txt,29,78f3b0ec,78f3b0eccd44b1ed,evolve,B2,RELAY,0,,,,0,"ec 0.751 [0.696,0.801] cov 1.00 | strict 0.751 {'C>C': 184, 'N>C': 161, 'S>C': 93, 'S>S': 96} ALAST dec 0.751 [0.696,0.801] cov 1.00 | strict 0.751 {'C>C': 184, 'N>C': 161, 'S>C': 93, 'S>S': 96} 78f3b0ec o15 q1 census {'C': 183, 'S': 140, 'N': 138} E1 dec 0.433 [0.365,0.504] cov 1.00 | strict 0.433 {'C>S': 183, 'N>S': 138, 'S>S': 140} E2 dec 0.446 [0.378,0.520] cov 1.00 | strict 0.446 {"
roles/Ananke/research/workers/W-T/out/posthoc_summary_78f3b0ec.txt,39,78f3b0ec,78f3b0eccd44b1ed,evolve,B2,RELAY,0,,,,0,">U': 140} ELAST dec 1.000 [1.000,1.000] cov 1.00 | strict 1.000 {'C>C': 183, 'N>C': 138, 'S>S': 140} ALAST dec 1.000 [1.000,1.000] cov 1.00 | strict 1.000 {'C>C': 183, 'N>C': 138, 'S>S': 140} 78f3b0ec o10 q0 census {'S': 183, 'C': 140, 'N': 138} E1 dec 0.567 [0.497,0.632] cov 1.00 | strict 0.567 {'C>C': 3, 'C>S': 137, 'N>C': 3, 'N>S': 135, 'S>C': 3, 'S>S': 180} E2 dec 0.575 [0.500,0.6"
roles/Ananke/research/workers/W-T/out/posthoc_summary_78f3b0ec.txt,49,78f3b0ec,78f3b0eccd44b1ed,evolve,B2,RELAY,0,,,,0,"c 0.497 [0.427,0.570] cov 0.98 | strict 0.486 {'C>C': 140, 'N>C': 138, 'S>C': 159, 'S>M': 7, 'S>S': 17} ALAST dec 0.433 [0.365,0.504] cov 1.00 | strict 0.433 {'C>C': 140, 'N>C': 138, 'S>C': 183} 78f3b0ec o10 q1 census {'N': 161, 'C': 189, 'S': 184} E1 dec 0.480 [0.411,0.550] cov 1.00 | strict 0.480 {'C>C': 1, 'C>S': 188, 'N>C': 7, 'N>S': 154, 'S>C': 6, 'S>S': 178} E2 dec 0.487 [0.421,0.5"
roles/Ananke/research/workers/W-T/out/summary_4781b0a1.txt,1,4781b0a1,4781b0a172b6dc3c,evolve,C,MAJ,0,,,,0,"4781b0a1 o0 q0 (frozen) census {'S': 286, 'N': 137, 'C': 2} P8 decisive 0.007 [0.000,0.021] n288 cov 1.000 | strict 0.007 [0.000,0.021] n288 | dec-shuf 0.007 [0.000,0.021] n288 P8any 0.007 [0.000,0.021]"
roles/Ananke/research/workers/W-T/out/summary_4781b0a1.txt,7,4781b0a1,4781b0a172b6dc3c,evolve,C,MAJ,0,,,,0,"shuf 0.007 [0.000,0.021] n288 | P8all dec 0.007 [0.000,0.021] n288 cov 1.000 xtab {'C>C': 2, 'N>C': 137, 'S>C': 286} VERDICT DOES NOT REACH ['P8 decisive lo99 <= .90', 'P8any strict lo99 <= .80'] 4781b0a1 o1 q0 (frozen) census {'N': 180, 'S': 303, 'C': 4} P8 decisive 0.013 [0.000,0.032] n306 cov 0.997 | strict 0.013 [0.000,0.032] n307 | dec-shuf 0.013 [0.000,0.032] n306 P8any 0.016 [0.000,0.038]"
roles/Ananke/research/workers/W-T/out/summary_4781b0a1.txt,13,4781b0a1,4781b0a172b6dc3c,evolve,C,MAJ,0,,,,0,"[0.000,0.036] n307 | P8all dec 0.013 [0.000,0.032] n307 cov 1.000 xtab {'C>C': 4, 'N>C': 180, 'S>C': 302, 'S>U': 1} VERDICT DOES NOT REACH ['P8 decisive lo99 <= .90', 'P8any strict lo99 <= .80'] 4781b0a1 o2 q0 (frozen) census {'S': 249, 'N': 173, 'C': 3} P8 decisive 0.012 [0.000,0.033] n252 cov 1.000 | strict 0.012 [0.000,0.033] n252 | dec-shuf 0.012 [0.000,0.033] n252 P8any 0.012 [0.000,0.033]"
roles/Ananke/research/workers/W-T/out/summary_4781b0a1.txt,19,4781b0a1,4781b0a172b6dc3c,evolve,C,MAJ,0,,,,0,"shuf 0.012 [0.000,0.033] n252 | P8all dec 0.019 [0.000,0.053] n155 cov 0.615 xtab {'C>C': 3, 'N>C': 173, 'S>C': 249} VERDICT DOES NOT REACH ['P8 decisive lo99 <= .90', 'P8any strict lo99 <= .80'] 4781b0a1 o3 q0 (frozen) census {'N': 213, 'S': 270, 'C': 4} P8 decisive 0.015 [0.000,0.035] n273 cov 0.996 | strict 0.015 [0.000,0.035] n274 | dec-shuf 0.015 [0.000,0.035] n273 P8any 0.018 [0.000,0.042]"
roles/Ananke/research/workers/W-T/out/summary_4781b0a1.txt,25,4781b0a1,4781b0a172b6dc3c,evolve,C,MAJ,0,,,,0,"[0.003,0.040] n274 | P8all dec 0.014 [0.000,0.043] n148 cov 0.540 xtab {'C>C': 4, 'N>C': 213, 'S>C': 269, 'S>U': 1} VERDICT DOES NOT REACH ['P8 decisive lo99 <= .90', 'P8any strict lo99 <= .80'] 4781b0a1 o4 q0 (frozen) census {'S': 125, 'N': 295, 'C': 5} P8 decisive 0.388 [0.260,0.516] n98 cov 0.754 | strict 0.292 [0.192,0.393] n130 | dec-shuf 0.388 [0.267,0.511] n98 P8any 0.315 [0.209,0.416] n"
roles/Ananke/research/workers/W-T/out/summary_4781b0a1.txt,31,4781b0a1,4781b0a172b6dc3c,evolve,C,MAJ,0,,,,0,"n5 cov 0.038 xtab {'C>C': 1, 'C>M': 3, 'C>S': 1, 'N>C': 168, 'N>M': 61, 'N>S': 66, 'S>C': 59, 'S>M': 29, 'S>S': 37} VERDICT DOES NOT REACH ['P8 decisive lo99 <= .90', 'P8any strict lo99 <= .80'] 4781b0a1 o5 q0 (frozen) census {'N': 321, 'S': 117, 'C': 49} P8 decisive 0.481 [0.358,0.603] n129 cov 0.777 | strict 0.373 [0.274,0.475] n166 | dec-shuf 0.372 [0.266,0.492] n129 P8any 0.434 [0.337,0.532"
roles/Ananke/research/workers/W-T/out/summary_4781b0a1.txt,37,4781b0a1,4781b0a172b6dc3c,evolve,C,MAJ,0,,,,0,"24 xtab {'C>C': 31, 'C>M': 9, 'C>S': 9, 'N>C': 178, 'N>M': 59, 'N>S': 84, 'S>C': 58, 'S>M': 27, 'S>S': 31, 'S>U': 1} VERDICT DOES NOT REACH ['P8 decisive lo99 <= .90', 'P8any strict lo99 <= .80'] 4781b0a1 o5 q1 (frozen) census {'S': 327, 'N': 93, 'C': 5} P8 decisive 0.708 [0.650,0.766] n332 cov 1.000 | strict 0.708 [0.650,0.766] n332 | dec-shuf 0.714 [0.642,0.778] n332 P8any 0.708 [0.650,0.766]"
roles/Ananke/research/workers/W-T/out/summary_4781b0a1.txt,43,4781b0a1,4781b0a172b6dc3c,evolve,C,MAJ,0,,,,0,"| P8all dec 0.990 [0.959,1.000] n97 cov 0.292 xtab {'C>C': 1, 'C>S': 4, 'N>C': 27, 'N>S': 66, 'S>C': 93, 'S>S': 234} VERDICT DOES NOT REACH ['P8 decisive lo99 <= .90', 'P8any strict lo99 <= .80'] 4781b0a1 o6 q0 (frozen) census {'S': 36, 'N': 330, 'C': 59} P8 decisive 0.440 [0.314,0.558] n91 cov 0.958 | strict 0.421 [0.302,0.537] n95 | dec-shuf 0.462 [0.323,0.598] n91 P8any 0.453 [0.337,0.565] n9"
roles/Ananke/research/workers/W-T/out/summary_4781b0a1.txt,49,4781b0a1,4781b0a172b6dc3c,evolve,C,MAJ,0,,,,0,"n48 cov 0.505 xtab {'C>C': 10, 'C>M': 3, 'C>S': 46, 'N>C': 57, 'N>M': 16, 'N>S': 257, 'S>C': 5, 'S>M': 1, 'S>S': 30} VERDICT DOES NOT REACH ['P8 decisive lo99 <= .90', 'P8any strict lo99 <= .80'] 4781b0a1 o6 q1 (frozen) census {'S': 310, 'N': 156, 'C': 21} P8 decisive 0.712 [0.652,0.775] n330 cov 0.997 | strict 0.710 [0.648,0.775] n331 | dec-shuf 0.718 [0.652,0.777] n330 P8any 0.713 [0.652,0.776"
roles/Ananke/research/workers/W-T/out/summary_4781b0a1.txt,55,4781b0a1,4781b0a172b6dc3c,evolve,C,MAJ,0,,,,0,".907 [0.832,0.971] n107 cov 0.323 xtab {'C>C': 5, 'C>S': 16, 'N>C': 34, 'N>S': 122, 'S>C': 79, 'S>S': 230, 'S>U': 1} VERDICT DOES NOT REACH ['P8 decisive lo99 <= .90', 'P8any strict lo99 <= .80'] 4781b0a1 o7 q0 (frozen) census {'N': 324, 'S': 43, 'C': 120} P8 decisive 0.304 [0.211,0.393] n158 cov 0.969 | strict 0.294 [0.209,0.394] n163 | dec-shuf 0.291 [0.197,0.389] n158 P8any 0.313 [0.230,0.406"
roles/Ananke/research/workers/W-T/out/summary_4781b0a1.txt,61,4781b0a1,4781b0a172b6dc3c,evolve,C,MAJ,0,,,,0,"52 xtab {'C>C': 13, 'C>M': 3, 'C>S': 104, 'N>C': 38, 'N>M': 17, 'N>S': 268, 'N>U': 1, 'S>C': 6, 'S>M': 2, 'S>S': 35} VERDICT DOES NOT REACH ['P8 decisive lo99 <= .90', 'P8any strict lo99 <= .80'] 4781b0a1 o7 q1 (frozen) census {'S': 278, 'N': 119, 'C': 28} P8 decisive 0.869 [0.818,0.917] n306 cov 1.000 | strict 0.869 [0.818,0.917] n306 | dec-shuf 0.850 [0.798,0.894] n306 P8any 0.869 [0.818,0.917"
roles/Ananke/research/workers/W-T/out/summary_4781b0a1.txt,67,4781b0a1,4781b0a172b6dc3c,evolve,C,MAJ,0,,,,0,"0.850 [0.798,0.894] n306 | P8all dec 0.917 [0.863,0.961] n216 cov 0.706 xtab {'C>C': 4, 'C>S': 24, 'N>C': 9, 'N>S': 110, 'S>C': 16, 'S>S': 262} VERDICT DOES NOT REACH ['P8 decisive lo99 <= .90'] 4781b0a1 o8 q0 (frozen) census {'C': 132, 'N': 281, 'S': 12} P8 decisive 0.099 [0.043,0.162] n142 cov 0.986 | strict 0.097 [0.045,0.156] n144 | dec-shuf 0.113 [0.049,0.179] n142 P8any 0.111 [0.052,0.174"
roles/Ananke/research/workers/W-T/out/summary_4781b0a1.txt,73,4781b0a1,4781b0a172b6dc3c,evolve,C,MAJ,0,,,,0,"017,0.132] n117 cov 0.812 xtab {'C>C': 3, 'C>M': 2, 'C>S': 127, 'N>C': 7, 'N>M': 4, 'N>S': 270, 'S>C': 1, 'S>S': 11} VERDICT DOES NOT REACH ['P8 decisive lo99 <= .90', 'P8any strict lo99 <= .80'] 4781b0a1 o8 q1 (frozen) census {'S': 254, 'N': 181, 'C': 52} P8 decisive 0.800 [0.740,0.855] n305 cov 0.997 | strict 0.797 [0.739,0.852] n306 | dec-shuf 0.820 [0.767,0.873] n305 P8any 0.801 [0.740,0.856"
roles/Ananke/research/workers/W-T/out/summary_4781b0a1.txt,79,4781b0a1,4781b0a172b6dc3c,evolve,C,MAJ,0,,,,0,"0.823 [0.756,0.884] n237 cov 0.775 xtab {'C>C': 4, 'C>S': 48, 'N>C': 8, 'N>S': 173, 'S>C': 13, 'S>S': 240, 'S>U': 1} VERDICT DOES NOT REACH ['P8 decisive lo99 <= .90', 'P8any strict lo99 <= .80'] 4781b0a1 o9 q0 (frozen) census {'C': 276, 'N': 194, 'S': 17} P8 decisive 0.092 [0.051,0.142] n292 cov 0.997 | strict 0.092 [0.051,0.142] n293 | dec-shuf 0.092 [0.051,0.139] n292 P8any 0.092 [0.051,0.142"
roles/Ananke/research/workers/W-T/out/summary_4781b0a1.txt,85,4781b0a1,4781b0a172b6dc3c,evolve,C,MAJ,0,,,,0,"n251 cov 0.857 xtab {'C>C': 12, 'C>S': 264, 'N>C': 3, 'N>M': 2, 'N>S': 188, 'N>U': 1, 'S>C': 1, 'S>M': 1, 'S>S': 15} VERDICT DOES NOT REACH ['P8 decisive lo99 <= .90', 'P8any strict lo99 <= .80'] 4781b0a1 o9 q1 (frozen) census {'N': 155, 'S': 217, 'C': 53} P8 decisive 0.800 [0.737,0.863] n270 cov 1.000 | strict 0.800 [0.737,0.863] n270 | dec-shuf 0.793 [0.726,0.854] n270 P8any 0.800 [0.737,0.863"
roles/Ananke/research/workers/W-T/out/summary_4781b0a1.txt,91,4781b0a1,4781b0a172b6dc3c,evolve,C,MAJ,0,,,,0,"P8all dec 0.808 [0.743,0.873] n245 cov 0.907 xtab {'C>C': 2, 'C>S': 51, 'N>C': 2, 'N>S': 153, 'S>C': 3, 'S>S': 214} VERDICT DOES NOT REACH ['P8 decisive lo99 <= .90', 'P8any strict lo99 <= .80'] 4781b0a1 o10 q0 (frozen) census {'C': 249, 'N': 170, 'S': 6} P8 decisive 0.028 [0.004,0.056] n254 cov 0.996 | strict 0.027 [0.004,0.055] n255 | dec-shuf 0.028 [0.004,0.055] n254 P8any 0.031 [0.008,0.060"
roles/Ananke/research/workers/W-T/out/summary_4781b0a1.txt,97,4781b0a1,4781b0a172b6dc3c,evolve,C,MAJ,0,,,,0,"c 0.025 [0.004,0.053] n244 cov 0.957 xtab {'C>C': 1, 'C>M': 1, 'C>S': 247, 'N>C': 2, 'N>M': 1, 'N>S': 167, 'S>S': 6} VERDICT DOES NOT REACH ['P8 decisive lo99 <= .90', 'P8any strict lo99 <= .80'] 4781b0a1 o10 q1 (frozen) census {'N': 235, 'C': 82, 'S': 170} P8 decisive 0.665 [0.590,0.737] n251 cov 0.996 | strict 0.663 [0.585,0.734] n252 | dec-shuf 0.673 [0.596,0.742] n251 P8any 0.667 [0.591,0.74"
roles/Ananke/research/workers/W-T/out/summary_4781b0a1.txt,103,4781b0a1,4781b0a172b6dc3c,evolve,C,MAJ,0,,,,0,"0.676 [0.608,0.753] n238 cov 0.944 xtab {'C>C': 1, 'C>S': 81, 'N>C': 6, 'N>S': 229, 'S>C': 3, 'S>S': 166, 'S>U': 1} VERDICT DOES NOT REACH ['P8 decisive lo99 <= .90', 'P8any strict lo99 <= .80'] 4781b0a1 o11 q1 (frozen) census {'N': 200, 'S': 160, 'C': 65} P8 decisive 0.702 [0.614,0.786] n225 cov 1.000 | strict 0.702 [0.614,0.786] n225 | dec-shuf 0.711 [0.628,0.795] n225 P8any 0.702 [0.614,0.78"
roles/Ananke/research/workers/W-T/out/summary_4781b0a1.txt,109,4781b0a1,4781b0a172b6dc3c,evolve,C,MAJ,0,,,,0,"95] n225 | P8all dec 0.708 [0.618,0.788] n219 cov 0.973 xtab {'C>S': 65, 'N>C': 1, 'N>S': 199, 'S>C': 2, 'S>S': 158} VERDICT DOES NOT REACH ['P8 decisive lo99 <= .90', 'P8any strict lo99 <= .80'] 4781b0a1 o12 q1 (frozen) census {'C': 358, 'S': 16, 'N': 113} P8 decisive 0.051 [0.022,0.087] n373 cov 0.997 | strict 0.051 [0.022,0.087] n374 | dec-shuf 0.051 [0.024,0.085] n373 P8any 0.051 [0.022,0.08"
roles/Ananke/research/workers/W-T/out/summary_4781b0a1.txt,115,4781b0a1,4781b0a172b6dc3c,evolve,C,MAJ,0,,,,0,"86] n374 | P8all dec 0.041 [0.015,0.073] n367 cov 0.981 xtab {'C>C': 3, 'C>S': 354, 'C>U': 1, 'N>S': 113, 'S>S': 16} VERDICT DOES NOT REACH ['P8 decisive lo99 <= .90', 'P8any strict lo99 <= .80'] 4781b0a1 o13 q1 (frozen) census {'C': 319, 'N': 95, 'S': 11} P8 decisive 0.033 [0.010,0.065] n330 cov 1.000 | strict 0.033 [0.010,0.065] n330 | dec-shuf 0.033 [0.010,0.065] n330 P8any 0.033 [0.010,0.065"
roles/Ananke/research/workers/W-T/out/summary_4781b0a1.txt,121,4781b0a1,4781b0a172b6dc3c,evolve,C,MAJ,0,,,,0,"shuf 0.033 [0.010,0.065] n330 | P8all dec 0.033 [0.010,0.065] n329 cov 0.997 xtab {'C>S': 319, 'N>S': 95, 'S>S': 11} VERDICT DOES NOT REACH ['P8 decisive lo99 <= .90', 'P8any strict lo99 <= .80'] 4781b0a1 o14 q1 (frozen) census {'N': 310, 'S': 84, 'C': 93} P8 decisive 0.475 [0.386,0.574] n177 cov 1.000 | strict 0.475 [0.386,0.574] n177 | dec-shuf 0.475 [0.386,0.574] n177 P8any 0.475 [0.386,0.574"
roles/Ananke/research/workers/W-T/out/summary_4781b0a1.txt,127,4781b0a1,4781b0a172b6dc3c,evolve,C,MAJ,0,,,,0,"[0.386,0.574] n177 | P8all dec 0.475 [0.386,0.574] n177 cov 1.000 xtab {'C>S': 93, 'N>S': 309, 'N>U': 1, 'S>S': 84} VERDICT DOES NOT REACH ['P8 decisive lo99 <= .90', 'P8any strict lo99 <= .80'] 4781b0a1 o15 q1 (frozen) census {'N': 267, 'S': 88, 'C': 70} P8 decisive 0.557 [0.462,0.663] n158 cov 1.000 | strict 0.557 [0.462,0.663] n158 | dec-shuf 0.557 [0.462,0.663] n158 P8any 0.557 [0.462,0.663"
roles/Ananke/research/workers/W-T/out/summary_78f3b0ec.txt,1,78f3b0ec,78f3b0eccd44b1ed,evolve,B2,RELAY,0,,,,0,"78f3b0ec o9 q0 (follow) census {'N': 161, 'C': 189, 'S': 184} P8 decisive 0.481 [0.416,0.547] n368 cov 0.987 | strict 0.475 [0.409,0.542] n373 | dec-shuf 0.486 [0.416,0.551] n368 P8any 0.485 [0.420,0.55"
roles/Ananke/research/workers/W-T/out/summary_78f3b0ec.txt,7,78f3b0ec,78f3b0eccd44b1ed,evolve,B2,RELAY,0,,,,0,"368 cov 0.987 xtab {'C>C': 6, 'C>M': 4, 'C>S': 179, 'N>C': 8, 'N>M': 1, 'N>S': 152, 'S>C': 12, 'S>M': 1, 'S>S': 171} VERDICT DOES NOT REACH ['P8 decisive lo99 <= .90', 'P8any strict lo99 <= .80'] 78f3b0ec o11 q1 (follow) census {'S': 183, 'C': 140, 'N': 138} P8 decisive 0.567 [0.494,0.632] n323 cov 1.000 | strict 0.567 [0.494,0.632] n323 | dec-shuf 0.560 [0.489,0.628] n323 P8any 0.567 [0.494,0.6"
roles/Ananke/research/workers/W-T/out/summary_78f3b0ec.txt,13,78f3b0ec,78f3b0eccd44b1ed,evolve,B2,RELAY,0,,,,0,"P8all dec 0.567 [0.494,0.632] n323 cov 1.000 xtab {'C>C': 2, 'C>S': 138, 'N>C': 2, 'N>S': 136, 'S>C': 2, 'S>S': 181} VERDICT DOES NOT REACH ['P8 decisive lo99 <= .90', 'P8any strict lo99 <= .80'] 78f3b0ec o14 q1 (follow) census {'N': 161, 'S': 189, 'C': 184} P8 decisive 0.507 [0.437,0.575] n373 cov 1.000 | strict 0.507 [0.437,0.575] n373 | dec-shuf 0.507 [0.437,0.575] n373 P8any 0.507 [0.437,0.5"
roles/Ananke/research/workers/W-T/out/summary_78f3b0ec.txt,19,78f3b0ec,78f3b0eccd44b1ed,evolve,B2,RELAY,0,,,,0,"uf 0.507 [0.437,0.575] n373 | P8all dec 0.507 [0.437,0.575] n373 cov 1.000 xtab {'C>S': 184, 'N>S': 161, 'S>S': 189} VERDICT DOES NOT REACH ['P8 decisive lo99 <= .90', 'P8any strict lo99 <= .80'] 78f3b0ec o15 q1 (follow) census {'C': 183, 'S': 140, 'N': 138} P8 decisive 0.433 [0.365,0.504] n323 cov 1.000 | strict 0.433 [0.365,0.504] n323 | dec-shuf 0.433 [0.365,0.504] n323 P8any 0.433 [0.365,0.5"
roles/Ananke/research/workers/W-T/out/summary_78f3b0ec.txt,25,78f3b0ec,78f3b0eccd44b1ed,evolve,B2,RELAY,0,,,,0,"uf 0.433 [0.365,0.504] n323 | P8all dec 0.433 [0.365,0.504] n323 cov 1.000 xtab {'C>S': 183, 'N>S': 138, 'S>S': 140} VERDICT DOES NOT REACH ['P8 decisive lo99 <= .90', 'P8any strict lo99 <= .80'] 78f3b0ec o10 q0 (follow) census {'S': 183, 'C': 140, 'N': 138} P8 decisive 0.567 [0.497,0.632] n323 cov 1.000 | strict 0.567 [0.497,0.632] n323 | dec-shuf 0.560 [0.489,0.629] n323 P8any 0.567 [0.497,0.6"
roles/Ananke/research/workers/W-T/out/summary_78f3b0ec.txt,31,78f3b0ec,78f3b0eccd44b1ed,evolve,B2,RELAY,0,,,,0,"P8all dec 0.567 [0.497,0.632] n323 cov 1.000 xtab {'C>C': 3, 'C>S': 137, 'N>C': 3, 'N>S': 135, 'S>C': 3, 'S>S': 180} VERDICT DOES NOT REACH ['P8 decisive lo99 <= .90', 'P8any strict lo99 <= .80'] 78f3b0ec o10 q1 (follow) census {'N': 161, 'C': 189, 'S': 184} P8 decisive 0.480 [0.411,0.550] n373 cov 1.000 | strict 0.480 [0.411,0.550] n373 | dec-shuf 0.491 [0.420,0.561] n373 P8any 0.480 [0.411,0.5"
roles/Ananke/research/workers/W-T/out/summary_78f3b0ec.txt,37,78f3b0ec,78f3b0eccd44b1ed,evolve,B2,RELAY,0,,,,0,"P8all dec 0.480 [0.411,0.550] n373 cov 1.000 xtab {'C>C': 1, 'C>S': 188, 'N>C': 7, 'N>S': 154, 'S>C': 6, 'S>S': 178} VERDICT DOES NOT REACH ['P8 decisive lo99 <= .90', 'P8any strict lo99 <= .80'] 78f3b0ec o9 q1 (follow) census {'S': 461} P8 decisive 0.976 [0.958,0.991] n461 cov 1.000 | strict 0.976 [0.958,0.991] n461 | dec-shuf 0.976 [0.959,0.991] n461 P8any 0.976 [0.958,0.991] n461 | shuf 0.976"
roles/Ananke/research/workers/W-T/out/summary_78f3b0ec.txt,43,78f3b0ec,78f3b0eccd44b1ed,evolve,B2,RELAY,0,,,,0,"| dec-shuf 0.976 [0.959,0.991] n461 P8any 0.976 [0.958,0.991] n461 | shuf 0.976 [0.959,0.991] n461 | P8all dec 0.976 [0.958,0.991] n461 cov 1.000 xtab {'S>C': 11, 'S>S': 450} VERDICT REACHES [] 78f3b0ec o11 q0 (follow) census {'C': 534} P8 decisive 0.015 [0.004,0.030] n532 cov 0.996 | strict 0.015 [0.004,0.030] n534 | dec-shuf 0.015 [0.004,0.030] n532 P8any 0.019 [0.006,0.034] n534 | shuf 0.01"
roles/Ananke/research/workers/W-T/out/summary_78f3b0ec.txt,49,78f3b0ec,78f3b0eccd44b1ed,evolve,B2,RELAY,0,,,,0,"| shuf 0.019 [0.006,0.034] n534 | P8all dec 0.015 [0.004,0.030] n532 cov 0.996 xtab {'C>C': 8, 'C>M': 2, 'C>S': 524} VERDICT DOES NOT REACH ['P8 decisive lo99 <= .90', 'P8any strict lo99 <= .80'] 78f3b0ec o14 q0 (follow) census {'C': 461} P8 decisive 0.004 [0.000,0.013] n461 cov 1.000 | strict 0.004 [0.000,0.013] n461 | dec-shuf 0.004 [0.000,0.013] n461 P8any 0.004 [0.000,0.013] n461 | shuf 0.00"
roles/Ananke/research/workers/W-T/out/summary_78f3b0ec.txt,55,78f3b0ec,78f3b0eccd44b1ed,evolve,B2,RELAY,0,,,,0,"013] n461 | shuf 0.004 [0.000,0.013] n461 | P8all dec 0.004 [0.000,0.013] n461 cov 1.000 xtab {'C>C': 2, 'C>S': 459} VERDICT DOES NOT REACH ['P8 decisive lo99 <= .90', 'P8any strict lo99 <= .80'] 78f3b0ec o15 q0 (follow) census {'S': 534} P8 decisive 1.000 [1.000,1.000] n534 cov 1.000 | strict 1.000 [1.000,1.000] n534 | dec-shuf 1.000 [1.000,1.000] n534 P8any 1.000 [1.000,1.000] n534 | shuf 1.00"
roles/Ananke/research/workers/W-T/out/summary_e06701a5.txt,1,e06701a5,e06701a5e70bb7c2,evolve,D,RELAY,0,,,,0,"e06701a5 o5 q0 (follow) census {'C': 138, 'N': 304, 'S': 140} P8 decisive 1.000 [1.000,1.000] n146 cov 0.525 | strict 0.525 [0.430,0.614] n278 | dec-shuf 0.548 [0.449,0.636] n146 P8any 0.734 [0.659,0.80"
roles/Ananke/research/workers/W-T/out/summary_e06701a5.txt,7,e06701a5,e06701a5e70bb7c2,evolve,D,RELAY,0,,,,0,"78 | shuf 0.475 [0.402,0.551] n278 | P8all dec 1.000 [1.000,1.000] n146 cov 0.525 xtab {'C>C': 80, 'C>M': 58, 'N>M': 304, 'S>M': 74, 'S>S': 66} VERDICT DOES NOT REACH ['P8any strict lo99 <= .80'] e06701a5 o5 q1 (follow) census {'S': 375} P8 decisive 1.000 [1.000,1.000] n375 cov 1.000 | strict 1.000 [1.000,1.000] n375 | dec-shuf 1.000 [1.000,1.000] n375 P8any 1.000 [1.000,1.000] n375 | shuf 1.000"
roles/Ananke/research/workers/W-U/REPORT.md,114,369f5a5b,369f5a5b745eb592,evolve,B,RELAY,0,,,,0,"ELAY 45 COMPLETE, 27 PARTIAL, 6 ambiguous. MAJ 35 COMPLETE, 6 PARTIAL, 7 ambiguous. HOLD 21 COMPLETE, 20 ambiguous. - The 42: 19 COMPLETE, 18 PARTIAL, 5 ambiguous. - Specimens with PARTIAL flips: 369f5a5b 5, 9bbe8637 4, dcc7afb7 3, a8544b2d 3, 86fc0105 3, and 9 others. - **Counts by specimen × source × offset group:** 249 groups in total. | Verdict | Groups | |---|---| | FLIP_REL | 86 (56 specimens)"
roles/Ananke/research/workers/W-U/REPORT.md,114,9bbe8637,9bbe86373465aaf9,evolve,B,RELAY,0,,,,0,"LETE, 27 PARTIAL, 6 ambiguous. MAJ 35 COMPLETE, 6 PARTIAL, 7 ambiguous. HOLD 21 COMPLETE, 20 ambiguous. - The 42: 19 COMPLETE, 18 PARTIAL, 5 ambiguous. - Specimens with PARTIAL flips: 369f5a5b 5, 9bbe8637 4, dcc7afb7 3, a8544b2d 3, 86fc0105 3, and 9 others. - **Counts by specimen × source × offset group:** 249 groups in total. | Verdict | Groups | |---|---| | FLIP_REL | 86 (56 specimens) | | CHANCE_R"
roles/Ananke/research/workers/W-U/REPORT.md,114,dcc7afb7,dcc7afb706a846d6,evolve,B,RELAY,0,,,,0,"TIAL, 6 ambiguous. MAJ 35 COMPLETE, 6 PARTIAL, 7 ambiguous. HOLD 21 COMPLETE, 20 ambiguous. - The 42: 19 COMPLETE, 18 PARTIAL, 5 ambiguous. - Specimens with PARTIAL flips: 369f5a5b 5, 9bbe8637 4, dcc7afb7 3, a8544b2d 3, 86fc0105 3, and 9 others. - **Counts by specimen × source × offset group:** 249 groups in total. | Verdict | Groups | |---|---| | FLIP_REL | 86 (56 specimens) | | CHANCE_REL | 120 | |"
roles/Ananke/research/workers/W-U/REPORT.md,114,a8544b2d,a8544b2d21f40659,evolve,B2,RELAY,0,,,,0,"guous. MAJ 35 COMPLETE, 6 PARTIAL, 7 ambiguous. HOLD 21 COMPLETE, 20 ambiguous. - The 42: 19 COMPLETE, 18 PARTIAL, 5 ambiguous. - Specimens with PARTIAL flips: 369f5a5b 5, 9bbe8637 4, dcc7afb7 3, a8544b2d 3, 86fc0105 3, and 9 others. - **Counts by specimen × source × offset group:** 249 groups in total. | Verdict | Groups | |---|---| | FLIP_REL | 86 (56 specimens) | | CHANCE_REL | 120 | | INDETERMINA"
roles/Ananke/research/workers/W-U/REPORT.md,114,86fc0105,86fc01052c666646,evolve,A,RELAY,0,,,,0,"5 COMPLETE, 6 PARTIAL, 7 ambiguous. HOLD 21 COMPLETE, 20 ambiguous. - The 42: 19 COMPLETE, 18 PARTIAL, 5 ambiguous. - Specimens with PARTIAL flips: 369f5a5b 5, 9bbe8637 4, dcc7afb7 3, a8544b2d 3, 86fc0105 3, and 9 others. - **Counts by specimen × source × offset group:** 249 groups in total. | Verdict | Groups | |---|---| | FLIP_REL | 86 (56 specimens) | | CHANCE_REL | 120 | | INDETERMINATE | 53 | |"
roles/Ananke/research/workers/W-V/LOG.md,7,4781b0a1,4781b0a172b6dc3c,evolve,C,MAJ,0,,,,0,"fork.py/specs.py/followdiff.py, W-S probe.py/analyze.py, W-T wt.py, posthoc_maj.py; prometheus/ananke engine.py, envs.py, lens_swap.py, lens.py (head), topology.py, plants.py. A1 06:58Z Decompiled 4781b0a1 (one rule, 16 lines, Kp offsets on imm): EMIT = MAX(S1, SENSE); S1 := 256*(S1 + SENSE > CNT0); PAY0 := S1; PAY1 := MAX(IN0_1, SENSE) (rectified; sensors can relay IN0_1); readout S0 := IN0_1 -"
roles/Ananke/research/workers/W-V/LOG.md,25,4781b0a1,4781b0a172b6dc3c,evolve,C,MAJ,0,,,,0,"A6 07:02Z Fabric lease lse-cfddaaf967a6 on skullport:cpu8 (--as Ananke) ACQUIRED (expires 08:02Z). Launch 07:02:37Z (launch.sh, 4 procs x 1 thread, ns 0x650 M 128). Win32_Process: 23392 champA (4781b0a1 o2,4,6,8), 24692 champB (o10,12,14), 23572 PMAJ (o2,4,6,8,12), 19856 PDICT (o2,4,6,8,12). A7 07:06-07:11Z Runs finished RC 0: champB 203 s, champA 499 s, PDICT 560 s, PMAJ 564 s (1 thread each). A8 0"
roles/Ananke/research/workers/W-V/PLAN.md,6,4781b0a1,4781b0a172b6dc3c,evolve,C,MAJ,0,,champion,79,0,"n (per brief): W-T REPORT RESULTS/DISAGREEMENTS, W-P REPORT RESULTS/DISAGREEMENTS, W-R PLAN head, code of W-R fork.py/specs.py, W-S probe.py/analyze.py, W-T wt.py, posthoc_maj.py. Also decompiled the 4781b0a1 genome myself (LOG A1). ## Question Per-sensor carrier census of MAJ champion 4781b0a1 (sync update_period 2, 5 sensors): whose in-flight traffic to the readout carries the bit, and is the readout a"
roles/Ananke/research/workers/W-V/PLAN.md,9,4781b0a1,4781b0a172b6dc3c,evolve,C,MAJ,0,,champion,9,0,"LAN head, code of W-R fork.py/specs.py, W-S probe.py/analyze.py, W-T wt.py, posthoc_maj.py. Also decompiled the 4781b0a1 genome myself (LOG A1). ## Question Per-sensor carrier census of MAJ champion 4781b0a1 (sync update_period 2, 5 sensors): whose in-flight traffic to the readout carries the bit, and is the readout a majority over sensors or a subset rule? ## s1 Instrument - Carrier unit = the in-fligh"
roles/Ananke/research/workers/W-V/PLAN.md,35,4781b0a1,4781b0a172b6dc3c,evolve,C,MAJ,0,,champion,10,0,"al arms, trials 1..11. - Arms per offset: single {j} (5), complement all-but-j (5), ALL5 (all sensors), FLA (W-S flight_a: every in-flight packet to the readout, any emitter) = 12 arms. - Champion: 4781b0a1 via W-R specs.load; worlds assays.world_seeds(0x650, 128) (64 mirror pairs); offsets o in {2, 4, 6, 8, 10, 12, 14} (ro_off 16). Pd = 19 is odd, so every offset has both update-clock phases q = (t"
roles/Ananke/research/workers/W-V/REPORT.md,5,4781b0a1,4781b0a172b6dc3c,evolve,C,MAJ,0,,champion,9,0,"256(report)=4d537c8ffc524916; delimited; see REPORT.provenance.json --> W-V (E-ANANKE-W-V, T-INS-18, successor of T-INS-16, thr-8c7342a7d513, MWO-0004) WHAT I TESTED - **Question.** For MAJ champion 4781b0a1, whose in-flight traffic to the readout carries the bit, and is the readout a majority over its 5 sensors or a subset rule? - **Instrument (PLAN.md, frozen before any champion run).** - I identify"
roles/Ananke/research/workers/W-V/REPORT.md,23,4781b0a1,4781b0a172b6dc3c,evolve,C,MAJ,0,,,,0,"y at strata where the ALL5 effect E is at least .50. - **CI widths.** About ±.06 to ±.08 per single-sensor effect per phase stratum (n = 220-246 pair-trials), and about ±.04 pooled (n=466). RESULTS (4781b0a1, e [99% CI]) - **o2, o4, o6, o8: no effect at all.** E = FLA = 0.00 [0,0], and every arm's raw readout S0 is bit-identical to the normal run. - This is not a no-op swap: 80-95% of pairs have mirror"
roles/Ananke/research/workers/W-V/out/summary_champA.txt,1,4781b0a1,4781b0a172b6dc3c,evolve,C,MAJ,0,,,,0,"champA spec 4781b0a1 M 128 ns 0x650 permute_votes False sensor ring distance to readout (modal) [3.0, 3.0, 2.0, 2.0, 1.0] all worlds same: True o2 pooled n 466 NOT-INFORMATIVE | ALL5 0.00[0.00,0.00] FLA 0.00[0.00,0.00]"
roles/Ananke/research/workers/W-V/out/summary_champB.txt,1,4781b0a1,4781b0a172b6dc3c,evolve,C,MAJ,0,,,,0,"champB spec 4781b0a1 M 128 ns 0x650 permute_votes False sensor ring distance to readout (modal) [3.0, 3.0, 2.0, 2.0, 1.0] all worlds same: True o10 pooled n 466 NOT-INFORMATIVE | ALL5 0.24[0.20,0.27] FLA 0.24[0.20,0.27]"
roles/Ananke/research/workers/W-Y/LOG.md,4,4781b0a1,4781b0a172b6dc3c,evolve,C,MAJ,0,,,,0,"E-W-Y, T-INS-20, thr-8c7342a7d513) A0 Read T-INS-20_PLAN.md (frozen fc8bfa171, 2026-09-30T11:09:26Z), COMMON_RULES(+ARC3), W-V and W-P REPORT RESULTS/DISAGREEMENTS (context per brief). Decompiled 4781b0a1 (reduced fields): instr 7 `ADDI S0 := IN0_1 + (-3 + Kp[7])`; instr 8 `WIMM Kp[S0 mod 16] := EMIT(=MAX(S1,SENSE))`; instr 15 `WIMM Kp[RVAL mod 16] := PAY1` with RVAL never written (=0) -> writes"
roles/Ananke/research/workers/W-Y/LOG.md,20,4781b0a1,4781b0a172b6dc3c,evolve,C,MAJ,0,,champion,88,0,"S: see PLAN_ADDENDUM A6 (written before the champion run) for the strata and the post hoc reading. A6 11:25:06Z Champion launched (DEVIATION D-1, PLAN_ADDENDUM A6 written first): PID 26896, 1 thread, 4781b0a1 M 128 ns 0x670 o10,12,14 trials 1..11, 6 arms. DONE RC 0, wall 39 s. A7 11:26Z wyana.py champ: KP7 = KPALL = 0.00 [0,0] at every stratum; Kp[7] at the readout is mirror-different in 0.00 of pai"
roles/Ananke/research/workers/W-Y/PLAN_ADDENDUM.md,34,4781b0a1,4781b0a172b6dc3c,evolve,C,MAJ,0,,,,0,"se MIXED (per-stratum list reported). Pooled-over-phase rows are reported but are not decision strata. A3 (design) Known-answer plants (PLAN s4), built in W-Y/plants_wy.py on plants_wv.physics(4781b0a1) (ring 144 r3, dest all, lossless, delays 7/9/11 by sensor distance, sync period 2) with ONE change: wimm = 1 (the plant must be able to write Kp). Same MAJ env, M=128, world_seeds(0x670,128)."
roles/Ananke/research/workers/W-Y/PLAN_ADDENDUM.md,111,4781b0a1,4781b0a172b6dc3c,evolve,C,MAJ,0,,champion,10,0,"X); IS THE READOUT HALF = validated for specificity only; REDUNDANT = NOT validated (MF-SHUF); UNRESOLVED = no inference. The champion decision rule (PLAN s3) is applied unchanged. Champion: 4781b0a1, M 128, world_seeds(0x670,128), o10,o12,o14, trials 1..11, 6 arms, 1 process x 1 thread."
roles/Ananke/research/workers/W-Y/REPORT.md,4,4781b0a1,4781b0a172b6dc3c,evolve,C,MAJ,0,,champion,9,0,"y Ananke for worker W-Y; sha256(report)=9043d74d65145ac8; delimited; see REPORT.provenance.json --> W-Y (E-ANANKE-W-Y, T-INS-20, thr-8c7342a7d513, CWO 2026-09-30 + MWO-0004) **Summary.** In champion 4781b0a1, the readout's Kp[7] is **KP7 NOT A CARRIER** in all 4 informative strata. It is always 0 and never differs between mirror partners. The plan's known-answer gate did not pass: Plant A failed the stri"
roles/Ananke/research/workers/W-Y/REPORT.md,12,4781b0a1,4781b0a172b6dc3c,evolve,C,MAJ,0,,champion,31,0,"ionalizations are in W-Y/PLAN_ADDENDUM.md: - A1-A5 were written before any run. - A6 is labelled post hoc. It was written after the plant results and before the champion run. - **Decompile of 4781b0a1 (fields reduced as in engine.World.__init__).** - Instruction 7 is `ADDI S0 := IN0_1 + (-3 + Kp[7])`. - Kp is written only by instruction 8, `WIMM Kp[S0 mod 16] := MAX(S1, SENSE)`, and instructio"
roles/Ananke/research/workers/W-Y/REPORT.md,47,4781b0a1,4781b0a172b6dc3c,evolve,C,MAJ,0,,,,0,"""redundant"". - **Conclusion on the rule:** it is SPECIFIC (no false IS anywhere) but INSENSITIVE (IS fires only when the Kp half weighs at least about .25 and no inbox carrier is live). **RESULTS: 4781b0a1 (e [99% CI]; n = 210 eligible pair-trials in q0, 235 in q1)** | Stratum | KP7 | KPALL | FLA | KP7+FLA | SITE_R | Class | |---|---|---|---|---|---|---| | o10 q0 | .00 [0,0] | .00 | .25 [.19,.30] | .2"
roles/Ananke/research/workers/W-Y/out/summary_champ.txt,1,4781b0a1,4781b0a172b6dc3c,evolve,C,MAJ,0,,,,0,"champ spec 4781b0a1 M 128 ns 0x670 kp-arm KP7 shuffle None o10 q0 n 210 NOT-INFORMATIVE | NORMAL 0.00[0.00,0.00] KP7 0.00[0.00,0.00] KPALL 0.00[0.00,0.00] FLA 0.25[0.19,0.30] KP7+FLA 0.25[0.19,0.30] SITE_R"
roles/Ananke/research/workers/W-Z/PLAN_ADDENDUM.md,20,4ab2ba01,4ab2ba014aac967e,evolve,C,HOLD,0,,champion,79,0,"Pb). Z4 (post-freeze, before runs) KNOWN-ANSWER SEEDS. KA plants use the W-O KA constructions (W-O ka_plants.py: W-L champion search_n1_s3 via W-N plants_rel, offset -1, trials n..; hold_latch on 4ab2ba01 physics/env at the mid offset) with world_seeds(0x680 ^ 0x1, 512) and world_seeds(0x680 ^ 0x2, 512) (W-O's xor convention on the new namespace). Specimen runs use world_seeds(0x680, 512) as fro"
roles/Ananke/research/workers/W-Z/REPORT.md,28,4ab2ba01,4ab2ba014aac967e,evolve,C,HOLD,0,,,,0,"1_s3 (W-O's KA1 construction, seeds 0x680^0x1, offset -1): - S reads FLIP_REL COMPLETE (z = -1.079). - site_all reads FLIP_REL COMPLETE. - channel_all reads NO_EFFECT_REL. - hold_latch plant on 4ab2ba01 (seeds 0x680^0x2, mid offset): channel_all reads NO_EFFECT_REL. - Must-fail: the latch's site_all fed to the same check reads FLIP_REL, as required. RESULTS (a) The 64 AMBIGUOUS rows (W-U REL3 boun"
roles/Ananke/research/workers/W-Z/REPORT.md,48,42716814,4271681452d29aee,evolve,C,RELAY,0,,held,166,0,"all inside W-U's bounds. - Against REL2: 54 of 64 match (84.4%). - The 10 misses all went from a REL2 certificate to INDETERMINATE, which W-U showed was the only possible drop: - 5 rows on specimen 42716814 (offsets 2, 9, 11) - 4 rows on 4781b0a1 (offset 14) - 1 row on 369f5a5b (offset 1) - All have intermediate z (|z| between 0.43 and 0.61). - **Pa (>= 70%): HELD.** (b) Group table (124 groups;"
roles/Ananke/research/workers/W-Z/REPORT.md,49,4781b0a1,4781b0a172b6dc3c,evolve,C,MAJ,0,,held,124,0,"4 of 64 match (84.4%). - The 10 misses all went from a REL2 certificate to INDETERMINATE, which W-U showed was the only possible drop: - 5 rows on specimen 42716814 (offsets 2, 9, 11) - 4 rows on 4781b0a1 (offset 14) - 1 row on 369f5a5b (offset 1) - All have intermediate z (|z| between 0.43 and 0.61). - **Pa (>= 70%): HELD.** (b) Group table (124 groups; class uses all arms run) | class | groups"
roles/Ananke/research/workers/W-Z/REPORT.md,50,369f5a5b,369f5a5b745eb592,evolve,B,RELAY,0,,held,90,0,"sses all went from a REL2 certificate to INDETERMINATE, which W-U showed was the only possible drop: - 5 rows on specimen 42716814 (offsets 2, 9, 11) - 4 rows on 4781b0a1 (offset 14) - 1 row on 369f5a5b (offset 1) - All have intermediate z (|z| between 0.43 and 0.61). - **Pa (>= 70%): HELD.** (b) Group table (124 groups; class uses all arms run) | class | groups | |---|---| | CARRIER-NAMED | 35"
roles/Ananke/research/workers/W-Z/REPORT.md,66,4ecdfb3f,4ecdfb3f4f9bad5a,evolve,A,MAJ,0,,,,0,"ms only (sensitivity): 32 NAMED, 8 PARTIAL, 78 NO-CARRIER-FOUND, 6 UNDECIDED. NAMED is 25.8%, also inside the band. - The 31 AMBIGUOUS groups: 21 NO-CARRIER-FOUND, 8 CARRIER-PARTIAL, 1 CARRIER-NAMED (4ecdfb3f offset 5, joint arm COMPLETE), 1 UNDECIDED (4781b0a1 offset 14). - By source: - WF: 32 NAMED of 52. - WI: 3 NAMED, 18 PARTIAL, 47 NO-CARRIER-FOUND of 70. - SCT: 1 PARTIAL, 1 NO-CARRIER-FOUND. -"
roles/Ananke/research/workers/W-Z/REPORT.md,66,4781b0a1,4781b0a172b6dc3c,evolve,C,MAJ,0,,,,0,"RIER-FOUND, 6 UNDECIDED. NAMED is 25.8%, also inside the band. - The 31 AMBIGUOUS groups: 21 NO-CARRIER-FOUND, 8 CARRIER-PARTIAL, 1 CARRIER-NAMED (4ecdfb3f offset 5, joint arm COMPLETE), 1 UNDECIDED (4781b0a1 offset 14). - By source: - WF: 32 NAMED of 52. - WI: 3 NAMED, 18 PARTIAL, 47 NO-CARRIER-FOUND of 70. - SCT: 1 PARTIAL, 1 NO-CARRIER-FOUND. - FLIP_REL rows: 56 COMPLETE, 19 PARTIAL. Each matched"
roles/Ananke/research/workers/W-Z/REPORT.md,94,78f3b0ec,78f3b0eccd44b1ed,evolve,B2,RELAY,0,,,,0,"unit. Which arms are counted matters: W-O's auto-added companion arms move 14 groups to CARRIER-PARTIAL (8 recorded-only vs 22 all-arms). A carrier table should state its arm set. - Point finding: in 78f3b0ec offset 11, channel_all and channel_count read FLIP_REL (z -0.56, PARTIAL) while site_all and S read NO_EFFECT_REL. W-U had all four as INDETERMINATE. PYTEST - Command: `CUDA_VISIBLE_DEVICES= PYTHOND"
