{
  "0": {
    "q_proj.lora_A": 1.306227530880487,
    "q_proj.lora_B": 0.6317546800785613,
    "v_proj.lora_A": 1.2964272286238867,
    "v_proj.lora_B": 0.35686675221917974,
    "gate_proj.lora_A": 1.311135773492916,
    "gate_proj.lora_B": 0.99945565187731
  },
  "1": {
    "q_proj.lora_A": 1.297410813527594,
    "q_proj.lora_B": 0.6358300090637597,
    "v_proj.lora_A": 1.3095420641069395,
    "v_proj.lora_B": 0.36376485940548026,
    "gate_proj.lora_A": 1.3030149082395288,
    "gate_proj.lora_B": 1.0091148857015293
  },
  "2": {
    "q_proj.lora_A": 1.2978978998004016,
    "q_proj.lora_B": 0.6208357812363506,
    "v_proj.lora_A": 1.3118178013304878,
    "v_proj.lora_B": 0.3552787226266413,
    "gate_proj.lora_A": 1.3093792132926805,
    "gate_proj.lora_B": 1.0171461577433878
  },
  "3": {
    "q_proj.lora_A": 1.3113037260502598,
    "q_proj.lora_B": 0.6141387896189877,
    "v_proj.lora_A": 1.2956085364441525,
    "v_proj.lora_B": 0.35864423055420347,
    "gate_proj.lora_A": 1.3093674109693367,
    "gate_proj.lora_B": 1.005563896790739
  },
  "4": {
    "q_proj.lora_A": 1.3157898788503737,
    "q_proj.lora_B": 0.6136396773967544,
    "v_proj.lora_A": 1.320389279181399,
    "v_proj.lora_B": 0.36440446563799667,
    "gate_proj.lora_A": 1.300229750156677,
    "gate_proj.lora_B": 1.0133046681256683
  },
  "5": {
    "q_proj.lora_A": 1.308955050340515,
    "q_proj.lora_B": 0.615834225165605,
    "v_proj.lora_A": 1.3045845752948921,
    "v_proj.lora_B": 0.3540918475320209,
    "gate_proj.lora_A": 1.3113334662875018,
    "gate_proj.lora_B": 0.9992978924174839
  },
  "6": {
    "q_proj.lora_A": 1.3252616462551305,
    "q_proj.lora_B": 0.6210420904994722,
    "v_proj.lora_A": 1.3185544595534728,
    "v_proj.lora_B": 0.3583535138442454,
    "gate_proj.lora_A": 1.289808036509242,
    "gate_proj.lora_B": 1.0118263780837657
  },
  "7": {
    "q_proj.lora_A": 1.3063311079836162,
    "q_proj.lora_B": 0.6223389092874766,
    "v_proj.lora_A": 1.3127600863269706,
    "v_proj.lora_B": 0.35515168834817984,
    "gate_proj.lora_A": 1.3175379923886221,
    "gate_proj.lora_B": 1.0098767578392591
  },
  "8": {
    "q_proj.lora_A": 1.3121776072670333,
    "q_proj.lora_B": 0.6170627963362332,
    "v_proj.lora_A": 1.3242646261939626,
    "v_proj.lora_B": 0.3563496536430025,
    "gate_proj.lora_A": 1.3019124608295602,
    "gate_proj.lora_B": 1.005351990627475
  },
  "9": {
    "q_proj.lora_A": 1.3208420433549106,
    "q_proj.lora_B": 0.6317339722454728,
    "v_proj.lora_A": 1.3226665745053399,
    "v_proj.lora_B": 0.358193246891706,
    "gate_proj.lora_A": 1.2979806709940651,
    "gate_proj.lora_B": 1.0021711424445114
  },
  "10": {
    "q_proj.lora_A": 1.3122539001975482,
    "q_proj.lora_B": 0.6199751499391968,
    "v_proj.lora_A": 1.3124933533215242,
    "v_proj.lora_B": 0.3491302198448676,
    "gate_proj.lora_A": 1.3189576412062087,
    "gate_proj.lora_B": 1.0178290865963275
  },
  "11": {
    "q_proj.lora_A": 1.3051319034970355,
    "q_proj.lora_B": 0.6168775018087579,
    "v_proj.lora_A": 1.3101843705093374,
    "v_proj.lora_B": 0.3579432168869725,
    "gate_proj.lora_A": 1.3187771456188824,
    "gate_proj.lora_B": 1.0076858474776271
  },
  "12": {
    "q_proj.lora_A": 1.3255129343551622,
    "q_proj.lora_B": 0.6188795516532324,
    "v_proj.lora_A": 1.3269877957151388,
    "v_proj.lora_B": 0.3644158182831572,
    "gate_proj.lora_A": 1.3089752997306379,
    "gate_proj.lora_B": 1.0154752774375833
  },
  "13": {
    "q_proj.lora_A": 1.3282263829971108,
    "q_proj.lora_B": 0.6314466580905366,
    "v_proj.lora_A": 1.3185044097692526,
    "v_proj.lora_B": 0.3538707111688741,
    "gate_proj.lora_A": 1.3400973120912352,
    "gate_proj.lora_B": 1.0137217006071786
  },
  "14": {
    "q_proj.lora_A": 1.307427704696005,
    "q_proj.lora_B": 0.6274387484485694,
    "v_proj.lora_A": 1.319784240862185,
    "v_proj.lora_B": 0.3583691365637219,
    "gate_proj.lora_A": 1.3219173644657707,
    "gate_proj.lora_B": 1.0133328525271985
  },
  "15": {
    "q_proj.lora_A": 1.3149319545191889,
    "q_proj.lora_B": 0.6334849337710745,
    "v_proj.lora_A": 1.30659512568046,
    "v_proj.lora_B": 0.3546988586854971,
    "gate_proj.lora_A": 1.3157124570484373,
    "gate_proj.lora_B": 1.0253994456531452
  },
  "16": {
    "q_proj.lora_A": 1.3121923453481836,
    "q_proj.lora_B": 0.6181416691975622,
    "v_proj.lora_A": 1.3164121401624014,
    "v_proj.lora_B": 0.3646805988780649,
    "gate_proj.lora_A": 1.3164829683288113,
    "gate_proj.lora_B": 1.0072218512009317
  },
  "17": {
    "q_proj.lora_A": 1.2999153236564247,
    "q_proj.lora_B": 0.6115927574066626,
    "v_proj.lora_A": 1.3141074238937798,
    "v_proj.lora_B": 0.356742648192268,
    "gate_proj.lora_A": 1.3188989065472132,
    "gate_proj.lora_B": 1.01546946339032
  },
  "18": {
    "q_proj.lora_A": 1.3140308518307156,
    "q_proj.lora_B": 0.6247527714133748,
    "v_proj.lora_A": 1.3206976212738821,
    "v_proj.lora_B": 0.3602600543484329,
    "gate_proj.lora_A": 1.3153741290547756,
    "gate_proj.lora_B": 1.0155728888401971
  },
  "19": {
    "q_proj.lora_A": 1.3239863877557017,
    "q_proj.lora_B": 0.6252599724692248,
    "v_proj.lora_A": 1.3141023570380492,
    "v_proj.lora_B": 0.34865198717896073,
    "gate_proj.lora_A": 1.3048926072647462,
    "gate_proj.lora_B": 1.0111330404180894
  },
  "20": {
    "q_proj.lora_A": 1.316856961106293,
    "q_proj.lora_B": 0.6280459051253892,
    "v_proj.lora_A": 1.3350516801315497,
    "v_proj.lora_B": 0.35949524758109946,
    "gate_proj.lora_A": 1.329723272599314,
    "gate_proj.lora_B": 1.015664130729946
  },
  "21": {
    "q_proj.lora_A": 1.306282800138604,
    "q_proj.lora_B": 0.6148222571190385,
    "v_proj.lora_A": 1.3060969413075934,
    "v_proj.lora_B": 0.3487530073055488,
    "gate_proj.lora_A": 1.3076779021488685,
    "gate_proj.lora_B": 1.010743848582432
  },
  "22": {
    "q_proj.lora_A": 1.3179322378155132,
    "q_proj.lora_B": 0.6169567507795924,
    "v_proj.lora_A": 1.32169418725975,
    "v_proj.lora_B": 0.3617677401616199,
    "gate_proj.lora_A": 1.3329576390929654,
    "gate_proj.lora_B": 1.0053687143239776
  },
  "23": {
    "q_proj.lora_A": 1.3087613113985752,
    "q_proj.lora_B": 0.6193324156940535,
    "v_proj.lora_A": 1.3225458379961075,
    "v_proj.lora_B": 0.37236006253437726,
    "gate_proj.lora_A": 1.3189300818682637,
    "gate_proj.lora_B": 1.0163969128303103
  },
  "24": {
    "q_proj.lora_A": 1.3226629509103673,
    "q_proj.lora_B": 0.619880960553321,
    "v_proj.lora_A": 1.3177673021767735,
    "v_proj.lora_B": 0.37288397267085527,
    "gate_proj.lora_A": 1.301130816267015,
    "gate_proj.lora_B": 1.0014453521504834
  },
  "25": {
    "q_proj.lora_A": 1.299894061717075,
    "q_proj.lora_B": 0.6133513621982758,
    "v_proj.lora_A": 1.2947375246585,
    "v_proj.lora_B": 0.3527388409675774,
    "gate_proj.lora_A": 1.29584306504892,
    "gate_proj.lora_B": 1.013235526775863
  },
  "26": {
    "q_proj.lora_A": 1.2873498184012326,
    "q_proj.lora_B": 0.6232986668069251,
    "v_proj.lora_A": 1.3358635116033977,
    "v_proj.lora_B": 0.3711473985249774,
    "gate_proj.lora_A": 1.3104780636458373,
    "gate_proj.lora_B": 1.0117873558907697
  },
  "27": {
    "q_proj.lora_A": 1.3104730903403299,
    "q_proj.lora_B": 0.6245413940274545,
    "v_proj.lora_A": 1.3144998229311542,
    "v_proj.lora_B": 0.3624187290811214,
    "gate_proj.lora_A": 1.320247133045852,
    "gate_proj.lora_B": 0.9970475754612699
  },
  "28": {
    "q_proj.lora_A": 1.305878907939347,
    "q_proj.lora_B": 0.6211360398998437,
    "v_proj.lora_A": 1.321332527778951,
    "v_proj.lora_B": 0.35670130807115796,
    "gate_proj.lora_A": 1.2907362163177194,
    "gate_proj.lora_B": 1.0216188242448332
  },
  "29": {
    "q_proj.lora_A": 1.297269597638557,
    "q_proj.lora_B": 0.6108479868142147,
    "v_proj.lora_A": 1.3051073788570402,
    "v_proj.lora_B": 0.35873176792977596,
    "gate_proj.lora_A": 1.3099952463843798,
    "gate_proj.lora_B": 1.0102857616394272
  },
  "30": {
    "q_proj.lora_A": 1.3044657420612464,