{
  "N": 1000000,
  "n_primes": 78498,
  "alpha_rad": 0.5235987755982988,
  "k_log": 72.37194197382684,
  "n_bands": 100,
  "n_sectors": 36,
  "height_fn": "sqrt(n)",
  "winding": "cumulative 1/r(h) mod 2*pi",
  "standard_cone": {
    "chi2_real": {
      "mean": 26.13774161233553,
      "std": 6.682640365959049,
      "median": 25.19463148316651,
      "min": 14.518918918918917,
      "max": 48.08649959579626
    },
    "chi2_random": {
      "mean": 36.29529254578317,
      "std": 5.702439414007105,
      "median": 35.39944621504995,
      "min": 24.236640180063432,
      "max": 49.60440924921198
    },
    "chi2_delta": -10.157550933447638,
    "vacancy_real": {
      "mean": 0.21,
      "std": 1.3949551964131313,
      "median": 0.0,
      "min": 0.0,
      "max": 13.0
    },
    "vacancy_random": {
      "mean": 0.26,
      "std": 1.6162920528171885,
      "median": 0.0,
      "min": 0.0,
      "max": 15.333333333333334
    },
    "vacancy_delta": -0.05000000000000002
  },
  "log_cone": {
    "chi2_real": {
      "mean": 38.288251246539836,
      "std": 30.07788631332577,
      "median": 28.81989984908767,
      "min": 12.724137931034482,
      "max": 186.00000000000006
    },
    "chi2_random": {
      "mean": 52.313535723933185,
      "std": 33.68395649822256,
      "median": 42.39107131761004,
      "min": 28.137251392313676,
      "max": 215.5077825400406
    },
    "chi2_delta": -14.025284477393349,
    "vacancy_real": {
      "mean": 1.55,
      "std": 5.47425794057971,
      "median": 0.0,
      "min": 0.0,
      "max": 31.0
    },
    "vacancy_random": {
      "mean": 1.5533333333333335,
      "std": 5.448592070944158,
      "median": 0.0,
      "min": 0.0,
      "max": 31.0
    },
    "vacancy_delta": -0.0033333333333334103
  },
  "comparison": {
    "chi2_log_minus_std_real": 12.150509634204305,
    "log_shows_more_structure_chi2": true,
    "real_beats_random_std_chi2": false,
    "real_beats_random_log_chi2": false,
    "vacancy_log_minus_std_real": 1.34,
    "log_shows_more_structure_vacancy": true
  },
  "elapsed_seconds": 0.57
}