{
  "damage_hub_matrix": [
    [
      1.0,
      0.0,
      1.0,
      1.0,
      1.0,
      0.0,
      1.0,
      1.0,
      0.0,
      1.0,
      1.0,
      1.0,
      1.0,
      1.0,
      1.0,
      0.0,
      1.0,
      1.0,
      0.0,
      0.0
    ],
    [
      1.0,
      1.0,
      1.0,
      1.0,
      1.0,
      0.0,
      1.0,
      1.0,
      1.0,
      0.0,
      1.0,
      0.0,
      0.0,
      1.0,
      1.0,
      1.0,
      0.0,
      1.0,
      0.0,
      0.0
    ],
    [
      1.0,
      1.0,
      1.0,
      0.0,
      1.0,
      1.0,
      1.0,
      0.0,
      1.0,
      0.0,
      1.0,
      1.0,
      1.0,
      1.0,
      1.0,
      1.0,
      1.0,
      1.0,
      0.0,
      1.0
    ],
    [
      0.0,
      1.0,
      1.0,
      0.0,
      1.0,
      1.0,
      1.0,
      0.0,
      1.0,
      1.0,
      0.0,
      0.0,
      0.0,
      0.0,
      1.0,
      1.0,
      0.0,
      0.0,
      0.0,
      1.0
    ],
    [
      1.0,
      1.0,
      0.0,
      1.0,
      0.0,
      1.0,
      1.0,
      1.0,
      1.0,
      1.0,
      0.0,
      1.0,
      0.0,
      0.0,
      0.0,
      1.0,
      1.0,
      1.0,
      0.0,
      1.0
    ],
    [
      0.0,
      0.0,
      0.0,
      1.0,
      1.0,
      1.0,
      1.0,
      1.0,
      1.0,
      1.0,
      1.0,
      1.0,
      1.0,
      0.0,
      1.0,
      1.0,
      1.0,
      1.0,
      0.0,
      1.0
    ],
    [
      0.0,
      1.0,
      1.0,
      1.0,
      0.0,
      1.0,
      1.0,
      1.0,
      0.0,
      1.0,
      1.0,
      1.0,
      0.0,
      1.0,
      0.0,
      0.0,
      1.0,
      0.0,
      0.0,
      1.0
    ]
  ],
  "hub_alignment": [
    [
      1.0,
      0.0,
      0.0,
      0.0,
      0.0,
      0.0,
      0.0,
      0.0,
      0.0,
      0.0,
      0.0,
      0.0,
      0.0,
      0.0,
      0.0,
      0.0,
      0.0,
      0.0,
      0.0,
      0.0
    ],
    [
      0.0,
      1.0,
      0.11538461595773697,
      0.0357142873108387,
      0.17391304671764374,
      0.0,
      0.0,
      0.0416666679084301,
      0.190476194024086,
      0.0,
      0.10526315867900848,
      0.1304347813129425,
      0.03846153989434242,
      0.0,
      0.13636364042758942,
      0.21052631735801697,
      0.0416666679084301,
      0.0476190485060215,
      0.0,
      0.10526315867900848
    ],
    [
      0.0,
      0.11538461595773697,
      1.0,
      0.06666667014360428,
      0.25,
      0.0,
      0.0,
      0.07692307978868484,
      0.07692307978868484,
      0.03703703731298447,
      0.2631579041481018,
      0.1599999964237213,
      0.0714285746216774,
      0.0,
      0.21739129722118378,
      0.1304347813129425,
      0.07692307978868484,
      0.08695652335882187,
      0.0,
      0.09090909361839294
    ],
    [
      0.0,
      0.0357142873108387,
      0.06666667014360428,
      1.0,
      0.1111111119389534,
      0.0,
      0.0,
      0.3333333432674408,
      0.11999999731779099,
      0.07692307978868484,
      0.1428571492433548,
      0.07407407462596893,
      0.1111111119389534,
      0.0,
      0.07692307978868484,
      0.0833333358168602,
      0.11999999731779099,
      0.13636364042758942,
      0.0,
      0.043478261679410934
    ],
    [
      0.0,
      0.17391304671764374,
      0.25,
      0.1111111119389534,
      1.0,
      0.0,
      0.0,
      0.1304347813129425,
      0.1818181872367859,
      0.03999999910593033,
      0.29411765933036804,
      0.07999999821186066,
      0.11999999731779099,
      0.0,
      0.2380952388048172,
      0.20000000298023224,
      0.1304347813129425,
      0.095238097012043,
      0.0,
      0.15789473056793213
    ],
    [
      0.0,
      0.0,
      0.0,
      0.0,
      0.0,
      1.0,
      0.0,
      0.0,
      0.0,
      0.0,
      0.0,
      0.0,
      0.0,
      0.0,
      0.0,
      0.0,
      0.0,
      0.0,
      0.0,
      0.0
    ],
    [
      0.0,
      0.0,
      0.0,
      0.0,
      0.0,
      0.0,
      1.0,
      0.0,
      0.0,
      0.0,
      0.0,
      0.0,
      0.0,
      0.0,
      0.0,
      0.0,
      0.0,
      0.0,
      0.0,
      0.0
    ],
    [
      0.0,
      0.0416666679084301,
      0.07692307978868484,
      0.3333333432674408,
      0.1304347813129425,
      0.0,
      0.0,
      1.0,
      0.1428571492433548,
      0.3333333432674408,
      0.1764705926179886,
      0.0416666679084301,
      0.1818181872367859,
      0.0,
      0.09090909361839294,
      0.10000000149011612,
      0.4117647111415863,
      0.10526315867900848,
      0.0,
      0.05263157933950424
    ],
    [
      0.0,
      0.190476194024086,
      0.07692307978868484,
      0.11999999731779099,
      0.1818181872367859,
      0.0,
      0.0,
      0.1428571492433548,
      1.0,
      0.043478261679410934,
      0.3333333432674408,
      0.0416666679084301,
      0.03999999910593033,
      0.0,
      0.043478261679410934,
      0.2222222238779068,
      0.09090909361839294,
      0.10526315867900848,
      0.0,
      0.1111111119389534
    ],
    [
      0.0,
      0.0,
      0.03703703731298447,
      0.07692307978868484,
      0.03999999910593033,
      0.0,
      0.0,
      0.3333333432674408,
      0.043478261679410934,
      1.0,
      0.1111111119389534,
      0.0,
      0.1304347813129425,
      0.0,
      0.043478261679410934,
      0.0,
      0.2631579041481018,
      0.0,
      0.0,
      0.0
    ],
    [
      0.0,
      0.10526315867900848,
      0.2631579041481018,
      0.1428571492433548,
      0.29411765933036804,
      0.0,
      0.0,
      0.1764705926179886,
      0.3333333432674408,
      0.1111111119389534,
      1.0,
      0.10526315867900848,
      0.10000000149011612,
      0.0,
      0.1111111119389534,
      0.125,
      0.1111111119389534,
      0.0625,
      0.0,
      0.06666667014360428
    ],
    [
      0.0,
      0.1304347813129425,
      0.1599999964237213,
      0.07407407462596893,
      0.07999999821186066,
      0.0,
      0.0,
      0.0416666679084301,
      0.0416666679084301,
      0.0,
      0.10526315867900848,
      1.0,
      0.07999999821186066,
      0.0,
      0.13636364042758942,
      0.095238097012043,
      0.08695652335882187,
      0.375,
      0.0,
      0.1666666716337204
    ],
    [
      0.0,
      0.03846153989434242,
      0.0714285746216774,
      0.1111111119389534,
      0.11999999731779099,
      0.0,
      0.0,
      0.1818181872367859,
      0.03999999910593033,
      0.1304347813129425,
      0.10000000149011612,
      0.07999999821186066,
      1.0,
      0.0,
      0.1818181872367859,
      0.043478261679410934,
      0.3684210479259491,
      0.095238097012043,
      0.0,
      0.10000000149011612
    ],
    [
      0.0,
      0.0,
      0.0,
      0.0,
      0.0,
      0.0,
      0.0,
      0.0,
      0.0,
      0.0,
      0.0,
      0.0,
      0.0,
      1.0,
      0.0,
      0.0,
      0.0,
      0.0,
      0.0,
      0.0
    ],
    [
      0.0,
      0.13636364042758942,
      0.21739129722118378,
      0.07692307978868484,
      0.2380952388048172,
      0.0,
      0.0,
      0.09090909361839294,
      0.043478261679410934,
      0.043478261679410934,
      0.1111111119389534,
      0.13636364042758942,
      0.1818181872367859,
      0.0,
      1.0,
      0.10000000149011612,
      0.1428571492433548,
      0.23529411852359772,
      0.0,
      0.1111111119389534
    ],
    [
      0.0,
      0.21052631735801697,
      0.1304347813129425,
      0.0833333358168602,
      0.20000000298023224,
      0.0,
      0.0,
      0.10000000149011612,
      0.2222222238779068,
      0.0,
      0.125,
      0.095238097012043,
      0.043478261679410934,
      0.0,
      0.10000000149011612,
      1.0,
      0.0476190485060215,
      0.0555555559694767,
      0.0,
      0.20000000298023224
    ],
    [
      0.0,
      0.0416666679084301,
      0.07692307978868484,
      0.11999999731779099,
      0.1304347813129425,
      0.0,
      0.0,
      0.4117647111415863,
      0.09090909361839294,
