vid,source,specimen,family,arm,timing,offset,single,rel,rel_gated,K,z,census,fS,n_m,n_lo,n_hi,s_m,s_lo,s_hi,one_minus_n,rel2,rel2_strict,NE,p_min_F,p_min_N,p_min_C
V0000,WF,cc18858fdfd34515,HOLD,site_all,late,17,FLIP,FLIP_REL,FLIP_REL,12,-1.0,SITE,1.0,0.68,0.663,0.696,0.32,0.304,0.337,0.31999999999999995,FLIP_REL,FLIP_REL,,0.58,0.57,0.58
V0001,WF,c939c3c7271e65d2,RELAY,site_all,mid,9,CHANCE,FLIP_REL,FLIP_REL,12,-0.9873987398739866,UNDEFINED,,0.59,0.584,0.597,0.411,0.405,0.417,0.41000000000000003,FLIP_REL,FLIP_REL,,0.58,0.57,0.58
V0002,WF,c939c3c7271e65d2,RELAY,site_all,late,15,CHANCE,FLIP_REL,FLIP_REL,12,-1.0,UNDEFINED,,0.59,0.584,0.597,0.41,0.403,0.416,0.41000000000000003,FLIP_REL,FLIP_REL,,0.58,0.57,0.58
V0003,WF,c939c3c7271e65d2,RELAY,joint,mid,9,CHANCE,FLIP_REL,FLIP_REL,12,-1.0,UNDEFINED,,0.59,0.584,0.597,0.41,0.403,0.416,0.41000000000000003,FLIP_REL,FLIP_REL,,0.58,0.57,0.58
V0004,WF,c868a87bcd47d94b,HOLD,site_all,mid,10,FLIP,FLIP_REL,FLIP_REL,12,-0.9149453219927091,SITE,0.9044350580781415,0.634,0.613,0.655,0.377,0.359,0.398,0.366,FLIP_REL,FLIP_REL,,0.58,0.57,0.58
V0005,WF,c868a87bcd47d94b,HOLD,site_all,late,17,FLIP,FLIP_REL,FLIP_REL,12,-0.9999999999999992,SITE,1.0,0.634,0.613,0.655,0.366,0.345,0.387,0.366,FLIP_REL,FLIP_REL,,0.58,0.57,0.58
V0006,WF,c868a87bcd47d94b,HOLD,joint,mid,10,FLIP,FLIP_REL,FLIP_REL,12,-0.9149453219927091,SITE,0.9044350580781415,0.634,0.613,0.655,0.377,0.359,0.398,0.366,FLIP_REL,FLIP_REL,,0.58,0.57,0.58
V0007,WF,0187372b391d9d4e,HOLD,site_all,mid,4,FLIP,FLIP_REL,FLIP_REL,12,-1.0186150409530899,SITE,0.9577562326869806,0.719,0.679,0.758,0.277,0.239,0.316,0.281,FLIP_REL,FLIP_REL,,0.58,0.57,0.58
V0008,WF,0187372b391d9d4e,HOLD,joint,mid,4,FLIP,FLIP_REL,FLIP_REL,12,-1.0052122114668651,SITE,0.9577562326869806,0.719,0.679,0.758,0.28,0.242,0.319,0.281,FLIP_REL,FLIP_REL,,0.58,0.57,0.58
V0009,WF,cdf603803282cd29,HOLD,site_all,late,5,FLIP,FLIP_REL,FLIP_REL,12,-1.0,SITE,1.0,0.635,0.622,0.648,0.365,0.352,0.378,0.365,FLIP_REL,FLIP_REL,,0.58,0.57,0.58
V0010,WF,ed884172de6b4ec0,HOLD,site_all,mid,6,FLIP,FLIP_REL,FLIP_REL,12,-0.9621957534955986,SITE,0.9740985271711529,0.657,0.636,0.679,0.349,0.328,0.369,0.34299999999999997,FLIP_REL,FLIP_REL,,0.58,0.57,0.58
V0011,WF,ed884172de6b4ec0,HOLD,site_all,late,9,FLIP,FLIP_REL,FLIP_REL,12,-1.0000000000000004,SITE,1.0,0.657,0.636,0.679,0.343,0.321,0.364,0.34299999999999997,FLIP_REL,FLIP_REL,,0.58,0.57,0.58
V0012,WF,ed884172de6b4ec0,HOLD,joint,mid,6,FLIP,FLIP_REL,FLIP_REL,12,-0.9621957534955986,SITE,0.9740985271711529,0.657,0.636,0.679,0.349,0.328,0.369,0.34299999999999997,FLIP_REL,FLIP_REL,,0.58,0.57,0.58
V0013,WF,83d0ff565cd49433,HOLD,site_all,late,9,FLIP,FLIP_REL,FLIP_REL,12,-0.9999999999999998,SITE,1.0,0.7,0.668,0.734,0.3,0.266,0.332,0.30000000000000004,FLIP_REL,FLIP_REL,,0.58,0.57,0.58
V0014,WF,b472c4f8457e15e9,HOLD,site_all,late,5,FLIP,FLIP_REL,FLIP_REL,12,-0.9999999999999992,SITE,1.0,0.649,0.631,0.667,0.351,0.333,0.369,0.351,FLIP_REL,FLIP_REL,,0.58,0.57,0.58
V0015,WF,6a9c62c71c6a74c5,HOLD,site_all,pre,-1,NO-EFFECT,NO_EFFECT_REL,NO_EFFECT_REL,11,1.0606194690265478,IDENTITY-BROKEN,0.3078556263269639,0.701,0.681,0.72,0.713,0.691,0.736,0.29900000000000004,NO_EFFECT_REL,NO_EFFECT_REL,,0.57,0.58,0.59
V0016,WF,53e569f4cfa04270,RELAY,site_all,mid,9,CHANCE,CHANCE_REL,CHANCE_REL,12,0.3699356304430143,UNDEFINED,,0.715,0.711,0.719,0.58,0.573,0.586,0.28500000000000003,CHANCE_REL,CHANCE_REL,,0.58,0.57,0.58
V0017,WF,53e569f4cfa04270,RELAY,channel_all,mid,9,CHANCE,CHANCE_REL,CHANCE_REL,12,-0.36993563044301375,UNDEFINED,,0.715,0.711,0.719,0.42,0.414,0.427,0.28500000000000003,CHANCE_REL,CHANCE_REL,,0.58,0.57,0.58
V0018,WF,53e569f4cfa04270,RELAY,channel_content,mid,9,CHANCE,CHANCE_REL,CHANCE_REL,12,-0.36993563044301375,UNDEFINED,,0.715,0.711,0.719,0.42,0.414,0.427,0.28500000000000003,CHANCE_REL,CHANCE_REL,,0.58,0.57,0.58
V0019,WF,53e569f4cfa04270,RELAY,pay0,mid,9,CHANCE,CHANCE_REL,CHANCE_REL,12,-0.36993563044301375,UNDEFINED,,0.715,0.711,0.719,0.42,0.414,0.427,0.28500000000000003,CHANCE_REL,CHANCE_REL,,0.58,0.57,0.58
V0020,WF,53e569f4cfa04270,RELAY,site_all,late,15,CHANCE,INDETERMINATE,INDETERMINATE,12,0.4922377887163954,UNDEFINED,,0.715,0.711,0.719,0.606,0.595,0.616,0.28500000000000003,INDETERMINATE,INDETERMINATE,,0.58,0.57,0.58
V0021,WF,53e569f4cfa04270,RELAY,channel_all,late,15,CHANCE,INDETERMINATE,INDETERMINATE,12,-0.4922377887163954,UNDEFINED,,0.715,0.711,0.719,0.394,0.384,0.405,0.28500000000000003,INDETERMINATE,INDETERMINATE,,0.58,0.57,0.58
V0022,WF,9bbe86373465aaf9,RELAY,site_all,mid,3,NO-EFFECT,NO_EFFECT_REL,NO_EFFECT_REL,12,0.6816568047337281,CHANNEL,0.14911242603550295,0.638,0.628,0.647,0.594,0.583,0.605,0.362,NO_EFFECT_REL,NO_EFFECT_REL,,0.58,0.57,0.58
V0023,WF,9bbe86373465aaf9,RELAY,channel_all,mid,3,CHANCE,FLIP_REL,FLIP_REL,12,-0.6816568047337281,CHANNEL,0.14911242603550295,0.638,0.628,0.647,0.406,0.395,0.417,0.362,FLIP_REL,FLIP_REL,,0.58,0.57,0.58
V0024,WF,9bbe86373465aaf9,RELAY,channel_content,mid,3,CHANCE,FLIP_REL,FLIP_REL,12,-0.6816568047337281,CHANNEL,0.14911242603550295,0.638,0.628,0.647,0.406,0.395,0.417,0.362,FLIP_REL,FLIP_REL,,0.58,0.57,0.58
V0025,WF,9bbe86373465aaf9,RELAY,pay0,mid,3,CHANCE,FLIP_REL,FLIP_REL,12,-0.6816568047337281,CHANNEL,0.14911242603550295,0.638,0.628,0.647,0.406,0.395,0.417,0.362,FLIP_REL,FLIP_REL,,0.58,0.57,0.58
V0026,WF,9bbe86373465aaf9,RELAY,site_all,late,3,NO-EFFECT,NO_EFFECT_REL,NO_EFFECT_REL,12,0.6816568047337281,CHANNEL,0.14911242603550295,0.638,0.628,0.647,0.594,0.583,0.605,0.362,NO_EFFECT_REL,NO_EFFECT_REL,,0.58,0.57,0.58
V0027,WF,9bbe86373465aaf9,RELAY,channel_all,late,3,CHANCE,FLIP_REL,FLIP_REL,12,-0.6816568047337281,CHANNEL,0.14911242603550295,0.638,0.628,0.647,0.406,0.395,0.417,0.362,FLIP_REL,FLIP_REL,,0.58,0.57,0.58
V0028,WF,c7d7d2a488a86d6f,RELAY,site_all,mid,9,CHANCE,CHANCE_REL,NOT_ELIGIBLE,12,-0.17671092951991818,NEITHER,0.18729641693811075,0.58,0.569,0.592,0.486,0.476,0.495,0.42000000000000004,CHANCE_REL,NOT_ELIGIBLE,FLIP_REL|NO_EFFECT_REL|CHANCE_REL,0.58,0.57,0.58
V0029,WF,c7d7d2a488a86d6f,RELAY,channel_all,mid,9,CHANCE,CHANCE_REL,NOT_ELIGIBLE,12,0.17671092951991887,NEITHER,0.18729641693811075,0.58,0.569,0.592,0.514,0.505,0.524,0.42000000000000004,CHANCE_REL,NOT_ELIGIBLE,FLIP_REL|NO_EFFECT_REL|CHANCE_REL,0.58,0.57,0.58
V0030,WF,c7d7d2a488a86d6f,RELAY,site_all,late,15,CHANCE,FLIP_REL,NOT_ELIGIBLE,12,-0.9877425944841661,SITE,0.995114006514658,0.58,0.569,0.592,0.421,0.409,0.433,0.42000000000000004,FLIP_REL,NOT_ELIGIBLE,FLIP_REL|NO_EFFECT_REL|CHANCE_REL,0.58,0.57,0.58
V0031,WF,c7d7d2a488a86d6f,RELAY,channel_all,late,15,NO-EFFECT,NO_EFFECT_REL,NOT_ELIGIBLE,12,0.9877425944841661,SITE,0.995114006514658,0.58,0.569,0.592,0.579,0.567,0.591,0.42000000000000004,NO_EFFECT_REL,NOT_ELIGIBLE,FLIP_REL|NO_EFFECT_REL|CHANCE_REL,0.58,0.57,0.58
V0032,WF,c7d7d2a488a86d6f,RELAY,joint,mid,9,CHANCE,FLIP_REL,NOT_ELIGIBLE,12,-0.9999999999999986,NEITHER,0.18729641693811075,0.58,0.569,0.592,0.42,0.408,0.431,0.42000000000000004,FLIP_REL,NOT_ELIGIBLE,FLIP_REL|NO_EFFECT_REL|CHANCE_REL,0.58,0.57,0.58
V0033,WF,13b6ae2c0e08b007,RELAY,channel_all,mid,9,CHANCE,INDETERMINATE,NOT_ELIGIBLE,12,-0.4881422924901186,UNRESOLVED,0.0038535645472061657,0.582,0.573,0.593,0.46,0.453,0.467,0.41800000000000004,INDETERMINATE,INDETERMINATE,FLIP_REL|CHANCE_REL,0.58,0.57,0.58
V0034,WF,13b6ae2c0e08b007,RELAY,channel_content,mid,9,CHANCE,INDETERMINATE,NOT_ELIGIBLE,12,-0.48221343873517786,UNRESOLVED,0.0038535645472061657,0.582,0.573,0.593,0.46,0.453,0.467,0.41800000000000004,INDETERMINATE,INDETERMINATE,FLIP_REL|CHANCE_REL,0.58,0.57,0.58
V0035,WF,13b6ae2c0e08b007,RELAY,pay1,mid,9,CHANCE,INDETERMINATE,NOT_ELIGIBLE,12,-0.48221343873517786,UNRESOLVED,0.0038535645472061657,0.582,0.573,0.593,0.46,0.453,0.467,0.41800000000000004,INDETERMINATE,INDETERMINATE,FLIP_REL|CHANCE_REL,0.58,0.57,0.58
V0036,WF,13b6ae2c0e08b007,RELAY,site_all,late,15,CHANCE,CHANCE_REL,NOT_ELIGIBLE,12,-0.27865612648221333,NEITHER,0.3699421965317919,0.582,0.573,0.593,0.477,0.471,0.483,0.41800000000000004,CHANCE_REL,NOT_ELIGIBLE,FLIP_REL|CHANCE_REL,0.58,0.57,0.58
V0037,WF,13b6ae2c0e08b007,RELAY,channel_all,late,15,CHANCE,CHANCE_REL,NOT_ELIGIBLE,12,0.27865612648221333,NEITHER,0.3699421965317919,0.582,0.573,0.593,0.523,0.517,0.529,0.41800000000000004,CHANCE_REL,NOT_ELIGIBLE,FLIP_REL|CHANCE_REL,0.58,0.57,0.58
V0038,WF,13b6ae2c0e08b007,RELAY,joint,mid,9,CHANCE,FLIP_REL,NOT_ELIGIBLE,12,-0.9999999999999993,UNRESOLVED,0.0038535645472061657,0.582,0.573,0.593,0.418,0.407,0.427,0.41800000000000004,FLIP_REL,NOT_ELIGIBLE,FLIP_REL|CHANCE_REL,0.58,0.57,0.58
V0039,WF,882525a9d4a3d073,RELAY,channel_all,mid,9,CHANCE,CHANCE_REL,NOT_ELIGIBLE,12,-0.34439024390244005,NEITHER,0.0,0.583,0.573,0.594,0.471,0.465,0.477,0.41700000000000004,CHANCE_REL,NOT_ELIGIBLE,FLIP_REL|CHANCE_REL,0.58,0.57,0.58
V0040,WF,882525a9d4a3d073,RELAY,channel_count,mid,9,CHANCE,CHANCE_REL,NOT_ELIGIBLE,12,-0.34439024390244005,NEITHER,0.0,0.583,0.573,0.594,0.471,0.465,0.477,0.41700000000000004,CHANCE_REL,NOT_ELIGIBLE,FLIP_REL|CHANCE_REL,0.58,0.57,0.58
V0041,WF,882525a9d4a3d073,RELAY,site_all,late,15,CHANCE,CHANCE_REL,NOT_ELIGIBLE,12,-0.32195121951219524,UNRESOLVED,0.3474903474903475,0.583,0.573,0.594,0.473,0.467,0.48,0.41700000000000004,CHANCE_REL,NOT_ELIGIBLE,FLIP_REL|CHANCE_REL,0.58,0.57,0.58
V0042,WF,882525a9d4a3d073,RELAY,channel_all,late,15,CHANCE,CHANCE_REL,NOT_ELIGIBLE,12,0.32195121951219524,UNRESOLVED,0.3474903474903475,0.583,0.573,0.594,0.527,0.52,0.533,0.41700000000000004,CHANCE_REL,NOT_ELIGIBLE,FLIP_REL|CHANCE_REL,0.58,0.57,0.58
V0043,WF,882525a9d4a3d073,RELAY,joint,mid,9,CHANCE,FLIP_REL,NOT_ELIGIBLE,12,-1.0000000000000007,NEITHER,0.0,0.583,0.573,0.594,0.417,0.406,0.427,0.41700000000000004,FLIP_REL,NOT_ELIGIBLE,FLIP_REL|CHANCE_REL,0.58,0.57,0.58
V0044,WF,dcc7afb706a846d6,RELAY,site_all,mid,9,CHANCE,NO_EFFECT_REL,NO_EFFECT_REL,12,0.5659163987138264,UNDEFINED,,0.652,0.647,0.657,0.586,0.58,0.592,0.348,NO_EFFECT_REL,NO_EFFECT_REL,,0.58,0.57,0.58
V0045,WF,dcc7afb706a846d6,RELAY,channel_all,mid,9,CHANCE,FLIP_REL,FLIP_REL,12,-0.5659163987138264,UNDEFINED,,0.652,0.647,0.657,0.414,0.408,0.42,0.348,FLIP_REL,FLIP_REL,,0.58,0.57,0.58
V0046,WF,dcc7afb706a846d6,RELAY,channel_content,mid,9,CHANCE,FLIP_REL,FLIP_REL,12,-0.5841371918542339,UNDEFINED,,0.652,0.647,0.657,0.411,0.406,0.417,0.348,FLIP_REL,FLIP_REL,,0.58,0.57,0.58
V0047,WF,dcc7afb706a846d6,RELAY,pay0,mid,9,CHANCE,FLIP_REL,FLIP_REL,12,-0.5841371918542339,UNDEFINED,,0.652,0.647,0.657,0.411,0.406,0.417,0.348,FLIP_REL,FLIP_REL,,0.58,0.57,0.58
V0048,WF,dcc7afb706a846d6,RELAY,site_all,late,15,CHANCE,CHANCE_REL,CHANCE_REL,12,-0.4678456591639871,UNDEFINED,,0.652,0.647,0.657,0.429,0.423,0.434,0.348,CHANCE_REL,CHANCE_REL,,0.58,0.57,0.58
V0049,WF,dcc7afb706a846d6,RELAY,channel_all,late,15,CHANCE,CHANCE_REL,CHANCE_REL,12,0.4678456591639871,UNDEFINED,,0.652,0.647,0.657,0.571,0.566,0.577,0.348,CHANCE_REL,CHANCE_REL,,0.58,0.57,0.58
V0050,WF,dcc7afb706a846d6,RELAY,site_all,pre,-1,NO-EFFECT,NO_EFFECT_REL,NO_EFFECT_REL,11,0.7714109673444237,UNDEFINED,,0.644,0.639,0.65,0.611,0.604,0.618,0.356,NO_EFFECT_REL,NO_EFFECT_REL,,0.57,0.58,0.59
V0051,WF,dcc7afb706a846d6,RELAY,channel_all,pre,-1,NO-EFFECT,NO_EFFECT_REL,NO_EFFECT_REL,11,0.7356746765249537,UNDEFINED,,0.644,0.639,0.65,0.606,0.599,0.613,0.356,NO_EFFECT_REL,NO_EFFECT_REL,,0.57,0.58,0.59
V0052,WF,62062b100b757168,RELAY,channel_all,mid,3,CHANCE,FLIP_REL,NOT_ELIGIBLE,12,-1.0000000000000009,UNDEFINED,,0.569,0.563,0.575,0.431,0.425,0.437,0.43100000000000005,FLIP_REL,NOT_ELIGIBLE,FLIP_REL|NO_EFFECT_REL|CHANCE_REL,0.58,0.57,0.58
V0053,WF,62062b100b757168,RELAY,channel_count,mid,3,CHANCE,FLIP_REL,NOT_ELIGIBLE,12,-1.0000000000000009,UNDEFINED,,0.569,0.563,0.575,0.431,0.425,0.437,0.43100000000000005,FLIP_REL,NOT_ELIGIBLE,FLIP_REL|NO_EFFECT_REL|CHANCE_REL,0.58,0.57,0.58
V0054,WF,62062b100b757168,RELAY,channel_all,late,3,CHANCE,FLIP_REL,NOT_ELIGIBLE,12,-1.0000000000000009,UNDEFINED,,0.569,0.563,0.575,0.431,0.425,0.437,0.43100000000000005,FLIP_REL,NOT_ELIGIBLE,FLIP_REL|NO_EFFECT_REL|CHANCE_REL,0.58,0.57,0.58
V0055,WF,62062b100b757168,RELAY,joint,mid,3,CHANCE,FLIP_REL,NOT_ELIGIBLE,12,-1.0000000000000009,UNDEFINED,,0.569,0.563,0.575,0.431,0.425,0.437,0.43100000000000005,FLIP_REL,NOT_ELIGIBLE,FLIP_REL|NO_EFFECT_REL|CHANCE_REL,0.58,0.57,0.58
V0056,WF,62a7fff921ca3bd8,RELAY,channel_all,mid,5,CHANCE,CHANCE_REL,CHANCE_REL,12,0.4231354642313546,UNRESOLVED,0.5910705225773719,0.821,0.805,0.837,0.636,0.621,0.649,0.17900000000000005,CHANCE_REL,CHANCE_REL,,0.58,0.57,0.58
V0057,WF,62a7fff921ca3bd8,RELAY,channel_content,mid,5,CHANCE,CHANCE_REL,CHANCE_REL,12,0.4231354642313546,UNRESOLVED,0.5910705225773719,0.821,0.805,0.837,0.636,0.621,0.649,0.17900000000000005,CHANCE_REL,CHANCE_REL,,0.58,0.57,0.58
V0058,WF,62a7fff921ca3bd8,RELAY,pay1,mid,5,CHANCE,CHANCE_REL,CHANCE_REL,12,0.4231354642313546,UNRESOLVED,0.5910705225773719,0.821,0.805,0.837,0.636,0.621,0.649,0.17900000000000005,CHANCE_REL,CHANCE_REL,,0.58,0.57,0.58
V0059,WF,bf82cb29e967a489,RELAY,site_all,late,7,FLIP,FLIP_REL,FLIP_REL,12,-0.7265246853823814,UNDEFINED,,0.668,0.662,0.674,0.378,0.372,0.384,0.33199999999999996,FLIP_REL,FLIP_REL,,0.58,0.57,0.58
V0060,WF,bf82cb29e967a489,RELAY,channel_all,late,7,NO-EFFECT,NO_EFFECT_REL,NO_EFFECT_REL,12,0.7265246853823814,UNDEFINED,,0.668,0.662,0.674,0.622,0.616,0.628,0.33199999999999996,NO_EFFECT_REL,NO_EFFECT_REL,,0.58,0.57,0.58
V0061,WF,bbef66a1ee9558ac,RELAY,channel_all,mid,9,CHANCE,INDETERMINATE,INDETERMINATE,12,0.5023060796645704,UNRESOLVED,0.6649895178197065,0.888,0.878,0.898,0.695,0.679,0.71,0.11199999999999999,INDETERMINATE,INDETERMINATE,,0.58,0.57,0.58
V0062,WF,bbef66a1ee9558ac,RELAY,channel_content,mid,9,CHANCE,INDETERMINATE,INDETERMINATE,12,0.5023060796645704,UNRESOLVED,0.6649895178197065,0.888,0.878,0.898,0.695,0.679,0.71,0.11199999999999999,INDETERMINATE,INDETERMINATE,,0.58,0.57,0.58
V0063,WF,bbef66a1ee9558ac,RELAY,pay0,mid,9,CHANCE,INDETERMINATE,INDETERMINATE,12,0.5023060796645704,UNRESOLVED,0.6649895178197065,0.888,0.878,0.898,0.695,0.679,0.71,0.11199999999999999,INDETERMINATE,INDETERMINATE,,0.58,0.57,0.58
V0064,WF,bbef66a1ee9558ac,RELAY,channel_all,late,15,CHANCE,INDETERMINATE,INDETERMINATE,12,0.4939203354297692,UNRESOLVED,0.6515723270440251,0.888,0.878,0.898,0.692,0.679,0.705,0.11199999999999999,INDETERMINATE,INDETERMINATE,,0.58,0.57,0.58
V0065,WF,046d7c303740e9da,RELAY,channel_all,mid,9,CHANCE,CHANCE_REL,NOT_ELIGIBLE,12,-0.35344827586206895,NEITHER,0.0,0.585,0.575,0.595,0.47,0.464,0.476,0.41500000000000004,CHANCE_REL,NOT_ELIGIBLE,FLIP_REL|CHANCE_REL,0.58,0.57,0.58
V0066,WF,046d7c303740e9da,RELAY,channel_count,mid,9,CHANCE,CHANCE_REL,NOT_ELIGIBLE,12,-0.15517241379310345,NEITHER,0.0,0.585,0.575,0.595,0.487,0.483,0.49,0.41500000000000004,CHANCE_REL,NOT_ELIGIBLE,FLIP_REL|CHANCE_REL,0.58,0.57,0.58
V0067,WF,046d7c303740e9da,RELAY,site_all,late,15,CHANCE,CHANCE_REL,NOT_ELIGIBLE,12,-0.3295019157088125,NEITHER,0.35372848948374763,0.585,0.575,0.595,0.472,0.466,0.479,0.41500000000000004,CHANCE_REL,NOT_ELIGIBLE,FLIP_REL|CHANCE_REL,0.58,0.57,0.58
V0068,WF,046d7c303740e9da,RELAY,channel_all,late,15,CHANCE,CHANCE_REL,NOT_ELIGIBLE,12,0.32950191570881315,NEITHER,0.35372848948374763,0.585,0.575,0.595,0.528,0.521,0.534,0.41500000000000004,CHANCE_REL,NOT_ELIGIBLE,FLIP_REL|CHANCE_REL,0.58,0.57,0.58
V0069,WF,046d7c303740e9da,RELAY,joint,mid,9,CHANCE,FLIP_REL,NOT_ELIGIBLE,12,-1.0,NEITHER,0.0,0.585,0.575,0.595,0.415,0.405,0.425,0.41500000000000004,FLIP_REL,NOT_ELIGIBLE,FLIP_REL|CHANCE_REL,0.58,0.57,0.58
V0070,WF,8ccf6c723ec57b3d,MAJ,channel_all,mid,3,CHANCE,FLIP_REL,NOT_ELIGIBLE,12,-1.0009813542688901,UNDEFINED,,0.583,0.576,0.59,0.417,0.41,0.424,0.41700000000000004,FLIP_REL,NOT_ELIGIBLE,FLIP_REL|CHANCE_REL,0.58,0.57,0.58
V0071,WF,8ccf6c723ec57b3d,MAJ,channel_content,mid,3,CHANCE,FLIP_REL,NOT_ELIGIBLE,12,-1.0009813542688901,UNDEFINED,,0.583,0.576,0.59,0.417,0.41,0.424,0.41700000000000004,FLIP_REL,NOT_ELIGIBLE,FLIP_REL|CHANCE_REL,0.58,0.57,0.58
V0072,WF,8ccf6c723ec57b3d,MAJ,pay0,mid,3,CHANCE,FLIP_REL,NOT_ELIGIBLE,12,-1.0009813542688901,UNDEFINED,,0.583,0.576,0.59,0.417,0.41,0.424,0.41700000000000004,FLIP_REL,NOT_ELIGIBLE,FLIP_REL|CHANCE_REL,0.58,0.57,0.58
V0073,WF,8ccf6c723ec57b3d,MAJ,channel_all,late,3,CHANCE,FLIP_REL,NOT_ELIGIBLE,12,-1.0009813542688901,UNDEFINED,,0.583,0.576,0.59,0.417,0.41,0.424,0.41700000000000004,FLIP_REL,NOT_ELIGIBLE,FLIP_REL|CHANCE_REL,0.58,0.57,0.58
V0074,WF,8ccf6c723ec57b3d,MAJ,joint,mid,3,CHANCE,FLIP_REL,NOT_ELIGIBLE,12,-0.9999999999999993,UNDEFINED,,0.583,0.576,0.59,0.417,0.41,0.424,0.41700000000000004,FLIP_REL,NOT_ELIGIBLE,FLIP_REL|CHANCE_REL,0.58,0.57,0.58
V0075,WF,88f94654d171e95e,MAJ,channel_all,mid,3,FLIP,FLIP_REL,FLIP_REL,12,-0.9973992197659295,CHANNEL,0.006109979633401222,0.625,0.611,0.639,0.375,0.361,0.389,0.375,FLIP_REL,FLIP_REL,,0.58,0.57,0.58
V0076,WF,88f94654d171e95e,MAJ,channel_content,mid,3,FLIP,FLIP_REL,FLIP_REL,12,-0.9973992197659295,CHANNEL,0.006109979633401222,0.625,0.611,0.639,0.375,0.361,0.389,0.375,FLIP_REL,FLIP_REL,,0.58,0.57,0.58
V0077,WF,88f94654d171e95e,MAJ,pay1,mid,3,FLIP,FLIP_REL,FLIP_REL,12,-0.9973992197659295,CHANNEL,0.006109979633401222,0.625,0.611,0.639,0.375,0.361,0.389,0.375,FLIP_REL,FLIP_REL,,0.58,0.57,0.58
V0078,WF,88f94654d171e95e,MAJ,channel_all,late,3,FLIP,FLIP_REL,FLIP_REL,12,-0.9973992197659295,CHANNEL,0.006109979633401222,0.625,0.611,0.639,0.375,0.361,0.389,0.375,FLIP_REL,FLIP_REL,,0.58,0.57,0.58
V0079,WF,88f94654d171e95e,MAJ,joint,mid,3,FLIP,FLIP_REL,FLIP_REL,12,-0.9999999999999996,CHANNEL,0.006109979633401222,0.625,0.611,0.639,0.375,0.361,0.389,0.375,FLIP_REL,FLIP_REL,,0.58,0.57,0.58
V0080,WF,3c3d996aa4ea15c7,MAJ,channel_all,mid,5,CHANCE,FLIP_REL,NOT_ELIGIBLE,12,-0.9999999999999992,UNDEFINED,,0.572,0.564,0.58,0.428,0.42,0.436,0.42800000000000005,FLIP_REL,NOT_ELIGIBLE,FLIP_REL|NO_EFFECT_REL|CHANCE_REL,0.58,0.57,0.58
V0081,WF,3c3d996aa4ea15c7,MAJ,channel_count,mid,5,CHANCE,INDETERMINATE,NOT_ELIGIBLE,12,-0.49263873159682875,UNDEFINED,,0.572,0.564,0.58,0.465,0.459,0.47,0.42800000000000005,NOT_ELIGIBLE,NOT_ELIGIBLE,FLIP_REL|NO_EFFECT_REL|CHANCE_REL,0.58,0.57,0.58
V0082,WF,3c3d996aa4ea15c7,MAJ,site_all,late,7,CHANCE,FLIP_REL,NOT_ELIGIBLE,12,-0.9999999999999992,UNDEFINED,,0.572,0.564,0.58,0.428,0.42,0.436,0.42800000000000005,FLIP_REL,NOT_ELIGIBLE,FLIP_REL|NO_EFFECT_REL|CHANCE_REL,0.58,0.57,0.58
V0083,WF,3c3d996aa4ea15c7,MAJ,joint,mid,5,CHANCE,FLIP_REL,NOT_ELIGIBLE,12,-0.9999999999999992,UNDEFINED,,0.572,0.564,0.58,0.428,0.42,0.436,0.42800000000000005,FLIP_REL,NOT_ELIGIBLE,FLIP_REL|NO_EFFECT_REL|CHANCE_REL,0.58,0.57,0.58
V0084,WF,e341694d05b42dbb,MAJ,channel_all,mid,5,CHANCE,FLIP_REL,NOT_ELIGIBLE,12,-1.0,UNDEFINED,,0.574,0.566,0.582,0.426,0.418,0.434,0.42600000000000005,FLIP_REL,NOT_ELIGIBLE,FLIP_REL|NO_EFFECT_REL|CHANCE_REL,0.58,0.57,0.58
V0085,WF,e341694d05b42dbb,MAJ,channel_count,mid,5,CHANCE,FLIP_REL,NOT_ELIGIBLE,12,-1.0,UNDEFINED,,0.574,0.566,0.582,0.426,0.418,0.434,0.42600000000000005,FLIP_REL,NOT_ELIGIBLE,FLIP_REL|NO_EFFECT_REL|CHANCE_REL,0.58,0.57,0.58
V0086,WF,e341694d05b42dbb,MAJ,site_all,late,7,CHANCE,FLIP_REL,NOT_ELIGIBLE,12,-1.0,UNDEFINED,,0.574,0.566,0.582,0.426,0.418,0.434,0.42600000000000005,FLIP_REL,NOT_ELIGIBLE,FLIP_REL|NO_EFFECT_REL|CHANCE_REL,0.58,0.57,0.58
V0087,WF,e341694d05b42dbb,MAJ,joint,mid,5,CHANCE,FLIP_REL,NOT_ELIGIBLE,12,-1.0,UNDEFINED,,0.574,0.566,0.582,0.426,0.418,0.434,0.42600000000000005,FLIP_REL,NOT_ELIGIBLE,FLIP_REL|NO_EFFECT_REL|CHANCE_REL,0.58,0.57,0.58
V0088,WF,83d9d7b50cb7e409,HOLD,site_all,mid,6,FLIP,FLIP_REL,FLIP_REL,12,-1.0000000000000007,SITE,1.0,0.646,0.629,0.664,0.354,0.336,0.371,0.354,FLIP_REL,FLIP_REL,,0.58,0.57,0.58
V0089,WF,83d9d7b50cb7e409,HOLD,site_all,late,9,FLIP,FLIP_REL,FLIP_REL,12,-1.0000000000000007,SITE,1.0,0.646,0.629,0.664,0.354,0.336,0.371,0.354,FLIP_REL,FLIP_REL,,0.58,0.57,0.58
V0090,WF,83d9d7b50cb7e409,HOLD,joint,mid,6,FLIP,FLIP_REL,FLIP_REL,12,-1.0000000000000007,SITE,1.0,0.646,0.629,0.664,0.354,0.336,0.371,0.354,FLIP_REL,FLIP_REL,,0.58,0.57,0.58
V0091,WF,1d88af703d4dab91,RELAY,site_all,mid,3,CHANCE,CHANCE_REL,CHANCE_REL,12,0.27478260869565246,UNRESOLVED,0.3315972222222222,0.687,0.677,0.697,0.551,0.537,0.566,0.31299999999999994,CHANCE_REL,CHANCE_REL,,0.58,0.57,0.58
V0092,WF,1d88af703d4dab91,RELAY,channel_all,mid,3,CHANCE,CHANCE_REL,CHANCE_REL,12,-0.27478260869565185,UNRESOLVED,0.3315972222222222,0.687,0.677,0.697,0.449,0.434,0.463,0.31299999999999994,CHANCE_REL,CHANCE_REL,,0.58,0.57,0.58
V0093,WF,1d88af703d4dab91,RELAY,channel_count,mid,3,CHANCE,CHANCE_REL,CHANCE_REL,12,-0.27478260869565185,UNRESOLVED,0.3315972222222222,0.687,0.677,0.697,0.449,0.434,0.463,0.31299999999999994,CHANCE_REL,CHANCE_REL,,0.58,0.57,0.58
V0094,WF,1d88af703d4dab91,RELAY,site_all,late,3,CHANCE,CHANCE_REL,CHANCE_REL,12,0.27478260869565246,UNRESOLVED,0.3315972222222222,0.687,0.677,0.697,0.551,0.537,0.566,0.31299999999999994,CHANCE_REL,CHANCE_REL,,0.58,0.57,0.58
V0095,WF,1d88af703d4dab91,RELAY,channel_all,late,3,CHANCE,CHANCE_REL,CHANCE_REL,12,-0.27478260869565185,UNRESOLVED,0.3315972222222222,0.687,0.677,0.697,0.449,0.434,0.463,0.31299999999999994,CHANCE_REL,CHANCE_REL,,0.58,0.57,0.58
V0096,WF,a8544b2d21f40659,RELAY,channel_all,mid,3,CHANCE,FLIP_REL,NOT_ELIGIBLE,12,-0.6752411575562701,UNDEFINED,,0.576,0.571,0.581,0.449,0.443,0.454,0.42400000000000004,FLIP_REL,NOT_ELIGIBLE,FLIP_REL|CHANCE_REL,0.58,0.57,0.58
V0097,WF,a8544b2d21f40659,RELAY,channel_count,mid,3,CHANCE,FLIP_REL,NOT_ELIGIBLE,12,-0.6752411575562701,UNDEFINED,,0.576,0.571,0.581,0.449,0.443,0.454,0.42400000000000004,FLIP_REL,NOT_ELIGIBLE,FLIP_REL|CHANCE_REL,0.58,0.57,0.58
V0098,WF,a8544b2d21f40659,RELAY,channel_all,late,3,CHANCE,FLIP_REL,NOT_ELIGIBLE,12,-0.6752411575562701,UNDEFINED,,0.576,0.571,0.581,0.449,0.443,0.454,0.42400000000000004,FLIP_REL,NOT_ELIGIBLE,FLIP_REL|CHANCE_REL,0.58,0.57,0.58
V0099,WF,a8544b2d21f40659,RELAY,joint,mid,3,CHANCE,FLIP_REL,NOT_ELIGIBLE,12,-1.0,UNDEFINED,,0.576,0.571,0.581,0.424,0.419,0.429,0.42400000000000004,FLIP_REL,NOT_ELIGIBLE,FLIP_REL|CHANCE_REL,0.58,0.57,0.58
V0100,WF,8a8e65ad57ccf99b,RELAY,channel_all,mid,3,FLIP,FLIP_REL,FLIP_REL,12,-1.0,CHANNEL,0.0,0.611,0.603,0.618,0.389,0.382,0.397,0.389,FLIP_REL,FLIP_REL,,0.58,0.57,0.58
V0101,WF,8a8e65ad57ccf99b,RELAY,channel_content,mid,3,FLIP,FLIP_REL,FLIP_REL,12,-1.0,CHANNEL,0.0,0.611,0.603,0.618,0.389,0.382,0.397,0.389,FLIP_REL,FLIP_REL,,0.58,0.57,0.58
V0102,WF,8a8e65ad57ccf99b,RELAY,pay1,mid,3,FLIP,FLIP_REL,FLIP_REL,12,-1.0,CHANNEL,0.0,0.611,0.603,0.618,0.389,0.382,0.397,0.389,FLIP_REL,FLIP_REL,,0.58,0.57,0.58
V0103,WF,8a8e65ad57ccf99b,RELAY,channel_all,late,3,FLIP,FLIP_REL,FLIP_REL,12,-1.0,CHANNEL,0.0,0.611,0.603,0.618,0.389,0.382,0.397,0.389,FLIP_REL,FLIP_REL,,0.58,0.57,0.58
V0104,WF,8a8e65ad57ccf99b,RELAY,joint,mid,3,FLIP,FLIP_REL,FLIP_REL,12,-1.0,CHANNEL,0.0,0.611,0.603,0.618,0.389,0.382,0.397,0.389,FLIP_REL,FLIP_REL,,0.58,0.57,0.58
V0105,WF,4781b0a172b6dc3c,MAJ,site_all,mid,9,CHANCE,CHANCE_REL,CHANCE_REL,12,0.1421568627450979,UNRESOLVED,0.23920771965464702,0.766,0.748,0.782,0.538,0.521,0.554,0.23399999999999999,CHANCE_REL,CHANCE_REL,,0.58,0.57,0.58
V0106,WF,4781b0a172b6dc3c,MAJ,channel_all,mid,9,CHANCE,CHANCE_REL,CHANCE_REL,12,-0.14215686274509812,UNRESOLVED,0.23920771965464702,0.766,0.748,0.782,0.462,0.446,0.479,0.23399999999999999,CHANCE_REL,CHANCE_REL,,0.58,0.57,0.58
V0107,WF,4781b0a172b6dc3c,MAJ,channel_content,mid,9,CHANCE,CHANCE_REL,CHANCE_REL,12,-0.14215686274509812,UNRESOLVED,0.23920771965464702,0.766,0.748,0.782,0.462,0.446,0.479,0.23399999999999999,CHANCE_REL,CHANCE_REL,,0.58,0.57,0.58
V0108,WF,4781b0a172b6dc3c,MAJ,pay1,mid,9,CHANCE,CHANCE_REL,CHANCE_REL,12,-0.14215686274509812,UNRESOLVED,0.23920771965464702,0.766,0.748,0.782,0.462,0.446,0.479,0.23399999999999999,CHANCE_REL,CHANCE_REL,,0.58,0.57,0.58
V0109,WF,4781b0a172b6dc3c,MAJ,site_all,late,15,FLIP,INDETERMINATE,INDETERMINATE,12,-0.5036764705882353,UNRESOLVED,0.5992889791772473,0.766,0.748,0.782,0.366,0.351,0.38,0.23399999999999999,INDETERMINATE,INDETERMINATE,,0.58,0.57,0.58
V0110,WF,4781b0a172b6dc3c,MAJ,channel_all,late,15,CHANCE,INDETERMINATE,INDETERMINATE,12,0.5036764705882353,UNRESOLVED,0.5992889791772473,0.766,0.748,0.782,0.634,0.62,0.649,0.23399999999999999,INDETERMINATE,INDETERMINATE,,0.58,0.57,0.58
V0111,WF,e06701a5e70bb7c2,RELAY,site_all,mid,5,CHANCE,CHANCE_REL,CHANCE_REL,12,-0.42842535787321084,UNDEFINED,,0.659,0.649,0.669,0.432,0.425,0.44,0.34099999999999997,CHANCE_REL,CHANCE_REL,,0.58,0.57,0.58
V0112,WF,e06701a5e70bb7c2,RELAY,channel_all,mid,5,CHANCE,CHANCE_REL,CHANCE_REL,12,0.4284253578732102,UNDEFINED,,0.659,0.649,0.669,0.568,0.56,0.575,0.34099999999999997,CHANCE_REL,CHANCE_REL,,0.58,0.57,0.58
V0113,WF,e06701a5e70bb7c2,RELAY,channel_count,mid,5,CHANCE,CHANCE_REL,CHANCE_REL,12,0.4284253578732102,UNDEFINED,,0.659,0.649,0.669,0.568,0.56,0.575,0.34099999999999997,CHANCE_REL,CHANCE_REL,,0.58,0.57,0.58
V0114,WF,72dd71d8028cf759,RELAY,channel_all,mid,5,CHANCE,INDETERMINATE,INDETERMINATE,12,0.47910182303245874,MIXTURE,0.6386554621848739,0.866,0.855,0.877,0.675,0.661,0.688,0.134,INDETERMINATE,INDETERMINATE,,0.58,0.57,0.58
V0115,WF,72dd71d8028cf759,RELAY,channel_content,mid,5,CHANCE,INDETERMINATE,INDETERMINATE,12,0.47910182303245874,MIXTURE,0.6386554621848739,0.866,0.855,0.877,0.675,0.661,0.688,0.134,INDETERMINATE,INDETERMINATE,,0.58,0.57,0.58
V0116,WF,72dd71d8028cf759,RELAY,pay0,mid,5,CHANCE,INDETERMINATE,INDETERMINATE,12,0.47910182303245874,MIXTURE,0.6386554621848739,0.866,0.855,0.877,0.675,0.661,0.688,0.134,INDETERMINATE,INDETERMINATE,,0.58,0.57,0.58
V0117,WF,e9196cae3d7537f1,RELAY,channel_all,mid,5,CHANCE,INDETERMINATE,INDETERMINATE,12,0.4760185662712735,UNRESOLVED,0.6209386281588448,0.816,0.805,0.825,0.65,0.638,0.662,0.18400000000000005,INDETERMINATE,INDETERMINATE,,0.58,0.57,0.58
V0118,WF,e9196cae3d7537f1,RELAY,channel_content,mid,5,CHANCE,INDETERMINATE,INDETERMINATE,12,0.4760185662712735,UNRESOLVED,0.6209386281588448,0.816,0.805,0.825,0.65,0.638,0.662,0.18400000000000005,INDETERMINATE,INDETERMINATE,,0.58,0.57,0.58
V0119,WF,e9196cae3d7537f1,RELAY,pay0,mid,5,CHANCE,INDETERMINATE,INDETERMINATE,12,0.4760185662712735,UNRESOLVED,0.6209386281588448,0.816,0.805,0.825,0.65,0.638,0.662,0.18400000000000005,INDETERMINATE,INDETERMINATE,,0.58,0.57,0.58
V0120,WF,8743da7f1f62947d,MAJ,channel_all,mid,9,FLIP,FLIP_REL,FLIP_REL,12,-0.9085133418043199,UNDEFINED,,0.628,0.62,0.636,0.384,0.375,0.392,0.372,FLIP_REL,FLIP_REL,,0.58,0.57,0.58
V0121,WF,8743da7f1f62947d,MAJ,channel_content,mid,9,CHANCE,FLIP_REL,FLIP_REL,12,-0.767471410419314,UNDEFINED,,0.628,0.62,0.636,0.402,0.394,0.41,0.372,FLIP_REL,FLIP_REL,,0.58,0.57,0.58
V0122,WF,8743da7f1f62947d,MAJ,pay0,mid,9,CHANCE,FLIP_REL,FLIP_REL,12,-0.767471410419314,UNDEFINED,,0.628,0.62,0.636,0.402,0.394,0.41,0.372,FLIP_REL,FLIP_REL,,0.58,0.57,0.58
V0123,WF,8743da7f1f62947d,MAJ,site_all,late,15,CHANCE,INDETERMINATE,INDETERMINATE,12,-0.5222363405336719,UNDEFINED,,0.628,0.62,0.636,0.433,0.426,0.44,0.372,INDETERMINATE,INDETERMINATE,,0.58,0.57,0.58
V0124,WF,e2fa053169f5f890,HOLD,site_all,mid,10,FLIP,FLIP_REL,FLIP_REL,12,-1.027761013880507,SITE,0.9229963331587219,0.635,0.616,0.655,0.361,0.342,0.38,0.365,FLIP_REL,FLIP_REL,,0.58,0.57,0.58
V0125,WF,e2fa053169f5f890,HOLD,site_all,late,17,FLIP,FLIP_REL,FLIP_REL,12,-0.9999999999999996,SITE,1.0,0.635,0.616,0.655,0.365,0.345,0.384,0.365,FLIP_REL,FLIP_REL,,0.58,0.57,0.58
V0126,WF,e2fa053169f5f890,HOLD,joint,mid,10,FLIP,FLIP_REL,FLIP_REL,12,-1.0295715147857571,SITE,0.9229963331587219,0.635,0.616,0.655,0.361,0.342,0.38,0.365,FLIP_REL,FLIP_REL,,0.58,0.57,0.58
V0127,WF,9dd25cb21750f3c5,HOLD,site_all,mid,10,FLIP,FLIP_REL,FLIP_REL,12,-1.0,SITE,1.0,0.65,0.633,0.669,0.35,0.331,0.367,0.35,FLIP_REL,FLIP_REL,,0.58,0.57,0.58
V0128,WF,9dd25cb21750f3c5,HOLD,site_all,late,17,FLIP,FLIP_REL,FLIP_REL,12,-1.0,SITE,1.0,0.65,0.633,0.669,0.35,0.331,0.367,0.35,FLIP_REL,FLIP_REL,,0.58,0.57,0.58
V0129,WF,9dd25cb21750f3c5,HOLD,joint,mid,10,FLIP,FLIP_REL,FLIP_REL,12,-1.0,SITE,1.0,0.65,0.633,0.669,0.35,0.331,0.367,0.35,FLIP_REL,FLIP_REL,,0.58,0.57,0.58
V0130,WF,0017d8ccce60da90,HOLD,site_all,mid,4,FLIP,FLIP_REL,FLIP_REL,12,-0.9855832241153344,IDENTITY-BROKEN,0.8268359020852222,0.624,0.61,0.64,0.378,0.361,0.393,0.376,FLIP_REL,FLIP_REL,,0.58,0.57,0.58
V0131,WF,0017d8ccce60da90,HOLD,site_all,late,5,FLIP,FLIP_REL,FLIP_REL,12,-1.0,SITE,1.0,0.624,0.61,0.64,0.376,0.36,0.39,0.376,FLIP_REL,FLIP_REL,,0.58,0.57,0.58
V0132,WF,0017d8ccce60da90,HOLD,joint,mid,4,FLIP,FLIP_REL,FLIP_REL,12,-0.9855832241153344,IDENTITY-BROKEN,0.8268359020852222,0.624,0.61,0.64,0.378,0.361,0.393,0.376,FLIP_REL,FLIP_REL,,0.58,0.57,0.58
V0133,WF,884a64df866756b0,RELAY,site_all,mid,9,CHANCE,FLIP_REL,NOT_ELIGIBLE,12,-0.6862539349422868,UNDEFINED,,0.578,0.569,0.585,0.447,0.439,0.454,0.42200000000000004,FLIP_REL,NOT_ELIGIBLE,FLIP_REL|NO_EFFECT_REL|CHANCE_REL,0.58,0.57,0.58
V0134,WF,884a64df866756b0,RELAY,site_all,late,15,CHANCE,FLIP_REL,NOT_ELIGIBLE,12,-0.9999999999999986,UNDEFINED,,0.578,0.569,0.585,0.422,0.415,0.431,0.42200000000000004,FLIP_REL,NOT_ELIGIBLE,FLIP_REL|NO_EFFECT_REL|CHANCE_REL,0.58,0.57,0.58
V0135,WF,884a64df866756b0,RELAY,joint,mid,9,CHANCE,FLIP_REL,NOT_ELIGIBLE,12,-0.9999999999999986,UNDEFINED,,0.578,0.569,0.585,0.422,0.415,0.431,0.42200000000000004,FLIP_REL,NOT_ELIGIBLE,FLIP_REL|NO_EFFECT_REL|CHANCE_REL,0.58,0.57,0.58
V0136,WF,faafa5b049e1d4b4,HOLD,site_all,mid,10,CHANCE,FLIP_REL,FLIP_REL,12,-0.9940374787052807,IDENTITY-BROKEN,0.0,0.596,0.584,0.608,0.405,0.393,0.417,0.404,FLIP_REL,FLIP_REL,,0.58,0.57,0.58
V0137,WF,faafa5b049e1d4b4,HOLD,site_all,late,17,CHANCE,FLIP_REL,FLIP_REL,12,-0.9999999999999994,SITE,1.0,0.596,0.584,0.608,0.404,0.392,0.416,0.404,FLIP_REL,FLIP_REL,,0.58,0.57,0.58
V0138,WF,faafa5b049e1d4b4,HOLD,joint,mid,10,CHANCE,FLIP_REL,FLIP_REL,12,-0.9940374787052807,IDENTITY-BROKEN,0.0,0.596,0.584,0.608,0.405,0.393,0.417,0.404,FLIP_REL,FLIP_REL,,0.58,0.57,0.58
V0139,WF,57650798bada0219,MAJ,channel_all,mid,3,FLIP,FLIP_REL,FLIP_REL,12,-1.0012391573729862,CHANNEL,0.0,0.631,0.618,0.645,0.368,0.355,0.382,0.369,FLIP_REL,FLIP_REL,,0.58,0.57,0.58
V0140,WF,57650798bada0219,MAJ,channel_content,mid,3,FLIP,FLIP_REL,FLIP_REL,12,-1.0012391573729862,CHANNEL,0.0,0.631,0.618,0.645,0.368,0.355,0.382,0.369,FLIP_REL,FLIP_REL,,0.58,0.57,0.58
V0141,WF,57650798bada0219,MAJ,pay0,mid,3,FLIP,FLIP_REL,FLIP_REL,12,-1.0012391573729862,CHANNEL,0.0,0.631,0.618,0.645,0.368,0.355,0.382,0.369,FLIP_REL,FLIP_REL,,0.58,0.57,0.58
V0142,WF,57650798bada0219,MAJ,channel_all,late,3,FLIP,FLIP_REL,FLIP_REL,12,-1.0012391573729862,CHANNEL,0.0,0.631,0.618,0.645,0.368,0.355,0.382,0.369,FLIP_REL,FLIP_REL,,0.58,0.57,0.58
V0143,WF,57650798bada0219,MAJ,joint,mid,3,FLIP,FLIP_REL,FLIP_REL,12,-1.0,CHANNEL,0.0,0.631,0.618,0.645,0.369,0.355,0.382,0.369,FLIP_REL,FLIP_REL,,0.58,0.57,0.58
V0144,WF,86fc01052c666646,RELAY,site_all,mid,9,NO-EFFECT,NO_EFFECT_REL,NO_EFFECT_REL,12,0.6566217287866777,UNDEFINED,,0.603,0.595,0.611,0.567,0.559,0.575,0.397,NO_EFFECT_REL,NO_EFFECT_REL,,0.58,0.57,0.58
V0145,WF,86fc01052c666646,RELAY,channel_all,mid,9,CHANCE,FLIP_REL,FLIP_REL,12,-0.6566217287866777,UNDEFINED,,0.603,0.595,0.611,0.433,0.425,0.441,0.397,FLIP_REL,FLIP_REL,,0.58,0.57,0.58
V0146,WF,86fc01052c666646,RELAY,channel_content,mid,9,CHANCE,FLIP_REL,FLIP_REL,12,-0.6582077716098336,UNDEFINED,,0.603,0.595,0.611,0.432,0.425,0.44,0.397,FLIP_REL,FLIP_REL,,0.58,0.57,0.58
V0147,WF,86fc01052c666646,RELAY,pay0,mid,9,CHANCE,FLIP_REL,FLIP_REL,12,-0.6962727993655831,UNDEFINED,,0.603,0.595,0.611,0.429,0.42,0.437,0.397,FLIP_REL,FLIP_REL,,0.58,0.57,0.58
V0148,WF,86fc01052c666646,RELAY,site_all,late,15,CHANCE,CHANCE_REL,CHANCE_REL,12,-0.4250594766058683,UNDEFINED,,0.603,0.595,0.611,0.456,0.449,0.463,0.397,CHANCE_REL,CHANCE_REL,,0.58,0.57,0.58
V0149,WF,86fc01052c666646,RELAY,channel_all,late,15,CHANCE,CHANCE_REL,CHANCE_REL,12,0.4250594766058683,UNDEFINED,,0.603,0.595,0.611,0.544,0.537,0.551,0.397,CHANCE_REL,CHANCE_REL,,0.58,0.57,0.58
V0150,WF,86fc01052c666646,RELAY,joint,mid,9,CHANCE,FLIP_REL,FLIP_REL,12,-1.000000000000001,UNDEFINED,,0.603,0.595,0.611,0.397,0.389,0.405,0.397,FLIP_REL,FLIP_REL,,0.58,0.57,0.58
V0151,WF,7ca102eb518ac124,HOLD,site_all,mid,10,FLIP,FLIP_REL,FLIP_REL,12,-1.073580533024334,IDENTITY-BROKEN,0.6830808080808081,0.64,0.615,0.667,0.349,0.325,0.376,0.36,FLIP_REL,FLIP_REL,,0.58,0.57,0.58
V0152,WF,7ca102eb518ac124,HOLD,site_all,late,17,FLIP,FLIP_REL,FLIP_REL,12,-1.0000000000000009,SITE,1.0,0.64,0.615,0.667,0.36,0.333,0.385,0.36,FLIP_REL,FLIP_REL,,0.58,0.57,0.58
V0153,WF,7ca102eb518ac124,HOLD,joint,mid,10,FLIP,FLIP_REL,FLIP_REL,12,-1.073580533024334,IDENTITY-BROKEN,0.6830808080808081,0.64,0.615,0.667,0.349,0.325,0.376,0.36,FLIP_REL,FLIP_REL,,0.58,0.57,0.58
V0154,WF,fded16810c3b6236,MAJ,channel_all,mid,5,CHANCE,FLIP_REL,NOT_ELIGIBLE,12,-1.0,UNDEFINED,,0.566,0.559,0.574,0.434,0.426,0.441,0.43400000000000005,FLIP_REL,NOT_ELIGIBLE,FLIP_REL|NO_EFFECT_REL|CHANCE_REL,0.58,0.57,0.58
V0155,WF,fded16810c3b6236,MAJ,channel_count,mid,5,CHANCE,FLIP_REL,NOT_ELIGIBLE,12,-1.0,UNDEFINED,,0.566,0.559,0.574,0.434,0.426,0.441,0.43400000000000005,FLIP_REL,NOT_ELIGIBLE,FLIP_REL|NO_EFFECT_REL|CHANCE_REL,0.58,0.57,0.58
V0156,WF,fded16810c3b6236,MAJ,site_all,late,7,CHANCE,FLIP_REL,NOT_ELIGIBLE,12,-1.0,UNDEFINED,,0.566,0.559,0.574,0.434,0.426,0.441,0.43400000000000005,FLIP_REL,NOT_ELIGIBLE,FLIP_REL|NO_EFFECT_REL|CHANCE_REL,0.58,0.57,0.58
V0157,WF,fded16810c3b6236,MAJ,joint,mid,5,CHANCE,FLIP_REL,NOT_ELIGIBLE,12,-1.0,UNDEFINED,,0.566,0.559,0.574,0.434,0.426,0.441,0.43400000000000005,FLIP_REL,NOT_ELIGIBLE,FLIP_REL|NO_EFFECT_REL|CHANCE_REL,0.58,0.57,0.58
V0158,WF,925caa3a48964717,RELAY,channel_all,mid,9,CHANCE,FLIP_REL,NOT_ELIGIBLE,12,-1.0,CHANNEL,0.0,0.586,0.576,0.596,0.414,0.404,0.424,0.41400000000000003,FLIP_REL,NOT_ELIGIBLE,FLIP_REL|CHANCE_REL,0.58,0.57,0.58
V0159,WF,925caa3a48964717,RELAY,channel_content,mid,9,CHANCE,FLIP_REL,NOT_ELIGIBLE,12,-0.998106060606061,CHANNEL,0.0,0.586,0.576,0.596,0.414,0.404,0.424,0.41400000000000003,FLIP_REL,NOT_ELIGIBLE,FLIP_REL|CHANCE_REL,0.58,0.57,0.58
V0160,WF,925caa3a48964717,RELAY,pay1,mid,9,CHANCE,FLIP_REL,NOT_ELIGIBLE,12,-1.0,CHANNEL,0.0,0.586,0.576,0.596,0.414,0.404,0.424,0.41400000000000003,FLIP_REL,NOT_ELIGIBLE,FLIP_REL|CHANCE_REL,0.58,0.57,0.58
V0161,WF,925caa3a48964717,RELAY,channel_all,late,15,CHANCE,FLIP_REL,NOT_ELIGIBLE,12,-1.0,CHANNEL,0.0,0.586,0.576,0.596,0.414,0.404,0.424,0.41400000000000003,FLIP_REL,NOT_ELIGIBLE,FLIP_REL|CHANCE_REL,0.58,0.57,0.58
V0162,WF,925caa3a48964717,RELAY,joint,mid,9,CHANCE,FLIP_REL,NOT_ELIGIBLE,12,-1.0,CHANNEL,0.0,0.586,0.576,0.596,0.414,0.404,0.424,0.41400000000000003,FLIP_REL,NOT_ELIGIBLE,FLIP_REL|CHANCE_REL,0.58,0.57,0.58
V0163,WF,b4e404f606bd2bb8,HOLD,site_all,mid,6,FLIP,FLIP_REL,FLIP_REL,12,-0.9904363419007776,SITE,0.9394463667820069,0.636,0.612,0.66,0.365,0.341,0.389,0.364,FLIP_REL,FLIP_REL,,0.58,0.57,0.58
V0164,WF,b4e404f606bd2bb8,HOLD,site_all,late,9,FLIP,FLIP_REL,FLIP_REL,12,-0.9976090854751948,SITE,1.0,0.636,0.612,0.66,0.364,0.34,0.388,0.364,FLIP_REL,FLIP_REL,,0.58,0.57,0.58
V0165,WF,b4e404f606bd2bb8,HOLD,joint,mid,6,FLIP,FLIP_REL,FLIP_REL,12,-0.9982068141063961,SITE,0.9394463667820069,0.636,0.612,0.66,0.364,0.34,0.388,0.364,FLIP_REL,FLIP_REL,,0.58,0.57,0.58
V0166,WF,4ecdfb3f4f9bad5a,MAJ,channel_all,mid,5,CHANCE,FLIP_REL,NOT_ELIGIBLE,12,-0.6267232237539773,UNDEFINED,,0.577,0.569,0.584,0.452,0.444,0.46,0.42300000000000004,FLIP_REL,NOT_ELIGIBLE,FLIP_REL|NO_EFFECT_REL|CHANCE_REL,0.58,0.57,0.58
V0167,WF,4ecdfb3f4f9bad5a,MAJ,channel_content,mid,5,CHANCE,CHANCE_REL,NOT_ELIGIBLE,12,0.10922587486744491,UNDEFINED,,0.577,0.569,0.584,0.508,0.495,0.523,0.42300000000000004,CHANCE_REL,NOT_ELIGIBLE,FLIP_REL|NO_EFFECT_REL|CHANCE_REL,0.58,0.57,0.58
V0168,WF,4ecdfb3f4f9bad5a,MAJ,pay0,mid,5,CHANCE,CHANCE_REL,NOT_ELIGIBLE,12,0.10922587486744491,UNDEFINED,,0.577,0.569,0.584,0.508,0.495,0.523,0.42300000000000004,CHANCE_REL,NOT_ELIGIBLE,FLIP_REL|NO_EFFECT_REL|CHANCE_REL,0.58,0.57,0.58
V0169,WF,4ecdfb3f4f9bad5a,MAJ,site_all,late,7,CHANCE,FLIP_REL,NOT_ELIGIBLE,12,-0.9660657476139991,UNDEFINED,,0.577,0.569,0.584,0.426,0.419,0.433,0.42300000000000004,FLIP_REL,NOT_ELIGIBLE,FLIP_REL|NO_EFFECT_REL|CHANCE_REL,0.58,0.57,0.58
V0170,WF,4ecdfb3f4f9bad5a,MAJ,joint,mid,5,CHANCE,FLIP_REL,NOT_ELIGIBLE,12,-1.0000000000000016,UNDEFINED,,0.577,0.569,0.584,0.423,0.416,0.431,0.42300000000000004,FLIP_REL,NOT_ELIGIBLE,FLIP_REL|NO_EFFECT_REL|CHANCE_REL,0.58,0.57,0.58
V0171,WF,95649e2c29e72d45,RELAY,site_all,mid,9,CHANCE,CHANCE_REL,CHANCE_REL,12,-0.41215868109222065,UNDEFINED,,0.658,0.652,0.664,0.435,0.427,0.443,0.34199999999999997,CHANCE_REL,CHANCE_REL,,0.58,0.57,0.58
V0172,WF,95649e2c29e72d45,RELAY,channel_all,mid,9,CHANCE,CHANCE_REL,CHANCE_REL,12,0.412158681092221,UNDEFINED,,0.658,0.652,0.664,0.565,0.557,0.573,0.34199999999999997,CHANCE_REL,CHANCE_REL,,0.58,0.57,0.58
V0173,WF,95649e2c29e72d45,RELAY,channel_content,mid,9,CHANCE,NO_EFFECT_REL,NO_EFFECT_REL,12,0.546625450798558,UNDEFINED,,0.658,0.652,0.664,0.586,0.579,0.594,0.34199999999999997,NO_EFFECT_REL,NO_EFFECT_REL,,0.58,0.57,0.58
V0174,WF,95649e2c29e72d45,RELAY,pay0,mid,9,CHANCE,NO_EFFECT_REL,NO_EFFECT_REL,12,0.546625450798558,UNDEFINED,,0.658,0.652,0.664,0.586,0.579,0.594,0.34199999999999997,NO_EFFECT_REL,NO_EFFECT_REL,,0.58,0.57,0.58
V0175,WF,95649e2c29e72d45,RELAY,site_all,late,15,CHANCE,CHANCE_REL,CHANCE_REL,12,0.07109737248840804,UNDEFINED,,0.658,0.652,0.664,0.511,0.502,0.521,0.34199999999999997,CHANCE_REL,CHANCE_REL,,0.58,0.57,0.58
V0176,WF,95649e2c29e72d45,RELAY,channel_all,late,15,CHANCE,CHANCE_REL,CHANCE_REL,12,-0.07109737248840804,UNDEFINED,,0.658,0.652,0.664,0.489,0.479,0.498,0.34199999999999997,CHANCE_REL,CHANCE_REL,,0.58,0.57,0.58
V0177,WF,e2334ea74d8ec661,RELAY,site_all,mid,3,CHANCE,CHANCE_REL,CHANCE_REL,12,0.2736750651607296,UNDEFINED,,0.594,0.589,0.598,0.526,0.519,0.533,0.406,CHANCE_REL,CHANCE_REL,,0.58,0.57,0.58
V0178,WF,e2334ea74d8ec661,RELAY,channel_all,mid,3,CHANCE,CHANCE_REL,CHANCE_REL,12,-0.2736750651607296,UNDEFINED,,0.594,0.589,0.598,0.474,0.467,0.481,0.406,CHANCE_REL,CHANCE_REL,,0.58,0.57,0.58
V0179,WF,e2334ea74d8ec661,RELAY,channel_content,mid,3,CHANCE,CHANCE_REL,CHANCE_REL,12,-0.2736750651607296,UNDEFINED,,0.594,0.589,0.598,0.474,0.467,0.481,0.406,CHANCE_REL,CHANCE_REL,,0.58,0.57,0.58
V0180,WF,e2334ea74d8ec661,RELAY,pay0,mid,3,CHANCE,CHANCE_REL,CHANCE_REL,12,-0.2736750651607296,UNDEFINED,,0.594,0.589,0.598,0.474,0.467,0.481,0.406,CHANCE_REL,CHANCE_REL,,0.58,0.57,0.58
V0181,WF,e2334ea74d8ec661,RELAY,site_all,late,3,CHANCE,CHANCE_REL,CHANCE_REL,12,0.2736750651607296,UNDEFINED,,0.594,0.589,0.598,0.526,0.519,0.533,0.406,CHANCE_REL,CHANCE_REL,,0.58,0.57,0.58
V0182,WF,e2334ea74d8ec661,RELAY,channel_all,late,3,CHANCE,CHANCE_REL,CHANCE_REL,12,-0.2736750651607296,UNDEFINED,,0.594,0.589,0.598,0.474,0.467,0.481,0.406,CHANCE_REL,CHANCE_REL,,0.58,0.57,0.58
V0183,WF,e2334ea74d8ec661,RELAY,joint,mid,3,CHANCE,FLIP_REL,FLIP_REL,12,-0.9999999999999988,UNDEFINED,,0.594,0.589,0.598,0.406,0.402,0.411,0.406,FLIP_REL,FLIP_REL,,0.58,0.57,0.58
V0184,WF,369f5a5b745eb592,RELAY,site_all,mid,9,CHANCE,CHANCE_REL,CHANCE_REL,12,-0.37797246558197745,UNRESOLVED,0.39948892674616693,0.695,0.684,0.706,0.426,0.413,0.439,0.30500000000000005,CHANCE_REL,CHANCE_REL,,0.58,0.57,0.58
V0185,WF,369f5a5b745eb592,RELAY,channel_all,mid,9,CHANCE,CHANCE_REL,CHANCE_REL,12,0.37797246558197745,UNRESOLVED,0.39948892674616693,0.695,0.684,0.706,0.574,0.561,0.587,0.30500000000000005,CHANCE_REL,CHANCE_REL,,0.58,0.57,0.58
V0186,WF,369f5a5b745eb592,RELAY,channel_content,mid,9,CHANCE,INDETERMINATE,INDETERMINATE,12,0.4668335419274093,UNRESOLVED,0.39948892674616693,0.695,0.684,0.706,0.591,0.58,0.601,0.30500000000000005,INDETERMINATE,INDETERMINATE,,0.58,0.57,0.58
V0187,WF,369f5a5b745eb592,RELAY,pay0,mid,9,CHANCE,INDETERMINATE,INDETERMINATE,12,0.4668335419274093,UNRESOLVED,0.39948892674616693,0.695,0.684,0.706,0.591,0.58,0.601,0.30500000000000005,INDETERMINATE,INDETERMINATE,,0.58,0.57,0.58
V0188,WF,606ce18c96c8f0de,RELAY,channel_all,mid,9,CHANCE,CHANCE_REL,NOT_ELIGIBLE,12,-0.3505747126436782,NEITHER,0.0,0.585,0.575,0.596,0.47,0.464,0.476,0.41500000000000004,CHANCE_REL,NOT_ELIGIBLE,FLIP_REL|CHANCE_REL,0.58,0.57,0.58
V0189,WF,606ce18c96c8f0de,RELAY,channel_content,mid,9,CHANCE,CHANCE_REL,NOT_ELIGIBLE,12,-0.3524904214559389,NEITHER,0.0,0.585,0.575,0.596,0.47,0.464,0.476,0.41500000000000004,CHANCE_REL,NOT_ELIGIBLE,FLIP_REL|CHANCE_REL,0.58,0.57,0.58
V0190,WF,606ce18c96c8f0de,RELAY,pay0,mid,9,CHANCE,CHANCE_REL,NOT_ELIGIBLE,12,-0.3524904214559389,NEITHER,0.0,0.585,0.575,0.596,0.47,0.464,0.476,0.41500000000000004,CHANCE_REL,NOT_ELIGIBLE,FLIP_REL|CHANCE_REL,0.58,0.57,0.58
V0191,WF,606ce18c96c8f0de,RELAY,channel_all,late,15,CHANCE,CHANCE_REL,NOT_ELIGIBLE,12,0.33716475095785353,NEITHER,0.3549618320610687,0.585,0.575,0.596,0.529,0.522,0.535,0.41500000000000004,CHANCE_REL,NOT_ELIGIBLE,FLIP_REL|CHANCE_REL,0.58,0.57,0.58
V0192,WF,606ce18c96c8f0de,RELAY,joint,mid,9,CHANCE,FLIP_REL,NOT_ELIGIBLE,12,-1.0,NEITHER,0.0,0.585,0.575,0.596,0.415,0.404,0.425,0.41500000000000004,FLIP_REL,NOT_ELIGIBLE,FLIP_REL|CHANCE_REL,0.58,0.57,0.58
V0193,WF,0f5451c3b3cdf250,RELAY,site_all,mid,9,CHANCE,CHANCE_REL,NOT_ELIGIBLE,12,-0.03747534516765241,NEITHER,0.040152963671128104,0.583,0.573,0.593,0.497,0.495,0.499,0.41700000000000004,CHANCE_REL,NOT_ELIGIBLE,FLIP_REL|CHANCE_REL,0.58,0.57,0.58
V0194,WF,0f5451c3b3cdf250,RELAY,site_all,late,15,CHANCE,FLIP_REL,NOT_ELIGIBLE,12,-1.0,SITE,1.0,0.583,0.573,0.593,0.417,0.407,0.427,0.41700000000000004,FLIP_REL,NOT_ELIGIBLE,FLIP_REL|CHANCE_REL,0.58,0.57,0.58
V0195,WF,0f5451c3b3cdf250,RELAY,joint,mid,9,CHANCE,FLIP_REL,NOT_ELIGIBLE,12,-1.0,NEITHER,0.040152963671128104,0.583,0.573,0.593,0.417,0.407,0.427,0.41700000000000004,FLIP_REL,NOT_ELIGIBLE,FLIP_REL|CHANCE_REL,0.58,0.57,0.58
V0196,WF,d839fabb34a9b3d9,RELAY,channel_all,mid,3,CHANCE,FLIP_REL,NOT_ELIGIBLE,12,-1.0,UNDEFINED,,0.555,0.552,0.559,0.445,0.441,0.448,0.44499999999999995,FLIP_REL,NOT_ELIGIBLE,FLIP_REL|NO_EFFECT_REL|CHANCE_REL,0.58,0.57,0.58
V0197,WF,d839fabb34a9b3d9,RELAY,channel_count,mid,3,CHANCE,FLIP_REL,NOT_ELIGIBLE,12,-1.0,UNDEFINED,,0.555,0.552,0.559,0.445,0.441,0.448,0.44499999999999995,FLIP_REL,NOT_ELIGIBLE,FLIP_REL|NO_EFFECT_REL|CHANCE_REL,0.58,0.57,0.58
V0198,WF,d839fabb34a9b3d9,RELAY,channel_all,late,3,CHANCE,FLIP_REL,NOT_ELIGIBLE,12,-1.0,UNDEFINED,,0.555,0.552,0.559,0.445,0.441,0.448,0.44499999999999995,FLIP_REL,NOT_ELIGIBLE,FLIP_REL|NO_EFFECT_REL|CHANCE_REL,0.58,0.57,0.58
V0199,WF,d839fabb34a9b3d9,RELAY,joint,mid,3,CHANCE,FLIP_REL,NOT_ELIGIBLE,12,-1.0,UNDEFINED,,0.555,0.552,0.559,0.445,0.441,0.448,0.44499999999999995,FLIP_REL,NOT_ELIGIBLE,FLIP_REL|NO_EFFECT_REL|CHANCE_REL,0.58,0.57,0.58
V0200,WF,4ba2a869707a5108,RELAY,channel_all,mid,3,FLIP,FLIP_REL,FLIP_REL,12,-0.9999999999999991,CHANNEL,0.0,0.624,0.607,0.641,0.376,0.359,0.393,0.376,FLIP_REL,FLIP_REL,,0.58,0.57,0.58
V0201,WF,4ba2a869707a5108,RELAY,channel_content,mid,3,FLIP,FLIP_REL,FLIP_REL,12,-0.9999999999999991,CHANNEL,0.0,0.624,0.607,0.641,0.376,0.359,0.393,0.376,FLIP_REL,FLIP_REL,,0.58,0.57,0.58
V0202,WF,4ba2a869707a5108,RELAY,pay1,mid,3,FLIP,FLIP_REL,FLIP_REL,12,-0.9999999999999991,CHANNEL,0.0,0.624,0.607,0.641,0.376,0.359,0.393,0.376,FLIP_REL,FLIP_REL,,0.58,0.57,0.58
V0203,WF,4ba2a869707a5108,RELAY,channel_all,late,3,FLIP,FLIP_REL,FLIP_REL,12,-0.9999999999999991,CHANNEL,0.0,0.624,0.607,0.641,0.376,0.359,0.393,0.376,FLIP_REL,FLIP_REL,,0.58,0.57,0.58
V0204,WF,4ba2a869707a5108,RELAY,joint,mid,3,FLIP,FLIP_REL,FLIP_REL,12,-0.9999999999999991,CHANNEL,0.0,0.624,0.607,0.641,0.376,0.359,0.393,0.376,FLIP_REL,FLIP_REL,,0.58,0.57,0.58
V0205,WF,2dccdaa5eb8ffa0e,RELAY,site_all,mid,5,FLIP,CHANCE_REL,CHANCE_REL,12,-0.41145281018027574,MIXTURE,0.6940615058324496,0.807,0.795,0.817,0.374,0.358,0.39,0.19299999999999995,CHANCE_REL,CHANCE_REL,,0.58,0.57,0.58
V0206,WF,2dccdaa5eb8ffa0e,RELAY,channel_all,mid,5,CHANCE,CHANCE_REL,CHANCE_REL,12,0.41145281018027596,MIXTURE,0.6940615058324496,0.807,0.795,0.817,0.626,0.61,0.642,0.19299999999999995,CHANCE_REL,CHANCE_REL,,0.58,0.57,0.58
V0207,WF,2dccdaa5eb8ffa0e,RELAY,channel_content,mid,5,CHANCE,CHANCE_REL,CHANCE_REL,12,0.41145281018027596,MIXTURE,0.6940615058324496,0.807,0.795,0.817,0.626,0.61,0.642,0.19299999999999995,CHANCE_REL,CHANCE_REL,,0.58,0.57,0.58
V0208,WF,2dccdaa5eb8ffa0e,RELAY,pay0,mid,5,CHANCE,CHANCE_REL,CHANCE_REL,12,0.41145281018027596,MIXTURE,0.6940615058324496,0.807,0.795,0.817,0.626,0.61,0.642,0.19299999999999995,CHANCE_REL,CHANCE_REL,,0.58,0.57,0.58
V0209,WF,6783020342ca5991,RELAY,channel_all,mid,9,CHANCE,CHANCE_REL,NOT_ELIGIBLE,12,-0.3230616302186875,UNDEFINED,,0.582,0.576,0.589,0.474,0.471,0.476,0.41800000000000004,CHANCE_REL,NOT_ELIGIBLE,FLIP_REL|CHANCE_REL,0.58,0.57,0.58
V0210,WF,6783020342ca5991,RELAY,site_all,late,15,CHANCE,FLIP_REL,NOT_ELIGIBLE,12,-0.784294234592445,UNDEFINED,,0.582,0.576,0.589,0.436,0.431,0.441,0.41800000000000004,FLIP_REL,NOT_ELIGIBLE,FLIP_REL|CHANCE_REL,0.58,0.57,0.58
V0211,WF,6783020342ca5991,RELAY,joint,mid,9,CHANCE,FLIP_REL,NOT_ELIGIBLE,12,-1.0,UNDEFINED,,0.582,0.576,0.589,0.418,0.411,0.424,0.41800000000000004,FLIP_REL,NOT_ELIGIBLE,FLIP_REL|CHANCE_REL,0.58,0.57,0.58
V0212,WF,a395784b37d01a6e,RELAY,site_all,mid,9,CHANCE,INDETERMINATE,INDETERMINATE,12,-0.5079474775397372,UNDEFINED,,0.618,0.612,0.624,0.44,0.433,0.447,0.382,INDETERMINATE,INDETERMINATE,,0.58,0.57,0.58
V0213,WF,a395784b37d01a6e,RELAY,channel_all,mid,9,CHANCE,INDETERMINATE,INDETERMINATE,12,0.5079474775397372,UNDEFINED,,0.618,0.612,0.624,0.56,0.553,0.567,0.382,INDETERMINATE,INDETERMINATE,,0.58,0.57,0.58
V0214,WF,a395784b37d01a6e,RELAY,channel_count,mid,9,CHANCE,INDETERMINATE,INDETERMINATE,12,0.5079474775397372,UNDEFINED,,0.618,0.612,0.624,0.56,0.553,0.567,0.382,INDETERMINATE,INDETERMINATE,,0.58,0.57,0.58
V0215,WF,a395784b37d01a6e,RELAY,site_all,late,15,CHANCE,INDETERMINATE,INDETERMINATE,12,-0.4872149274360745,UNDEFINED,,0.618,0.612,0.624,0.443,0.436,0.449,0.382,INDETERMINATE,INDETERMINATE,,0.58,0.57,0.58
V0216,WF,a395784b37d01a6e,RELAY,channel_all,late,15,CHANCE,INDETERMINATE,INDETERMINATE,12,0.4872149274360745,UNDEFINED,,0.618,0.612,0.624,0.557,0.551,0.564,0.382,INDETERMINATE,INDETERMINATE,,0.58,0.57,0.58
V0217,WF,a395784b37d01a6e,RELAY,joint,mid,9,FLIP,FLIP_REL,FLIP_REL,12,-0.9999999999999996,UNDEFINED,,0.618,0.612,0.624,0.382,0.376,0.388,0.382,FLIP_REL,FLIP_REL,,0.58,0.57,0.58
V0218,WF,26f9428bd464d37f,MAJ,channel_all,mid,3,CHANCE,FLIP_REL,FLIP_REL,12,-1.0009345794392528,UNDEFINED,,0.587,0.58,0.594,0.413,0.406,0.42,0.41300000000000003,FLIP_REL,FLIP_REL,,0.58,0.57,0.58
V0219,WF,26f9428bd464d37f,MAJ,channel_count,mid,3,CHANCE,FLIP_REL,FLIP_REL,12,-1.0009345794392528,UNDEFINED,,0.587,0.58,0.594,0.413,0.406,0.42,0.41300000000000003,FLIP_REL,FLIP_REL,,0.58,0.57,0.58
V0220,WF,26f9428bd464d37f,MAJ,channel_all,late,3,CHANCE,FLIP_REL,FLIP_REL,12,-1.0009345794392528,UNDEFINED,,0.587,0.58,0.594,0.413,0.406,0.42,0.41300000000000003,FLIP_REL,FLIP_REL,,0.58,0.57,0.58
V0221,WF,26f9428bd464d37f,MAJ,joint,mid,3,CHANCE,FLIP_REL,FLIP_REL,12,-1.0,UNDEFINED,,0.587,0.58,0.594,0.413,0.406,0.42,0.41300000000000003,FLIP_REL,FLIP_REL,,0.58,0.57,0.58
V0222,WF,8e1caf6bcc7897fb,MAJ,channel_all,mid,3,CHANCE,FLIP_REL,FLIP_REL,12,-0.9984101748807629,UNRESOLVED,0.0,0.602,0.588,0.617,0.398,0.383,0.411,0.398,FLIP_REL,FLIP_REL,,0.58,0.57,0.58
V0223,WF,8e1caf6bcc7897fb,MAJ,channel_content,mid,3,CHANCE,FLIP_REL,FLIP_REL,12,-0.6391096979332271,UNRESOLVED,0.0,0.602,0.588,0.617,0.435,0.42,0.45,0.398,FLIP_REL,FLIP_REL,,0.58,0.57,0.58
V0224,WF,8e1caf6bcc7897fb,MAJ,pay3,mid,3,CHANCE,FLIP_REL,FLIP_REL,12,-0.6391096979332271,UNRESOLVED,0.0,0.602,0.588,0.617,0.435,0.42,0.45,0.398,FLIP_REL,FLIP_REL,,0.58,0.57,0.58
V0225,WF,8e1caf6bcc7897fb,MAJ,channel_all,late,3,CHANCE,FLIP_REL,FLIP_REL,12,-0.9984101748807629,UNRESOLVED,0.0,0.602,0.588,0.617,0.398,0.383,0.411,0.398,FLIP_REL,FLIP_REL,,0.58,0.57,0.58
V0226,WF,8e1caf6bcc7897fb,MAJ,joint,mid,3,CHANCE,FLIP_REL,FLIP_REL,12,-0.9999999999999994,UNRESOLVED,0.0,0.602,0.588,0.617,0.398,0.383,0.412,0.398,FLIP_REL,FLIP_REL,,0.58,0.57,0.58
V0227,WF,626aa72f8ad384ff,MAJ,channel_all,mid,5,CHANCE,FLIP_REL,FLIP_REL,12,-1.0,UNDEFINED,,0.589,0.581,0.597,0.411,0.403,0.419,0.41100000000000003,FLIP_REL,FLIP_REL,,0.58,0.57,0.58
V0228,WF,626aa72f8ad384ff,MAJ,channel_content,mid,5,CHANCE,FLIP_REL,FLIP_REL,12,-1.0,UNDEFINED,,0.589,0.581,0.597,0.411,0.403,0.419,0.41100000000000003,FLIP_REL,FLIP_REL,,0.58,0.57,0.58
V0229,WF,626aa72f8ad384ff,MAJ,pay0,mid,5,CHANCE,FLIP_REL,FLIP_REL,12,-1.0,UNDEFINED,,0.589,0.581,0.597,0.411,0.403,0.419,0.41100000000000003,FLIP_REL,FLIP_REL,,0.58,0.57,0.58
V0230,WF,626aa72f8ad384ff,MAJ,site_all,late,7,CHANCE,FLIP_REL,FLIP_REL,12,-1.0,UNDEFINED,,0.589,0.581,0.597,0.411,0.403,0.419,0.41100000000000003,FLIP_REL,FLIP_REL,,0.58,0.57,0.58
V0231,WF,626aa72f8ad384ff,MAJ,joint,mid,5,CHANCE,FLIP_REL,FLIP_REL,12,-1.0,UNDEFINED,,0.589,0.581,0.597,0.411,0.403,0.419,0.41100000000000003,FLIP_REL,FLIP_REL,,0.58,0.57,0.58
V0232,WF,688b9f6f5ccfb225,HOLD,site_all,mid,4,CHANCE,FLIP_REL,FLIP_REL,12,-0.9552123552123549,IDENTITY-BROKEN,0.437609841827768,0.605,0.596,0.615,0.399,0.389,0.409,0.395,FLIP_REL,FLIP_REL,,0.58,0.57,0.58
V0233,WF,688b9f6f5ccfb225,HOLD,site_all,late,5,CHANCE,FLIP_REL,FLIP_REL,12,-0.9768339768339758,SITE,0.8734622144112478,0.605,0.596,0.615,0.397,0.387,0.406,0.395,FLIP_REL,FLIP_REL,,0.58,0.57,0.58
V0234,WF,688b9f6f5ccfb225,HOLD,joint,mid,4,CHANCE,FLIP_REL,FLIP_REL,12,-0.992277992277992,IDENTITY-BROKEN,0.437609841827768,0.605,0.596,0.615,0.395,0.385,0.405,0.395,FLIP_REL,FLIP_REL,,0.58,0.57,0.58
V0235,WF,11f3ac8548d931fd,HOLD,site_all,mid,6,FLIP,FLIP_REL,FLIP_REL,12,-0.9715789473684211,IDENTITY-BROKEN,0.7568881685575365,0.655,0.643,0.667,0.35,0.337,0.364,0.345,FLIP_REL,FLIP_REL,,0.58,0.57,0.58
V0236,WF,11f3ac8548d931fd,HOLD,joint,mid,6,FLIP,FLIP_REL,FLIP_REL,12,-0.9715789473684211,IDENTITY-BROKEN,0.7568881685575365,0.655,0.643,0.667,0.35,0.337,0.364,0.345,FLIP_REL,FLIP_REL,,0.58,0.57,0.58
V0237,WF,62c6fa31078b1a9c,HOLD,site_all,mid,6,FLIP,FLIP_REL,FLIP_REL,12,-1.1968796433878173,IDENTITY-BROKEN,0.0,0.61,0.598,0.621,0.369,0.358,0.381,0.39,FLIP_REL,FLIP_REL,,0.58,0.57,0.58
V0238,WF,62c6fa31078b1a9c,HOLD,site_all,late,9,CHANCE,FLIP_REL,FLIP_REL,12,-1.000000000000002,SITE,1.0,0.61,0.598,0.621,0.39,0.379,0.402,0.39,FLIP_REL,FLIP_REL,,0.58,0.57,0.58
V0239,WF,62c6fa31078b1a9c,HOLD,joint,mid,6,FLIP,FLIP_REL,FLIP_REL,12,-1.1976225854383373,IDENTITY-BROKEN,0.0,0.61,0.598,0.621,0.369,0.357,0.38,0.39,FLIP_REL,FLIP_REL,,0.58,0.57,0.58
V0240,WF,0b3c855a80022a98,RELAY,channel_all,mid,9,CHANCE,FLIP_REL,NOT_ELIGIBLE,12,-0.8491379310344831,UNDEFINED,,0.576,0.57,0.581,0.436,0.431,0.441,0.42400000000000004,FLIP_REL,NOT_ELIGIBLE,FLIP_REL|CHANCE_REL,0.58,0.57,0.58
V0241,WF,0b3c855a80022a98,RELAY,channel_count,mid,9,CHANCE,FLIP_REL,NOT_ELIGIBLE,12,-0.8491379310344831,UNDEFINED,,0.576,0.57,0.581,0.436,0.431,0.441,0.42400000000000004,FLIP_REL,NOT_ELIGIBLE,FLIP_REL|CHANCE_REL,0.58,0.57,0.58
V0242,WF,0b3c855a80022a98,RELAY,site_all,late,15,NO-EFFECT,CHANCE_REL,NOT_ELIGIBLE,12,0.3717672413793107,UNDEFINED,,0.576,0.57,0.581,0.528,0.522,0.534,0.42400000000000004,CHANCE_REL,NOT_ELIGIBLE,FLIP_REL|CHANCE_REL,0.58,0.57,0.58
V0243,WF,0b3c855a80022a98,RELAY,channel_all,late,15,CHANCE,CHANCE_REL,NOT_ELIGIBLE,12,-0.37176724137931,UNDEFINED,,0.576,0.57,0.581,0.472,0.466,0.478,0.42400000000000004,CHANCE_REL,NOT_ELIGIBLE,FLIP_REL|CHANCE_REL,0.58,0.57,0.58
V0244,WF,0b3c855a80022a98,RELAY,joint,mid,9,CHANCE,FLIP_REL,NOT_ELIGIBLE,12,-1.0000000000000007,UNDEFINED,,0.576,0.57,0.581,0.424,0.419,0.43,0.42400000000000004,FLIP_REL,NOT_ELIGIBLE,FLIP_REL|CHANCE_REL,0.58,0.57,0.58
V0245,WF,7bd03b203ddda7b5,RELAY,site_all,mid,3,CHANCE,INDETERMINATE,INDETERMINATE,12,0.4637607704004056,CHANNEL,0.16009557945041816,0.661,0.651,0.67,0.574,0.562,0.587,0.33899999999999997,INDETERMINATE,INDETERMINATE,,0.58,0.57,0.58
V0246,WF,7bd03b203ddda7b5,RELAY,channel_all,mid,3,CHANCE,INDETERMINATE,INDETERMINATE,12,-0.4637607704004056,CHANNEL,0.16009557945041816,0.661,0.651,0.67,0.426,0.413,0.438,0.33899999999999997,INDETERMINATE,INDETERMINATE,,0.58,0.57,0.58
V0247,WF,7bd03b203ddda7b5,RELAY,channel_content,mid,3,CHANCE,INDETERMINATE,INDETERMINATE,12,-0.4637607704004056,CHANNEL,0.16009557945041816,0.661,0.651,0.67,0.426,0.413,0.438,0.33899999999999997,INDETERMINATE,INDETERMINATE,,0.58,0.57,0.58
V0248,WF,7bd03b203ddda7b5,RELAY,pay0,mid,3,CHANCE,INDETERMINATE,INDETERMINATE,12,-0.4637607704004056,CHANNEL,0.16009557945041816,0.661,0.651,0.67,0.426,0.413,0.438,0.33899999999999997,INDETERMINATE,INDETERMINATE,,0.58,0.57,0.58
V0249,WF,7bd03b203ddda7b5,RELAY,site_all,late,3,CHANCE,INDETERMINATE,INDETERMINATE,12,0.4637607704004056,CHANNEL,0.16009557945041816,0.661,0.651,0.67,0.574,0.562,0.587,0.33899999999999997,INDETERMINATE,INDETERMINATE,,0.58,0.57,0.58
V0250,WF,7bd03b203ddda7b5,RELAY,channel_all,late,3,CHANCE,INDETERMINATE,INDETERMINATE,12,-0.4637607704004056,CHANNEL,0.16009557945041816,0.661,0.651,0.67,0.426,0.413,0.438,0.33899999999999997,INDETERMINATE,INDETERMINATE,,0.58,0.57,0.58
V0251,WF,31cd2a8a9b572a50,RELAY,channel_all,late,7,CHANCE,INDETERMINATE,INDETERMINATE,12,0.5057660626029652,MIXTURE,0.6688632619439868,0.895,0.886,0.904,0.7,0.687,0.715,0.10499999999999998,INDETERMINATE,INDETERMINATE,,0.58,0.57,0.58
V0252,WF,c16d52319beb8bce,RELAY,site_all,mid,5,FLIP,CHANCE_REL,CHANCE_REL,12,-0.3820175438596492,MIXTURE,0.7288854608561511,0.871,0.855,0.886,0.358,0.339,0.379,0.129,CHANCE_REL,CHANCE_REL,,0.58,0.57,0.58
V0253,WF,c16d52319beb8bce,RELAY,channel_all,mid,5,CHANCE,CHANCE_REL,CHANCE_REL,12,0.3820175438596493,MIXTURE,0.7288854608561511,0.871,0.855,0.886,0.642,0.621,0.661,0.129,CHANCE_REL,CHANCE_REL,,0.58,0.57,0.58
V0254,WF,c16d52319beb8bce,RELAY,channel_content,mid,5,CHANCE,CHANCE_REL,CHANCE_REL,12,0.38092105263157894,MIXTURE,0.7288854608561511,0.871,0.855,0.886,0.641,0.621,0.661,0.129,CHANCE_REL,CHANCE_REL,,0.58,0.57,0.58
V0255,WF,c16d52319beb8bce,RELAY,pay0,mid,5,CHANCE,CHANCE_REL,CHANCE_REL,12,0.38092105263157894,MIXTURE,0.7288854608561511,0.871,0.855,0.886,0.641,0.621,0.661,0.129,CHANCE_REL,CHANCE_REL,,0.58,0.57,0.58
V0256,WF,78f3b0eccd44b1ed,RELAY,site_all,mid,9,CHANCE,INDETERMINATE,INDETERMINATE,12,-0.49157942649066866,UNDEFINED,,0.679,0.674,0.684,0.412,0.405,0.419,0.32099999999999995,INDETERMINATE,INDETERMINATE,,0.58,0.57,0.58
V0257,WF,78f3b0eccd44b1ed,RELAY,channel_all,mid,9,CHANCE,INDETERMINATE,INDETERMINATE,12,0.491579426490669,UNDEFINED,,0.679,0.674,0.684,0.588,0.581,0.595,0.32099999999999995,INDETERMINATE,INDETERMINATE,,0.58,0.57,0.58
V0258,WF,78f3b0eccd44b1ed,RELAY,channel_count,mid,9,CHANCE,INDETERMINATE,INDETERMINATE,12,0.491579426490669,UNDEFINED,,0.679,0.674,0.684,0.588,0.581,0.595,0.32099999999999995,INDETERMINATE,INDETERMINATE,,0.58,0.57,0.58
V0259,WF,78f3b0eccd44b1ed,RELAY,site_all,late,15,CHANCE,INDETERMINATE,INDETERMINATE,12,-0.48975876194811074,UNDEFINED,,0.679,0.674,0.684,0.412,0.406,0.419,0.32099999999999995,INDETERMINATE,INDETERMINATE,,0.58,0.57,0.58
V0260,WF,78f3b0eccd44b1ed,RELAY,channel_all,late,15,CHANCE,INDETERMINATE,INDETERMINATE,12,0.48975876194811135,UNDEFINED,,0.679,0.674,0.684,0.588,0.581,0.594,0.32099999999999995,INDETERMINATE,INDETERMINATE,,0.58,0.57,0.58
V0261,WF,63abaede82660280,RELAY,channel_all,late,15,CHANCE,INDETERMINATE,NOT_ELIGIBLE,12,-0.43295019157088144,UNRESOLVED,0.21455223880597016,0.585,0.575,0.595,0.463,0.454,0.472,0.41500000000000004,INDETERMINATE,INDETERMINATE,FLIP_REL|CHANCE_REL,0.58,0.57,0.58
V0262,WF,63abaede82660280,RELAY,joint,mid,9,CHANCE,FLIP_REL,NOT_ELIGIBLE,12,-1.0,NEITHER,0.0018656716417910447,0.585,0.575,0.595,0.415,0.405,0.425,0.41500000000000004,FLIP_REL,NOT_ELIGIBLE,FLIP_REL|CHANCE_REL,0.58,0.57,0.58
V0263,WF,4271681452d29aee,RELAY,site_all,mid,9,CHANCE,CHANCE_REL,CHANCE_REL,12,-0.39547349612864763,UNRESOLVED,0.6832027850304613,0.637,0.62,0.652,0.446,0.43,0.461,0.363,CHANCE_REL,CHANCE_REL,,0.58,0.57,0.58
V0264,WF,4271681452d29aee,RELAY,channel_all,mid,9,CHANCE,CHANCE_REL,CHANCE_REL,12,0.39547349612864724,UNRESOLVED,0.6832027850304613,0.637,0.62,0.652,0.554,0.539,0.57,0.363,CHANCE_REL,CHANCE_REL,,0.58,0.57,0.58
V0265,WF,4271681452d29aee,RELAY,channel_count,mid,9,CHANCE,CHANCE_REL,CHANCE_REL,12,0.39547349612864724,UNRESOLVED,0.6832027850304613,0.637,0.62,0.652,0.554,0.539,0.57,0.363,CHANCE_REL,CHANCE_REL,,0.58,0.57,0.58
V0266,WF,4271681452d29aee,RELAY,site_all,late,15,FLIP,FLIP_REL,FLIP_REL,12,-0.9999999999999992,SITE,1.0,0.637,0.62,0.652,0.363,0.348,0.38,0.363,FLIP_REL,FLIP_REL,,0.58,0.57,0.58
V0267,WF,4271681452d29aee,RELAY,site_all,pre,-1,NO-EFFECT,NO_EFFECT_REL,NO_EFFECT_REL,11,0.6440366972477061,IDENTITY-BROKEN,0.15350488021295475,0.645,0.627,0.662,0.593,0.58,0.607,0.355,NO_EFFECT_REL,NO_EFFECT_REL,,0.57,0.58,0.59
V0268,WF,4271681452d29aee,RELAY,channel_all,pre,-1,NO-EFFECT,NO_EFFECT_REL,NO_EFFECT_REL,11,0.6672782874617736,IDENTITY-BROKEN,0.15350488021295475,0.645,0.627,0.662,0.597,0.583,0.611,0.355,NO_EFFECT_REL,NO_EFFECT_REL,,0.57,0.58,0.59
V0269,WF,4271681452d29aee,RELAY,joint,mid,9,FLIP,FLIP_REL,FLIP_REL,12,-0.9999999999999992,UNRESOLVED,0.6832027850304613,0.637,0.62,0.652,0.363,0.348,0.38,0.363,FLIP_REL,FLIP_REL,,0.58,0.57,0.58
V0270,WF,4ab2ba014aac967e,HOLD,channel_all,late,9,CHANCE,NO_EFFECT_REL,NO_EFFECT_REL,12,0.6464733881436608,MIXTURE,0.7754479603507434,0.876,0.862,0.89,0.743,0.727,0.761,0.124,NO_EFFECT_REL,NO_EFFECT_REL,,0.58,0.57,0.58
V0271,WF,8c37f32e68843070,RELAY,site_all,mid,5,FLIP,CHANCE_REL,CHANCE_REL,12,-0.42441860465116277,UNRESOLVED,0.6214908034849952,0.836,0.824,0.848,0.357,0.342,0.373,0.16400000000000003,CHANCE_REL,CHANCE_REL,,0.58,0.57,0.58
V0272,WF,8c37f32e68843070,RELAY,channel_all,mid,5,CHANCE,CHANCE_REL,CHANCE_REL,12,0.42441860465116277,UNRESOLVED,0.6214908034849952,0.836,0.824,0.848,0.643,0.627,0.658,0.16400000000000003,CHANCE_REL,CHANCE_REL,,0.58,0.57,0.58
V0273,WF,8c37f32e68843070,RELAY,channel_content,mid,5,CHANCE,CHANCE_REL,CHANCE_REL,12,0.4018895348837209,UNRESOLVED,0.6214908034849952,0.836,0.824,0.848,0.635,0.619,0.65,0.16400000000000003,CHANCE_REL,CHANCE_REL,,0.58,0.57,0.58
V0274,WF,8c37f32e68843070,RELAY,pay1,mid,5,CHANCE,CHANCE_REL,CHANCE_REL,12,0.4018895348837209,UNRESOLVED,0.6214908034849952,0.836,0.824,0.848,0.635,0.619,0.65,0.16400000000000003,CHANCE_REL,CHANCE_REL,,0.58,0.57,0.58
V0275,WF,d3c0d182d3dbb735,RELAY,site_all,mid,9,CHANCE,INDETERMINATE,INDETERMINATE,12,-0.4919524142757179,UNDEFINED,,0.616,0.611,0.622,0.443,0.436,0.45,0.384,INDETERMINATE,INDETERMINATE,,0.58,0.57,0.58
V0276,WF,d3c0d182d3dbb735,RELAY,channel_all,mid,9,CHANCE,INDETERMINATE,INDETERMINATE,12,0.49195241427571695,UNDEFINED,,0.616,0.611,0.622,0.557,0.55,0.564,0.384,INDETERMINATE,INDETERMINATE,,0.58,0.57,0.58
V0277,WF,d3c0d182d3dbb735,RELAY,channel_count,mid,9,CHANCE,INDETERMINATE,INDETERMINATE,12,0.49195241427571695,UNDEFINED,,0.616,0.611,0.622,0.557,0.55,0.564,0.384,INDETERMINATE,INDETERMINATE,,0.58,0.57,0.58
V0278,WF,d3c0d182d3dbb735,RELAY,site_all,late,15,CHANCE,INDETERMINATE,INDETERMINATE,12,-0.5052484254723583,UNDEFINED,,0.616,0.611,0.622,0.441,0.435,0.447,0.384,INDETERMINATE,INDETERMINATE,,0.58,0.57,0.58
V0279,WF,d3c0d182d3dbb735,RELAY,channel_all,late,15,CHANCE,INDETERMINATE,INDETERMINATE,12,0.5052484254723574,UNDEFINED,,0.616,0.611,0.622,0.559,0.553,0.565,0.384,INDETERMINATE,INDETERMINATE,,0.58,0.57,0.58
V0280,WF,d3c0d182d3dbb735,RELAY,joint,mid,9,FLIP,FLIP_REL,FLIP_REL,12,-1.0000000000000009,UNDEFINED,,0.616,0.611,0.622,0.384,0.378,0.389,0.384,FLIP_REL,FLIP_REL,,0.58,0.57,0.58
V0281,WI,00c5d3b61fe3cac7,HOLD,site_all,o0,0,CHANCE,CHANCE_REL,CHANCE_REL,11,0.3823051948051946,IDENTITY-BROKEN,0.09538461538461539,0.828,0.815,0.842,0.625,0.607,0.644,0.17200000000000004,CHANCE_REL,CHANCE_REL,,0.57,0.58,0.59
V0282,WI,00c5d3b61fe3cac7,HOLD,joint,o0,0,CHANCE,CHANCE_REL,CHANCE_REL,11,0.3823051948051946,IDENTITY-BROKEN,0.09538461538461539,0.828,0.815,0.842,0.625,0.607,0.644,0.17200000000000004,CHANCE_REL,CHANCE_REL,,0.57,0.58,0.59
V0283,WI,00c5d3b61fe3cac7,HOLD,S,o0,0,CHANCE,CHANCE_REL,CHANCE_REL,11,0.3833874458874457,IDENTITY-BROKEN,0.09538461538461539,0.828,0.815,0.842,0.626,0.608,0.643,0.17200000000000004,CHANCE_REL,CHANCE_REL,,0.57,0.58,0.59
V0284,WI,0187372b391d9d4e,HOLD,site_all,o0,0,CHANCE,CHANCE_REL,CHANCE_REL,11,0.15905383360522035,IDENTITY-BROKEN,0.3918305597579425,0.718,0.678,0.757,0.535,0.516,0.554,0.28200000000000003,CHANCE_REL,CHANCE_REL,,0.57,0.58,0.59
V0285,WI,0187372b391d9d4e,HOLD,joint,o0,0,CHANCE,CHANCE_REL,CHANCE_REL,11,0.1851549755301793,IDENTITY-BROKEN,0.3918305597579425,0.718,0.678,0.757,0.54,0.522,0.558,0.28200000000000003,CHANCE_REL,CHANCE_REL,,0.57,0.58,0.59
V0286,WI,0187372b391d9d4e,HOLD,S,o0,0,CHANCE,CHANCE_REL,CHANCE_REL,11,0.15905383360522035,IDENTITY-BROKEN,0.3918305597579425,0.718,0.678,0.757,0.535,0.516,0.554,0.28200000000000003,CHANCE_REL,CHANCE_REL,,0.57,0.58,0.59
V0287,WI,13127335562d8595,HOLD,site_all,o0,0,CHANCE,CHANCE_REL,CHANCE_REL,11,0.1252352080284342,IDENTITY-BROKEN,0.41621621621621624,0.925,0.912,0.938,0.553,0.531,0.575,0.07499999999999996,CHANCE_REL,CHANCE_REL,,0.57,0.58,0.59
V0288,WI,13127335562d8595,HOLD,joint,o0,0,CHANCE,CHANCE_REL,CHANCE_REL,11,0.1252352080284342,IDENTITY-BROKEN,0.41621621621621624,0.925,0.912,0.938,0.553,0.531,0.575,0.07499999999999996,CHANCE_REL,CHANCE_REL,,0.57,0.58,0.59
V0289,WI,13127335562d8595,HOLD,S,o0,0,CHANCE,CHANCE_REL,CHANCE_REL,11,0.1252352080284342,IDENTITY-BROKEN,0.41621621621621624,0.925,0.912,0.938,0.553,0.531,0.575,0.07499999999999996,CHANCE_REL,CHANCE_REL,,0.57,0.58,0.59
V0290,WI,1c0a1bc76d7a69dc,HOLD,site_all,o0,0,CHANCE,CHANCE_REL,CHANCE_REL,11,0.41322885457478675,IDENTITY-BROKEN,0.0,0.885,0.876,0.893,0.659,0.651,0.667,0.11499999999999999,CHANCE_REL,CHANCE_REL,,0.57,0.58,0.59
V0291,WI,1c0a1bc76d7a69dc,HOLD,joint,o0,0,CHANCE,CHANCE_REL,CHANCE_REL,11,0.41207651532611184,IDENTITY-BROKEN,0.0,0.885,0.876,0.893,0.659,0.65,0.667,0.11499999999999999,CHANCE_REL,CHANCE_REL,,0.57,0.58,0.59
V0292,WI,1c0a1bc76d7a69dc,HOLD,S,o0,0,CHANCE,CHANCE_REL,CHANCE_REL,11,0.412998386725052,IDENTITY-BROKEN,0.0,0.885,0.876,0.893,0.659,0.651,0.667,0.11499999999999999,CHANCE_REL,CHANCE_REL,,0.57,0.58,0.59
V0293,WI,2dccdaa5eb8ffa0e,RELAY,channel_all,o0,0,CHANCE,CHANCE_REL,CHANCE_REL,11,0.305681818181818,IDENTITY-BROKEN,0.0,0.812,0.801,0.824,0.596,0.585,0.605,0.18799999999999994,CHANCE_REL,CHANCE_REL,,0.57,0.58,0.59
V0294,WI,2dccdaa5eb8ffa0e,RELAY,joint,o0,0,CHANCE,CHANCE_REL,CHANCE_REL,11,0.305681818181818,IDENTITY-BROKEN,0.0,0.812,0.801,0.824,0.596,0.585,0.605,0.18799999999999994,CHANCE_REL,CHANCE_REL,,0.57,0.58,0.59
V0295,WI,2dccdaa5eb8ffa0e,RELAY,channel_content,o0,0,CHANCE,CHANCE_REL,CHANCE_REL,11,0.305681818181818,IDENTITY-BROKEN,0.0,0.812,0.801,0.824,0.596,0.585,0.605,0.18799999999999994,CHANCE_REL,CHANCE_REL,,0.57,0.58,0.59
V0296,WI,2dccdaa5eb8ffa0e,RELAY,site_all,o5,5,CHANCE,CHANCE_REL,CHANCE_REL,11,-0.3693181818181818,MIXTURE,0.6721590909090909,0.812,0.801,0.824,0.385,0.368,0.403,0.18799999999999994,CHANCE_REL,CHANCE_REL,,0.57,0.58,0.59
V0297,WI,2dccdaa5eb8ffa0e,RELAY,channel_all,o5,5,CHANCE,CHANCE_REL,CHANCE_REL,11,0.369318181818182,MIXTURE,0.6721590909090909,0.812,0.801,0.824,0.615,0.597,0.632,0.18799999999999994,CHANCE_REL,CHANCE_REL,,0.57,0.58,0.59
V0298,WI,2dccdaa5eb8ffa0e,RELAY,S,o5,5,CHANCE,CHANCE_REL,CHANCE_REL,11,0.325,MIXTURE,0.6721590909090909,0.812,0.801,0.824,0.602,0.585,0.618,0.18799999999999994,CHANCE_REL,CHANCE_REL,,0.57,0.58,0.59
V0299,WI,2dccdaa5eb8ffa0e,RELAY,inbox,o5,5,CHANCE,CHANCE_REL,CHANCE_REL,11,0.305681818181818,MIXTURE,0.6721590909090909,0.812,0.801,0.824,0.596,0.585,0.605,0.18799999999999994,CHANCE_REL,CHANCE_REL,,0.57,0.58,0.59
V0300,WI,2dccdaa5eb8ffa0e,RELAY,channel_content,o5,5,CHANCE,CHANCE_REL,CHANCE_REL,11,0.369318181818182,MIXTURE,0.6721590909090909,0.812,0.801,0.824,0.615,0.597,0.632,0.18799999999999994,CHANCE_REL,CHANCE_REL,,0.57,0.58,0.59
V0301,WI,2dccdaa5eb8ffa0e,RELAY,S,o6,6,CHANCE,CHANCE_REL,CHANCE_REL,11,-0.3693181818181818,SITE,1.0,0.812,0.801,0.824,0.385,0.368,0.403,0.18799999999999994,CHANCE_REL,CHANCE_REL,,0.57,0.58,0.59
V0302,WI,2dccdaa5eb8ffa0e,RELAY,inbox,o6,6,CHANCE,CHANCE_REL,CHANCE_REL,11,0.369318181818182,SITE,1.0,0.812,0.801,0.824,0.615,0.597,0.632,0.18799999999999994,CHANCE_REL,CHANCE_REL,,0.57,0.58,0.59
V0303,WI,31cd2a8a9b572a50,RELAY,site_all,o0,0,CHANCE,CHANCE_REL,CHANCE_REL,11,0.09115401885945183,IDENTITY-BROKEN,0.4544229905702739,0.895,0.885,0.905,0.536,0.527,0.545,0.10499999999999998,CHANCE_REL,CHANCE_REL,,0.57,0.58,0.59
V0304,WI,31cd2a8a9b572a50,RELAY,joint,o0,0,CHANCE,CHANCE_REL,CHANCE_REL,11,0.09115401885945183,IDENTITY-BROKEN,0.4544229905702739,0.895,0.885,0.905,0.536,0.527,0.545,0.10499999999999998,CHANCE_REL,CHANCE_REL,,0.57,0.58,0.59
V0305,WI,31cd2a8a9b572a50,RELAY,S,o0,0,CHANCE,CHANCE_REL,CHANCE_REL,11,0.09115401885945183,IDENTITY-BROKEN,0.4544229905702739,0.895,0.885,0.905,0.536,0.527,0.545,0.10499999999999998,CHANCE_REL,CHANCE_REL,,0.57,0.58,0.59
V0306,WI,31cd2a8a9b572a50,RELAY,channel_all,o1,1,CHANCE,CHANCE_REL,CHANCE_REL,11,0.45577009429726084,UNRESOLVED,0.6255051638976201,0.895,0.885,0.905,0.68,0.665,0.696,0.10499999999999998,CHANCE_REL,CHANCE_REL,,0.57,0.58,0.59
V0307,WI,31cd2a8a9b572a50,RELAY,channel_content,o1,1,CHANCE,CHANCE_REL,CHANCE_REL,11,0.45577009429726084,UNRESOLVED,0.6255051638976201,0.895,0.885,0.905,0.68,0.665,0.696,0.10499999999999998,CHANCE_REL,CHANCE_REL,,0.57,0.58,0.59
V0308,WI,31cd2a8a9b572a50,RELAY,site_all,o2,2,CHANCE,CHANCE_REL,CHANCE_REL,11,0.006286484059272462,UNRESOLVED,0.31656937584193984,0.895,0.885,0.905,0.502,0.482,0.522,0.10499999999999998,CHANCE_REL,CHANCE_REL,,0.57,0.58,0.59
V0309,WI,31cd2a8a9b572a50,RELAY,channel_all,o2,2,CHANCE,CHANCE_REL,CHANCE_REL,11,-0.006286484059272743,UNRESOLVED,0.31656937584193984,0.895,0.885,0.905,0.498,0.478,0.518,0.10499999999999998,CHANCE_REL,CHANCE_REL,,0.57,0.58,0.59
V0310,WI,31cd2a8a9b572a50,RELAY,S,o2,2,CHANCE,CHANCE_REL,CHANCE_REL,11,0.006286484059272462,UNRESOLVED,0.31656937584193984,0.895,0.885,0.905,0.502,0.482,0.522,0.10499999999999998,CHANCE_REL,CHANCE_REL,,0.57,0.58,0.59
V0311,WI,31cd2a8a9b572a50,RELAY,channel_content,o2,2,CHANCE,CHANCE_REL,CHANCE_REL,11,-0.006286484059272743,UNRESOLVED,0.31656937584193984,0.895,0.885,0.905,0.498,0.478,0.518,0.10499999999999998,CHANCE_REL,CHANCE_REL,,0.57,0.58,0.59
V0312,WI,31cd2a8a9b572a50,RELAY,site_all,o3,3,CHANCE,NO_EFFECT_REL,NO_EFFECT_REL,11,0.5532105972159856,UNRESOLVED,0.14548720251459363,0.895,0.885,0.905,0.719,0.704,0.734,0.10499999999999998,NO_EFFECT_REL,NO_EFFECT_REL,,0.57,0.58,0.59
V0313,WI,31cd2a8a9b572a50,RELAY,S,o3,3,CHANCE,NO_EFFECT_REL,NO_EFFECT_REL,11,0.5532105972159856,UNRESOLVED,0.14548720251459363,0.895,0.885,0.905,0.719,0.704,0.734,0.10499999999999998,NO_EFFECT_REL,NO_EFFECT_REL,,0.57,0.58,0.59
V0314,WI,31cd2a8a9b572a50,RELAY,site_all,o6,6,CHANCE,CHANCE_REL,CHANCE_REL,11,0.45577009429726084,UNRESOLVED,0.16973506960035922,0.895,0.885,0.905,0.68,0.665,0.696,0.10499999999999998,CHANCE_REL,CHANCE_REL,,0.57,0.58,0.59
V0315,WI,31cd2a8a9b572a50,RELAY,inbox,o6,6,CHANCE,CHANCE_REL,CHANCE_REL,11,0.45577009429726084,UNRESOLVED,0.16973506960035922,0.895,0.885,0.905,0.68,0.665,0.696,0.10499999999999998,CHANCE_REL,CHANCE_REL,,0.57,0.58,0.59
V0316,WI,31cd2a8a9b572a50,RELAY,channel_all,o7,7,CHANCE,NO_EFFECT_REL,NO_EFFECT_REL,11,0.5532105972159856,UNRESOLVED,0.6986977997305792,0.895,0.885,0.905,0.719,0.704,0.734,0.10499999999999998,NO_EFFECT_REL,NO_EFFECT_REL,,0.57,0.58,0.59
V0317,WI,31cd2a8a9b572a50,RELAY,S,o7,7,CHANCE,CHANCE_REL,CHANCE_REL,11,-0.09115401885945239,UNRESOLVED,0.6986977997305792,0.895,0.885,0.905,0.464,0.455,0.473,0.10499999999999998,CHANCE_REL,CHANCE_REL,,0.57,0.58,0.59
V0318,WI,31cd2a8a9b572a50,RELAY,inbox,o7,7,CHANCE,NO_EFFECT_REL,NO_EFFECT_REL,11,0.537943421643467,UNRESOLVED,0.6986977997305792,0.895,0.885,0.905,0.713,0.699,0.727,0.10499999999999998,NO_EFFECT_REL,NO_EFFECT_REL,,0.57,0.58,0.59
V0319,WI,31cd2a8a9b572a50,RELAY,channel_content,o7,7,CHANCE,NO_EFFECT_REL,NO_EFFECT_REL,11,0.5532105972159856,UNRESOLVED,0.6986977997305792,0.895,0.885,0.905,0.719,0.704,0.734,0.10499999999999998,NO_EFFECT_REL,NO_EFFECT_REL,,0.57,0.58,0.59
V0320,WI,35c721fddb88f2d2,RELAY,channel_all,o0,0,CHANCE,CHANCE_REL,CHANCE_REL,11,0.08957219251336856,IDENTITY-BROKEN,0.0,0.766,0.733,0.796,0.524,0.516,0.532,0.23399999999999999,CHANCE_REL,CHANCE_REL,,0.57,0.58,0.59
V0321,WI,35c721fddb88f2d2,RELAY,joint,o0,0,CHANCE,CHANCE_REL,CHANCE_REL,11,0.08288770053475918,IDENTITY-BROKEN,0.0,0.766,0.733,0.796,0.522,0.514,0.531,0.23399999999999999,CHANCE_REL,CHANCE_REL,,0.57,0.58,0.59
V0322,WI,35c721fddb88f2d2,RELAY,channel_content,o0,0,CHANCE,CHANCE_REL,CHANCE_REL,11,0.08957219251336856,IDENTITY-BROKEN,0.0,0.766,0.733,0.796,0.524,0.516,0.532,0.23399999999999999,CHANCE_REL,CHANCE_REL,,0.57,0.58,0.59
V0323,WI,35c721fddb88f2d2,RELAY,S,o5,5,CHANCE,CHANCE_REL,CHANCE_REL,11,-0.08957219251336898,SITE,1.0,0.766,0.733,0.796,0.476,0.468,0.484,0.23399999999999999,CHANCE_REL,CHANCE_REL,,0.57,0.58,0.59
V0324,WI,35c721fddb88f2d2,RELAY,inbox,o5,5,CHANCE,CHANCE_REL,CHANCE_REL,11,0.08957219251336856,SITE,1.0,0.766,0.733,0.796,0.524,0.516,0.532,0.23399999999999999,CHANCE_REL,CHANCE_REL,,0.57,0.58,0.59
V0325,WI,369f5a5b745eb592,RELAY,site_all,o0,0,CHANCE,CHANCE_REL,CHANCE_REL,11,0.3603864734299512,IDENTITY-BROKEN,0.15551181102362205,0.684,0.672,0.695,0.566,0.551,0.581,0.31599999999999995,CHANCE_REL,CHANCE_REL,,0.57,0.58,0.59
V0326,WI,369f5a5b745eb592,RELAY,joint,o0,0,CHANCE,INDETERMINATE,INDETERMINATE,11,0.448792270531401,IDENTITY-BROKEN,0.15551181102362205,0.684,0.672,0.695,0.582,0.567,0.598,0.31599999999999995,INDETERMINATE,INDETERMINATE,,0.57,0.58,0.59
V0327,WI,369f5a5b745eb592,RELAY,S,o0,0,CHANCE,CHANCE_REL,CHANCE_REL,11,0.39371980676328444,IDENTITY-BROKEN,0.15551181102362205,0.684,0.672,0.695,0.572,0.558,0.587,0.31599999999999995,CHANCE_REL,CHANCE_REL,,0.57,0.58,0.59
V0328,WI,369f5a5b745eb592,RELAY,S,o1,1,CHANCE,FLIP_REL,FLIP_REL,11,-0.5835748792270529,UNRESOLVED,0.5137795275590551,0.684,0.672,0.695,0.393,0.379,0.407,0.31599999999999995,FLIP_REL,FLIP_REL,,0.57,0.58,0.59
V0329,WI,369f5a5b745eb592,RELAY,site_all,o2,2,FLIP,FLIP_REL,FLIP_REL,11,-0.6251207729468596,UNRESOLVED,0.4970472440944882,0.684,0.672,0.695,0.385,0.371,0.399,0.31599999999999995,FLIP_REL,FLIP_REL,,0.57,0.58,0.59
V0330,WI,369f5a5b745eb592,RELAY,S,o2,2,CHANCE,INDETERMINATE,INDETERMINATE,11,-0.483574879227053,UNRESOLVED,0.4970472440944882,0.684,0.672,0.695,0.411,0.399,0.424,0.31599999999999995,INDETERMINATE,INDETERMINATE,,0.57,0.58,0.59
V0331,WI,369f5a5b745eb592,RELAY,channel_content,o2,2,CHANCE,NO_EFFECT_REL,NO_EFFECT_REL,11,0.6966183574879232,UNRESOLVED,0.4970472440944882,0.684,0.672,0.695,0.628,0.614,0.642,0.31599999999999995,NO_EFFECT_REL,NO_EFFECT_REL,,0.57,0.58,0.59
V0332,WI,369f5a5b745eb592,RELAY,site_all,o3,3,CHANCE,INDETERMINATE,INDETERMINATE,11,-0.5038647342995171,UNRESOLVED,0.46948818897637795,0.684,0.672,0.695,0.407,0.394,0.423,0.31599999999999995,INDETERMINATE,INDETERMINATE,,0.57,0.58,0.59
V0333,WI,369f5a5b745eb592,RELAY,channel_all,o3,3,CHANCE,INDETERMINATE,INDETERMINATE,11,0.5038647342995171,UNRESOLVED,0.46948818897637795,0.684,0.672,0.695,0.593,0.577,0.606,0.31599999999999995,INDETERMINATE,INDETERMINATE,,0.57,0.58,0.59
V0334,WI,369f5a5b745eb592,RELAY,S,o3,3,CHANCE,CHANCE_REL,CHANCE_REL,11,-0.39227053140096635,UNRESOLVED,0.46948818897637795,0.684,0.672,0.695,0.428,0.415,0.441,0.31599999999999995,CHANCE_REL,CHANCE_REL,,0.57,0.58,0.59
V0335,WI,369f5a5b745eb592,RELAY,channel_content,o3,3,CHANCE,NO_EFFECT_REL,NO_EFFECT_REL,11,0.6285024154589369,UNRESOLVED,0.46948818897637795,0.684,0.672,0.695,0.616,0.601,0.628,0.31599999999999995,NO_EFFECT_REL,NO_EFFECT_REL,,0.57,0.58,0.59
V0336,WI,369f5a5b745eb592,RELAY,site_all,o4,4,CHANCE,INDETERMINATE,INDETERMINATE,11,-0.44251207729468606,UNRESOLVED,0.42618110236220474,0.684,0.672,0.695,0.419,0.405,0.432,0.31599999999999995,INDETERMINATE,INDETERMINATE,,0.57,0.58,0.59
V0337,WI,369f5a5b745eb592,RELAY,channel_all,o4,4,CHANCE,INDETERMINATE,INDETERMINATE,11,0.4425120772946857,UNRESOLVED,0.42618110236220474,0.684,0.672,0.695,0.581,0.568,0.595,0.31599999999999995,INDETERMINATE,INDETERMINATE,,0.57,0.58,0.59
V0338,WI,369f5a5b745eb592,RELAY,S,o4,4,CHANCE,CHANCE_REL,CHANCE_REL,11,-0.2835748792270531,UNRESOLVED,0.42618110236220474,0.684,0.672,0.695,0.448,0.435,0.462,0.31599999999999995,CHANCE_REL,CHANCE_REL,,0.57,0.58,0.59
V0339,WI,369f5a5b745eb592,RELAY,channel_content,o4,4,CHANCE,INDETERMINATE,INDETERMINATE,11,0.5574879227053142,UNRESOLVED,0.42618110236220474,0.684,0.672,0.695,0.602,0.589,0.615,0.31599999999999995,INDETERMINATE,INDETERMINATE,,0.57,0.58,0.59
V0340,WI,369f5a5b745eb592,RELAY,site_all,o5,5,CHANCE,CHANCE_REL,CHANCE_REL,11,-0.38115942028985506,UNRESOLVED,0.4124015748031496,0.684,0.672,0.695,0.43,0.417,0.442,0.31599999999999995,CHANCE_REL,CHANCE_REL,,0.57,0.58,0.59
V0341,WI,369f5a5b745eb592,RELAY,channel_all,o5,5,CHANCE,CHANCE_REL,CHANCE_REL,11,0.38115942028985444,UNRESOLVED,0.4124015748031496,0.684,0.672,0.695,0.57,0.558,0.583,0.31599999999999995,CHANCE_REL,CHANCE_REL,,0.57,0.58,0.59
V0342,WI,369f5a5b745eb592,RELAY,S,o5,5,CHANCE,CHANCE_REL,CHANCE_REL,11,-0.2613526570048312,UNRESOLVED,0.4124015748031496,0.684,0.672,0.695,0.452,0.438,0.467,0.31599999999999995,CHANCE_REL,CHANCE_REL,,0.57,0.58,0.59
V0343,WI,369f5a5b745eb592,RELAY,channel_content,o5,5,CHANCE,INDETERMINATE,INDETERMINATE,11,0.5367149758454105,UNRESOLVED,0.4124015748031496,0.684,0.672,0.695,0.599,0.585,0.613,0.31599999999999995,INDETERMINATE,INDETERMINATE,,0.57,0.58,0.59
V0344,WI,369f5a5b745eb592,RELAY,site_all,o6,6,CHANCE,CHANCE_REL,CHANCE_REL,11,-0.3652173913043478,UNRESOLVED,0.40551181102362205,0.684,0.672,0.695,0.433,0.419,0.447,0.31599999999999995,CHANCE_REL,CHANCE_REL,,0.57,0.58,0.59
V0345,WI,369f5a5b745eb592,RELAY,channel_all,o6,6,CHANCE,CHANCE_REL,CHANCE_REL,11,0.3652173913043478,UNRESOLVED,0.40551181102362205,0.684,0.672,0.695,0.567,0.553,0.581,0.31599999999999995,CHANCE_REL,CHANCE_REL,,0.57,0.58,0.59
V0346,WI,369f5a5b745eb592,RELAY,S,o6,6,CHANCE,CHANCE_REL,CHANCE_REL,11,-0.26763285024154587,UNRESOLVED,0.40551181102362205,0.684,0.672,0.695,0.451,0.435,0.466,0.31599999999999995,CHANCE_REL,CHANCE_REL,,0.57,0.58,0.59
V0347,WI,369f5a5b745eb592,RELAY,channel_content,o6,6,CHANCE,INDETERMINATE,INDETERMINATE,11,0.5135265700483089,UNRESOLVED,0.40551181102362205,0.684,0.672,0.695,0.594,0.579,0.609,0.31599999999999995,INDETERMINATE,INDETERMINATE,,0.57,0.58,0.59
V0348,WI,369f5a5b745eb592,RELAY,site_all,o7,7,CHANCE,CHANCE_REL,CHANCE_REL,11,-0.3884057971014493,UNRESOLVED,0.4035433070866142,0.684,0.672,0.695,0.429,0.416,0.442,0.31599999999999995,CHANCE_REL,CHANCE_REL,,0.57,0.58,0.59
V0349,WI,369f5a5b745eb592,RELAY,channel_all,o7,7,CHANCE,CHANCE_REL,CHANCE_REL,11,0.38840579710144874,UNRESOLVED,0.4035433070866142,0.684,0.672,0.695,0.571,0.558,0.584,0.31599999999999995,CHANCE_REL,CHANCE_REL,,0.57,0.58,0.59
V0350,WI,369f5a5b745eb592,RELAY,S,o7,7,CHANCE,CHANCE_REL,CHANCE_REL,11,-0.2507246376811594,UNRESOLVED,0.4035433070866142,0.684,0.672,0.695,0.454,0.44,0.468,0.31599999999999995,CHANCE_REL,CHANCE_REL,,0.57,0.58,0.59
V0351,WI,369f5a5b745eb592,RELAY,channel_content,o7,7,CHANCE,INDETERMINATE,INDETERMINATE,11,0.5169082125603862,UNRESOLVED,0.4035433070866142,0.684,0.672,0.695,0.595,0.582,0.609,0.31599999999999995,INDETERMINATE,INDETERMINATE,,0.57,0.58,0.59
V0352,WI,369f5a5b745eb592,RELAY,site_all,o8,8,CHANCE,CHANCE_REL,CHANCE_REL,11,-0.3966183574879225,UNRESOLVED,0.4202755905511811,0.684,0.672,0.695,0.427,0.414,0.44,0.31599999999999995,CHANCE_REL,CHANCE_REL,,0.57,0.58,0.59
V0353,WI,369f5a5b745eb592,RELAY,channel_all,o8,8,CHANCE,CHANCE_REL,CHANCE_REL,11,0.3966183574879225,UNRESOLVED,0.4202755905511811,0.684,0.672,0.695,0.573,0.56,0.586,0.31599999999999995,CHANCE_REL,CHANCE_REL,,0.57,0.58,0.59
V0354,WI,369f5a5b745eb592,RELAY,S,o8,8,CHANCE,CHANCE_REL,CHANCE_REL,11,-0.22801932367149794,UNRESOLVED,0.4202755905511811,0.684,0.672,0.695,0.458,0.444,0.471,0.31599999999999995,CHANCE_REL,CHANCE_REL,,0.57,0.58,0.59
V0355,WI,369f5a5b745eb592,RELAY,channel_content,o8,8,CHANCE,INDETERMINATE,INDETERMINATE,11,0.5304347826086951,UNRESOLVED,0.4202755905511811,0.684,0.672,0.695,0.597,0.585,0.61,0.31599999999999995,INDETERMINATE,INDETERMINATE,,0.57,0.58,0.59
V0356,WI,369f5a5b745eb592,RELAY,site_all,o9,9,CHANCE,CHANCE_REL,CHANCE_REL,11,-0.3850241545893718,UNRESOLVED,0.41929133858267714,0.684,0.672,0.695,0.429,0.416,0.443,0.31599999999999995,CHANCE_REL,CHANCE_REL,,0.57,0.58,0.59
V0357,WI,369f5a5b745eb592,RELAY,channel_all,o9,9,CHANCE,CHANCE_REL,CHANCE_REL,11,0.38502415458937145,UNRESOLVED,0.41929133858267714,0.684,0.672,0.695,0.571,0.557,0.584,0.31599999999999995,CHANCE_REL,CHANCE_REL,,0.57,0.58,0.59
V0358,WI,369f5a5b745eb592,RELAY,S,o9,9,CHANCE,CHANCE_REL,CHANCE_REL,11,-0.19903381642512094,UNRESOLVED,0.41929133858267714,0.684,0.672,0.695,0.463,0.45,0.478,0.31599999999999995,CHANCE_REL,CHANCE_REL,,0.57,0.58,0.59
V0359,WI,369f5a5b745eb592,RELAY,channel_content,o9,9,CHANCE,INDETERMINATE,INDETERMINATE,11,0.4985507246376807,UNRESOLVED,0.41929133858267714,0.684,0.672,0.695,0.592,0.58,0.603,0.31599999999999995,INDETERMINATE,INDETERMINATE,,0.57,0.58,0.59
V0360,WI,369f5a5b745eb592,RELAY,site_all,o10,10,CHANCE,CHANCE_REL,CHANCE_REL,11,-0.3874396135265701,UNRESOLVED,0.45177165354330706,0.684,0.672,0.695,0.429,0.415,0.443,0.31599999999999995,CHANCE_REL,CHANCE_REL,,0.57,0.58,0.59
V0361,WI,369f5a5b745eb592,RELAY,channel_all,o10,10,CHANCE,CHANCE_REL,CHANCE_REL,11,0.38743961352656975,UNRESOLVED,0.45177165354330706,0.684,0.672,0.695,0.571,0.557,0.585,0.31599999999999995,CHANCE_REL,CHANCE_REL,,0.57,0.58,0.59
V0362,WI,369f5a5b745eb592,RELAY,S,o10,10,CHANCE,CHANCE_REL,CHANCE_REL,11,-0.17391304347826092,UNRESOLVED,0.45177165354330706,0.684,0.672,0.695,0.468,0.455,0.482,0.31599999999999995,CHANCE_REL,CHANCE_REL,,0.57,0.58,0.59
V0363,WI,369f5a5b745eb592,RELAY,channel_content,o10,10,CHANCE,INDETERMINATE,INDETERMINATE,11,0.4922705314009654,UNRESOLVED,0.45177165354330706,0.684,0.672,0.695,0.59,0.579,0.602,0.31599999999999995,INDETERMINATE,INDETERMINATE,,0.57,0.58,0.59
V0364,WI,369f5a5b745eb592,RELAY,site_all,o11,11,CHANCE,CHANCE_REL,CHANCE_REL,11,-0.37729468599033805,UNRESOLVED,0.5019685039370079,0.684,0.672,0.695,0.431,0.417,0.444,0.31599999999999995,CHANCE_REL,CHANCE_REL,,0.57,0.58,0.59
V0365,WI,369f5a5b745eb592,RELAY,channel_all,o11,11,CHANCE,CHANCE_REL,CHANCE_REL,11,0.37729468599033805,UNRESOLVED,0.5019685039370079,0.684,0.672,0.695,0.569,0.556,0.583,0.31599999999999995,CHANCE_REL,CHANCE_REL,,0.57,0.58,0.59
V0366,WI,369f5a5b745eb592,RELAY,S,o11,11,CHANCE,CHANCE_REL,CHANCE_REL,11,-0.22753623188405817,UNRESOLVED,0.5019685039370079,0.684,0.672,0.695,0.458,0.445,0.473,0.31599999999999995,CHANCE_REL,CHANCE_REL,,0.57,0.58,0.59
V0367,WI,369f5a5b745eb592,RELAY,channel_content,o11,11,CHANCE,INDETERMINATE,INDETERMINATE,11,0.48405797101449216,UNRESOLVED,0.5019685039370079,0.684,0.672,0.695,0.589,0.577,0.601,0.31599999999999995,INDETERMINATE,INDETERMINATE,,0.57,0.58,0.59
V0368,WI,369f5a5b745eb592,RELAY,site_all,o12,12,CHANCE,CHANCE_REL,CHANCE_REL,11,-0.37101449275362336,UNRESOLVED,0.5570866141732284,0.684,0.672,0.695,0.432,0.418,0.445,0.31599999999999995,CHANCE_REL,CHANCE_REL,,0.57,0.58,0.59
V0369,WI,369f5a5b745eb592,RELAY,channel_all,o12,12,CHANCE,CHANCE_REL,CHANCE_REL,11,0.37101449275362275,UNRESOLVED,0.5570866141732284,0.684,0.672,0.695,0.568,0.555,0.582,0.31599999999999995,CHANCE_REL,CHANCE_REL,,0.57,0.58,0.59
V0370,WI,369f5a5b745eb592,RELAY,S,o12,12,CHANCE,CHANCE_REL,CHANCE_REL,11,-0.2937198067632854,UNRESOLVED,0.5570866141732284,0.684,0.672,0.695,0.446,0.431,0.459,0.31599999999999995,CHANCE_REL,CHANCE_REL,,0.57,0.58,0.59
V0371,WI,369f5a5b745eb592,RELAY,channel_content,o12,12,CHANCE,INDETERMINATE,INDETERMINATE,11,0.4714975845410628,UNRESOLVED,0.5570866141732284,0.684,0.672,0.695,0.587,0.574,0.6,0.31599999999999995,INDETERMINATE,INDETERMINATE,,0.57,0.58,0.59
V0372,WI,369f5a5b745eb592,RELAY,site_all,o13,13,CHANCE,INDETERMINATE,INDETERMINATE,11,-0.47826086956521724,UNRESOLVED,0.6466535433070866,0.684,0.672,0.695,0.412,0.399,0.426,0.31599999999999995,INDETERMINATE,INDETERMINATE,,0.57,0.58,0.59
V0373,WI,369f5a5b745eb592,RELAY,channel_all,o13,13,CHANCE,INDETERMINATE,INDETERMINATE,11,0.47826086956521724,UNRESOLVED,0.6466535433070866,0.684,0.672,0.695,0.588,0.574,0.601,0.31599999999999995,INDETERMINATE,INDETERMINATE,,0.57,0.58,0.59
V0374,WI,369f5a5b745eb592,RELAY,S,o13,13,CHANCE,INDETERMINATE,INDETERMINATE,11,-0.4531400966183575,UNRESOLVED,0.6466535433070866,0.684,0.672,0.695,0.417,0.403,0.431,0.31599999999999995,INDETERMINATE,INDETERMINATE,,0.57,0.58,0.59
V0375,WI,369f5a5b745eb592,RELAY,channel_content,o13,13,CHANCE,INDETERMINATE,INDETERMINATE,11,0.5400966183574877,UNRESOLVED,0.6466535433070866,0.684,0.672,0.695,0.599,0.587,0.612,0.31599999999999995,INDETERMINATE,INDETERMINATE,,0.57,0.58,0.59
V0376,WI,369f5a5b745eb592,RELAY,site_all,o14,14,FLIP,FLIP_REL,FLIP_REL,11,-0.6285024154589369,UNRESOLVED,0.7568897637795275,0.684,0.672,0.695,0.384,0.372,0.398,0.31599999999999995,FLIP_REL,FLIP_REL,,0.57,0.58,0.59
V0377,WI,369f5a5b745eb592,RELAY,channel_all,o14,14,CHANCE,NO_EFFECT_REL,NO_EFFECT_REL,11,0.6285024154589375,UNRESOLVED,0.7568897637795275,0.684,0.672,0.695,0.616,0.602,0.628,0.31599999999999995,NO_EFFECT_REL,NO_EFFECT_REL,,0.57,0.58,0.59
V0378,WI,369f5a5b745eb592,RELAY,S,o14,14,CHANCE,FLIP_REL,FLIP_REL,11,-0.5908212560386474,UNRESOLVED,0.7568897637795275,0.684,0.672,0.695,0.391,0.379,0.404,0.31599999999999995,FLIP_REL,FLIP_REL,,0.57,0.58,0.59
V0379,WI,369f5a5b745eb592,RELAY,channel_content,o14,14,CHANCE,NO_EFFECT_REL,NO_EFFECT_REL,11,0.6647342995169082,UNRESOLVED,0.7568897637795275,0.684,0.672,0.695,0.622,0.61,0.634,0.31599999999999995,NO_EFFECT_REL,NO_EFFECT_REL,,0.57,0.58,0.59
V0380,WI,369f5a5b745eb592,RELAY,site_all,o15,15,FLIP,FLIP_REL,FLIP_REL,11,-0.8386473429951691,SITE,0.8818897637795275,0.684,0.672,0.695,0.346,0.335,0.357,0.31599999999999995,FLIP_REL,FLIP_REL,,0.57,0.58,0.59
V0381,WI,369f5a5b745eb592,RELAY,channel_all,o15,15,NO-EFFECT,NO_EFFECT_REL,NO_EFFECT_REL,11,0.8386473429951685,SITE,0.8818897637795275,0.684,0.672,0.695,0.654,0.643,0.665,0.31599999999999995,NO_EFFECT_REL,NO_EFFECT_REL,,0.57,0.58,0.59
V0382,WI,369f5a5b745eb592,RELAY,S,o15,15,FLIP,FLIP_REL,FLIP_REL,11,-0.7425120772946858,SITE,0.8818897637795275,0.684,0.672,0.695,0.364,0.352,0.376,0.31599999999999995,FLIP_REL,FLIP_REL,,0.57,0.58,0.59
V0383,WI,4271681452d29aee,RELAY,channel_all,o0,0,CHANCE,CHANCE_REL,CHANCE_REL,11,0.0055045871559628815,IDENTITY-BROKEN,0.1730257320319432,0.645,0.627,0.662,0.501,0.487,0.515,0.355,CHANCE_REL,CHANCE_REL,,0.57,0.58,0.59
V0384,WI,4271681452d29aee,RELAY,joint,o0,0,CHANCE,CHANCE_REL,CHANCE_REL,11,-0.06788990825688089,IDENTITY-BROKEN,0.1730257320319432,0.645,0.627,0.662,0.49,0.471,0.507,0.355,CHANCE_REL,CHANCE_REL,,0.57,0.58,0.59
V0385,WI,4271681452d29aee,RELAY,channel_count,o0,0,CHANCE,CHANCE_REL,CHANCE_REL,11,0.0055045871559628815,IDENTITY-BROKEN,0.1730257320319432,0.645,0.627,0.662,0.501,0.487,0.515,0.355,CHANCE_REL,CHANCE_REL,,0.57,0.58,0.59
V0386,WI,4271681452d29aee,RELAY,site_all,o1,1,CHANCE,INDETERMINATE,INDETERMINATE,11,0.4403669724770642,NEITHER,0.2502218278615794,0.645,0.627,0.662,0.564,0.547,0.579,0.355,INDETERMINATE,INDETERMINATE,,0.57,0.58,0.59
V0387,WI,4271681452d29aee,RELAY,channel_all,o1,1,CHANCE,INDETERMINATE,INDETERMINATE,11,-0.4403669724770642,NEITHER,0.2502218278615794,0.645,0.627,0.662,0.436,0.421,0.453,0.355,INDETERMINATE,INDETERMINATE,,0.57,0.58,0.59
V0388,WI,4271681452d29aee,RELAY,channel_count,o1,1,CHANCE,INDETERMINATE,INDETERMINATE,11,-0.4403669724770642,NEITHER,0.2502218278615794,0.645,0.627,0.662,0.436,0.421,0.453,0.355,INDETERMINATE,INDETERMINATE,,0.57,0.58,0.59
V0389,WI,4271681452d29aee,RELAY,r,o1,1,CHANCE,INDETERMINATE,INDETERMINATE,11,0.511926605504587,NEITHER,0.2502218278615794,0.645,0.627,0.662,0.574,0.559,0.59,0.355,INDETERMINATE,INDETERMINATE,,0.57,0.58,0.59
V0390,WI,4271681452d29aee,RELAY,site_all,o2,2,CHANCE,CHANCE_REL,CHANCE_REL,11,0.2788990825688074,UNRESOLVED,0.3114463176574978,0.645,0.627,0.662,0.54,0.527,0.555,0.355,CHANCE_REL,CHANCE_REL,,0.57,0.58,0.59
V0391,WI,4271681452d29aee,RELAY,channel_all,o2,2,CHANCE,CHANCE_REL,CHANCE_REL,11,-0.2788990825688074,UNRESOLVED,0.3114463176574978,0.645,0.627,0.662,0.46,0.445,0.473,0.355,CHANCE_REL,CHANCE_REL,,0.57,0.58,0.59
V0392,WI,4271681452d29aee,RELAY,S,o2,2,NO-EFFECT,NO_EFFECT_REL,NO_EFFECT_REL,11,0.653211009174311,UNRESOLVED,0.3114463176574978,0.645,0.627,0.662,0.595,0.58,0.61,0.355,NO_EFFECT_REL,NO_EFFECT_REL,,0.57,0.58,0.59
V0393,WI,4271681452d29aee,RELAY,channel_count,o2,2,CHANCE,CHANCE_REL,CHANCE_REL,11,-0.2788990825688074,UNRESOLVED,0.3114463176574978,0.645,0.627,0.662,0.46,0.445,0.473,0.355,CHANCE_REL,CHANCE_REL,,0.57,0.58,0.59
V0394,WI,4271681452d29aee,RELAY,r,o2,2,CHANCE,CHANCE_REL,CHANCE_REL,11,0.34434250764526014,UNRESOLVED,0.3114463176574978,0.645,0.627,0.662,0.55,0.535,0.566,0.355,CHANCE_REL,CHANCE_REL,,0.57,0.58,0.59
V0395,WI,4271681452d29aee,RELAY,site_all,o3,3,CHANCE,CHANCE_REL,CHANCE_REL,11,0.2587155963302746,UNRESOLVED,0.32653061224489793,0.645,0.627,0.662,0.538,0.522,0.553,0.355,CHANCE_REL,CHANCE_REL,,0.57,0.58,0.59
V0396,WI,4271681452d29aee,RELAY,channel_all,o3,3,CHANCE,CHANCE_REL,CHANCE_REL,11,-0.25871559633027535,UNRESOLVED,0.32653061224489793,0.645,0.627,0.662,0.462,0.447,0.478,0.355,CHANCE_REL,CHANCE_REL,,0.57,0.58,0.59
V0397,WI,4271681452d29aee,RELAY,channel_count,o3,3,CHANCE,CHANCE_REL,CHANCE_REL,11,-0.25871559633027535,UNRESOLVED,0.32653061224489793,0.645,0.627,0.662,0.462,0.447,0.478,0.355,CHANCE_REL,CHANCE_REL,,0.57,0.58,0.59
V0398,WI,4271681452d29aee,RELAY,r,o3,3,CHANCE,CHANCE_REL,CHANCE_REL,11,0.40183486238532096,UNRESOLVED,0.32653061224489793,0.645,0.627,0.662,0.558,0.544,0.572,0.355,CHANCE_REL,CHANCE_REL,,0.57,0.58,0.59
V0399,WI,4271681452d29aee,RELAY,site_all,o4,4,CHANCE,CHANCE_REL,CHANCE_REL,11,0.030581039755351383,UNRESOLVED,0.4276841171251109,0.645,0.627,0.662,0.504,0.49,0.521,0.355,CHANCE_REL,CHANCE_REL,,0.57,0.58,0.59
V0400,WI,4271681452d29aee,RELAY,channel_all,o4,4,CHANCE,CHANCE_REL,CHANCE_REL,11,-0.030581039755352146,UNRESOLVED,0.4276841171251109,0.645,0.627,0.662,0.496,0.479,0.51,0.355,CHANCE_REL,CHANCE_REL,,0.57,0.58,0.59
V0401,WI,4271681452d29aee,RELAY,S,o4,4,CHANCE,INDETERMINATE,INDETERMINATE,11,0.6042813455657492,UNRESOLVED,0.4276841171251109,0.645,0.627,0.662,0.588,0.573,0.601,0.355,INDETERMINATE,INDETERMINATE,,0.57,0.58,0.59
V0402,WI,4271681452d29aee,RELAY,channel_count,o4,4,CHANCE,CHANCE_REL,CHANCE_REL,11,-0.030581039755352146,UNRESOLVED,0.4276841171251109,0.645,0.627,0.662,0.496,0.479,0.51,0.355,CHANCE_REL,CHANCE_REL,,0.57,0.58,0.59
V0403,WI,4271681452d29aee,RELAY,r,o4,4,CHANCE,CHANCE_REL,CHANCE_REL,11,0.29113149847094766,UNRESOLVED,0.4276841171251109,0.645,0.627,0.662,0.542,0.526,0.559,0.355,CHANCE_REL,CHANCE_REL,,0.57,0.58,0.59
V0404,WI,4271681452d29aee,RELAY,site_all,o5,5,CHANCE,CHANCE_REL,CHANCE_REL,11,-0.031192660550458624,UNRESOLVED,0.4755989352262644,0.645,0.627,0.662,0.495,0.479,0.511,0.355,CHANCE_REL,CHANCE_REL,,0.57,0.58,0.59
V0405,WI,4271681452d29aee,RELAY,channel_all,o5,5,CHANCE,CHANCE_REL,CHANCE_REL,11,0.031192660550458624,UNRESOLVED,0.4755989352262644,0.645,0.627,0.662,0.505,0.489,0.521,0.355,CHANCE_REL,CHANCE_REL,,0.57,0.58,0.59
V0406,WI,4271681452d29aee,RELAY,S,o5,5,CHANCE,INDETERMINATE,INDETERMINATE,11,0.4103975535168193,UNRESOLVED,0.4755989352262644,0.645,0.627,0.662,0.56,0.544,0.575,0.355,INDETERMINATE,INDETERMINATE,,0.57,0.58,0.59
V0407,WI,4271681452d29aee,RELAY,channel_count,o5,5,CHANCE,CHANCE_REL,CHANCE_REL,11,0.031192660550458624,UNRESOLVED,0.4755989352262644,0.645,0.627,0.662,0.505,0.489,0.521,0.355,CHANCE_REL,CHANCE_REL,,0.57,0.58,0.59
V0408,WI,4271681452d29aee,RELAY,r,o5,5,CHANCE,CHANCE_REL,CHANCE_REL,11,0.41345565749235397,UNRESOLVED,0.4755989352262644,0.645,0.627,0.662,0.56,0.543,0.576,0.355,CHANCE_REL,CHANCE_REL,,0.57,0.58,0.59
V0409,WI,4271681452d29aee,RELAY,site_all,o6,6,CHANCE,CHANCE_REL,CHANCE_REL,11,-0.08562691131498479,UNRESOLVED,0.5004436557231589,0.645,0.627,0.662,0.488,0.469,0.505,0.355,CHANCE_REL,CHANCE_REL,,0.57,0.58,0.59
V0410,WI,4271681452d29aee,RELAY,channel_all,o6,6,CHANCE,CHANCE_REL,CHANCE_REL,11,0.08562691131498402,UNRESOLVED,0.5004436557231589,0.645,0.627,0.662,0.512,0.495,0.531,0.355,CHANCE_REL,CHANCE_REL,,0.57,0.58,0.59
V0411,WI,4271681452d29aee,RELAY,S,o6,6,CHANCE,CHANCE_REL,CHANCE_REL,11,0.2782874617736994,UNRESOLVED,0.5004436557231589,0.645,0.627,0.662,0.54,0.524,0.556,0.355,CHANCE_REL,CHANCE_REL,,0.57,0.58,0.59
V0412,WI,4271681452d29aee,RELAY,channel_count,o6,6,CHANCE,CHANCE_REL,CHANCE_REL,11,0.08562691131498402,UNRESOLVED,0.5004436557231589,0.645,0.627,0.662,0.512,0.495,0.531,0.355,CHANCE_REL,CHANCE_REL,,0.57,0.58,0.59
V0413,WI,4271681452d29aee,RELAY,r,o6,6,CHANCE,NO_EFFECT_REL,NO_EFFECT_REL,11,0.5859327217125381,UNRESOLVED,0.5004436557231589,0.645,0.627,0.662,0.585,0.569,0.602,0.355,NO_EFFECT_REL,NO_EFFECT_REL,,0.57,0.58,0.59
V0414,WI,4271681452d29aee,RELAY,site_all,o7,7,CHANCE,CHANCE_REL,CHANCE_REL,11,-0.2226299694189603,UNRESOLVED,0.5758651286601597,0.645,0.627,0.662,0.468,0.449,0.485,0.355,CHANCE_REL,CHANCE_REL,,0.57,0.58,0.59
V0415,WI,4271681452d29aee,RELAY,channel_all,o7,7,CHANCE,CHANCE_REL,CHANCE_REL,11,0.22262996941895954,UNRESOLVED,0.5758651286601597,0.645,0.627,0.662,0.532,0.515,0.551,0.355,CHANCE_REL,CHANCE_REL,,0.57,0.58,0.59
V0416,WI,4271681452d29aee,RELAY,S,o7,7,CHANCE,CHANCE_REL,CHANCE_REL,11,0.18165137614678886,UNRESOLVED,0.5758651286601597,0.645,0.627,0.662,0.526,0.509,0.543,0.355,CHANCE_REL,CHANCE_REL,,0.57,0.58,0.59
V0417,WI,4271681452d29aee,RELAY,channel_count,o7,7,CHANCE,CHANCE_REL,CHANCE_REL,11,0.22262996941895954,UNRESOLVED,0.5758651286601597,0.645,0.627,0.662,0.532,0.515,0.551,0.355,CHANCE_REL,CHANCE_REL,,0.57,0.58,0.59
V0418,WI,4271681452d29aee,RELAY,r,o7,7,CHANCE,INDETERMINATE,INDETERMINATE,11,0.52782874617737,UNRESOLVED,0.5758651286601597,0.645,0.627,0.662,0.577,0.56,0.594,0.355,INDETERMINATE,INDETERMINATE,,0.57,0.58,0.59
V0419,WI,4271681452d29aee,RELAY,site_all,o8,8,CHANCE,CHANCE_REL,CHANCE_REL,11,-0.24220183486238553,UNRESOLVED,0.6193433895297249,0.645,0.627,0.662,0.465,0.448,0.482,0.355,CHANCE_REL,CHANCE_REL,,0.57,0.58,0.59
V0420,WI,4271681452d29aee,RELAY,channel_all,o8,8,CHANCE,CHANCE_REL,CHANCE_REL,11,0.24220183486238514,UNRESOLVED,0.6193433895297249,0.645,0.627,0.662,0.535,0.518,0.552,0.355,CHANCE_REL,CHANCE_REL,,0.57,0.58,0.59
V0421,WI,4271681452d29aee,RELAY,S,o8,8,CHANCE,CHANCE_REL,CHANCE_REL,11,0.07828746177369941,UNRESOLVED,0.6193433895297249,0.645,0.627,0.662,0.511,0.494,0.528,0.355,CHANCE_REL,CHANCE_REL,,0.57,0.58,0.59
V0422,WI,4271681452d29aee,RELAY,channel_count,o8,8,CHANCE,CHANCE_REL,CHANCE_REL,11,0.24220183486238514,UNRESOLVED,0.6193433895297249,0.645,0.627,0.662,0.535,0.518,0.552,0.355,CHANCE_REL,CHANCE_REL,,0.57,0.58,0.59
V0423,WI,4271681452d29aee,RELAY,r,o8,8,NO-EFFECT,NO_EFFECT_REL,NO_EFFECT_REL,11,0.6562691131498464,UNRESOLVED,0.6193433895297249,0.645,0.627,0.662,0.595,0.578,0.614,0.355,NO_EFFECT_REL,NO_EFFECT_REL,,0.57,0.58,0.59
V0424,WI,4271681452d29aee,RELAY,site_all,o9,9,CHANCE,CHANCE_REL,CHANCE_REL,11,-0.3926605504587154,UNRESOLVED,0.6823425022182786,0.645,0.627,0.662,0.443,0.426,0.46,0.355,CHANCE_REL,CHANCE_REL,,0.57,0.58,0.59
V0425,WI,4271681452d29aee,RELAY,channel_all,o9,9,CHANCE,CHANCE_REL,CHANCE_REL,11,0.3926605504587146,UNRESOLVED,0.6823425022182786,0.645,0.627,0.662,0.557,0.54,0.574,0.355,CHANCE_REL,CHANCE_REL,,0.57,0.58,0.59
V0426,WI,4271681452d29aee,RELAY,S,o9,9,CHANCE,CHANCE_REL,CHANCE_REL,11,-0.049541284403670144,UNRESOLVED,0.6823425022182786,0.645,0.627,0.662,0.493,0.476,0.51,0.355,CHANCE_REL,CHANCE_REL,,0.57,0.58,0.59
V0427,WI,4271681452d29aee,RELAY,channel_count,o9,9,CHANCE,CHANCE_REL,CHANCE_REL,11,0.3926605504587146,UNRESOLVED,0.6823425022182786,0.645,0.627,0.662,0.557,0.54,0.574,0.355,CHANCE_REL,CHANCE_REL,,0.57,0.58,0.59
V0428,WI,4271681452d29aee,RELAY,r,o9,9,CHANCE,NO_EFFECT_REL,NO_EFFECT_REL,11,0.6262996941896014,UNRESOLVED,0.6823425022182786,0.645,0.627,0.662,0.591,0.573,0.607,0.355,NO_EFFECT_REL,NO_EFFECT_REL,,0.57,0.58,0.59
V0429,WI,4271681452d29aee,RELAY,site_all,o10,10,CHANCE,INDETERMINATE,INDETERMINATE,11,-0.47094801223241556,UNRESOLVED,0.7302573203194321,0.645,0.627,0.662,0.432,0.414,0.449,0.355,INDETERMINATE,INDETERMINATE,,0.57,0.58,0.59
V0430,WI,4271681452d29aee,RELAY,channel_all,o10,10,CHANCE,INDETERMINATE,INDETERMINATE,11,0.47094801223241556,UNRESOLVED,0.7302573203194321,0.645,0.627,0.662,0.568,0.551,0.586,0.355,INDETERMINATE,INDETERMINATE,,0.57,0.58,0.59
V0431,WI,4271681452d29aee,RELAY,S,o10,10,CHANCE,CHANCE_REL,CHANCE_REL,11,-0.20795107033639185,UNRESOLVED,0.7302573203194321,0.645,0.627,0.662,0.47,0.453,0.487,0.355,CHANCE_REL,CHANCE_REL,,0.57,0.58,0.59
V0432,WI,4271681452d29aee,RELAY,channel_count,o10,10,CHANCE,INDETERMINATE,INDETERMINATE,11,0.47094801223241556,UNRESOLVED,0.7302573203194321,0.645,0.627,0.662,0.568,0.551,0.586,0.355,INDETERMINATE,INDETERMINATE,,0.57,0.58,0.59
V0433,WI,4271681452d29aee,RELAY,r,o10,10,NO-EFFECT,NO_EFFECT_REL,NO_EFFECT_REL,11,0.72354740061162,UNRESOLVED,0.7302573203194321,0.645,0.627,0.662,0.605,0.586,0.623,0.355,NO_EFFECT_REL,NO_EFFECT_REL,,0.57,0.58,0.59
V0434,WI,4271681452d29aee,RELAY,site_all,o11,11,CHANCE,INDETERMINATE,INDETERMINATE,11,-0.5798165137614679,UNRESOLVED,0.7879325643300799,0.645,0.627,0.662,0.416,0.4,0.434,0.355,INDETERMINATE,INDETERMINATE,,0.57,0.58,0.59
V0435,WI,4271681452d29aee,RELAY,channel_all,o11,11,CHANCE,INDETERMINATE,INDETERMINATE,11,0.5798165137614671,UNRESOLVED,0.7879325643300799,0.645,0.627,0.662,0.584,0.566,0.6,0.355,INDETERMINATE,INDETERMINATE,,0.57,0.58,0.59
V0436,WI,4271681452d29aee,RELAY,S,o11,11,CHANCE,CHANCE_REL,CHANCE_REL,11,-0.36391437308868496,UNRESOLVED,0.7879325643300799,0.645,0.627,0.662,0.447,0.429,0.465,0.355,CHANCE_REL,CHANCE_REL,,0.57,0.58,0.59
V0437,WI,4271681452d29aee,RELAY,channel_count,o11,11,CHANCE,INDETERMINATE,INDETERMINATE,11,0.5798165137614671,UNRESOLVED,0.7879325643300799,0.645,0.627,0.662,0.584,0.566,0.6,0.355,INDETERMINATE,INDETERMINATE,,0.57,0.58,0.59
V0438,WI,4271681452d29aee,RELAY,r,o11,11,NO-EFFECT,NO_EFFECT_REL,NO_EFFECT_REL,11,0.759633027522935,UNRESOLVED,0.7879325643300799,0.645,0.627,0.662,0.61,0.593,0.629,0.355,NO_EFFECT_REL,NO_EFFECT_REL,,0.57,0.58,0.59
V0439,WI,4271681452d29aee,RELAY,site_all,o12,12,CHANCE,FLIP_REL,FLIP_REL,11,-0.710091743119266,SITE,0.8518189884649512,0.645,0.627,0.662,0.397,0.38,0.415,0.355,FLIP_REL,FLIP_REL,,0.57,0.58,0.59
V0440,WI,4271681452d29aee,RELAY,S,o12,12,CHANCE,INDETERMINATE,INDETERMINATE,11,-0.5168195718654434,SITE,0.8518189884649512,0.645,0.627,0.662,0.425,0.408,0.444,0.355,INDETERMINATE,INDETERMINATE,,0.57,0.58,0.59
V0441,WI,4271681452d29aee,RELAY,site_all,o13,13,FLIP,FLIP_REL,FLIP_REL,11,-0.8452599388379202,SITE,0.9210292812777284,0.645,0.627,0.662,0.377,0.36,0.396,0.355,FLIP_REL,FLIP_REL,,0.57,0.58,0.59
V0442,WI,4271681452d29aee,RELAY,S,o13,13,CHANCE,FLIP_REL,FLIP_REL,11,-0.6966360856269109,SITE,0.9210292812777284,0.645,0.627,0.662,0.399,0.382,0.417,0.355,FLIP_REL,FLIP_REL,,0.57,0.58,0.59
V0443,WI,4271681452d29aee,RELAY,site_all,o14,14,FLIP,FLIP_REL,FLIP_REL,11,-0.9938837920489291,SITE,0.9982253771073647,0.645,0.627,0.662,0.356,0.339,0.374,0.355,FLIP_REL,FLIP_REL,,0.57,0.58,0.59
V0444,WI,4271681452d29aee,RELAY,channel_all,o14,14,NO-EFFECT,NO_EFFECT_REL,NO_EFFECT_REL,11,0.9938837920489291,SITE,0.9982253771073647,0.645,0.627,0.662,0.644,0.626,0.661,0.355,NO_EFFECT_REL,NO_EFFECT_REL,,0.57,0.58,0.59
V0445,WI,4271681452d29aee,RELAY,S,o14,14,FLIP,FLIP_REL,FLIP_REL,11,-0.8703363914373087,SITE,0.9982253771073647,0.645,0.627,0.662,0.374,0.356,0.392,0.355,FLIP_REL,FLIP_REL,,0.57,0.58,0.59
V0446,WI,4271681452d29aee,RELAY,channel_count,o14,14,NO-EFFECT,NO_EFFECT_REL,NO_EFFECT_REL,11,0.9938837920489291,SITE,0.9982253771073647,0.645,0.627,0.662,0.644,0.626,0.661,0.355,NO_EFFECT_REL,NO_EFFECT_REL,,0.57,0.58,0.59
V0447,WI,4271681452d29aee,RELAY,site_all,o15,15,FLIP,FLIP_REL,FLIP_REL,11,-0.9999999999999992,SITE,1.0,0.645,0.627,0.662,0.355,0.338,0.373,0.355,FLIP_REL,FLIP_REL,,0.57,0.58,0.59
V0448,WI,4271681452d29aee,RELAY,channel_all,o15,15,NO-EFFECT,NO_EFFECT_REL,NO_EFFECT_REL,11,1.0,SITE,1.0,0.645,0.627,0.662,0.645,0.627,0.662,0.355,NO_EFFECT_REL,NO_EFFECT_REL,,0.57,0.58,0.59
V0449,WI,4271681452d29aee,RELAY,S,o15,15,FLIP,FLIP_REL,FLIP_REL,11,-1.0024464831804274,SITE,1.0,0.645,0.627,0.662,0.354,0.338,0.372,0.355,FLIP_REL,FLIP_REL,,0.57,0.58,0.59
V0450,WI,4271681452d29aee,RELAY,channel_count,o15,15,NO-EFFECT,NO_EFFECT_REL,NO_EFFECT_REL,11,1.0,SITE,1.0,0.645,0.627,0.662,0.645,0.627,0.662,0.355,NO_EFFECT_REL,NO_EFFECT_REL,,0.57,0.58,0.59
V0451,WI,4316f167de9424be,RELAY,site_all,o0,0,CHANCE,CHANCE_REL,CHANCE_REL,11,0.2805089647194912,IDENTITY-BROKEN,0.3597455176402545,0.807,0.796,0.819,0.586,0.575,0.597,0.19299999999999995,CHANCE_REL,CHANCE_REL,,0.57,0.58,0.59
V0452,WI,4316f167de9424be,RELAY,joint,o0,0,CHANCE,CHANCE_REL,CHANCE_REL,11,0.2805089647194912,IDENTITY-BROKEN,0.3597455176402545,0.807,0.796,0.819,0.586,0.575,0.597,0.19299999999999995,CHANCE_REL,CHANCE_REL,,0.57,0.58,0.59
V0453,WI,4316f167de9424be,RELAY,S,o0,0,CHANCE,CHANCE_REL,CHANCE_REL,11,0.2805089647194912,IDENTITY-BROKEN,0.3597455176402545,0.807,0.796,0.819,0.586,0.575,0.597,0.19299999999999995,CHANCE_REL,CHANCE_REL,,0.57,0.58,0.59
V0454,WI,4316f167de9424be,RELAY,site_all,o1,1,CHANCE,CHANCE_REL,CHANCE_REL,11,-0.3799884326200117,MIXTURE,0.6766917293233082,0.807,0.796,0.819,0.383,0.367,0.401,0.19299999999999995,CHANCE_REL,CHANCE_REL,,0.57,0.58,0.59
V0455,WI,4316f167de9424be,RELAY,channel_all,o1,1,CHANCE,CHANCE_REL,CHANCE_REL,11,0.3799884326200117,MIXTURE,0.6766917293233082,0.807,0.796,0.819,0.617,0.599,0.633,0.19299999999999995,CHANCE_REL,CHANCE_REL,,0.57,0.58,0.59
V0456,WI,4316f167de9424be,RELAY,S,o1,1,CHANCE,CHANCE_REL,CHANCE_REL,11,-0.3799884326200117,MIXTURE,0.6766917293233082,0.807,0.796,0.819,0.383,0.367,0.401,0.19299999999999995,CHANCE_REL,CHANCE_REL,,0.57,0.58,0.59
V0457,WI,4316f167de9424be,RELAY,channel_content,o1,1,CHANCE,CHANCE_REL,CHANCE_REL,11,0.3799884326200117,MIXTURE,0.6766917293233082,0.807,0.796,0.819,0.617,0.599,0.633,0.19299999999999995,CHANCE_REL,CHANCE_REL,,0.57,0.58,0.59
V0458,WI,4316f167de9424be,RELAY,site_all,o2,2,CHANCE,CHANCE_REL,CHANCE_REL,11,0.3395026026604975,MIXTURE,0.3169462116830538,0.807,0.796,0.819,0.604,0.588,0.622,0.19299999999999995,CHANCE_REL,CHANCE_REL,,0.57,0.58,0.59
V0459,WI,4316f167de9424be,RELAY,channel_all,o2,2,CHANCE,CHANCE_REL,CHANCE_REL,11,-0.3395026026604975,MIXTURE,0.3169462116830538,0.807,0.796,0.819,0.396,0.378,0.412,0.19299999999999995,CHANCE_REL,CHANCE_REL,,0.57,0.58,0.59
V0460,WI,4316f167de9424be,RELAY,S,o2,2,CHANCE,CHANCE_REL,CHANCE_REL,11,0.3395026026604975,MIXTURE,0.3169462116830538,0.807,0.796,0.819,0.604,0.588,0.622,0.19299999999999995,CHANCE_REL,CHANCE_REL,,0.57,0.58,0.59
V0461,WI,4316f167de9424be,RELAY,channel_content,o2,2,CHANCE,CHANCE_REL,CHANCE_REL,11,-0.3395026026604975,MIXTURE,0.3169462116830538,0.807,0.796,0.819,0.396,0.378,0.412,0.19299999999999995,CHANCE_REL,CHANCE_REL,,0.57,0.58,0.59
V0462,WI,4316f167de9424be,RELAY,site_all,o6,6,CHANCE,CHANCE_REL,CHANCE_REL,11,0.3799884326200117,MIXTURE,0.2967032967032967,0.807,0.796,0.819,0.617,0.599,0.633,0.19299999999999995,CHANCE_REL,CHANCE_REL,,0.57,0.58,0.59
V0463,WI,4316f167de9424be,RELAY,channel_all,o6,6,CHANCE,CHANCE_REL,CHANCE_REL,11,-0.3799884326200117,MIXTURE,0.2967032967032967,0.807,0.796,0.819,0.383,0.367,0.401,0.19299999999999995,CHANCE_REL,CHANCE_REL,,0.57,0.58,0.59
V0464,WI,4316f167de9424be,RELAY,inbox,o6,6,CHANCE,CHANCE_REL,CHANCE_REL,11,0.3799884326200117,MIXTURE,0.2967032967032967,0.807,0.796,0.819,0.617,0.599,0.633,0.19299999999999995,CHANCE_REL,CHANCE_REL,,0.57,0.58,0.59
V0465,WI,4316f167de9424be,RELAY,channel_content,o6,6,CHANCE,CHANCE_REL,CHANCE_REL,11,-0.3799884326200117,MIXTURE,0.2967032967032967,0.807,0.796,0.819,0.383,0.367,0.401,0.19299999999999995,CHANCE_REL,CHANCE_REL,,0.57,0.58,0.59
V0466,WI,4316f167de9424be,RELAY,S,o7,7,CHANCE,CHANCE_REL,CHANCE_REL,11,-0.2805089647194912,SITE,1.0,0.807,0.796,0.819,0.414,0.403,0.425,0.19299999999999995,CHANCE_REL,CHANCE_REL,,0.57,0.58,0.59
V0467,WI,4316f167de9424be,RELAY,inbox,o7,7,CHANCE,CHANCE_REL,CHANCE_REL,11,0.2805089647194912,SITE,1.0,0.807,0.796,0.819,0.586,0.575,0.597,0.19299999999999995,CHANCE_REL,CHANCE_REL,,0.57,0.58,0.59
V0468,WI,4781b0a172b6dc3c,MAJ,site_all,o0,0,CHANCE,CHANCE_REL,CHANCE_REL,11,0.25233644859813104,IDENTITY-BROKEN,0.3064159292035398,0.766,0.748,0.782,0.567,0.551,0.583,0.23399999999999999,CHANCE_REL,CHANCE_REL,,0.57,0.58,0.59
V0469,WI,4781b0a172b6dc3c,MAJ,channel_all,o0,0,NO-EFFECT,NO_EFFECT_REL,NO_EFFECT_REL,11,0.8624833110814422,IDENTITY-BROKEN,0.3064159292035398,0.766,0.748,0.782,0.729,0.711,0.746,0.23399999999999999,NO_EFFECT_REL,NO_EFFECT_REL,,0.57,0.58,0.59
V0470,WI,4781b0a172b6dc3c,MAJ,joint,o0,0,CHANCE,CHANCE_REL,CHANCE_REL,11,0.10614152202937284,IDENTITY-BROKEN,0.3064159292035398,0.766,0.748,0.782,0.528,0.512,0.544,0.23399999999999999,CHANCE_REL,CHANCE_REL,,0.57,0.58,0.59
V0471,WI,4781b0a172b6dc3c,MAJ,S,o0,0,CHANCE,CHANCE_REL,CHANCE_REL,11,0.24966622162883856,IDENTITY-BROKEN,0.3064159292035398,0.766,0.748,0.782,0.566,0.549,0.582,0.23399999999999999,CHANCE_REL,CHANCE_REL,,0.57,0.58,0.59
V0472,WI,4781b0a172b6dc3c,MAJ,channel_content,o0,0,NO-EFFECT,NO_EFFECT_REL,NO_EFFECT_REL,11,0.8624833110814422,IDENTITY-BROKEN,0.3064159292035398,0.766,0.748,0.782,0.729,0.711,0.746,0.23399999999999999,NO_EFFECT_REL,NO_EFFECT_REL,,0.57,0.58,0.59
V0473,WI,4781b0a172b6dc3c,MAJ,channel_all,o1,1,CHANCE,NO_EFFECT_REL,NO_EFFECT_REL,11,0.7970627503337788,UNRESOLVED,0.7638274336283186,0.766,0.748,0.782,0.712,0.695,0.728,0.23399999999999999,NO_EFFECT_REL,NO_EFFECT_REL,,0.57,0.58,0.59
V0474,WI,4781b0a172b6dc3c,MAJ,channel_content,o1,1,CHANCE,NO_EFFECT_REL,NO_EFFECT_REL,11,0.7970627503337788,UNRESOLVED,0.7638274336283186,0.766,0.748,0.782,0.712,0.695,0.728,0.23399999999999999,NO_EFFECT_REL,NO_EFFECT_REL,,0.57,0.58,0.59
V0475,WI,4781b0a172b6dc3c,MAJ,channel_all,o2,2,CHANCE,NO_EFFECT_REL,NO_EFFECT_REL,11,0.7429906542056078,UNRESOLVED,0.7190265486725663,0.766,0.748,0.782,0.698,0.68,0.714,0.23399999999999999,NO_EFFECT_REL,NO_EFFECT_REL,,0.57,0.58,0.59
V0476,WI,4781b0a172b6dc3c,MAJ,channel_content,o2,2,CHANCE,NO_EFFECT_REL,NO_EFFECT_REL,11,0.7429906542056078,UNRESOLVED,0.7190265486725663,0.766,0.748,0.782,0.698,0.68,0.714,0.23399999999999999,NO_EFFECT_REL,NO_EFFECT_REL,,0.57,0.58,0.59
V0477,WI,4781b0a172b6dc3c,MAJ,channel_all,o3,3,CHANCE,NO_EFFECT_REL,NO_EFFECT_REL,11,0.7603471295060085,UNRESOLVED,0.7184734513274337,0.766,0.748,0.782,0.702,0.682,0.718,0.23399999999999999,NO_EFFECT_REL,NO_EFFECT_REL,,0.57,0.58,0.59
V0478,WI,4781b0a172b6dc3c,MAJ,channel_content,o3,3,CHANCE,NO_EFFECT_REL,NO_EFFECT_REL,11,0.7603471295060085,UNRESOLVED,0.7184734513274337,0.766,0.748,0.782,0.702,0.682,0.718,0.23399999999999999,NO_EFFECT_REL,NO_EFFECT_REL,,0.57,0.58,0.59
V0479,WI,4781b0a172b6dc3c,MAJ,channel_all,o4,4,CHANCE,NO_EFFECT_REL,NO_EFFECT_REL,11,0.6481975967957277,UNRESOLVED,0.6111725663716814,0.766,0.748,0.782,0.672,0.656,0.687,0.23399999999999999,NO_EFFECT_REL,NO_EFFECT_REL,,0.57,0.58,0.59
V0480,WI,4781b0a172b6dc3c,MAJ,S,o4,4,FLIP,INDETERMINATE,INDETERMINATE,11,-0.4699599465954608,UNRESOLVED,0.6111725663716814,0.766,0.748,0.782,0.375,0.36,0.391,0.23399999999999999,INDETERMINATE,INDETERMINATE,,0.57,0.58,0.59
V0481,WI,4781b0a172b6dc3c,MAJ,channel_content,o4,4,CHANCE,NO_EFFECT_REL,NO_EFFECT_REL,11,0.6481975967957277,UNRESOLVED,0.6111725663716814,0.766,0.748,0.782,0.672,0.656,0.687,0.23399999999999999,NO_EFFECT_REL,NO_EFFECT_REL,,0.57,0.58,0.59
V0482,WI,4781b0a172b6dc3c,MAJ,site_all,o5,5,FLIP,INDETERMINATE,INDETERMINATE,11,-0.4572763684913222,UNRESOLVED,0.4745575221238938,0.766,0.748,0.782,0.378,0.363,0.394,0.23399999999999999,INDETERMINATE,INDETERMINATE,,0.57,0.58,0.59
V0483,WI,4781b0a172b6dc3c,MAJ,channel_all,o5,5,CHANCE,INDETERMINATE,INDETERMINATE,11,0.4572763684913222,UNRESOLVED,0.4745575221238938,0.766,0.748,0.782,0.622,0.606,0.637,0.23399999999999999,INDETERMINATE,INDETERMINATE,,0.57,0.58,0.59
V0484,WI,4781b0a172b6dc3c,MAJ,S,o5,5,CHANCE,CHANCE_REL,CHANCE_REL,11,-0.21094793057409883,UNRESOLVED,0.4745575221238938,0.766,0.748,0.782,0.444,0.429,0.458,0.23399999999999999,CHANCE_REL,CHANCE_REL,,0.57,0.58,0.59
V0485,WI,4781b0a172b6dc3c,MAJ,channel_content,o5,5,CHANCE,INDETERMINATE,INDETERMINATE,11,0.4572763684913222,UNRESOLVED,0.4745575221238938,0.766,0.748,0.782,0.622,0.606,0.637,0.23399999999999999,INDETERMINATE,INDETERMINATE,,0.57,0.58,0.59
V0486,WI,4781b0a172b6dc3c,MAJ,site_all,o6,6,CHANCE,CHANCE_REL,CHANCE_REL,11,-0.3491321762349802,NEITHER,0.3932522123893805,0.766,0.748,0.782,0.407,0.393,0.422,0.23399999999999999,CHANCE_REL,CHANCE_REL,,0.57,0.58,0.59
V0487,WI,4781b0a172b6dc3c,MAJ,channel_all,o6,6,CHANCE,CHANCE_REL,CHANCE_REL,11,0.34913217623497983,NEITHER,0.3932522123893805,0.766,0.748,0.782,0.593,0.578,0.607,0.23399999999999999,CHANCE_REL,CHANCE_REL,,0.57,0.58,0.59
V0488,WI,4781b0a172b6dc3c,MAJ,S,o6,6,CHANCE,CHANCE_REL,CHANCE_REL,11,-0.0707610146862487,NEITHER,0.3932522123893805,0.766,0.748,0.782,0.481,0.468,0.495,0.23399999999999999,CHANCE_REL,CHANCE_REL,,0.57,0.58,0.59
V0489,WI,4781b0a172b6dc3c,MAJ,channel_content,o6,6,CHANCE,CHANCE_REL,CHANCE_REL,11,0.34913217623497983,NEITHER,0.3932522123893805,0.766,0.748,0.782,0.593,0.578,0.607,0.23399999999999999,CHANCE_REL,CHANCE_REL,,0.57,0.58,0.59
V0490,WI,4781b0a172b6dc3c,MAJ,site_all,o7,7,CHANCE,CHANCE_REL,CHANCE_REL,11,-0.2022696929238987,UNRESOLVED,0.34236725663716816,0.766,0.748,0.782,0.446,0.431,0.462,0.23399999999999999,CHANCE_REL,CHANCE_REL,,0.57,0.58,0.59
V0491,WI,4781b0a172b6dc3c,MAJ,channel_all,o7,7,CHANCE,CHANCE_REL,CHANCE_REL,11,0.2022696929238983,UNRESOLVED,0.34236725663716816,0.766,0.748,0.782,0.554,0.538,0.569,0.23399999999999999,CHANCE_REL,CHANCE_REL,,0.57,0.58,0.59
V0492,WI,4781b0a172b6dc3c,MAJ,S,o7,7,CHANCE,CHANCE_REL,CHANCE_REL,11,0.13084112149532712,UNRESOLVED,0.34236725663716816,0.766,0.748,0.782,0.535,0.521,0.548,0.23399999999999999,CHANCE_REL,CHANCE_REL,,0.57,0.58,0.59
V0493,WI,4781b0a172b6dc3c,MAJ,channel_content,o7,7,CHANCE,CHANCE_REL,CHANCE_REL,11,0.2022696929238983,UNRESOLVED,0.34236725663716816,0.766,0.748,0.782,0.554,0.538,0.569,0.23399999999999999,CHANCE_REL,CHANCE_REL,,0.57,0.58,0.59
V0494,WI,4781b0a172b6dc3c,MAJ,site_all,o8,8,CHANCE,CHANCE_REL,CHANCE_REL,11,-0.08144192256341815,UNRESOLVED,0.28982300884955753,0.766,0.748,0.782,0.478,0.463,0.493,0.23399999999999999,CHANCE_REL,CHANCE_REL,,0.57,0.58,0.59
V0495,WI,4781b0a172b6dc3c,MAJ,channel_all,o8,8,CHANCE,CHANCE_REL,CHANCE_REL,11,0.08144192256341815,UNRESOLVED,0.28982300884955753,0.766,0.748,0.782,0.522,0.507,0.537,0.23399999999999999,CHANCE_REL,CHANCE_REL,,0.57,0.58,0.59
V0496,WI,4781b0a172b6dc3c,MAJ,S,o8,8,CHANCE,CHANCE_REL,CHANCE_REL,11,0.2723631508678241,UNRESOLVED,0.28982300884955753,0.766,0.748,0.782,0.572,0.558,0.587,0.23399999999999999,CHANCE_REL,CHANCE_REL,,0.57,0.58,0.59
V0497,WI,4781b0a172b6dc3c,MAJ,channel_content,o8,8,CHANCE,CHANCE_REL,CHANCE_REL,11,0.08144192256341815,UNRESOLVED,0.28982300884955753,0.766,0.748,0.782,0.522,0.507,0.537,0.23399999999999999,CHANCE_REL,CHANCE_REL,,0.57,0.58,0.59
V0498,WI,4781b0a172b6dc3c,MAJ,site_all,o9,9,CHANCE,CHANCE_REL,CHANCE_REL,11,0.18291054739652854,UNRESOLVED,0.22013274336283187,0.766,0.748,0.782,0.549,0.531,0.566,0.23399999999999999,CHANCE_REL,CHANCE_REL,,0.57,0.58,0.59
V0499,WI,4781b0a172b6dc3c,MAJ,channel_all,o9,9,CHANCE,CHANCE_REL,CHANCE_REL,11,-0.18291054739652896,UNRESOLVED,0.22013274336283187,0.766,0.748,0.782,0.451,0.434,0.469,0.23399999999999999,CHANCE_REL,CHANCE_REL,,0.57,0.58,0.59
V0500,WI,4781b0a172b6dc3c,MAJ,S,o9,9,CHANCE,INDETERMINATE,INDETERMINATE,11,0.4986648865153538,UNRESOLVED,0.22013274336283187,0.766,0.748,0.782,0.633,0.617,0.649,0.23399999999999999,INDETERMINATE,INDETERMINATE,,0.57,0.58,0.59
V0501,WI,4781b0a172b6dc3c,MAJ,channel_content,o9,9,CHANCE,CHANCE_REL,CHANCE_REL,11,-0.18291054739652896,UNRESOLVED,0.22013274336283187,0.766,0.748,0.782,0.451,0.434,0.469,0.23399999999999999,CHANCE_REL,CHANCE_REL,,0.57,0.58,0.59
V0502,WI,4781b0a172b6dc3c,MAJ,site_all,o10,10,CHANCE,CHANCE_REL,CHANCE_REL,11,0.19626168224299087,UNRESOLVED,0.1836283185840708,0.766,0.748,0.782,0.552,0.536,0.567,0.23399999999999999,CHANCE_REL,CHANCE_REL,,0.57,0.58,0.59
V0503,WI,4781b0a172b6dc3c,MAJ,channel_all,o10,10,CHANCE,CHANCE_REL,CHANCE_REL,11,-0.19626168224299087,UNRESOLVED,0.1836283185840708,0.766,0.748,0.782,0.448,0.433,0.464,0.23399999999999999,CHANCE_REL,CHANCE_REL,,0.57,0.58,0.59
V0504,WI,4781b0a172b6dc3c,MAJ,S,o10,10,CHANCE,NO_EFFECT_REL,NO_EFFECT_REL,11,0.6395193591455278,UNRESOLVED,0.1836283185840708,0.766,0.748,0.782,0.67,0.653,0.686,0.23399999999999999,NO_EFFECT_REL,NO_EFFECT_REL,,0.57,0.58,0.59
V0505,WI,4781b0a172b6dc3c,MAJ,channel_content,o10,10,CHANCE,CHANCE_REL,CHANCE_REL,11,-0.19626168224299087,UNRESOLVED,0.1836283185840708,0.766,0.748,0.782,0.448,0.433,0.464,0.23399999999999999,CHANCE_REL,CHANCE_REL,,0.57,0.58,0.59
V0506,WI,4781b0a172b6dc3c,MAJ,site_all,o11,11,CHANCE,INDETERMINATE,INDETERMINATE,11,0.47329773030707617,UNRESOLVED,0.15984513274336284,0.766,0.748,0.782,0.626,0.609,0.643,0.23399999999999999,INDETERMINATE,INDETERMINATE,,0.57,0.58,0.59
V0507,WI,4781b0a172b6dc3c,MAJ,channel_all,o11,11,FLIP,INDETERMINATE,INDETERMINATE,11,-0.4732977303070764,UNRESOLVED,0.15984513274336284,0.766,0.748,0.782,0.374,0.357,0.391,0.23399999999999999,INDETERMINATE,INDETERMINATE,,0.57,0.58,0.59
V0508,WI,4781b0a172b6dc3c,MAJ,channel_content,o11,11,FLIP,INDETERMINATE,INDETERMINATE,11,-0.4732977303070764,UNRESOLVED,0.15984513274336284,0.766,0.748,0.782,0.374,0.357,0.391,0.23399999999999999,INDETERMINATE,INDETERMINATE,,0.57,0.58,0.59
V0509,WI,4781b0a172b6dc3c,MAJ,site_all,o14,14,CHANCE,CHANCE_REL,CHANCE_REL,11,0.4439252336448603,UNRESOLVED,0.11061946902654868,0.766,0.748,0.782,0.618,0.604,0.632,0.23399999999999999,CHANCE_REL,CHANCE_REL,,0.57,0.58,0.59
V0510,WI,4781b0a172b6dc3c,MAJ,channel_all,o14,14,FLIP,CHANCE_REL,CHANCE_REL,11,-0.4439252336448601,UNRESOLVED,0.11061946902654868,0.766,0.748,0.782,0.382,0.368,0.396,0.23399999999999999,CHANCE_REL,CHANCE_REL,,0.57,0.58,0.59
V0511,WI,4781b0a172b6dc3c,MAJ,inbox,o14,14,CHANCE,CHANCE_REL,CHANCE_REL,11,0.4439252336448603,UNRESOLVED,0.11061946902654868,0.766,0.748,0.782,0.618,0.604,0.632,0.23399999999999999,CHANCE_REL,CHANCE_REL,,0.57,0.58,0.59
V0512,WI,4781b0a172b6dc3c,MAJ,channel_content,o14,14,FLIP,CHANCE_REL,CHANCE_REL,11,-0.4439252336448601,UNRESOLVED,0.11061946902654868,0.766,0.748,0.782,0.382,0.368,0.396,0.23399999999999999,CHANCE_REL,CHANCE_REL,,0.57,0.58,0.59
V0513,WI,4781b0a172b6dc3c,MAJ,site_all,o15,15,FLIP,FLIP_REL,FLIP_REL,11,-0.5620827770360484,UNRESOLVED,0.6404867256637168,0.766,0.748,0.782,0.35,0.335,0.364,0.23399999999999999,FLIP_REL,FLIP_REL,,0.57,0.58,0.59
V0514,WI,4781b0a172b6dc3c,MAJ,channel_all,o15,15,CHANCE,NO_EFFECT_REL,NO_EFFECT_REL,11,0.5620827770360479,UNRESOLVED,0.6404867256637168,0.766,0.748,0.782,0.65,0.636,0.665,0.23399999999999999,NO_EFFECT_REL,NO_EFFECT_REL,,0.57,0.58,0.59
V0515,WI,4781b0a172b6dc3c,MAJ,S,o15,15,CHANCE,CHANCE_REL,CHANCE_REL,11,-0.11481975967957295,UNRESOLVED,0.6404867256637168,0.766,0.748,0.782,0.469,0.453,0.485,0.23399999999999999,CHANCE_REL,CHANCE_REL,,0.57,0.58,0.59
V0516,WI,4781b0a172b6dc3c,MAJ,inbox,o15,15,CHANCE,NO_EFFECT_REL,NO_EFFECT_REL,11,0.5527369826435248,UNRESOLVED,0.6404867256637168,0.766,0.748,0.782,0.647,0.631,0.663,0.23399999999999999,NO_EFFECT_REL,NO_EFFECT_REL,,0.57,0.58,0.59
V0517,WI,4781b0a172b6dc3c,MAJ,channel_content,o15,15,CHANCE,NO_EFFECT_REL,NO_EFFECT_REL,11,0.5620827770360479,UNRESOLVED,0.6404867256637168,0.766,0.748,0.782,0.65,0.636,0.665,0.23399999999999999,NO_EFFECT_REL,NO_EFFECT_REL,,0.57,0.58,0.59
V0518,WI,4ab2ba014aac967e,HOLD,channel_all,o0,0,CHANCE,CHANCE_REL,CHANCE_REL,11,0.3325672259250749,IDENTITY-BROKEN,0.0,0.886,0.872,0.901,0.628,0.614,0.642,0.11399999999999999,CHANCE_REL,CHANCE_REL,,0.57,0.58,0.59
V0519,WI,4ab2ba014aac967e,HOLD,joint,o0,0,CHANCE,CHANCE_REL,CHANCE_REL,11,0.3325672259250749,IDENTITY-BROKEN,0.0,0.886,0.872,0.901,0.628,0.614,0.642,0.11399999999999999,CHANCE_REL,CHANCE_REL,,0.57,0.58,0.59
V0520,WI,4ab2ba014aac967e,HOLD,channel_content,o0,0,CHANCE,CHANCE_REL,CHANCE_REL,11,0.3325672259250749,IDENTITY-BROKEN,0.0,0.886,0.872,0.901,0.628,0.614,0.642,0.11399999999999999,CHANCE_REL,CHANCE_REL,,0.57,0.58,0.59
V0521,WI,4ab2ba014aac967e,HOLD,site_all,o4,4,CHANCE,INDETERMINATE,INDETERMINATE,11,0.5150540105722824,MIXTURE,0.20855614973262032,0.886,0.872,0.901,0.699,0.678,0.72,0.11399999999999999,INDETERMINATE,INDETERMINATE,,0.57,0.58,0.59
V0522,WI,4ab2ba014aac967e,HOLD,inbox,o4,4,CHANCE,INDETERMINATE,INDETERMINATE,11,0.5150540105722824,MIXTURE,0.20855614973262032,0.886,0.872,0.901,0.699,0.678,0.72,0.11399999999999999,INDETERMINATE,INDETERMINATE,,0.57,0.58,0.59
V0523,WI,4ab2ba014aac967e,HOLD,site_all,o5,5,CHANCE,NO_EFFECT_REL,NO_EFFECT_REL,11,0.6492760284991955,CHANNEL,0.1921020156314274,0.886,0.872,0.901,0.751,0.735,0.767,0.11399999999999999,NO_EFFECT_REL,NO_EFFECT_REL,,0.57,0.58,0.59
V0524,WI,4ab2ba014aac967e,HOLD,inbox,o5,5,CHANCE,NO_EFFECT_REL,NO_EFFECT_REL,11,0.6492760284991955,CHANNEL,0.1921020156314274,0.886,0.872,0.901,0.751,0.735,0.767,0.11399999999999999,NO_EFFECT_REL,NO_EFFECT_REL,,0.57,0.58,0.59
V0525,WI,4ab2ba014aac967e,HOLD,site_all,o8,8,CHANCE,NO_EFFECT_REL,NO_EFFECT_REL,11,0.5502183406113538,MIXTURE,0.19457013574660634,0.886,0.872,0.901,0.713,0.691,0.734,0.11399999999999999,NO_EFFECT_REL,NO_EFFECT_REL,,0.57,0.58,0.59
V0526,WI,4ab2ba014aac967e,HOLD,inbox,o8,8,CHANCE,NO_EFFECT_REL,NO_EFFECT_REL,11,0.5502183406113538,MIXTURE,0.19457013574660634,0.886,0.872,0.901,0.713,0.691,0.734,0.11399999999999999,NO_EFFECT_REL,NO_EFFECT_REL,,0.57,0.58,0.59
V0527,WI,4ab2ba014aac967e,HOLD,channel_all,o9,9,CHANCE,NO_EFFECT_REL,NO_EFFECT_REL,11,0.6796138818662376,MIXTURE,0.7955573837926779,0.886,0.872,0.901,0.763,0.745,0.78,0.11399999999999999,NO_EFFECT_REL,NO_EFFECT_REL,,0.57,0.58,0.59
V0528,WI,4ab2ba014aac967e,HOLD,S,o9,9,FLIP,CHANCE_REL,CHANCE_REL,11,-0.31831762813146425,MIXTURE,0.7955573837926779,0.886,0.872,0.901,0.377,0.362,0.392,0.11399999999999999,CHANCE_REL,CHANCE_REL,,0.57,0.58,0.59
V0529,WI,4ab2ba014aac967e,HOLD,inbox,o9,9,CHANCE,NO_EFFECT_REL,NO_EFFECT_REL,11,0.6387037462652264,MIXTURE,0.7955573837926779,0.886,0.872,0.901,0.747,0.73,0.763,0.11399999999999999,NO_EFFECT_REL,NO_EFFECT_REL,,0.57,0.58,0.59
V0530,WI,4ab2ba014aac967e,HOLD,channel_content,o9,9,CHANCE,NO_EFFECT_REL,NO_EFFECT_REL,11,0.6796138818662376,MIXTURE,0.7955573837926779,0.886,0.872,0.901,0.763,0.745,0.78,0.11399999999999999,NO_EFFECT_REL,NO_EFFECT_REL,,0.57,0.58,0.59
V0531,WI,613162a306938de7,MAJ,site_all,o0,0,CHANCE,CHANCE_REL,CHANCE_REL,11,0.08183632734530882,IDENTITY-BROKEN,0.2743169398907104,0.722,0.703,0.743,0.518,0.498,0.538,0.278,CHANCE_REL,CHANCE_REL,,0.57,0.58,0.59
V0532,WI,613162a306938de7,MAJ,joint,o0,0,CHANCE,CHANCE_REL,CHANCE_REL,11,0.08502994011976002,IDENTITY-BROKEN,0.2743169398907104,0.722,0.703,0.743,0.519,0.499,0.539,0.278,CHANCE_REL,CHANCE_REL,,0.57,0.58,0.59
V0533,WI,613162a306938de7,MAJ,S,o0,0,CHANCE,CHANCE_REL,CHANCE_REL,11,0.07984031936127671,IDENTITY-BROKEN,0.2743169398907104,0.722,0.703,0.743,0.518,0.497,0.538,0.278,CHANCE_REL,CHANCE_REL,,0.57,0.58,0.59
V0534,WI,613162a306938de7,MAJ,S,o8,8,FLIP,FLIP_REL,FLIP_REL,11,-0.7816367265469061,SITE,0.8688524590163934,0.722,0.703,0.743,0.326,0.304,0.346,0.278,FLIP_REL,FLIP_REL,,0.57,0.58,0.59
V0535,WI,613162a306938de7,MAJ,site_all,o9,9,FLIP,FLIP_REL,FLIP_REL,11,-0.8131736526946107,SITE,0.8704918032786885,0.722,0.703,0.743,0.319,0.298,0.34,0.278,FLIP_REL,FLIP_REL,,0.57,0.58,0.59
V0536,WI,613162a306938de7,MAJ,channel_all,o9,9,NO-EFFECT,NO_EFFECT_REL,NO_EFFECT_REL,11,0.813173652694611,SITE,0.8704918032786885,0.722,0.703,0.743,0.681,0.66,0.702,0.278,NO_EFFECT_REL,NO_EFFECT_REL,,0.57,0.58,0.59
V0537,WI,613162a306938de7,MAJ,S,o9,9,FLIP,FLIP_REL,FLIP_REL,11,-0.770059880239521,SITE,0.8704918032786885,0.722,0.703,0.743,0.329,0.309,0.35,0.278,FLIP_REL,FLIP_REL,,0.57,0.58,0.59
V0538,WI,613162a306938de7,MAJ,channel_content,o9,9,NO-EFFECT,NO_EFFECT_REL,NO_EFFECT_REL,11,0.813173652694611,SITE,0.8704918032786885,0.722,0.703,0.743,0.681,0.66,0.702,0.278,NO_EFFECT_REL,NO_EFFECT_REL,,0.57,0.58,0.59
V0539,WI,62a7fff921ca3bd8,RELAY,channel_all,o0,0,CHANCE,CHANCE_REL,CHANCE_REL,11,0.26070460704607057,IDENTITY-BROKEN,0.0,0.828,0.811,0.845,0.585,0.576,0.596,0.17200000000000004,CHANCE_REL,CHANCE_REL,,0.57,0.58,0.59
V0540,WI,62a7fff921ca3bd8,RELAY,joint,o0,0,CHANCE,CHANCE_REL,CHANCE_REL,11,0.26070460704607057,IDENTITY-BROKEN,0.0,0.828,0.811,0.845,0.585,0.576,0.596,0.17200000000000004,CHANCE_REL,CHANCE_REL,,0.57,0.58,0.59
V0541,WI,62a7fff921ca3bd8,RELAY,channel_content,o0,0,CHANCE,CHANCE_REL,CHANCE_REL,11,0.26070460704607057,IDENTITY-BROKEN,0.0,0.828,0.811,0.845,0.585,0.576,0.596,0.17200000000000004,CHANCE_REL,CHANCE_REL,,0.57,0.58,0.59
V0542,WI,62a7fff921ca3bd8,RELAY,channel_all,o5,5,CHANCE,CHANCE_REL,CHANCE_REL,11,0.383739837398374,UNRESOLVED,0.5631436314363144,0.828,0.811,0.845,0.626,0.61,0.64,0.17200000000000004,CHANCE_REL,CHANCE_REL,,0.57,0.58,0.59
V0543,WI,62a7fff921ca3bd8,RELAY,inbox,o5,5,CHANCE,CHANCE_REL,CHANCE_REL,11,0.26070460704607057,UNRESOLVED,0.5631436314363144,0.828,0.811,0.845,0.585,0.576,0.596,0.17200000000000004,CHANCE_REL,CHANCE_REL,,0.57,0.58,0.59
V0544,WI,62a7fff921ca3bd8,RELAY,channel_content,o5,5,CHANCE,CHANCE_REL,CHANCE_REL,11,0.383739837398374,UNRESOLVED,0.5631436314363144,0.828,0.811,0.845,0.626,0.61,0.64,0.17200000000000004,CHANCE_REL,CHANCE_REL,,0.57,0.58,0.59
V0545,WI,62a7fff921ca3bd8,RELAY,Kp,o5,5,CHANCE,CHANCE_REL,CHANCE_REL,11,0.35555555555555546,UNRESOLVED,0.5631436314363144,0.828,0.811,0.845,0.616,0.602,0.632,0.17200000000000004,CHANCE_REL,CHANCE_REL,,0.57,0.58,0.59
V0546,WI,62a7fff921ca3bd8,RELAY,inbox,o6,6,CHANCE,CHANCE_REL,CHANCE_REL,11,0.383739837398374,SITE,1.0,0.828,0.811,0.845,0.626,0.61,0.64,0.17200000000000004,CHANCE_REL,CHANCE_REL,,0.57,0.58,0.59
V0547,WI,62a7fff921ca3bd8,RELAY,S,o7,7,CHANCE,CHANCE_REL,CHANCE_REL,11,-0.26070460704607057,SITE,1.0,0.828,0.811,0.845,0.415,0.404,0.424,0.17200000000000004,CHANCE_REL,CHANCE_REL,,0.57,0.58,0.59
V0548,WI,62a7fff921ca3bd8,RELAY,Kp,o7,7,CHANCE,CHANCE_REL,CHANCE_REL,11,0.26070460704607057,SITE,1.0,0.828,0.811,0.845,0.585,0.576,0.596,0.17200000000000004,CHANCE_REL,CHANCE_REL,,0.57,0.58,0.59
V0549,WI,63d17a90e365e424,RELAY,channel_all,o0,0,CHANCE,CHANCE_REL,CHANCE_REL,11,0.002592352559948227,IDENTITY-BROKEN,0.00258732212160414,0.774,0.76,0.787,0.501,0.484,0.518,0.22599999999999998,CHANCE_REL,CHANCE_REL,,0.57,0.58,0.59
V0550,WI,63d17a90e365e424,RELAY,joint,o0,0,CHANCE,CHANCE_REL,CHANCE_REL,11,0.0006480881399868541,IDENTITY-BROKEN,0.00258732212160414,0.774,0.76,0.787,0.5,0.483,0.517,0.22599999999999998,CHANCE_REL,CHANCE_REL,,0.57,0.58,0.59
V0551,WI,63d17a90e365e424,RELAY,channel_count,o0,0,CHANCE,CHANCE_REL,CHANCE_REL,11,0.002592352559948227,IDENTITY-BROKEN,0.00258732212160414,0.774,0.76,0.787,0.501,0.484,0.518,0.22599999999999998,CHANCE_REL,CHANCE_REL,,0.57,0.58,0.59
V0552,WI,63d17a90e365e424,RELAY,site_all,o3,3,CHANCE,INDETERMINATE,INDETERMINATE,11,0.5217109526895659,UNRESOLVED,0.18952134540750323,0.774,0.76,0.787,0.643,0.627,0.66,0.22599999999999998,INDETERMINATE,INDETERMINATE,,0.57,0.58,0.59
V0553,WI,63d17a90e365e424,RELAY,r,o3,3,CHANCE,NO_EFFECT_REL,NO_EFFECT_REL,11,0.6040181464679198,UNRESOLVED,0.18952134540750323,0.774,0.76,0.787,0.665,0.651,0.682,0.22599999999999998,NO_EFFECT_REL,NO_EFFECT_REL,,0.57,0.58,0.59
V0554,WI,63d17a90e365e424,RELAY,site_all,o4,4,CHANCE,CHANCE_REL,CHANCE_REL,11,-0.41348023331173045,UNRESOLVED,0.6403622250970246,0.774,0.76,0.787,0.387,0.369,0.403,0.22599999999999998,CHANCE_REL,CHANCE_REL,,0.57,0.58,0.59
V0555,WI,63d17a90e365e424,RELAY,channel_all,o4,4,CHANCE,CHANCE_REL,CHANCE_REL,11,0.41348023331173045,UNRESOLVED,0.6403622250970246,0.774,0.76,0.787,0.613,0.597,0.631,0.22599999999999998,CHANCE_REL,CHANCE_REL,,0.57,0.58,0.59
V0556,WI,63d17a90e365e424,RELAY,S,o4,4,CHANCE,NO_EFFECT_REL,NO_EFFECT_REL,11,0.6837329876863256,UNRESOLVED,0.6403622250970246,0.774,0.76,0.787,0.687,0.674,0.702,0.22599999999999998,NO_EFFECT_REL,NO_EFFECT_REL,,0.57,0.58,0.59
V0557,WI,63d17a90e365e424,RELAY,inbox,o4,4,CHANCE,NO_EFFECT_REL,NO_EFFECT_REL,11,0.7965003240440702,UNRESOLVED,0.6403622250970246,0.774,0.76,0.787,0.718,0.703,0.733,0.22599999999999998,NO_EFFECT_REL,NO_EFFECT_REL,,0.57,0.58,0.59
V0558,WI,63d17a90e365e424,RELAY,channel_count,o4,4,CHANCE,CHANCE_REL,CHANCE_REL,11,0.41348023331173045,UNRESOLVED,0.6403622250970246,0.774,0.76,0.787,0.613,0.597,0.631,0.22599999999999998,CHANCE_REL,CHANCE_REL,,0.57,0.58,0.59
V0559,WI,63d17a90e365e424,RELAY,r,o4,4,CHANCE,CHANCE_REL,CHANCE_REL,11,0.10369410239792584,UNRESOLVED,0.6403622250970246,0.774,0.76,0.787,0.528,0.512,0.544,0.22599999999999998,CHANCE_REL,CHANCE_REL,,0.57,0.58,0.59
V0560,WI,63d17a90e365e424,RELAY,S,o5,5,CHANCE,CHANCE_REL,CHANCE_REL,11,-0.012961762799740933,SITE,0.94372574385511,0.774,0.76,0.787,0.496,0.48,0.513,0.22599999999999998,CHANCE_REL,CHANCE_REL,,0.57,0.58,0.59
V0561,WI,63d17a90e365e424,RELAY,inbox,o5,5,NO-EFFECT,NO_EFFECT_REL,NO_EFFECT_REL,11,0.8651976668826958,SITE,0.94372574385511,0.774,0.76,0.787,0.737,0.722,0.751,0.22599999999999998,NO_EFFECT_REL,NO_EFFECT_REL,,0.57,0.58,0.59
V0562,WI,63d17a90e365e424,RELAY,r,o5,5,CHANCE,CHANCE_REL,CHANCE_REL,11,0.2203499675955928,SITE,0.94372574385511,0.774,0.76,0.787,0.56,0.545,0.577,0.22599999999999998,CHANCE_REL,CHANCE_REL,,0.57,0.58,0.59
V0563,WI,63d17a90e365e424,RELAY,r,o6,6,CHANCE,NO_EFFECT_REL,NO_EFFECT_REL,11,0.6915100453661699,SITE,0.9896507115135834,0.774,0.76,0.787,0.689,0.672,0.706,0.22599999999999998,NO_EFFECT_REL,NO_EFFECT_REL,,0.57,0.58,0.59
V0564,WI,65d840a8fe0b4bf9,HOLD,site_all,o0,0,CHANCE,CHANCE_REL,CHANCE_REL,11,0.20428973277074558,IDENTITY-BROKEN,0.2878876535985957,0.752,0.735,0.771,0.552,0.531,0.57,0.248,CHANCE_REL,CHANCE_REL,,0.57,0.58,0.59
V0565,WI,65d840a8fe0b4bf9,HOLD,joint,o0,0,CHANCE,CHANCE_REL,CHANCE_REL,11,0.2021800281293951,IDENTITY-BROKEN,0.2878876535985957,0.752,0.735,0.771,0.551,0.53,0.57,0.248,CHANCE_REL,CHANCE_REL,,0.57,0.58,0.59
V0566,WI,65d840a8fe0b4bf9,HOLD,S,o0,0,CHANCE,CHANCE_REL,CHANCE_REL,11,0.20428973277074558,IDENTITY-BROKEN,0.2878876535985957,0.752,0.735,0.771,0.552,0.531,0.57,0.248,CHANCE_REL,CHANCE_REL,,0.57,0.58,0.59
V0567,WI,72dd71d8028cf759,RELAY,channel_all,o0,0,CHANCE,CHANCE_REL,CHANCE_REL,11,0.14443378119001932,IDENTITY-BROKEN,0.001001001001001001,0.87,0.858,0.881,0.553,0.541,0.566,0.13,CHANCE_REL,CHANCE_REL,,0.57,0.58,0.59
V0568,WI,72dd71d8028cf759,RELAY,joint,o0,0,CHANCE,CHANCE_REL,CHANCE_REL,11,0.1516314779270635,IDENTITY-BROKEN,0.001001001001001001,0.87,0.858,0.881,0.556,0.544,0.569,0.13,CHANCE_REL,CHANCE_REL,,0.57,0.58,0.59
V0569,WI,72dd71d8028cf759,RELAY,channel_content,o0,0,CHANCE,CHANCE_REL,CHANCE_REL,11,0.1429942418426106,IDENTITY-BROKEN,0.001001001001001001,0.87,0.858,0.881,0.553,0.541,0.566,0.13,CHANCE_REL,CHANCE_REL,,0.57,0.58,0.59
V0570,WI,72dd71d8028cf759,RELAY,site_all,o4,4,CHANCE,NO_EFFECT_REL,NO_EFFECT_REL,11,0.6425143953934741,UNRESOLVED,0.08858858858858859,0.87,0.858,0.881,0.738,0.723,0.751,0.13,NO_EFFECT_REL,NO_EFFECT_REL,,0.57,0.58,0.59
V0571,WI,72dd71d8028cf759,RELAY,S,o4,4,CHANCE,NO_EFFECT_REL,NO_EFFECT_REL,11,0.6425143953934741,UNRESOLVED,0.08858858858858859,0.87,0.858,0.881,0.738,0.723,0.751,0.13,NO_EFFECT_REL,NO_EFFECT_REL,,0.57,0.58,0.59
V0572,WI,72dd71d8028cf759,RELAY,channel_all,o5,5,CHANCE,CHANCE_REL,CHANCE_REL,11,0.4378598848368523,MIXTURE,0.6126126126126126,0.87,0.858,0.881,0.662,0.647,0.676,0.13,CHANCE_REL,CHANCE_REL,,0.57,0.58,0.59
V0573,WI,72dd71d8028cf759,RELAY,S,o5,5,CHANCE,CHANCE_REL,CHANCE_REL,11,0.05422264875239914,MIXTURE,0.6126126126126126,0.87,0.858,0.881,0.52,0.504,0.537,0.13,CHANCE_REL,CHANCE_REL,,0.57,0.58,0.59
V0574,WI,72dd71d8028cf759,RELAY,inbox,o5,5,CHANCE,INDETERMINATE,INDETERMINATE,11,0.5079174664107485,MIXTURE,0.6126126126126126,0.87,0.858,0.881,0.688,0.675,0.702,0.13,INDETERMINATE,INDETERMINATE,,0.57,0.58,0.59
V0575,WI,72dd71d8028cf759,RELAY,channel_content,o5,5,CHANCE,CHANCE_REL,CHANCE_REL,11,0.4378598848368523,MIXTURE,0.6126126126126126,0.87,0.858,0.881,0.662,0.647,0.676,0.13,CHANCE_REL,CHANCE_REL,,0.57,0.58,0.59
V0576,WI,72dd71d8028cf759,RELAY,inbox,o6,6,CHANCE,CHANCE_REL,CHANCE_REL,11,0.4378598848368523,SITE,1.0,0.87,0.858,0.881,0.662,0.647,0.676,0.13,CHANCE_REL,CHANCE_REL,,0.57,0.58,0.59
V0577,WI,78f3b0eccd44b1ed,RELAY,site_all,o0,0,CHANCE,CHANCE_REL,CHANCE_REL,11,0.09856364536899474,UNDEFINED,,0.679,0.674,0.685,0.518,0.513,0.523,0.32099999999999995,CHANCE_REL,CHANCE_REL,,0.57,0.58,0.59
V0578,WI,78f3b0eccd44b1ed,RELAY,joint,o0,0,CHANCE,CHANCE_REL,CHANCE_REL,11,0.09856364536899474,UNDEFINED,,0.679,0.674,0.685,0.518,0.513,0.523,0.32099999999999995,CHANCE_REL,CHANCE_REL,,0.57,0.58,0.59
V0579,WI,78f3b0eccd44b1ed,RELAY,S,o0,0,CHANCE,CHANCE_REL,CHANCE_REL,11,0.09856364536899474,UNDEFINED,,0.679,0.674,0.685,0.518,0.513,0.523,0.32099999999999995,CHANCE_REL,CHANCE_REL,,0.57,0.58,0.59
V0580,WI,78f3b0eccd44b1ed,RELAY,site_all,o9,9,CHANCE,CHANCE_REL,CHANCE_REL,11,-0.44675581971272915,UNDEFINED,,0.679,0.674,0.685,0.42,0.412,0.427,0.32099999999999995,CHANCE_REL,CHANCE_REL,,0.57,0.58,0.59
V0581,WI,78f3b0eccd44b1ed,RELAY,channel_all,o9,9,CHANCE,CHANCE_REL,CHANCE_REL,11,0.44675581971272915,UNDEFINED,,0.679,0.674,0.685,0.58,0.573,0.588,0.32099999999999995,CHANCE_REL,CHANCE_REL,,0.57,0.58,0.59
V0582,WI,78f3b0eccd44b1ed,RELAY,S,o9,9,CHANCE,CHANCE_REL,CHANCE_REL,11,-0.44675581971272915,UNDEFINED,,0.679,0.674,0.685,0.42,0.412,0.427,0.32099999999999995,CHANCE_REL,CHANCE_REL,,0.57,0.58,0.59
V0583,WI,78f3b0eccd44b1ed,RELAY,channel_count,o9,9,CHANCE,CHANCE_REL,CHANCE_REL,11,0.44675581971272915,UNDEFINED,,0.679,0.674,0.685,0.58,0.573,0.588,0.32099999999999995,CHANCE_REL,CHANCE_REL,,0.57,0.58,0.59
V0584,WI,78f3b0eccd44b1ed,RELAY,site_all,o10,10,CHANCE,CHANCE_REL,CHANCE_REL,11,-0.01089648340762785,UNDEFINED,,0.679,0.674,0.685,0.498,0.489,0.507,0.32099999999999995,CHANCE_REL,CHANCE_REL,,0.57,0.58,0.59
V0585,WI,78f3b0eccd44b1ed,RELAY,channel_all,o10,10,CHANCE,CHANCE_REL,CHANCE_REL,11,0.010896483407626922,UNDEFINED,,0.679,0.674,0.685,0.502,0.493,0.511,0.32099999999999995,CHANCE_REL,CHANCE_REL,,0.57,0.58,0.59
V0586,WI,78f3b0eccd44b1ed,RELAY,S,o10,10,CHANCE,CHANCE_REL,CHANCE_REL,11,-0.01089648340762785,UNDEFINED,,0.679,0.674,0.685,0.498,0.489,0.507,0.32099999999999995,CHANCE_REL,CHANCE_REL,,0.57,0.58,0.59
V0587,WI,78f3b0eccd44b1ed,RELAY,channel_count,o10,10,CHANCE,CHANCE_REL,CHANCE_REL,11,0.010896483407626922,UNDEFINED,,0.679,0.674,0.685,0.502,0.493,0.511,0.32099999999999995,CHANCE_REL,CHANCE_REL,,0.57,0.58,0.59
V0588,WI,78f3b0eccd44b1ed,RELAY,site_all,o11,11,CHANCE,INDETERMINATE,INDETERMINATE,11,0.5344229816740957,UNDEFINED,,0.679,0.674,0.685,0.596,0.589,0.603,0.32099999999999995,INDETERMINATE,INDETERMINATE,,0.57,0.58,0.59
V0589,WI,78f3b0eccd44b1ed,RELAY,channel_all,o11,11,CHANCE,INDETERMINATE,INDETERMINATE,11,-0.5344229816740961,UNDEFINED,,0.679,0.674,0.685,0.404,0.397,0.411,0.32099999999999995,INDETERMINATE,INDETERMINATE,,0.57,0.58,0.59
V0590,WI,78f3b0eccd44b1ed,RELAY,S,o11,11,CHANCE,INDETERMINATE,INDETERMINATE,11,0.5344229816740957,UNDEFINED,,0.679,0.674,0.685,0.596,0.589,0.603,0.32099999999999995,INDETERMINATE,INDETERMINATE,,0.57,0.58,0.59
V0591,WI,78f3b0eccd44b1ed,RELAY,channel_count,o11,11,CHANCE,INDETERMINATE,INDETERMINATE,11,-0.5344229816740961,UNDEFINED,,0.679,0.674,0.685,0.404,0.397,0.411,0.32099999999999995,INDETERMINATE,INDETERMINATE,,0.57,0.58,0.59
V0592,WI,78f3b0eccd44b1ed,RELAY,site_all,o14,14,CHANCE,CHANCE_REL,CHANCE_REL,11,0.44675581971272915,UNDEFINED,,0.679,0.674,0.685,0.58,0.573,0.588,0.32099999999999995,CHANCE_REL,CHANCE_REL,,0.57,0.58,0.59
V0593,WI,78f3b0eccd44b1ed,RELAY,channel_all,o14,14,CHANCE,CHANCE_REL,CHANCE_REL,11,-0.44675581971272915,UNDEFINED,,0.679,0.674,0.685,0.42,0.412,0.427,0.32099999999999995,CHANCE_REL,CHANCE_REL,,0.57,0.58,0.59
V0594,WI,78f3b0eccd44b1ed,RELAY,inbox,o14,14,CHANCE,CHANCE_REL,CHANCE_REL,11,0.44675581971272915,UNDEFINED,,0.679,0.674,0.685,0.58,0.573,0.588,0.32099999999999995,CHANCE_REL,CHANCE_REL,,0.57,0.58,0.59
V0595,WI,78f3b0eccd44b1ed,RELAY,channel_count,o14,14,CHANCE,CHANCE_REL,CHANCE_REL,11,-0.44675581971272915,UNDEFINED,,0.679,0.674,0.685,0.42,0.412,0.427,0.32099999999999995,CHANCE_REL,CHANCE_REL,,0.57,0.58,0.59
V0596,WI,78f3b0eccd44b1ed,RELAY,site_all,o15,15,CHANCE,INDETERMINATE,INDETERMINATE,11,-0.5344229816740961,UNDEFINED,,0.679,0.674,0.685,0.404,0.397,0.411,0.32099999999999995,INDETERMINATE,INDETERMINATE,,0.57,0.58,0.59
V0597,WI,78f3b0eccd44b1ed,RELAY,channel_all,o15,15,CHANCE,INDETERMINATE,INDETERMINATE,11,0.5344229816740957,UNDEFINED,,0.679,0.674,0.685,0.596,0.589,0.603,0.32099999999999995,INDETERMINATE,INDETERMINATE,,0.57,0.58,0.59
V0598,WI,78f3b0eccd44b1ed,RELAY,S,o15,15,CHANCE,CHANCE_REL,CHANCE_REL,11,-0.09856364536899474,UNDEFINED,,0.679,0.674,0.685,0.482,0.477,0.487,0.32099999999999995,CHANCE_REL,CHANCE_REL,,0.57,0.58,0.59
V0599,WI,78f3b0eccd44b1ed,RELAY,inbox,o15,15,CHANCE,NO_EFFECT_REL,NO_EFFECT_REL,11,0.564140663694899,UNDEFINED,,0.679,0.674,0.685,0.601,0.595,0.608,0.32099999999999995,NO_EFFECT_REL,NO_EFFECT_REL,,0.57,0.58,0.59
V0600,WI,78f3b0eccd44b1ed,RELAY,channel_count,o15,15,CHANCE,INDETERMINATE,INDETERMINATE,11,0.5344229816740957,UNDEFINED,,0.679,0.674,0.685,0.596,0.589,0.603,0.32099999999999995,INDETERMINATE,INDETERMINATE,,0.57,0.58,0.59
V0601,WI,7b7b025e7ee58f2b,HOLD,site_all,o0,0,CHANCE,CHANCE_REL,CHANCE_REL,11,0.09090909090909038,IDENTITY-BROKEN,0.45454545454545453,1.0,1.0,1.0,0.545,0.545,0.545,0.0,CHANCE_REL,CHANCE_REL,,0.57,0.58,0.59
V0602,WI,7b7b025e7ee58f2b,HOLD,joint,o0,0,CHANCE,CHANCE_REL,CHANCE_REL,11,0.09090909090909038,IDENTITY-BROKEN,0.45454545454545453,1.0,1.0,1.0,0.545,0.545,0.545,0.0,CHANCE_REL,CHANCE_REL,,0.57,0.58,0.59
V0603,WI,7b7b025e7ee58f2b,HOLD,S,o0,0,CHANCE,CHANCE_REL,CHANCE_REL,11,0.09090909090909038,IDENTITY-BROKEN,0.45454545454545453,1.0,1.0,1.0,0.545,0.545,0.545,0.0,CHANCE_REL,CHANCE_REL,,0.57,0.58,0.59
V0604,WI,85ca202e89057873,HOLD,site_all,o0,0,CHANCE,CHANCE_REL,CHANCE_REL,11,0.09090909090909038,IDENTITY-BROKEN,0.45454545454545453,1.0,1.0,1.0,0.545,0.545,0.545,0.0,CHANCE_REL,CHANCE_REL,,0.57,0.58,0.59
V0605,WI,85ca202e89057873,HOLD,joint,o0,0,CHANCE,CHANCE_REL,CHANCE_REL,11,0.09090909090909038,IDENTITY-BROKEN,0.45454545454545453,1.0,1.0,1.0,0.545,0.545,0.545,0.0,CHANCE_REL,CHANCE_REL,,0.57,0.58,0.59
V0606,WI,85ca202e89057873,HOLD,S,o0,0,CHANCE,CHANCE_REL,CHANCE_REL,11,0.09090909090909038,IDENTITY-BROKEN,0.45454545454545453,1.0,1.0,1.0,0.545,0.545,0.545,0.0,CHANCE_REL,CHANCE_REL,,0.57,0.58,0.59
V0607,WI,8c37f32e68843070,RELAY,channel_all,o0,0,CHANCE,CHANCE_REL,CHANCE_REL,11,0.26607883817427386,IDENTITY-BROKEN,0.001037344398340249,0.842,0.829,0.854,0.591,0.58,0.602,0.15800000000000003,CHANCE_REL,CHANCE_REL,,0.57,0.58,0.59
V0608,WI,8c37f32e68843070,RELAY,joint,o0,0,CHANCE,CHANCE_REL,CHANCE_REL,11,0.2640041493775936,IDENTITY-BROKEN,0.001037344398340249,0.842,0.829,0.854,0.59,0.578,0.602,0.15800000000000003,CHANCE_REL,CHANCE_REL,,0.57,0.58,0.59
V0609,WI,8c37f32e68843070,RELAY,channel_content,o0,0,CHANCE,CHANCE_REL,CHANCE_REL,11,0.265819502074689,IDENTITY-BROKEN,0.001037344398340249,0.842,0.829,0.854,0.591,0.58,0.602,0.15800000000000003,CHANCE_REL,CHANCE_REL,,0.57,0.58,0.59
V0610,WI,8c37f32e68843070,RELAY,site_all,o5,5,FLIP,CHANCE_REL,CHANCE_REL,11,-0.4061203319502075,UNRESOLVED,0.6125518672199171,0.842,0.829,0.854,0.361,0.345,0.377,0.15800000000000003,CHANCE_REL,CHANCE_REL,,0.57,0.58,0.59
V0611,WI,8c37f32e68843070,RELAY,channel_all,o5,5,CHANCE,CHANCE_REL,CHANCE_REL,11,0.40612033195020725,UNRESOLVED,0.6125518672199171,0.842,0.829,0.854,0.639,0.623,0.655,0.15800000000000003,CHANCE_REL,CHANCE_REL,,0.57,0.58,0.59
V0612,WI,8c37f32e68843070,RELAY,inbox,o5,5,CHANCE,CHANCE_REL,CHANCE_REL,11,0.26919087136929465,UNRESOLVED,0.6125518672199171,0.842,0.829,0.854,0.592,0.581,0.603,0.15800000000000003,CHANCE_REL,CHANCE_REL,,0.57,0.58,0.59
V0613,WI,8c37f32e68843070,RELAY,channel_content,o5,5,CHANCE,CHANCE_REL,CHANCE_REL,11,0.3882261410788383,UNRESOLVED,0.6125518672199171,0.842,0.829,0.854,0.633,0.617,0.649,0.15800000000000003,CHANCE_REL,CHANCE_REL,,0.57,0.58,0.59
V0614,WI,8c37f32e68843070,RELAY,Kp,o5,5,CHANCE,CHANCE_REL,CHANCE_REL,11,0.32468879668049844,UNRESOLVED,0.6125518672199171,0.842,0.829,0.854,0.611,0.595,0.627,0.15800000000000003,CHANCE_REL,CHANCE_REL,,0.57,0.58,0.59
V0615,WI,8c37f32e68843070,RELAY,inbox,o6,6,CHANCE,CHANCE_REL,CHANCE_REL,11,0.41260373443983406,SITE,0.995850622406639,0.842,0.829,0.854,0.641,0.625,0.658,0.15800000000000003,CHANCE_REL,CHANCE_REL,,0.57,0.58,0.59
V0616,WI,8c37f32e68843070,RELAY,Kp,o6,6,FLIP,CHANCE_REL,CHANCE_REL,11,-0.40923236514522837,SITE,0.995850622406639,0.842,0.829,0.854,0.36,0.344,0.376,0.15800000000000003,CHANCE_REL,CHANCE_REL,,0.57,0.58,0.59
V0617,WI,8c37f32e68843070,RELAY,S,o7,7,CHANCE,CHANCE_REL,CHANCE_REL,11,-0.2634854771784233,SITE,0.9979253112033195,0.842,0.829,0.854,0.41,0.4,0.421,0.15800000000000003,CHANCE_REL,CHANCE_REL,,0.57,0.58,0.59
V0618,WI,8c37f32e68843070,RELAY,Kp,o7,7,CHANCE,CHANCE_REL,CHANCE_REL,11,0.26607883817427413,SITE,0.9979253112033195,0.842,0.829,0.854,0.591,0.58,0.601,0.15800000000000003,CHANCE_REL,CHANCE_REL,,0.57,0.58,0.59
V0619,WI,ab089e45b85e990b,HOLD,site_all,o0,0,CHANCE,CHANCE_REL,CHANCE_REL,11,0.09090909090909038,IDENTITY-BROKEN,0.45454545454545453,1.0,1.0,1.0,0.545,0.545,0.545,0.0,CHANCE_REL,CHANCE_REL,,0.57,0.58,0.59
V0620,WI,ab089e45b85e990b,HOLD,joint,o0,0,CHANCE,CHANCE_REL,CHANCE_REL,11,0.09090909090909038,IDENTITY-BROKEN,0.45454545454545453,1.0,1.0,1.0,0.545,0.545,0.545,0.0,CHANCE_REL,CHANCE_REL,,0.57,0.58,0.59
V0621,WI,ab089e45b85e990b,HOLD,S,o0,0,CHANCE,CHANCE_REL,CHANCE_REL,11,0.09090909090909038,IDENTITY-BROKEN,0.45454545454545453,1.0,1.0,1.0,0.545,0.545,0.545,0.0,CHANCE_REL,CHANCE_REL,,0.57,0.58,0.59
V0622,WI,bbef66a1ee9558ac,RELAY,site_all,o0,0,CHANCE,CHANCE_REL,CHANCE_REL,11,0.07116788321167887,IDENTITY-BROKEN,0.46441605839416056,0.889,0.879,0.899,0.528,0.518,0.538,0.11099999999999999,CHANCE_REL,CHANCE_REL,,0.57,0.58,0.59
V0623,WI,bbef66a1ee9558ac,RELAY,joint,o0,0,CHANCE,CHANCE_REL,CHANCE_REL,11,0.07116788321167887,IDENTITY-BROKEN,0.46441605839416056,0.889,0.879,0.899,0.528,0.518,0.538,0.11099999999999999,CHANCE_REL,CHANCE_REL,,0.57,0.58,0.59
V0624,WI,bbef66a1ee9558ac,RELAY,S,o0,0,CHANCE,CHANCE_REL,CHANCE_REL,11,0.07116788321167887,IDENTITY-BROKEN,0.46441605839416056,0.889,0.879,0.899,0.528,0.518,0.538,0.11099999999999999,CHANCE_REL,CHANCE_REL,,0.57,0.58,0.59
V0625,WI,bbef66a1ee9558ac,RELAY,channel_all,o9,9,CHANCE,CHANCE_REL,CHANCE_REL,11,0.4584854014598541,UNRESOLVED,0.635492700729927,0.889,0.879,0.899,0.678,0.662,0.694,0.11099999999999999,CHANCE_REL,CHANCE_REL,,0.57,0.58,0.59
V0626,WI,bbef66a1ee9558ac,RELAY,channel_content,o9,9,CHANCE,CHANCE_REL,CHANCE_REL,11,0.4584854014598541,UNRESOLVED,0.635492700729927,0.889,0.879,0.899,0.678,0.662,0.694,0.11099999999999999,CHANCE_REL,CHANCE_REL,,0.57,0.58,0.59
V0627,WI,bbef66a1ee9558ac,RELAY,site_all,o10,10,CHANCE,CHANCE_REL,CHANCE_REL,11,0.011861313868613192,UNRESOLVED,0.31386861313868614,0.889,0.879,0.899,0.505,0.486,0.523,0.11099999999999999,CHANCE_REL,CHANCE_REL,,0.57,0.58,0.59
V0628,WI,bbef66a1ee9558ac,RELAY,channel_all,o10,10,CHANCE,CHANCE_REL,CHANCE_REL,11,-0.011861313868613192,UNRESOLVED,0.31386861313868614,0.889,0.879,0.899,0.495,0.477,0.514,0.11099999999999999,CHANCE_REL,CHANCE_REL,,0.57,0.58,0.59
V0629,WI,bbef66a1ee9558ac,RELAY,S,o10,10,CHANCE,CHANCE_REL,CHANCE_REL,11,0.011861313868613192,UNRESOLVED,0.31386861313868614,0.889,0.879,0.899,0.505,0.486,0.523,0.11099999999999999,CHANCE_REL,CHANCE_REL,,0.57,0.58,0.59
V0630,WI,bbef66a1ee9558ac,RELAY,channel_content,o10,10,CHANCE,CHANCE_REL,CHANCE_REL,11,-0.011861313868613192,UNRESOLVED,0.31386861313868614,0.889,0.879,0.899,0.495,0.477,0.514,0.11099999999999999,CHANCE_REL,CHANCE_REL,,0.57,0.58,0.59
V0631,WI,bbef66a1ee9558ac,RELAY,site_all,o11,11,CHANCE,NO_EFFECT_REL,NO_EFFECT_REL,11,0.5415145985401462,UNRESOLVED,0.14279197080291972,0.889,0.879,0.899,0.711,0.698,0.724,0.11099999999999999,NO_EFFECT_REL,NO_EFFECT_REL,,0.57,0.58,0.59
V0632,WI,bbef66a1ee9558ac,RELAY,S,o11,11,CHANCE,NO_EFFECT_REL,NO_EFFECT_REL,11,0.5415145985401462,UNRESOLVED,0.14279197080291972,0.889,0.879,0.899,0.711,0.698,0.724,0.11099999999999999,NO_EFFECT_REL,NO_EFFECT_REL,,0.57,0.58,0.59
V0633,WI,bbef66a1ee9558ac,RELAY,site_all,o14,14,CHANCE,CHANCE_REL,CHANCE_REL,11,0.4584854014598541,UNRESOLVED,0.177007299270073,0.889,0.879,0.899,0.678,0.662,0.694,0.11099999999999999,CHANCE_REL,CHANCE_REL,,0.57,0.58,0.59
V0634,WI,bbef66a1ee9558ac,RELAY,inbox,o14,14,CHANCE,CHANCE_REL,CHANCE_REL,11,0.4584854014598541,UNRESOLVED,0.177007299270073,0.889,0.879,0.899,0.678,0.662,0.694,0.11099999999999999,CHANCE_REL,CHANCE_REL,,0.57,0.58,0.59
V0635,WI,bbef66a1ee9558ac,RELAY,channel_all,o15,15,CHANCE,NO_EFFECT_REL,NO_EFFECT_REL,11,0.5415145985401462,UNRESOLVED,0.6843065693430657,0.889,0.879,0.899,0.711,0.698,0.724,0.11099999999999999,NO_EFFECT_REL,NO_EFFECT_REL,,0.57,0.58,0.59
V0636,WI,bbef66a1ee9558ac,RELAY,S,o15,15,CHANCE,CHANCE_REL,CHANCE_REL,11,-0.07116788321167887,UNRESOLVED,0.6843065693430657,0.889,0.879,0.899,0.472,0.462,0.482,0.11099999999999999,CHANCE_REL,CHANCE_REL,,0.57,0.58,0.59
V0637,WI,bbef66a1ee9558ac,RELAY,inbox,o15,15,CHANCE,INDETERMINATE,INDETERMINATE,11,0.5296532846715329,UNRESOLVED,0.6843065693430657,0.889,0.879,0.899,0.706,0.693,0.719,0.11099999999999999,INDETERMINATE,INDETERMINATE,,0.57,0.58,0.59
V0638,WI,bbef66a1ee9558ac,RELAY,channel_content,o15,15,CHANCE,NO_EFFECT_REL,NO_EFFECT_REL,11,0.5415145985401462,UNRESOLVED,0.6843065693430657,0.889,0.879,0.899,0.711,0.698,0.724,0.11099999999999999,NO_EFFECT_REL,NO_EFFECT_REL,,0.57,0.58,0.59
V0639,WI,bf82cb29e967a489,RELAY,channel_all,o0,0,CHANCE,CHANCE_REL,CHANCE_REL,11,0.2171189979123169,UNDEFINED,,0.67,0.664,0.676,0.537,0.531,0.542,0.32999999999999996,CHANCE_REL,CHANCE_REL,,0.57,0.58,0.59
V0640,WI,bf82cb29e967a489,RELAY,joint,o0,0,CHANCE,CHANCE_REL,CHANCE_REL,11,0.2171189979123169,UNDEFINED,,0.67,0.664,0.676,0.537,0.531,0.542,0.32999999999999996,CHANCE_REL,CHANCE_REL,,0.57,0.58,0.59
V0641,WI,bf82cb29e967a489,RELAY,channel_content,o0,0,CHANCE,CHANCE_REL,CHANCE_REL,11,0.2171189979123169,UNDEFINED,,0.67,0.664,0.676,0.537,0.531,0.542,0.32999999999999996,CHANCE_REL,CHANCE_REL,,0.57,0.58,0.59
V0642,WI,bf82cb29e967a489,RELAY,site_all,o3,3,CHANCE,CHANCE_REL,CHANCE_REL,11,0.35125260960334054,UNDEFINED,,0.67,0.664,0.676,0.56,0.553,0.566,0.32999999999999996,CHANCE_REL,CHANCE_REL,,0.57,0.58,0.59
V0643,WI,bf82cb29e967a489,RELAY,channel_all,o3,3,CHANCE,CHANCE_REL,CHANCE_REL,11,-0.3512526096033402,UNDEFINED,,0.67,0.664,0.676,0.44,0.434,0.447,0.32999999999999996,CHANCE_REL,CHANCE_REL,,0.57,0.58,0.59
V0644,WI,bf82cb29e967a489,RELAY,inbox,o3,3,CHANCE,CHANCE_REL,CHANCE_REL,11,0.35125260960334054,UNDEFINED,,0.67,0.664,0.676,0.56,0.553,0.566,0.32999999999999996,CHANCE_REL,CHANCE_REL,,0.57,0.58,0.59
V0645,WI,bf82cb29e967a489,RELAY,channel_content,o3,3,CHANCE,CHANCE_REL,CHANCE_REL,11,-0.3512526096033402,UNDEFINED,,0.67,0.664,0.676,0.44,0.434,0.447,0.32999999999999996,CHANCE_REL,CHANCE_REL,,0.57,0.58,0.59
V0646,WI,bf82cb29e967a489,RELAY,site_all,o6,6,CHANCE,CHANCE_REL,CHANCE_REL,11,0.43893528183716085,UNDEFINED,,0.67,0.664,0.676,0.575,0.566,0.583,0.32999999999999996,CHANCE_REL,CHANCE_REL,,0.57,0.58,0.59
V0647,WI,bf82cb29e967a489,RELAY,channel_all,o6,6,CHANCE,CHANCE_REL,CHANCE_REL,11,-0.4389352818371605,UNDEFINED,,0.67,0.664,0.676,0.425,0.417,0.434,0.32999999999999996,CHANCE_REL,CHANCE_REL,,0.57,0.58,0.59
V0648,WI,bf82cb29e967a489,RELAY,inbox,o6,6,CHANCE,CHANCE_REL,CHANCE_REL,11,0.43893528183716085,UNDEFINED,,0.67,0.664,0.676,0.575,0.566,0.583,0.32999999999999996,CHANCE_REL,CHANCE_REL,,0.57,0.58,0.59
V0649,WI,bf82cb29e967a489,RELAY,channel_content,o6,6,CHANCE,CHANCE_REL,CHANCE_REL,11,-0.4389352818371605,UNDEFINED,,0.67,0.664,0.676,0.425,0.417,0.434,0.32999999999999996,CHANCE_REL,CHANCE_REL,,0.57,0.58,0.59
V0650,WI,bf82cb29e967a489,RELAY,channel_all,o7,7,NO-EFFECT,NO_EFFECT_REL,NO_EFFECT_REL,11,0.7453027139874733,UNDEFINED,,0.67,0.664,0.676,0.627,0.621,0.633,0.32999999999999996,NO_EFFECT_REL,NO_EFFECT_REL,,0.57,0.58,0.59
V0651,WI,bf82cb29e967a489,RELAY,S,o7,7,CHANCE,CHANCE_REL,CHANCE_REL,11,-0.21711899791231754,UNDEFINED,,0.67,0.664,0.676,0.463,0.458,0.469,0.32999999999999996,CHANCE_REL,CHANCE_REL,,0.57,0.58,0.59
V0652,WI,bf82cb29e967a489,RELAY,inbox,o7,7,CHANCE,INDETERMINATE,INDETERMINATE,11,0.471816283924843,UNDEFINED,,0.67,0.664,0.676,0.58,0.574,0.587,0.32999999999999996,INDETERMINATE,INDETERMINATE,,0.57,0.58,0.59
V0653,WI,bf82cb29e967a489,RELAY,channel_content,o7,7,NO-EFFECT,NO_EFFECT_REL,NO_EFFECT_REL,11,0.7453027139874733,UNDEFINED,,0.67,0.664,0.676,0.627,0.621,0.633,0.32999999999999996,NO_EFFECT_REL,NO_EFFECT_REL,,0.57,0.58,0.59
V0654,WI,c16d52319beb8bce,RELAY,channel_all,o0,0,CHANCE,CHANCE_REL,CHANCE_REL,11,0.09747378455672087,IDENTITY-BROKEN,0.13562836997096642,0.873,0.856,0.889,0.536,0.521,0.552,0.127,CHANCE_REL,CHANCE_REL,,0.57,0.58,0.59
V0655,WI,c16d52319beb8bce,RELAY,joint,o0,0,CHANCE,CHANCE_REL,CHANCE_REL,11,0.08698760724499512,IDENTITY-BROKEN,0.13562836997096642,0.873,0.856,0.889,0.532,0.516,0.549,0.127,CHANCE_REL,CHANCE_REL,,0.57,0.58,0.59
V0656,WI,c16d52319beb8bce,RELAY,channel_content,o0,0,CHANCE,CHANCE_REL,CHANCE_REL,11,0.09699714013346046,IDENTITY-BROKEN,0.13562836997096642,0.873,0.856,0.889,0.536,0.52,0.551,0.127,CHANCE_REL,CHANCE_REL,,0.57,0.58,0.59
V0657,WI,c16d52319beb8bce,RELAY,site_all,o4,4,CHANCE,NO_EFFECT_REL,NO_EFFECT_REL,11,0.6644423260247857,MIXTURE,0.2770634591455827,0.873,0.856,0.889,0.748,0.729,0.766,0.127,NO_EFFECT_REL,NO_EFFECT_REL,,0.57,0.58,0.59
V0658,WI,c16d52319beb8bce,RELAY,S,o4,4,CHANCE,NO_EFFECT_REL,NO_EFFECT_REL,11,0.6644423260247857,MIXTURE,0.2770634591455827,0.873,0.856,0.889,0.748,0.729,0.766,0.127,NO_EFFECT_REL,NO_EFFECT_REL,,0.57,0.58,0.59
V0659,WI,c16d52319beb8bce,RELAY,site_all,o5,5,FLIP,CHANCE_REL,CHANCE_REL,11,-0.3281696854146809,MIXTURE,0.7084197428452924,0.873,0.856,0.889,0.378,0.356,0.399,0.127,CHANCE_REL,CHANCE_REL,,0.57,0.58,0.59
V0660,WI,c16d52319beb8bce,RELAY,channel_all,o5,5,CHANCE,CHANCE_REL,CHANCE_REL,11,0.3281696854146809,MIXTURE,0.7084197428452924,0.873,0.856,0.889,0.622,0.601,0.644,0.127,CHANCE_REL,CHANCE_REL,,0.57,0.58,0.59
V0661,WI,c16d52319beb8bce,RELAY,S,o5,5,CHANCE,CHANCE_REL,CHANCE_REL,11,0.2502383222116303,MIXTURE,0.7084197428452924,0.873,0.856,0.889,0.593,0.569,0.615,0.127,CHANCE_REL,CHANCE_REL,,0.57,0.58,0.59
V0662,WI,c16d52319beb8bce,RELAY,inbox,o5,5,CHANCE,CHANCE_REL,CHANCE_REL,11,0.42159199237368916,MIXTURE,0.7084197428452924,0.873,0.856,0.889,0.657,0.638,0.676,0.127,CHANCE_REL,CHANCE_REL,,0.57,0.58,0.59
V0663,WI,c16d52319beb8bce,RELAY,channel_content,o5,5,CHANCE,CHANCE_REL,CHANCE_REL,11,0.32721639656816004,MIXTURE,0.7084197428452924,0.873,0.856,0.889,0.622,0.601,0.643,0.127,CHANCE_REL,CHANCE_REL,,0.57,0.58,0.59
V0664,WI,c16d52319beb8bce,RELAY,S,o6,6,FLIP,CHANCE_REL,CHANCE_REL,11,-0.3281696854146809,SITE,1.0,0.873,0.856,0.889,0.378,0.356,0.399,0.127,CHANCE_REL,CHANCE_REL,,0.57,0.58,0.59
V0665,WI,c16d52319beb8bce,RELAY,inbox,o6,6,CHANCE,CHANCE_REL,CHANCE_REL,11,0.32769304099142044,SITE,1.0,0.873,0.856,0.889,0.622,0.601,0.643,0.127,CHANCE_REL,CHANCE_REL,,0.57,0.58,0.59
V0666,WI,cd5b6fd649eb242d,RELAY,channel_all,o0,0,CHANCE,CHANCE_REL,CHANCE_REL,11,0.09161190568225724,UNDEFINED,,0.73,0.725,0.734,0.521,0.516,0.525,0.27,CHANCE_REL,CHANCE_REL,,0.57,0.58,0.59
V0667,WI,cd5b6fd649eb242d,RELAY,joint,o0,0,CHANCE,CHANCE_REL,CHANCE_REL,11,0.09161190568225724,UNDEFINED,,0.73,0.725,0.734,0.521,0.517,0.525,0.27,CHANCE_REL,CHANCE_REL,,0.57,0.58,0.59
V0668,WI,cd5b6fd649eb242d,RELAY,channel_content,o0,0,CHANCE,CHANCE_REL,CHANCE_REL,11,0.09161190568225724,UNDEFINED,,0.73,0.725,0.734,0.521,0.516,0.525,0.27,CHANCE_REL,CHANCE_REL,,0.57,0.58,0.59
V0669,WI,cd5b6fd649eb242d,RELAY,site_all,o3,3,CHANCE,INDETERMINATE,INDETERMINATE,11,0.4607653652879778,UNDEFINED,,0.73,0.725,0.734,0.606,0.597,0.614,0.27,INDETERMINATE,INDETERMINATE,,0.57,0.58,0.59
V0670,WI,cd5b6fd649eb242d,RELAY,channel_all,o3,3,CHANCE,INDETERMINATE,INDETERMINATE,11,-0.4607653652879783,UNDEFINED,,0.73,0.725,0.734,0.394,0.386,0.403,0.27,INDETERMINATE,INDETERMINATE,,0.57,0.58,0.59
V0671,WI,cd5b6fd649eb242d,RELAY,inbox,o3,3,CHANCE,CHANCE_REL,CHANCE_REL,11,0.4626981059141859,UNDEFINED,,0.73,0.725,0.734,0.606,0.598,0.615,0.27,CHANCE_REL,CHANCE_REL,,0.57,0.58,0.59
V0672,WI,cd5b6fd649eb242d,RELAY,channel_content,o3,3,CHANCE,INDETERMINATE,INDETERMINATE,11,-0.4607653652879783,UNDEFINED,,0.73,0.725,0.734,0.394,0.386,0.403,0.27,INDETERMINATE,INDETERMINATE,,0.57,0.58,0.59
V0673,WI,cd5b6fd649eb242d,RELAY,site_all,o4,4,CHANCE,CHANCE_REL,CHANCE_REL,11,0.3455740239659836,UNDEFINED,,0.73,0.725,0.734,0.579,0.569,0.59,0.27,CHANCE_REL,CHANCE_REL,,0.57,0.58,0.59
V0674,WI,cd5b6fd649eb242d,RELAY,channel_all,o4,4,CHANCE,CHANCE_REL,CHANCE_REL,11,-0.3455740239659836,UNDEFINED,,0.73,0.725,0.734,0.421,0.41,0.431,0.27,CHANCE_REL,CHANCE_REL,,0.57,0.58,0.59
V0675,WI,cd5b6fd649eb242d,RELAY,inbox,o4,4,CHANCE,CHANCE_REL,CHANCE_REL,11,0.361422497100889,UNDEFINED,,0.73,0.725,0.734,0.583,0.573,0.593,0.27,CHANCE_REL,CHANCE_REL,,0.57,0.58,0.59
V0676,WI,cd5b6fd649eb242d,RELAY,channel_content,o4,4,CHANCE,CHANCE_REL,CHANCE_REL,11,-0.3455740239659836,UNDEFINED,,0.73,0.725,0.734,0.421,0.41,0.431,0.27,CHANCE_REL,CHANCE_REL,,0.57,0.58,0.59
V0677,WI,cd5b6fd649eb242d,RELAY,site_all,o6,6,CHANCE,NO_EFFECT_REL,NO_EFFECT_REL,11,0.6509470429068419,UNDEFINED,,0.73,0.725,0.734,0.65,0.64,0.658,0.27,NO_EFFECT_REL,NO_EFFECT_REL,,0.57,0.58,0.59
V0678,WI,cd5b6fd649eb242d,RELAY,channel_all,o6,6,FLIP,FLIP_REL,FLIP_REL,11,-0.6509470429068416,UNDEFINED,,0.73,0.725,0.734,0.35,0.342,0.36,0.27,FLIP_REL,FLIP_REL,,0.57,0.58,0.59
V0679,WI,cd5b6fd649eb242d,RELAY,S,o6,6,CHANCE,NO_EFFECT_REL,NO_EFFECT_REL,11,0.7383069192114411,UNDEFINED,,0.73,0.725,0.734,0.67,0.662,0.677,0.27,NO_EFFECT_REL,NO_EFFECT_REL,,0.57,0.58,0.59
V0680,WI,cd5b6fd649eb242d,RELAY,channel_content,o6,6,FLIP,FLIP_REL,FLIP_REL,11,-0.6509470429068416,UNDEFINED,,0.73,0.725,0.734,0.35,0.342,0.36,0.27,FLIP_REL,FLIP_REL,,0.57,0.58,0.59
V0681,WI,cd5b6fd649eb242d,RELAY,site_all,o7,7,CHANCE,CHANCE_REL,CHANCE_REL,11,-0.07460378817162741,UNDEFINED,,0.73,0.725,0.734,0.483,0.472,0.493,0.27,CHANCE_REL,CHANCE_REL,,0.57,0.58,0.59
V0682,WI,cd5b6fd649eb242d,RELAY,channel_all,o7,7,CHANCE,CHANCE_REL,CHANCE_REL,11,0.07460378817162718,UNDEFINED,,0.73,0.725,0.734,0.517,0.507,0.528,0.27,CHANCE_REL,CHANCE_REL,,0.57,0.58,0.59
V0683,WI,cd5b6fd649eb242d,RELAY,S,o7,7,CHANCE,INDETERMINATE,INDETERMINATE,11,0.45187475840742153,UNDEFINED,,0.73,0.725,0.734,0.604,0.593,0.615,0.27,INDETERMINATE,INDETERMINATE,,0.57,0.58,0.59
V0684,WI,cd5b6fd649eb242d,RELAY,inbox,o7,7,CHANCE,INDETERMINATE,INDETERMINATE,11,0.4758407421724002,UNDEFINED,,0.73,0.725,0.734,0.609,0.602,0.617,0.27,INDETERMINATE,INDETERMINATE,,0.57,0.58,0.59
V0685,WI,cd5b6fd649eb242d,RELAY,channel_content,o7,7,CHANCE,CHANCE_REL,CHANCE_REL,11,0.07460378817162718,UNDEFINED,,0.73,0.725,0.734,0.517,0.507,0.528,0.27,CHANCE_REL,CHANCE_REL,,0.57,0.58,0.59
V0686,WI,cd5b6fd649eb242d,RELAY,S,o8,8,CHANCE,CHANCE_REL,CHANCE_REL,11,-0.20989563200618475,UNDEFINED,,0.73,0.725,0.734,0.452,0.442,0.461,0.27,CHANCE_REL,CHANCE_REL,,0.57,0.58,0.59
V0687,WI,cd5b6fd649eb242d,RELAY,inbox,o8,8,CHANCE,CHANCE_REL,CHANCE_REL,11,0.3877077696173175,UNDEFINED,,0.73,0.725,0.734,0.589,0.579,0.599,0.27,CHANCE_REL,CHANCE_REL,,0.57,0.58,0.59
V0688,WI,e06701a5e70bb7c2,RELAY,channel_all,o0,0,CHANCE,CHANCE_REL,CHANCE_REL,11,0.23311546840958575,UNDEFINED,,0.663,0.652,0.674,0.538,0.533,0.543,0.33699999999999997,CHANCE_REL,CHANCE_REL,,0.57,0.58,0.59
V0689,WI,e06701a5e70bb7c2,RELAY,joint,o0,0,CHANCE,CHANCE_REL,CHANCE_REL,11,0.21786492374727595,UNDEFINED,,0.663,0.652,0.674,0.536,0.531,0.541,0.33699999999999997,CHANCE_REL,CHANCE_REL,,0.57,0.58,0.59
V0690,WI,e06701a5e70bb7c2,RELAY,channel_count,o0,0,CHANCE,CHANCE_REL,CHANCE_REL,11,0.23311546840958575,UNDEFINED,,0.663,0.652,0.674,0.538,0.533,0.543,0.33699999999999997,CHANCE_REL,CHANCE_REL,,0.57,0.58,0.59
V0691,WI,e06701a5e70bb7c2,RELAY,site_all,o5,5,CHANCE,CHANCE_REL,CHANCE_REL,11,-0.39106753812636136,UNDEFINED,,0.663,0.652,0.674,0.436,0.429,0.444,0.33699999999999997,CHANCE_REL,CHANCE_REL,,0.57,0.58,0.59
V0692,WI,e06701a5e70bb7c2,RELAY,channel_all,o5,5,CHANCE,CHANCE_REL,CHANCE_REL,11,0.39106753812636136,UNDEFINED,,0.663,0.652,0.674,0.564,0.556,0.571,0.33699999999999997,CHANCE_REL,CHANCE_REL,,0.57,0.58,0.59
V0693,WI,e06701a5e70bb7c2,RELAY,S,o5,5,CHANCE,CHANCE_REL,CHANCE_REL,11,0.37581699346405223,UNDEFINED,,0.663,0.652,0.674,0.561,0.552,0.57,0.33699999999999997,CHANCE_REL,CHANCE_REL,,0.57,0.58,0.59
V0694,WI,e06701a5e70bb7c2,RELAY,inbox,o5,5,CHANCE,CHANCE_REL,CHANCE_REL,11,0.23311546840958575,UNDEFINED,,0.663,0.652,0.674,0.538,0.533,0.543,0.33699999999999997,CHANCE_REL,CHANCE_REL,,0.57,0.58,0.59
V0695,WI,e06701a5e70bb7c2,RELAY,channel_count,o5,5,CHANCE,CHANCE_REL,CHANCE_REL,11,0.39106753812636136,UNDEFINED,,0.663,0.652,0.674,0.564,0.556,0.571,0.33699999999999997,CHANCE_REL,CHANCE_REL,,0.57,0.58,0.59
V0696,WI,e06701a5e70bb7c2,RELAY,S,o6,6,CHANCE,CHANCE_REL,CHANCE_REL,11,-0.39106753812636136,UNDEFINED,,0.663,0.652,0.674,0.436,0.429,0.444,0.33699999999999997,CHANCE_REL,CHANCE_REL,,0.57,0.58,0.59
V0697,WI,e06701a5e70bb7c2,RELAY,inbox,o6,6,CHANCE,CHANCE_REL,CHANCE_REL,11,0.39106753812636136,UNDEFINED,,0.663,0.652,0.674,0.564,0.556,0.571,0.33699999999999997,CHANCE_REL,CHANCE_REL,,0.57,0.58,0.59
V0698,WI,e2afff1ce40123fc,RELAY,channel_all,o0,0,CHANCE,CHANCE_REL,CHANCE_REL,11,0.0945213726670679,IDENTITY-BROKEN,0.06323447118074986,0.795,0.781,0.808,0.528,0.515,0.539,0.20499999999999996,CHANCE_REL,CHANCE_REL,,0.57,0.58,0.59
V0699,WI,e2afff1ce40123fc,RELAY,joint,o0,0,CHANCE,CHANCE_REL,CHANCE_REL,11,0.11589403973509933,IDENTITY-BROKEN,0.06323447118074986,0.795,0.781,0.808,0.534,0.518,0.548,0.20499999999999996,CHANCE_REL,CHANCE_REL,,0.57,0.58,0.59
V0700,WI,e2afff1ce40123fc,RELAY,channel_content,o0,0,CHANCE,CHANCE_REL,CHANCE_REL,11,0.08097531607465396,IDENTITY-BROKEN,0.06323447118074986,0.795,0.781,0.808,0.524,0.511,0.536,0.20499999999999996,CHANCE_REL,CHANCE_REL,,0.57,0.58,0.59
V0701,WI,e2afff1ce40123fc,RELAY,channel_count,o2,2,NO-EFFECT,NO_EFFECT_REL,NO_EFFECT_REL,11,1.0237808549066825,UNRESOLVED,0.06827084499160604,0.795,0.781,0.808,0.802,0.791,0.814,0.20499999999999996,NO_EFFECT_REL,NO_EFFECT_REL,,0.57,0.58,0.59
V0702,WI,e2afff1ce40123fc,RELAY,site_all,o4,4,CHANCE,NO_EFFECT_REL,NO_EFFECT_REL,11,0.6402769416014453,UNRESOLVED,0.19306099608282037,0.795,0.781,0.808,0.689,0.67,0.706,0.20499999999999996,NO_EFFECT_REL,NO_EFFECT_REL,,0.57,0.58,0.59
V0703,WI,e2afff1ce40123fc,RELAY,S,o4,4,CHANCE,NO_EFFECT_REL,NO_EFFECT_REL,11,0.6408789885611076,UNRESOLVED,0.19306099608282037,0.795,0.781,0.808,0.689,0.671,0.707,0.20499999999999996,NO_EFFECT_REL,NO_EFFECT_REL,,0.57,0.58,0.59
V0704,WI,e2afff1ce40123fc,RELAY,site_all,o5,5,CHANCE,CHANCE_REL,CHANCE_REL,11,-0.324202287778447,UNRESOLVED,0.6261891438164522,0.795,0.781,0.808,0.404,0.391,0.418,0.20499999999999996,CHANCE_REL,CHANCE_REL,,0.57,0.58,0.59
V0705,WI,e2afff1ce40123fc,RELAY,channel_all,o5,5,CHANCE,CHANCE_REL,CHANCE_REL,11,0.3242022877784466,UNRESOLVED,0.6261891438164522,0.795,0.781,0.808,0.596,0.582,0.609,0.20499999999999996,CHANCE_REL,CHANCE_REL,,0.57,0.58,0.59
V0706,WI,e2afff1ce40123fc,RELAY,S,o5,5,CHANCE,CHANCE_REL,CHANCE_REL,11,0.20138470800722436,UNRESOLVED,0.6261891438164522,0.795,0.781,0.808,0.559,0.541,0.577,0.20499999999999996,CHANCE_REL,CHANCE_REL,,0.57,0.58,0.59
V0707,WI,e2afff1ce40123fc,RELAY,inbox,o5,5,CHANCE,INDETERMINATE,INDETERMINATE,11,0.4708007224563518,UNRESOLVED,0.6261891438164522,0.795,0.781,0.808,0.639,0.623,0.655,0.20499999999999996,INDETERMINATE,INDETERMINATE,,0.57,0.58,0.59
V0708,WI,e2afff1ce40123fc,RELAY,channel_content,o5,5,CHANCE,CHANCE_REL,CHANCE_REL,11,0.32209512341962665,UNRESOLVED,0.6261891438164522,0.795,0.781,0.808,0.595,0.581,0.608,0.20499999999999996,CHANCE_REL,CHANCE_REL,,0.57,0.58,0.59
V0709,WI,e2afff1ce40123fc,RELAY,S,o6,6,CHANCE,CHANCE_REL,CHANCE_REL,11,-0.32480433473810966,SITE,0.9927252378287633,0.795,0.781,0.808,0.404,0.39,0.418,0.20499999999999996,CHANCE_REL,CHANCE_REL,,0.57,0.58,0.59
V0710,WI,e2afff1ce40123fc,RELAY,inbox,o6,6,CHANCE,CHANCE_REL,CHANCE_REL,11,0.3299217338952438,SITE,0.9927252378287633,0.795,0.781,0.808,0.597,0.584,0.611,0.20499999999999996,CHANCE_REL,CHANCE_REL,,0.57,0.58,0.59
V0711,WI,e9196cae3d7537f1,RELAY,channel_all,o0,0,CHANCE,CHANCE_REL,CHANCE_REL,11,-0.16455696202531664,IDENTITY-BROKEN,0.0,0.809,0.798,0.819,0.449,0.439,0.46,0.19099999999999995,CHANCE_REL,CHANCE_REL,,0.57,0.58,0.59
V0712,WI,e9196cae3d7537f1,RELAY,joint,o0,0,CHANCE,CHANCE_REL,CHANCE_REL,11,-0.16455696202531664,IDENTITY-BROKEN,0.0,0.809,0.798,0.819,0.449,0.439,0.46,0.19099999999999995,CHANCE_REL,CHANCE_REL,,0.57,0.58,0.59
V0713,WI,e9196cae3d7537f1,RELAY,channel_content,o0,0,CHANCE,CHANCE_REL,CHANCE_REL,11,-0.16455696202531664,IDENTITY-BROKEN,0.0,0.809,0.798,0.819,0.449,0.439,0.46,0.19099999999999995,CHANCE_REL,CHANCE_REL,,0.57,0.58,0.59
V0714,WI,e9196cae3d7537f1,RELAY,site_all,o3,3,CHANCE,NO_EFFECT_REL,NO_EFFECT_REL,11,0.807825086306099,CHANNEL,0.03049482163406214,0.809,0.798,0.819,0.749,0.736,0.762,0.19099999999999995,NO_EFFECT_REL,NO_EFFECT_REL,,0.57,0.58,0.59
V0715,WI,e9196cae3d7537f1,RELAY,inbox,o3,3,CHANCE,NO_EFFECT_REL,NO_EFFECT_REL,11,0.807825086306099,CHANNEL,0.03049482163406214,0.809,0.798,0.819,0.749,0.736,0.762,0.19099999999999995,NO_EFFECT_REL,NO_EFFECT_REL,,0.57,0.58,0.59
V0716,WI,e9196cae3d7537f1,RELAY,channel_all,o5,5,CHANCE,INDETERMINATE,INDETERMINATE,11,0.5155350978135791,UNRESOLVED,0.6478711162255466,0.809,0.798,0.819,0.659,0.645,0.673,0.19099999999999995,INDETERMINATE,INDETERMINATE,,0.57,0.58,0.59
V0717,WI,e9196cae3d7537f1,RELAY,S,o5,5,CHANCE,CHANCE_REL,CHANCE_REL,11,0.16455696202531644,UNRESOLVED,0.6478711162255466,0.809,0.798,0.819,0.551,0.54,0.561,0.19099999999999995,CHANCE_REL,CHANCE_REL,,0.57,0.58,0.59
V0718,WI,e9196cae3d7537f1,RELAY,inbox,o5,5,CHANCE,CHANCE_REL,CHANCE_REL,11,0.31990794016110446,UNRESOLVED,0.6478711162255466,0.809,0.798,0.819,0.599,0.585,0.612,0.19099999999999995,CHANCE_REL,CHANCE_REL,,0.57,0.58,0.59
V0719,WI,e9196cae3d7537f1,RELAY,channel_content,o5,5,CHANCE,INDETERMINATE,INDETERMINATE,11,0.5155350978135791,UNRESOLVED,0.6478711162255466,0.809,0.798,0.819,0.659,0.645,0.673,0.19099999999999995,INDETERMINATE,INDETERMINATE,,0.57,0.58,0.59
V0720,WI,ed16c5532e2398cd,RELAY,site_all,o0,0,CHANCE,CHANCE_REL,CHANCE_REL,11,0.1286438529784536,IDENTITY-BROKEN,0.2796780684104628,0.78,0.77,0.79,0.536,0.527,0.545,0.21999999999999997,CHANCE_REL,CHANCE_REL,,0.57,0.58,0.59
V0721,WI,ed16c5532e2398cd,RELAY,joint,o0,0,CHANCE,CHANCE_REL,CHANCE_REL,11,0.1286438529784536,IDENTITY-BROKEN,0.2796780684104628,0.78,0.77,0.79,0.536,0.527,0.545,0.21999999999999997,CHANCE_REL,CHANCE_REL,,0.57,0.58,0.59
V0722,WI,ed16c5532e2398cd,RELAY,S,o0,0,CHANCE,CHANCE_REL,CHANCE_REL,11,0.1267427122940427,IDENTITY-BROKEN,0.2796780684104628,0.78,0.77,0.79,0.536,0.526,0.544,0.21999999999999997,CHANCE_REL,CHANCE_REL,,0.57,0.58,0.59
V0723,WI,ed16c5532e2398cd,RELAY,site_all,o2,2,CHANCE,CHANCE_REL,CHANCE_REL,11,-0.2702788339670469,MIXTURE,0.630784708249497,0.78,0.77,0.79,0.424,0.414,0.435,0.21999999999999997,CHANCE_REL,CHANCE_REL,,0.57,0.58,0.59
V0724,WI,ed16c5532e2398cd,RELAY,channel_all,o2,2,CHANCE,CHANCE_REL,CHANCE_REL,11,0.27027883396704705,MIXTURE,0.630784708249497,0.78,0.77,0.79,0.576,0.565,0.586,0.21999999999999997,CHANCE_REL,CHANCE_REL,,0.57,0.58,0.59
V0725,WI,ed16c5532e2398cd,RELAY,S,o2,2,CHANCE,CHANCE_REL,CHANCE_REL,11,-0.25538656527249687,MIXTURE,0.630784708249497,0.78,0.77,0.79,0.428,0.419,0.439,0.21999999999999997,CHANCE_REL,CHANCE_REL,,0.57,0.58,0.59
V0726,WI,ed16c5532e2398cd,RELAY,channel_content,o2,2,CHANCE,CHANCE_REL,CHANCE_REL,11,0.27027883396704705,MIXTURE,0.630784708249497,0.78,0.77,0.79,0.576,0.565,0.586,0.21999999999999997,CHANCE_REL,CHANCE_REL,,0.57,0.58,0.59
V0727,WI,ed16c5532e2398cd,RELAY,S,o7,7,CHANCE,CHANCE_REL,CHANCE_REL,11,-0.17332065906210395,SITE,0.9154929577464789,0.78,0.77,0.79,0.451,0.442,0.462,0.21999999999999997,CHANCE_REL,CHANCE_REL,,0.57,0.58,0.59
V0728,WI,ed16c5532e2398cd,RELAY,inbox,o7,7,CHANCE,CHANCE_REL,CHANCE_REL,11,0.3054499366286437,SITE,0.9154929577464789,0.78,0.77,0.79,0.586,0.574,0.597,0.21999999999999997,CHANCE_REL,CHANCE_REL,,0.57,0.58,0.59
V0729,SCT,c16d5231,RELAY,sitestate,mid_sct,,CHANCE,NO_EFFECT_REL,NO_EFFECT_REL,12,0.6407894736842106,MIXTURE,0.280370227535673,0.871,0.855,0.886,0.738,0.72,0.755,0.129,NO_EFFECT_REL,NO_EFFECT_REL,,0.58,0.57,0.58
V0730,SCT,4781b0a1,MAJ,inflight,mid_sct,,CHANCE,CHANCE_REL,CHANCE_REL,12,0.04718137254901933,NEITHER,0.2696800406297613,0.766,0.748,0.782,0.513,0.499,0.527,0.23399999999999999,CHANCE_REL,CHANCE_REL,,0.58,0.57,0.58
V0731,SCT,4781b0a1,MAJ,sitestate,mid_sct,,CHANCE,CHANCE_REL,CHANCE_REL,12,-0.04718137254901954,NEITHER,0.2696800406297613,0.766,0.748,0.782,0.487,0.473,0.501,0.23399999999999999,CHANCE_REL,CHANCE_REL,,0.58,0.57,0.58
V0732,SCT,4781b0a1,MAJ,payload,mid_sct,,CHANCE,CHANCE_REL,CHANCE_REL,12,0.04718137254901933,NEITHER,0.2696800406297613,0.766,0.748,0.782,0.513,0.499,0.527,0.23399999999999999,CHANCE_REL,CHANCE_REL,,0.58,0.57,0.58
