{
  "challenge": "ALL-063",
  "title": "Kloosterman Sum Distribution",
  "timestamp": "2026-04-10T07:40:30",
  "elapsed_seconds": 0.0,
  "n_primes": 95,
  "normalized_stats": {
    "mean": -0.005387,
    "std": 0.499859,
    "range": [
      -0.9372,
      0.9294
    ]
  },
  "sato_tate_test": {
    "ks_stat": 0.042,
    "ks_pvalue": 0.9936
  },
  "uniform_test": {
    "ks_stat": 0.083,
    "ks_pvalue": 0.5029
  },
  "empirical_moments": [
    -0.005387,
    0.249888,
    -0.00288,
    0.119558,
    -0.002479,
    0.070575
  ],
  "st_moments": [
    0,
    0.25,
    0,
    0.125,
    0,
    0.078125
  ],
  "universality": {
    "n_ab_pairs_tested": 25,
    "n_pass_st": 23,
    "ab_results": {
      "(1,1)": {
        "mean": -0.0437,
        "std": 0.442,
        "ks_stat": 0.1148,
        "ks_pvalue": 0.86
      },
      "(1,2)": {
        "mean": 0.0457,
        "std": 0.4391,
        "ks_stat": 0.1061,
        "ks_pvalue": 0.9129
      },
      "(1,3)": {
        "mean": -0.0359,
        "std": 0.4795,
        "ks_stat": 0.1061,
        "ks_pvalue": 0.9133
      },
      "(1,4)": {
        "mean": 0.0473,
        "std": 0.4599,
        "ks_stat": 0.1507,
        "ks_pvalue": 0.57
      },
      "(1,5)": {
        "mean": 0.041,
        "std": 0.4858,
        "ks_stat": 0.1169,
        "ks_pvalue": 0.8457
      },
      "(2,1)": {
        "mean": 0.0457,
        "std": 0.4391,
        "ks_stat": 0.1061,
        "ks_pvalue": 0.9129
      },
      "(2,2)": {
        "mean": 0.0756,
        "std": 0.4562,
        "ks_stat": 0.1507,
        "ks_pvalue": 0.57
      },
      "(2,3)": {
        "mean": 0.0754,
        "std": 0.509,
        "ks_stat": 0.1353,
        "ks_pvalue": 0.7003
      },
      "(2,4)": {
        "mean": 0.0877,
        "std": 0.4927,
        "ks_stat": 0.154,
        "ks_pvalue": 0.5429
      },
      "(2,5)": {
        "mean": -0.0129,
        "std": 0.3933,
        "ks_stat": 0.1953,
        "ks_pvalue": 0.2604
      },
      "(3,1)": {
        "mean": -0.0359,
        "std": 0.4795,
        "ks_stat": 0.1061,
        "ks_pvalue": 0.9133
      },
      "(3,2)": {
        "mean": 0.0754,
        "std": 0.509,
        "ks_stat": 0.1353,
        "ks_pvalue": 0.7003
      },
      "(3,3)": {
        "mean": 0.0708,
        "std": 0.425,
        "ks_stat": 0.1464,
        "ks_pvalue": 0.6062
      },
      "(3,4)": {
        "mean": 0.155,
        "std": 0.5807,
        "ks_stat": 0.3002,
        "ks_pvalue": 0.0171
      },
      "(3,5)": {
        "mean": 0.0332,
        "std": 0.4695,
        "ks_stat": 0.1188,
        "ks_pvalue": 0.8317
      },
      "(4,1)": {
        "mean": 0.0473,
        "std": 0.4599,
        "ks_stat": 0.1507,
        "ks_pvalue": 0.57
      },
      "(4,2)": {
        "mean": 0.0877,
        "std": 0.4927,
        "ks_stat": 0.154,
        "ks_pvalue": 0.5429
      },
      "(4,3)": {
        "mean": 0.155,
        "std": 0.5807,
        "ks_stat": 0.3002,
        "ks_pvalue": 0.0171
      },
      "(4,4)": {
        "mean": 0.032,
        "std": 0.4632,
        "ks_stat": 0.1296,
        "ks_pvalue": 0.7477
      },
      "(4,5)": {
        "mean": 0.0367,
        "std": 0.3846,
        "ks_stat": 0.1891,
        "ks_pvalue": 0.2944
      },
      "(5,1)": {
        "mean": 0.041,
        "std": 0.4858,
        "ks_stat": 0.1169,
        "ks_pvalue": 0.8457
      },
      "(5,2)": {
        "mean": -0.0129,
        "std": 0.3933,
        "ks_stat": 0.1953,
        "ks_pvalue": 0.2604
      },
      "(5,3)": {
        "mean": 0.0332,
        "std": 0.4695,
        "ks_stat": 0.1188,
        "ks_pvalue": 0.8317
      },
      "(5,4)": {
        "mean": 0.0367,
        "std": 0.3846,
        "ks_stat": 0.1891,
        "ks_pvalue": 0.2944
      },
      "(5,5)": {
        "mean": -0.0447,
        "std": 0.5419,
        "ks_stat": 0.1535,
        "ks_pvalue": 0.5465
      }
    }
  },
  "assessment": "SATO-TATE CONFIRMED: S(1,1;p)/2\u221ap follows semicircle law (KS p=0.994). 23/25 (a,b) pairs universal"
}