{
  "challenge": "ALL-064",
  "title": "Universal ST Ratio",
  "timestamp": "2026-04-10T07:56:32",
  "elapsed_seconds": 1.2,
  "centroid_ratios": {
    "D_{2,1}": {
      "M2": 0.374828,
      "M4": 0.932899,
      "M2_over_M4": 0.401789,
      "kurtosis_ratio": 6.640026
    },
    "D_{3,2}": {
      "M2": 0.296843,
      "M4": 0.257065,
      "M2_over_M4": 1.154737,
      "kurtosis_ratio": 2.917359
    },
    "D_{6,2}": {
      "M2": 0.310666,
      "M4": 0.499449,
      "M2_over_M4": 0.622018,
      "kurtosis_ratio": 5.174914
    },
    "E_1": {
      "M2": 0.800228,
      "M4": 1.219125,
      "M2_over_M4": 0.656395,
      "kurtosis_ratio": 1.903798
    },
    "E_2": {
      "M2": 0.529325,
      "M4": 1.058075,
      "M2_over_M4": 0.500271,
      "kurtosis_ratio": 3.77635
    },
    "E_3": {
      "M2": 0.446581,
      "M4": 0.537134,
      "M2_over_M4": 0.831413,
      "kurtosis_ratio": 2.69329
    },
    "E_4": {
      "M2": 0.426403,
      "M4": 0.521795,
      "M2_over_M4": 0.817186,
      "kurtosis_ratio": 2.869847
    },
    "E_6": {
      "M2": 0.456445,
      "M4": 0.586341,
      "M2_over_M4": 0.778463,
      "kurtosis_ratio": 2.814317
    },
    "F_{ac}": {
      "M2": 0.168453,
      "M4": 0.310823,
      "M2_over_M4": 0.541958,
      "kurtosis_ratio": 10.953548
    },
    "G_{3,3}": {
      "M2": 0.482005,
      "M4": 0.563601,
      "M2_over_M4": 0.855224,
      "kurtosis_ratio": 2.425874
    },
    "J(C_2)": {
      "M2": 0.330203,
      "M4": 0.83269,
      "M2_over_M4": 0.39655,
      "kurtosis_ratio": 7.636959
    },
    "J(C_4)": {
      "M2": 0.491528,
      "M4": 0.923142,
      "M2_over_M4": 0.532451,
      "kurtosis_ratio": 3.820957
    },
    "J(E_1)": {
      "M2": 0.3931,
      "M4": 0.625911,
      "M2_over_M4": 0.628044,
      "kurtosis_ratio": 4.050482
    },
    "J(E_2)": {
      "M2": 0.18885,
      "M4": 0.321273,
      "M2_over_M4": 0.587818,
      "kurtosis_ratio": 9.008253
    },
    "J(E_3)": {
      "M2": 0.162666,
      "M4": 0.16575,
      "M2_over_M4": 0.981391,
      "kurtosis_ratio": 6.264153
    },
    "J(E_4)": {
      "M2": 0.160724,
      "M4": 0.167828,
      "M2_over_M4": 0.957669,
      "kurtosis_ratio": 6.496881
    },
    "J(E_6)": {
      "M2": 0.184548,
      "M4": 0.227752,
      "M2_over_M4": 0.810302,
      "kurtosis_ratio": 6.687204
    },
    "N(G_{1,3})": {
      "M2": 0.440681,
      "M4": 0.49337,
      "M2_over_M4": 0.893207,
      "kurtosis_ratio": 2.540524
    },
    "N(G_{3,3})": {
      "M2": 0.219289,
      "M4": 0.24568,
      "M2_over_M4": 0.89258,
      "kurtosis_ratio": 5.108989
    },
    "USp(4)": {
      "M2": 0.248595,
      "M4": 0.17823,
      "M2_over_M4": 1.3948,
      "kurtosis_ratio": 2.884001
    }
  },
  "theoretical": {
    "SU(2)": {
      "M2": 0.25,
      "M4": 0.125,
      "ratio": 2.0,
      "kurtosis": 2.0
    },
    "U(1)": {
      "M2": 0.5,
      "M4": 0.375,
      "ratio": 1.333,
      "kurtosis": 1.5
    }
  },
  "raw_data_ratios": {
    "CM": {
      "n": 116,
      "M2_mean": 0.219624,
      "M4_mean": 0.159445,
      "ratio_mean": 1.4611,
      "ratio_std": 0.2917,
      "kurtosis_mean": 3.3773,
      "kurtosis_std": 0.9201
    },
    "non-CM": {
      "n": 17198,
      "M2_mean": 0.248619,
      "M4_mean": 0.12342,
      "ratio_mean": 2.25,
      "ratio_std": 0.6801,
      "kurtosis_mean": 1.9761,
      "kurtosis_std": 0.4195
    }
  },
  "universality": {
    "n_groups": 20,
    "ratio_cv": 0.3224,
    "all_ratios": [
      0.401789,
      1.154737,
      0.622018,
      0.656395,
      0.500271,
      0.831413,
      0.817186,
      0.778463,
      0.541958,
      0.855224,
      0.39655,
      0.532451,
      0.628044,
      0.587818,
      0.981391,
      0.957669,
      0.810302,
      0.893207,
      0.89258,
      1.3948
    ]
  },
  "assessment": "NOT UNIVERSAL: CV=0.322. M\u2082/M\u2084 is strongly group-dependent \u2014 each ST group has distinct moment structure"
}