{
  "challenge": "OSC-2",
  "title": "Altitude Camouflage: Entropy Decay Gradient for 15.2.a.a Twist Orbit",
  "timestamp": "2026-04-10T09:44:23",
  "elapsed_seconds": 2.4,
  "target": "15.2.a.a",
  "twist_orbit": {
    "15.2.a.a": {
      "disc": 1,
      "label": "15.2.a.a"
    },
    "chi_8": {
      "disc": 8,
      "label": "960.2.a.l"
    },
    "chi_12": {
      "disc": 12,
      "label": "240.2.a.d"
    },
    "ct4_chi_-3": {
      "disc": -3,
      "label": "45.2.a.a"
    },
    "ct4_chi_5": {
      "disc": 5,
      "label": "75.2.a.b"
    }
  },
  "ells": [
    2,
    3,
    5,
    7,
    11,
    13
  ],
  "neighborhood_curves": {
    "15.2.a.a": {
      "2": 2342,
      "3": 30,
      "5": 2,
      "7": 0,
      "11": 0,
      "13": 0
    },
    "960.2.a.l": {
      "2": 2342,
      "3": 1,
      "5": 0,
      "7": 0,
      "11": 0,
      "13": 0
    },
    "240.2.a.d": {
      "2": 2342,
      "3": 2,
      "5": 0,
      "7": 0,
      "11": 0,
      "13": 0
    },
    "45.2.a.a": {
      "2": 2342,
      "3": 12,
      "5": 1,
      "7": 0,
      "11": 0,
      "13": 0
    },
    "75.2.a.b": {
      "2": 2342,
      "3": 5,
      "5": 0,
      "7": 0,
      "11": 0,
      "13": 0
    }
  },
  "global_entropy": {
    "2": 8.1517,
    "3": 12.6661,
    "5": 13.9384,
    "7": 14.0562,
    "11": 14.0791,
    "13": 14.0797
  },
  "form_entropy": {
    "15.2.a.a": {
      "2": 0.390479,
      "3": 0.016339,
      "5": 0.002165,
      "7": 0.000813,
      "11": 0.000813,
      "13": 0.000813
    },
    "960.2.a.l": {
      "2": 0.390479,
      "3": 0.001511,
      "5": 0.000813,
      "7": 0.000813,
      "11": 0.000813,
      "13": 0.000813
    },
    "240.2.a.d": {
      "2": 0.390479,
      "3": 0.002165,
      "5": 0.000813,
      "7": 0.000813,
      "11": 0.000813,
      "13": 0.000813
    },
    "45.2.a.a": {
      "2": 0.390479,
      "3": 0.007793,
      "5": 0.001511,
      "7": 0.000813,
      "11": 0.000813,
      "13": 0.000813
    },
    "75.2.a.b": {
      "2": 0.390479,
      "3": 0.003983,
      "5": 0.000813,
      "7": 0.000813,
      "11": 0.000813,
      "13": 0.000813
    }
  },
  "critical_prime": {
    "ell_c_per_form": {
      "15.2.a.a": 7,
      "960.2.a.l": 3,
      "240.2.a.d": 5,
      "45.2.a.a": 5,
      "75.2.a.b": 5
    },
    "twist_invariant": false,
    "distinct_values": [
      3,
      5,
      7
    ]
  },
  "decay_analysis": {
    "15.2.a.a": {
      "slope": -3.1915,
      "intercept": 16.3385,
      "residual_max": 1.8571,
      "residual_at": 3,
      "r_squared": 0.8986,
      "n_points": 3,
      "log2_N": {
        "2": 11.19,
        "3": 4.91,
        "5": 1.0
      }
    },
    "960.2.a.l": {
      "slope": -11.1935,
      "intercept": 33.5806,
      "residual_max": 0.0,
      "residual_at": 2,
      "r_squared": 1.0,
      "n_points": 2,
      "log2_N": {
        "2": 11.19,
        "3": 0.0
      }
    },
    "240.2.a.d": {
      "slope": -10.1935,
      "intercept": 31.5806,
      "residual_max": 0.0,
      "residual_at": 2,
      "r_squared": 1.0,
      "n_points": 2,
      "log2_N": {
        "2": 11.19,
        "3": 1.0
      }
    },
    "45.2.a.a": {
      "slope": -3.4542,
      "intercept": 16.4402,
      "residual_max": 2.4926,
      "residual_at": 3,
      "r_squared": 0.8521,
      "n_points": 3,
      "log2_N": {
        "2": 11.19,
        "3": 3.58,
        "5": 0.0
      }
    },
    "75.2.a.b": {
      "slope": -8.8716,
      "intercept": 28.9367,
      "residual_max": 0.0,
      "residual_at": 2,
      "r_squared": 1.0,
      "n_points": 2,
      "log2_N": {
        "2": 11.19,
        "3": 2.32
      }
    }
  },
  "background": {
    "n_forms": 100,
    "mean_N": {
      "2": 859.39,
      "3": 5.81,
      "5": 0.13,
      "7": 0.02,
      "11": 0.0,
      "13": 0.0
    },
    "median_N": {
      "2": 39.0,
      "3": 1.0,
      "5": 0.0,
      "7": 0.0,
      "11": 0.0,
      "13": 0.0
    },
    "std_N": {
      "2": 1052.93,
      "3": 24.29,
      "5": 0.34,
      "7": 0.14,
      "11": 0.0,
      "13": 0.0
    },
    "p90_N": {
      "2": 2342.0,
      "3": 5.1,
      "5": 1.0,
      "7": 0.0,
      "11": 0.0,
      "13": 0.0
    },
    "p99_N": {
      "2": 2342.0,
      "3": 142.5,
      "5": 1.0,
      "7": 1.0,
      "11": 0.0,
      "13": 0.0
    },
    "target_z_score": {
      "2": 1.41,
      "3": 1.0,
      "5": 5.56,
      "7": -0.14,
      "11": null,
      "13": null
    },
    "ell_c_distribution": {
      "2": 10,
      "3": 51,
      "5": 39
    }
  },
  "cluster_distributions": {
    "2": {
      "n_clusters": 2211,
      "max": 2343,
      "top_5": [
        2343,
        2325,
        1065,
        323,
        181
      ],
      "singletons": 619,
      "singleton_fraction": 0.28
    },
    "3": {
      "n_clusters": 9520,
      "max": 189,
      "top_5": [
        189,
        143,
        92,
        79,
        64
      ],
      "singletons": 5904,
      "singleton_fraction": 0.6202
    },
    "5": {
      "n_clusters": 16145,
      "max": 14,
      "top_5": [
        14,
        13,
        7,
        6,
        5
      ],
      "singletons": 15057,
      "singleton_fraction": 0.9326
    },
    "7": {
      "n_clusters": 17112,
      "max": 3,
      "top_5": [
        3,
        3,
        2,
        2,
        2
      ],
      "singletons": 16912,
      "singleton_fraction": 0.9883
    },
    "11": {
      "n_clusters": 17309,
      "max": 2,
      "top_5": [
        2,
        2,
        2,
        2,
        2
      ],
      "singletons": 17304,
      "singleton_fraction": 0.9997
    },
    "13": {
      "n_clusters": 17314,
      "max": 1,
      "top_5": [
        1,
        1,
        1,
        1,
        1
      ],
      "singletons": 17314,
      "singleton_fraction": 1.0
    }
  },
  "assessment": "Twist orbit: 5 distinct forms. 15.2.a.a: N(2)=2342, N(3)=30, N(5)=2, N(7)=0, N(11)=0, N(13)=0. ell_c varies: [3, 5, 7] \u2014 twisting shifts camouflage altitude. Decay is predominantly smooth (exponential). Mod-2 neighborhood z-score vs background: 1.41"
}