{
  "test": "C43-ext/R2",
  "claim": "Prime gap M4/M2^2 scales at ~0.43/decade toward Poisson",
  "scaling_slope_m4m2": 0.369194897201201,
  "scaling_r2_m4m2": 0.881787697930079,
  "scaling_slope_m6m2": 7.876734685126356,
  "scaling_slope_m8m2": 205.91162458502737,
  "slope_verdict": "REFINED",
  "decade_eta2": 0.0036018854681665016,
  "classification": "NEGLIGIBLE",
  "f24": {
    "verdict": "NEGLIGIBLE_EFFECT",
    "result": {
      "eta_squared": 0.0036018854681665016,
      "f_statistic": 3471.1790924253455,
      "ss_between": 4547313.856757686,
      "ss_within": 1257934210.5967236,
      "ss_total": 1262481524.4534812,
      "n_groups": 7,
      "n_total": 5761450,
      "group_stats": {
        "1": {
          "n": 21,
          "mean": 4.285714285714286,
          "std": 1.7766436291597743,
          "cv": 0.4145501801372807
        },
        "2": {
          "n": 143,
          "mean": 6.34965034965035,
          "std": 3.674251250985296,
          "cv": 0.5786541067080366
        },
        "3": {
          "n": 1061,
          "mean": 8.480678605089539,
          "std": 6.127059765332704,
          "cv": 0.7224728174058678
        },
        "4": {
          "n": 8363,
          "mean": 10.761210092072222,
          "std": 8.235721696865026,
          "cv": 0.7653155757020559
        },
        "5": {
          "n": 68906,
          "mean": 13.061271877630395,
          "std": 10.518306318107307,
          "cv": 0.8053049057283357
        },
        "6": {
          "n": 586081,
          "mean": 15.356266454636817,
          "std": 12.813638802900146,
          "cv": 0.8344240991618815
        },
        "7": {
          "n": 5096875,
          "mean": 17.657872716125077,
          "std": 15.043601413944755,
          "cv": 0.8519486835017798
        }
      }
    }
  },
  "f24b": {
    "verdict": "EXTREME_TAIL_DRIVEN",
    "result": {
      "m4m2_by_group": {
        "1": 1.5475761610149579,
        "2": 2.3508737427656348,
        "3": 3.373456069791484,
        "4": 3.8926178505025524,
        "5": 4.326113460201544,
        "6": 4.557735595303223
      },
      "m4m2_ratio": 2.9450799967828987,
      "eta_squared": 0.0051462387493897525,
      "medians": {
        "1": 4.0,
        "2": 6.0,
        "3": 6.0,
        "4": 8.0,
        "5": 10.0,
        "6": 12.0
      },
      "median_range_ratio": 3.0,
      "iqrs": {
        "1": [
          2.0,
          6.0
        ],
        "2": [
          4.0,
          8.0
        ],
        "3": [
          4.0,
          12.0
        ],
        "4": [
          6.0,
          14.0
        ],
        "5": [
          6.0,
          18.0
        ],
        "6": [
          6.0,
          20.0
        ]
      },
      "tail_frac_by_group": {
        "1": 0.0,
        "2": 0.0,
        "3": 0.015080113100848256,
        "4": 0.04209015903383953,
        "5": 0.0860157315763504,
        "6": 0.13623566748566748
      },
      "tail_contribution": 0.6450205101199461
    }
  },
  "f25": {
    "verdict": "CONTEXT_DEPENDENT",
    "result": {
      "per_group": [
        {
          "held_out": "1",
          "n_test": 21,
          "r2_oos": -36.69163066506001
        },
        {
          "held_out": "2",
          "n_test": 143,
          "r2_oos": -5.605802403648341
        },
        {
          "held_out": "3",
          "n_test": 1061,
          "r2_oos": -1.1522516400252738
        },
        {
          "held_out": "4",
          "n_test": 8363,
          "r2_oos": -0.27777164477928906
        },
        {
          "held_out": "5",
          "n_test": 68906,
          "r2_oos": -0.0443700650377401
        },
        {
          "held_out": "6",
          "n_test": 586080,
          "r2_oos": -0.0417090963863449
        }
      ],
      "weighted_oos_r2": -0.04908396680376229,
      "mean_oos_r2": -7.302255919156167,
      "n_groups_tested": 6
    }
  },
  "f27": {
    "verdict": "NOT_TAUTOLOGY",
    "result": {}
  },
  "by_scale": {
    "3": {
      "exponent": 3,
      "limit": 1000,
      "n_primes": 168,
      "n_gaps": 167,
      "mean_gap": 5.958083832335329,
      "std_gap": 3.546700066010883,
      "max_gap": 20.0,
      "m2": 1.3543526678619229,
      "m4m2": 2.508451622489847,
      "m6m2": 10.440938096834458,
      "m8m2": 58.153397990630545,
      "elapsed_s": 0.0
    },
    "4": {
      "exponent": 4,
      "limit": 10000,
      "n_primes": 1229,
      "n_gaps": 1228,
      "mean_gap": 8.11970684039088,
      "std_gap": 5.861832259497658,
      "max_gap": 36.0,
      "m2": 1.5211779992889016,
      "m4m2": 3.4440723767417194,
      "m6m2": 21.094384538001986,
      "m8m2": 167.90401241249097,
      "elapsed_s": 0.0
    },
    "5": {
      "exponent": 5,
      "limit": 100000,
      "n_primes": 9592,
      "n_gaps": 9591,
      "mean_gap": 10.425294546971118,
      "std_gap": 8.023647561431403,
      "max_gap": 72.0,
      "m2": 1.5923344886202495,
      "m4m2": 3.9739431854100604,
      "m6m2": 34.030855213096366,
      "m8m2": 463.70059583683496,
      "elapsed_s": 0.0
    },
    "6": {
      "exponent": 6,
      "limit": 1000000,
      "n_primes": 78498,
      "n_gaps": 78497,
      "mean_gap": 12.739098309489535,
      "std_gap": 10.28239601088216,
      "max_gap": 114.0,
      "m2": 1.6514952802414593,
      "m4m2": 4.383827858407713,
      "m6m2": 45.17887236081944,
      "m8m2": 810.3576178014217,
      "elapsed_s": 0.4
    },
    "7": {
      "exponent": 7,
      "limit": 10000000,
      "n_primes": 664579,
      "n_gaps": 664578,
      "mean_gap": 15.047126146216096,
      "std_gap": 12.569700527410179,
      "max_gap": 154.0,
      "m2": 1.6978189159695014,
      "m4m2": 4.603715831714144,
      "m6m2": 50.031159641668346,
      "m8m2": 963.5299112189442,
      "elapsed_s": 4.7
    },
    "8": {
      "exponent": 8,
      "limit": 100000000,
      "n_primes": 5761455,
      "n_gaps": 5761454,
      "mean_gap": 17.3567274858048,
      "std_gap": 14.802893822165297,
      "max_gap": 220.0,
      "m2": 1.727373640689029,
      "m4m2": 4.740143233893037,
      "m6m2": 53.102305179536785,
      "m8m2": 1052.5237992500442,
      "elapsed_s": 47.2
    },
    "9": {
      "exponent": 9,
      "limit": 1000000000,
      "n_primes": 50847534,
      "n_gaps": 50847533,
      "mean_gap": 19.666636235822885,
      "std_gap": 17.066606876914577,
      "max_gap": 282.0,
      "m2": 1.7530680106444343,
      "m4m2": 4.880299209498817,
      "m6m2": 57.28507992079994,
      "m8m2": 1223.6389310984807,
      "elapsed_s": 477.6
    }
  }
}