{
  "test": "C43/S3",
  "claim": "Prime gap M4/M^2 scales +0.23/decade toward Poisson",
  "scaling_slope": 0.4299220884265964,
  "scaling_r2": 0.9049984915987754,
  "decade_eta2": 0.0036018854681665016,
  "classification": "NEGLIGIBLE",
  "by_scale": {
    "3": {
      "exponent": 3,
      "limit": 1000,
      "n_primes": 168,
      "n_gaps": 167,
      "mean_gap": 5.958083832335329,
      "std_gap": 3.546700066010883,
      "m4m2": 2.508451622489847,
      "m6m2": 10.440938096834458
    },
    "4": {
      "exponent": 4,
      "limit": 10000,
      "n_primes": 1229,
      "n_gaps": 1228,
      "mean_gap": 8.11970684039088,
      "std_gap": 5.861832259497658,
      "m4m2": 3.4440723767417194,
      "m6m2": 21.094384538001986
    },
    "5": {
      "exponent": 5,
      "limit": 100000,
      "n_primes": 9592,
      "n_gaps": 9591,
      "mean_gap": 10.425294546971118,
      "std_gap": 8.023647561431403,
      "m4m2": 3.9739431854100604,
      "m6m2": 34.030855213096366
    },
    "6": {
      "exponent": 6,
      "limit": 1000000,
      "n_primes": 78498,
      "n_gaps": 78497,
      "mean_gap": 12.739098309489535,
      "std_gap": 10.28239601088216,
      "m4m2": 4.383827858407713,
      "m6m2": 45.17887236081944
    },
    "7": {
      "exponent": 7,
      "limit": 10000000,
      "n_primes": 664579,
      "n_gaps": 664578,
      "mean_gap": 15.047126146216096,
      "std_gap": 12.569700527410179,
      "m4m2": 4.603715831714144,
      "m6m2": 50.031159641668346
    },
    "8": {
      "exponent": 8,
      "limit": 100000000,
      "n_primes": 5761455,
      "n_gaps": 5761454,
      "mean_gap": 17.3567274858048,
      "std_gap": 14.802893822165297,
      "m4m2": 4.740143233893037,
      "m6m2": 53.102305179536785
    }
  }
}