{
  "test": "C48/S2",
  "claim": "S_n character M4/M^2 = p(n)/n",
  "is_identity": false,
  "max_deviation": 0.9317099029948417,
  "mean_ratio": 0.495880690489758,
  "std_ratio": 0.4108017673023741,
  "n_tested": 29,
  "log_log_slope": 0.9689706777586855,
  "classification": "FALSE",
  "details": {
    "2": {
      "n": 2,
      "p_n": 2,
      "m4m2": 1.0,
      "predicted_pn_over_n": 1.0,
      "ratio": 1.0
    },
    "3": {
      "n": 3,
      "p_n": 3,
      "m4m2": 1.5,
      "predicted_pn_over_n": 1.0,
      "ratio": 1.5
    },
    "4": {
      "n": 4,
      "p_n": 5,
      "m4m2": 1.5625,
      "predicted_pn_over_n": 1.25,
      "ratio": 1.25
    },
    "5": {
      "n": 5,
      "p_n": 7,
      "m4m2": 1.4874999999999998,
      "predicted_pn_over_n": 1.4,
      "ratio": 1.0625
    },
    "6": {
      "n": 6,
      "p_n": 11,
      "m4m2": 2.146527777777779,
      "predicted_pn_over_n": 1.8333333333333333,
      "ratio": 1.170833333333334
    },
    "7": {
      "n": 7,
      "p_n": 15,
      "m4m2": 2.248511904761903,
      "predicted_pn_over_n": 2.142857142857143,
      "ratio": 1.0493055555555546
    },
    "8": {
      "n": 8,
      "p_n": 22,
      "m4m2": 2.3680214533730157,
      "predicted_pn_over_n": 2.75,
      "ratio": 0.8610987103174602
    },
    "9": {
      "n": 9,
      "p_n": 30,
      "m4m2": 2.43759128361993,
      "predicted_pn_over_n": 3.3333333333333335,
      "ratio": 0.731277385085979
    },
    "10": {
      "n": 10,
      "p_n": 42,
      "m4m2": 2.958906876929011,
      "predicted_pn_over_n": 4.2,
      "ratio": 0.7045016373640502
    },
    "11": {
      "n": 11,
      "p_n": 56,
      "m4m2": 3.339945888280958,
      "predicted_pn_over_n": 5.090909090909091,
      "ratio": 0.6560607994837596
    },
    "12": {
      "n": 12,
      "p_n": 77,
      "m4m2": 3.659831459579155,
      "predicted_pn_over_n": 6.416666666666667,
      "ratio": 0.5703633443499981
    },
    "13": {
      "n": 13,
      "p_n": 101,
      "m4m2": 3.729789662448815,
      "predicted_pn_over_n": 7.769230769230769,
      "ratio": 0.4800719367508376
    },
    "14": {
      "n": 14,
      "p_n": 135,
      "m4m2": 3.959488049279047,
      "predicted_pn_over_n": 9.642857142857142,
      "ratio": 0.4106135754807901
    },
    "15": {
      "n": 15,
      "p_n": 176,
      "m4m2": 4.37130392068832,
      "predicted_pn_over_n": 11.733333333333333,
      "ratio": 0.37255431142230006
    },
    "16": {
      "n": 16,
      "p_n": 231,
      "m4m2": 4.985142988977788,
      "predicted_pn_over_n": 14.4375,
      "ratio": 0.3452912892798468
    },
    "17": {
      "n": 17,
      "p_n": 297,
      "m4m2": 5.467868852273077,
      "predicted_pn_over_n": 17.470588235294116,
      "ratio": 0.3129756582109169
    },
    "18": {
      "n": 18,
      "p_n": 385,
      "m4m2": 5.877491443448808,
      "predicted_pn_over_n": 21.38888888888889,
      "ratio": 0.2747918077456586
    },
    "19": {
      "n": 19,
      "p_n": 490,
      "m4m2": 6.106979546015908,
      "predicted_pn_over_n": 25.789473684210527,
      "ratio": 0.23680124770265765
    },
    "20": {
      "n": 20,
      "p_n": 627,
      "m4m2": 6.419041680766001,
      "predicted_pn_over_n": 31.35,
      "ratio": 0.20475412059859652
    },
    "21": {
      "n": 21,
      "p_n": 792,
      "m4m2": 6.851809846990065,
      "predicted_pn_over_n": 37.714285714285715,
      "ratio": 0.1816767762459487
    },
    "22": {
      "n": 22,
      "p_n": 1002,
      "m4m2": 7.532846455757964,
      "predicted_pn_over_n": 45.54545454545455,
      "ratio": 0.16539183834997526
    },
    "23": {
      "n": 23,
      "p_n": 1255,
      "m4m2": 8.269681594444913,
      "predicted_pn_over_n": 54.56521739130435,
      "ratio": 0.15155591766711793
    },
    "24": {
      "n": 24,
      "p_n": 1575,
      "m4m2": 9.013397088056495,
      "predicted_pn_over_n": 65.625,
      "ratio": 0.13734700324657517
    },
    "25": {
      "n": 25,
      "p_n": 1958,
      "m4m2": 9.582224705996092,
      "predicted_pn_over_n": 78.32,
      "ratio": 0.1223470978804404
    },
    "26": {
      "n": 26,
      "p_n": 2436,
      "m4m2": 10.07762452101129,
      "predicted_pn_over_n": 93.6923076923077,
      "ratio": 0.10756085285151622
    },
    "27": {
      "n": 27,
      "p_n": 3010,
      "m4m2": 10.509147772264122,
      "predicted_pn_over_n": 111.48148148148148,
      "ratio": 0.09426810294057518
    },
    "28": {
      "n": 28,
      "p_n": 3718,
      "m4m2": 11.070331734400265,
      "predicted_pn_over_n": 132.78571428571428,
      "ratio": 0.08336990009768892
    },
    "29": {
      "n": 29,
      "p_n": 4565,
      "m4m2": 11.796231575981652,
      "predicted_pn_over_n": 157.41379310344828,
      "ratio": 0.07493772523624707
    },
    "30": {
      "n": 30,
      "p_n": 5604,
      "m4m2": 12.756590120563576,
      "predicted_pn_over_n": 186.8,
      "ratio": 0.06829009700515833
    }
  }
}