{
  "metadata": {
    "n_forms": 17314,
    "ells": [
      3,
      5,
      7,
      11
    ],
    "ell_pairs": [
      [
        3,
        5
      ],
      [
        3,
        7
      ],
      [
        3,
        11
      ],
      [
        5,
        7
      ],
      [
        5,
        11
      ],
      [
        7,
        11
      ]
    ],
    "timestamp": "2026-04-10 01:04:32",
    "elapsed_seconds": 22.8
  },
  "exact_interference": {
    "3x5": {
      "ell_1": 3,
      "ell_2": 5,
      "N_1": 10131,
      "N_2": 1673,
      "N_12_observed": 1338,
      "N_12_expected": 978.93,
      "ratio": 1.366801,
      "interference": "constructive",
      "hypergeometric_p": 4.39967236403398e-85
    },
    "3x7": {
      "ell_1": 3,
      "ell_2": 7,
      "N_1": 10131,
      "N_2": 328,
      "N_12_observed": 281,
      "N_12_expected": 191.92,
      "ratio": 1.464123,
      "interference": "constructive",
      "hypergeometric_p": 4.6572815684062255e-27
    },
    "3x11": {
      "ell_1": 3,
      "ell_2": 11,
      "N_1": 10131,
      "N_2": 10,
      "N_12_observed": 4,
      "N_12_expected": 5.85,
      "ratio": 0.683605,
      "interference": "destructive",
      "hypergeometric_p": 0.933402798380848
    },
    "5x7": {
      "ell_1": 5,
      "ell_2": 7,
      "N_1": 1673,
      "N_2": 328,
      "N_12_observed": 81,
      "N_12_expected": 31.69,
      "ratio": 2.555716,
      "interference": "constructive",
      "hypergeometric_p": 1.0828510652291969e-15
    },
    "5x11": {
      "ell_1": 5,
      "ell_2": 11,
      "N_1": 1673,
      "N_2": 10,
      "N_12_observed": 3,
      "N_12_expected": 0.97,
      "ratio": 3.104722,
      "interference": "constructive",
      "hypergeometric_p": 0.06444943348083311
    },
    "7x11": {
      "ell_1": 7,
      "ell_2": 11,
      "N_1": 328,
      "N_2": 10,
      "N_12_observed": 3,
      "N_12_expected": 0.19,
      "ratio": 15.835976,
      "interference": "constructive",
      "hypergeometric_p": 0.0007323386095302359
    }
  },
  "relaxed_interference": {
    "3x5": {
      "ell_1": 3,
      "ell_2": 5,
      "N_1_relaxed": 10794,
      "N_2_relaxed": 1760,
      "N_12_observed": 1458,
      "N_12_expected": 1097.23,
      "ratio": 1.328801,
      "interference": "constructive"
    },
    "3x7": {
      "ell_1": 3,
      "ell_2": 7,
      "N_1_relaxed": 10794,
      "N_2_relaxed": 340,
      "N_12_observed": 293,
      "N_12_expected": 211.96,
      "ratio": 1.382304,
      "interference": "constructive"
    },
    "3x11": {
      "ell_1": 3,
      "ell_2": 11,
      "N_1_relaxed": 10794,
      "N_2_relaxed": 10,
      "N_12_observed": 4,
      "N_12_expected": 6.23,
      "ratio": 0.641616,
      "interference": "destructive"
    },
    "5x7": {
      "ell_1": 5,
      "ell_2": 7,
      "N_1_relaxed": 1760,
      "N_2_relaxed": 340,
      "N_12_observed": 85,
      "N_12_expected": 34.56,
      "ratio": 2.459375,
      "interference": "constructive"
    },
    "5x11": {
      "ell_1": 5,
      "ell_2": 11,
      "N_1_relaxed": 1760,
      "N_2_relaxed": 10,
      "N_12_observed": 3,
      "N_12_expected": 1.02,
      "ratio": 2.95125,
      "interference": "constructive"
    },
    "7x11": {
      "ell_1": 7,
      "ell_2": 11,
      "N_1_relaxed": 340,
      "N_2_relaxed": 10,
      "N_12_observed": 3,
      "N_12_expected": 0.2,
      "ratio": 15.277059,
      "interference": "constructive"
    }
  },
  "cross_type_interference": {
    "mod3_x_low_conductor": {
      "ell": 3,
      "constraint": "low_conductor",
      "N_ell": 10131,
      "N_constraint": 2463,
      "N_overlap": 1804,
      "N_expected": 1441.18,
      "ratio": 1.251749,
      "interference": "constructive"
    },
    "mod5_x_low_conductor": {
      "ell": 5,
      "constraint": "low_conductor",
      "N_ell": 1673,
      "N_constraint": 2463,
      "N_overlap": 212,
      "N_expected": 237.99,
      "ratio": 0.890785,
      "interference": "destructive"
    },
    "mod7_x_low_conductor": {
      "ell": 7,
      "constraint": "low_conductor",
      "N_ell": 328,
      "N_constraint": 2463,
      "N_overlap": 32,
      "N_expected": 46.66,
      "ratio": 0.685818,
      "interference": "destructive"
    },
    "mod11_x_low_conductor": {
      "ell": 11,
      "constraint": "low_conductor",
      "N_ell": 10,
      "N_constraint": 2463,
      "N_overlap": 0,
      "N_expected": 1.42,
      "ratio": 0.0,
      "interference": "destructive"
    },
    "mod3_x_galois_full": {
      "ell": 3,
      "constraint": "galois_full",
      "N_ell": 10131,
      "N_constraint": 19,
      "N_overlap": 11,
      "N_expected": 11.12,
      "ratio": 0.989428,
      "interference": "independent"
    },
    "mod5_x_galois_full": {
      "ell": 5,
      "constraint": "galois_full",
      "N_ell": 1673,
      "N_constraint": 19,
      "N_overlap": 0,
      "N_expected": 1.84,
      "ratio": 0.0,
      "interference": "destructive"
    },
    "mod7_x_galois_full": {
      "ell": 7,
      "constraint": "galois_full",
      "N_ell": 328,
      "N_constraint": 19,
      "N_overlap": 0,
      "N_expected": 0.36,
      "ratio": 0.0,
      "interference": "destructive"
    },
    "mod11_x_galois_full": {
      "ell": 11,
      "constraint": "galois_full",
      "N_ell": 10,
      "N_constraint": 19,
      "N_overlap": 0,
      "N_expected": 0.01,
      "ratio": 0.0,
      "interference": "destructive"
    },
    "mod3_x_galois_borel": {
      "ell": 3,
      "constraint": "galois_borel",
      "N_ell": 10131,
      "N_constraint": 76,
      "N_overlap": 70,
      "N_expected": 44.47,
      "ratio": 1.57409,
      "interference": "constructive"
    },
    "mod5_x_galois_borel": {
      "ell": 5,
      "constraint": "galois_borel",
      "N_ell": 1673,
      "N_constraint": 76,
      "N_overlap": 9,
      "N_expected": 7.34,
      "ratio": 1.225548,
      "interference": "constructive"
    },
    "mod7_x_galois_borel": {
      "ell": 7,
      "constraint": "galois_borel",
      "N_ell": 328,
      "N_constraint": 76,
      "N_overlap": 2,
      "N_expected": 1.44,
      "ratio": 1.389121,
      "interference": "constructive"
    },
    "mod11_x_galois_borel": {
      "ell": 11,
      "constraint": "galois_borel",
      "N_ell": 10,
      "N_constraint": 76,
      "N_overlap": 0,
      "N_expected": 0.04,
      "ratio": 0.0,
      "interference": "destructive"
    },
    "mod3_x_starved_noncm": {
      "ell": 3,
      "constraint": "starved_noncm",
      "N_ell": 10131,
      "N_constraint": 156,
      "N_overlap": 116,
      "N_expected": 91.28,
      "ratio": 1.270804,
      "interference": "constructive"
    },
    "mod5_x_starved_noncm": {
      "ell": 5,
      "constraint": "starved_noncm",
      "N_ell": 1673,
      "N_constraint": 156,
      "N_overlap": 64,
      "N_expected": 15.07,
      "ratio": 4.245774,
      "interference": "constructive"
    },
    "mod7_x_starved_noncm": {
      "ell": 7,
      "constraint": "starved_noncm",
      "N_ell": 328,
      "N_constraint": 156,
      "N_overlap": 4,
      "N_expected": 2.96,
      "ratio": 1.353502,
      "interference": "constructive"
    },
    "mod11_x_starved_noncm": {
      "ell": 11,
      "constraint": "starved_noncm",
      "N_ell": 10,
      "N_constraint": 156,
      "N_overlap": 0,
      "N_expected": 0.09,
      "ratio": 0.0,
      "interference": "destructive"
    },
    "mod3_x_is_cm": {
      "ell": 3,
      "constraint": "is_cm",
      "N_ell": 10131,
      "N_constraint": 116,
      "N_overlap": 80,
      "N_expected": 67.88,
      "ratio": 1.178629,
      "interference": "constructive"
    },
    "mod5_x_is_cm": {
      "ell": 5,
      "constraint": "is_cm",
      "N_ell": 1673,
      "N_constraint": 116,
      "N_overlap": 20,
      "N_expected": 11.21,
      "ratio": 1.784323,
      "interference": "constructive"
    },
    "mod7_x_is_cm": {
      "ell": 7,
      "constraint": "is_cm",
      "N_ell": 328,
      "N_constraint": 116,
      "N_overlap": 6,