{
  "test": "congruence_universality",
  "families": {
    "EC (wt-2)": {
      "2": 1.293096,
      "3": 1.3139879999999997,
      "5": 1.5497800000000002,
      "7": 1.8731860000000005,
      "11": 2.6891919999999994,
      "13": 3.12221,
      "17": 3.9603200000000007,
      "19": 4.342754,
      "23": 5.085208000000001,
      "29": 6.637288000000001
    },
    "Higher wt": {},
    "Maass": {
      "2": 1.0403240000000002,
      "3": 1.096596,
      "5": 1.41271,
      "7": 1.925462,
      "11": 3.027926,
      "13": 3.5644699999999996,
      "17": 4.64372,
      "19": 5.194676,
      "23": 6.312119999999999,
      "29": 7.9228
    },
    "Moonshine": {
      "2": 1.5453012494613019,
      "3": 1.4024672443492097,
      "5": 1.2674998840115221,
      "7": 1.2961172529623535,
      "11": 1.4262874151616822,
      "13": 1.6680460226766223,
      "17": 1.798623745926627,
      "19": 1.9644595952674835,
      "23": 1.8717611142657338,
      "29": 2.1729328980681797
    }
  },
  "growing_count": 3,
  "total_count": 3
}