{
  "test": "geometric_exploration",
  "profile_dimensionality_90": 1,
  "profile_dimensionality_95": 1,
  "spectral_cosine_nf_kn": 0.9865328086076409,
  "spectral_cosine_nf_ec": 0.9657875862139436,
  "spectral_cosine_kn_ec": 0.9949278332475205,
  "wasserstein_nf_kn": 0.10065228817866358,
  "wasserstein_nf_ec": 0.32503851780741233,
  "wasserstein_kn_ec": 0.22550360364723093
}