{
  "n_masses": 216,
  "mass_range_GeV": [
    0.00051099895,
    172.57
  ],
  "mean_gap_ratio": 0.3815443319500134,
  "mse_gue": 0.8359433780893795,
  "mse_goe": 0.7550813438421253,
  "mse_poisson": 0.47876775809655536,
  "best_fit": "Poisson",
  "p_small_01": 0.8558139534883721,
  "p_small_05": 0.9720930232558139
}