{
  "test": "C09",
  "claim": "Moonshine enrichment grows with prime; coefficient structure varies by class",
  "class_eta2": 0.600624840521136,
  "n_classes": 26,
  "class_stats": {
    "10A": {
      "n_coeffs": 28,
      "mean_log": 15.413385138482571,
      "std_log": 9.33857128496106,
      "m4m2": 1.8546201108936835
    },
    "10B": {
      "n_coeffs": 62,
      "mean_log": 4.267161593398416,
      "std_log": 1.9902954999976041,
      "m4m2": 1.5655702857638174
    },
    "12A": {
      "n_coeffs": 81,
      "mean_log": 1.793212716759454,
      "std_log": 0.6495578373990818,
      "m4m2": 1.4286228029397678
    },
    "12B": {
      "n_coeffs": 60,
      "mean_log": 2.17427292659396,
      "std_log": 1.1020578657397748,
      "m4m2": 1.8377179030196185
    },
    "13A": {
      "n_coeffs": 37,
      "mean_log": 10.484558236286157,
      "std_log": 4.584705495399393,
      "m4m2": 1.4550677132876033
    },
    "1A": {
      "n_coeffs": 17,
      "mean_log": 28.79649861186679,
      "std_log": 13.255163550520654,
      "m4m2": 1.459547551930187
    },
    "25A": {
      "n_coeffs": 52,
      "mean_log": 5.86895997331769,
      "std_log": 2.7038512829812267,
      "m4m2": 1.5202010950105789
    },
    "2A": {
      "n_coeffs": 22,
      "mean_log": 15.698913094062254,
      "std_log": 6.956843342738531,
      "m4m2": 1.4492598665532461
    },
    "2B": {
      "n_coeffs": 18,
      "mean_log": 20.495884977204895,
      "std_log": 9.330206096084117,
      "m4m2": 1.4582468986382902
    },
    "3A": {
      "n_coeffs": 21,
      "mean_log": 17.98938387217931,
      "std_log": 8.00453253111473,
      "m4m2": 1.448193859846596
    },
    "3B": {
      "n_coeffs": 48,
      "mean_log": 6.386313084572888,
      "std_log": 2.7495966308852844,
      "m4m2": 1.4791896877099837
    },
    "3C": {
      "n_coeffs": 27,
      "mean_log": 11.16773701937624,
      "std_log": 4.815918544946385,
      "m4m2": 1.450604326118423
    },
    "4A": {
      "n_coeffs": 21,
      "mean_log": 16.293200583071496,
      "std_log": 6.552283005425687,
      "m4m2": 1.3877605682253638
    },
    "4B": {
      "n_coeffs": 29,
      "mean_log": 12.611009843481645,
      "std_log": 5.256430030854806,
      "m4m2": 1.4230039572746305
    },
    "4C": {
      "n_coeffs": 26,
      "mean_log": 11.798751902588418,
      "std_log": 4.991769736082324,
      "m4m2": 1.429132255368012
    },
    "4D": {
      "n_coeffs": 24,
      "mean_log": 17.066521939495004,
      "std_log": 7.1263539111362775,
      "m4m2": 1.4127025422879727
    },
    "5A": {
      "n_coeffs": 23,
      "mean_log": 15.046895412680328,
      "std_log": 6.032777012604115,
      "m4m2": 1.390489749678565
    },
    "5B": {
      "n_coeffs": 42,
      "mean_log": 7.771999903370502,
      "std_log": 3.2636889922209127,
      "m4m2": 1.463168097597787
    },
    "6A": {
      "n_coeffs": 33,
      "mean_log": 7.964931446877758,
      "std_log": 3.283429316034575,
      "m4m2": 1.4306857335171066
    },
    "6B": {
      "n_coeffs": 24,
      "mean_log": 13.822493868000644,
      "std_log": 5.549376562937509,
      "m4m2": 1.3943680123935773
    },
    "6C": {
      "n_coeffs": 24,
      "mean_log": 13.82260125315336,
      "std_log": 5.549284318954977,
      "m4m2": 1.3943395783306913
    },
    "6D": {
      "n_coeffs": 37,
      "mean_log": 11.504679666666137,
      "std_log": 4.651115039130371,
      "m4m2": 1.411658543413565
    },
    "6E": {
      "n_coeffs": 32,
      "mean_log": 8.21174550555614,
      "std_log": 3.414227658532901,
      "m4m2": 1.427182188107703
    },
    "7A": {
      "n_coeffs": 25,
      "mean_log": 12.175854656049502,
      "std_log": 5.356495371401923,
      "m4m2": 1.4536318521357423
    },
    "7B": {
      "n_coeffs": 61,
      "mean_log": 1.2667908938830208,
      "std_log": 0.5820619360811223,
      "m4m2": 1.7979018466485908
    },
    "8A": {
      "n_coeffs": 11,
      "mean_log": 35.899315670007766,
      "std_log": 22.98966517438081,
      "m4m2": 1.9080360807633345
    }
  },
  "classification": "LAW"
}