{
  "test": "C67_retry",
  "claim": "Alexander polynomial coefficients satisfy order-3 linear recurrence",
  "n": 1147,
  "recurrence_rate": 0.5457715780296426,
  "min_coeff_length": 8,
  "max_order_tested": 3,
  "prior": "0% (threshold was >=15, no knots qualified)",
  "f24_crossing": {
    "verdict": "NEGLIGIBLE_EFFECT",
    "eta_squared": 0.0019561851606695576,
    "f_statistic": 1.120151042169052,
    "ss_between": 0.00165040403759721,
    "ss_within": 0.8420345756768559,
    "ss_total": 0.8436849797144531,
    "n_groups": 3,
    "n_total": 1146,
    "group_stats": {
      "11": {
        "n": 161,
        "mean": 0.01708998541628718,
        "std": 0.02682775459905537,
        "cv": 1.5697938848729416
      },
      "12": {
        "n": 959,
        "mean": 0.01562977880820894,
        "std": 0.027248355480508576,
        "cv": 1.7433615545600314
      },
      "10": {
        "n": 26,
        "mean": 0.023146045018686594,
        "std": 0.023309631640494315,
        "cv": 1.0070675841888173
      }
    }
  },
  "f24_det": {
    "verdict": "STRONG_EFFECT",
    "eta_squared": 0.2859383803788562,
    "f_statistic": 458.5030710759907,
    "ss_between": 0.24131510286476102,
    "ss_within": 0.6026258278526501,
    "ss_total": 0.843940930717411,
    "n_groups": 2,
    "n_total": 1147,
    "group_stats": {
      "medium": {
        "n": 1007,
        "mean": 0.010583205014130001,
        "std": 0.009677397332269431,
        "cv": 0.9144108348415064
      },
      "small": {
        "n": 140,
        "mean": 0.05489253750251107,
        "std": 0.06025649014197251,
        "cv": 1.0977173379754228
      }
    }
  },
  "f24_is_rec": {
    "verdict": "NEGLIGIBLE_EFFECT",
    "eta_squared": 0.008208801371312491,
    "f_statistic": 4.7301589187236335,
    "ss_between": 2.3324528329263785,
    "ss_within": 281.80803582326905,
    "ss_total": 284.14048865619543,
    "n_groups": 3,
    "n_total": 1146,
    "group_stats": {
      "11": {
        "n": 161,
        "mean": 0.484472049689441,
        "std": 0.4997588245935761,
        "cv": 1.031553471276484
      },
      "12": {
        "n": 959,
        "mean": 0.5620437956204379,
        "std": 0.4961356341012096,
        "cv": 0.8827348295047496
      },
      "10": {
        "n": 26,
        "mean": 0.3076923076923077,
        "std": 0.46153846153846156,
        "cv": 1.5
      }
    }
  },
  "f24b": {
    "verdict": "EXTREME_TAIL_DRIVEN",
    "m4m2_by_group": {
      "11": 31.944291399715194,
      "12": 36.59661357092329,
      "10": 5.347397913813769
    },
    "m4m2_ratio": 6.843817153831845,
    "eta_squared": 0.0019561851606695576,
    "medians": {
      "11": 0.010118981644397779,
      "12": 0.00853235583663537,
      "10": 0.014436865337574697
    },
    "median_range_ratio": 1.6920139776153191,
    "iqrs": {
      "11": [
        0.006207536565498949,
        0.01637955540815323
      ],
      "12": [
        0.0043400926397551606,
        0.016391700576025955
      ],
      "10": [
        0.008691899212442176,
        0.029319535548776213
      ]
    },
    "tail_frac_by_group": {
      "11": 0.11180124223602485,
      "12": 0.0948905109489051,
      "10": 0.23076923076923078
    },
    "tail_contribution": 0.8905400606357193
  },
  "f25": {
    "verdict": "CONDITIONAL",
    "per_group": [
      {
        "held_out": "medium",
        "n_test": 1007,
        "r2_oos": -23.288271273899607
      },
      {
        "held_out": "small",
        "n_test": 140,
        "r2_oos": -0.5387096104695821
      }
    ],
    "weighted_oos_r2": -20.511515709052002,
    "mean_oos_r2": -11.913490442184594,
    "n_groups_tested": 2
  },
  "f27": {
    "verdict": "NOT_TAUTOLOGY"
  }
}