{
  "G.R2.d7": {
    "claim": "Divisibility by 7 differs between rank-0 and rank-1 EC",
    "n_r0": 15599,
    "n_r1": 14783,
    "rate_r0": 0.28848003077120327,
    "rate_r1": 0.2775485354799432,
    "diff": 0.010931495291260085,
    "p": 0.038980509745127435,
    "z": 2.1320513018650296,
    "f24": {
      "verdict": "NEGLIGIBLE_EFFECT",
      "eta_squared": 0.00014707221095020803,
      "f_statistic": 4.4687109918729915,
      "ss_between": 0.9069892082382414,
      "ss_within": 6166.058220455379,
      "ss_total": 6166.965209663617,
      "n_groups": 2,
      "n_total": 30382,
      "group_stats": {
        "rank-0": {
          "n": 15599,
          "mean": 0.28848003077120327,
          "std": 0.4530555182507426,
          "cv": 1.5704917842651853
        },
        "rank-1": {
          "n": 14783,
          "mean": 0.2775485354799432,
          "std": 0.4477893990849738,
          "cv": 1.6133733089625073
        }
      }
    },
    "verdict": "KILLED"
  },
  "G.R2.d11": {
    "claim": "Divisibility by 11 differs between rank-0 and rank-1 EC",
    "n_r0": 15599,
    "n_r1": 14783,
    "rate_r0": 0.16154881723187384,
    "rate_r1": 0.15971047825204626,
    "diff": 0.001838338979827575,
    "p": 0.6781609195402298,
    "z": -0.5974214561387184,
    "f24": {
      "verdict": "NEGLIGIBLE_EFFECT",
      "eta_squared": 6.261011594939107e-06,
      "f_statistic": 0.19021072316579332,
      "ss_between": 0.02565040150969285,
      "ss_within": 4096.820541422596,
      "ss_total": 4096.8461918241055,
      "n_groups": 2,
      "n_total": 30382,
      "group_stats": {
        "rank-0": {
          "n": 15599,
          "mean": 0.16154881723187384,
          "std": 0.3680364070073183,
          "cv": 2.278174568613952
        },
        "rank-1": {
          "n": 14783,
          "mean": 0.15971047825204626,
          "std": 0.36633733278025177,
          "cv": 2.2937589116859223
        }
      }
    },
    "verdict": "KILLED"
  },
  "G.R2.d13": {
    "claim": "Divisibility by 13 differs between rank-0 and rank-1 EC",
    "n_r0": 15599,
    "n_r1": 14783,
    "rate_r0": 0.1273158535803577,
    "rate_r1": 0.12406142190353785,
    "diff": 0.003254431676819866,
    "p": 0.3843078460769615,
    "z": 0.13466266882227967,
    "f24": {
      "verdict": "NEGLIGIBLE_EFFECT",
      "eta_squared": 2.407052244227136e-05,
      "f_statistic": 0.7312800740896388,
      "ss_between": 0.08038838290324393,
      "ss_within": 3339.622067018321,
      "ss_total": 3339.702455401224,
      "n_groups": 2,
      "n_total": 30382,
      "group_stats": {
        "rank-0": {
          "n": 15599,
          "mean": 0.1273158535803577,
          "std": 0.33332645710693687,
          "cv": 2.6181064473369124
        },
        "rank-1": {
          "n": 14783,
          "mean": 0.12406142190353785,
          "std": 0.32965161231034534,
          "cv": 2.6571645500457115
        }
      }
    },
    "verdict": "KILLED"
  },
  "G.R3.ec": {
    "claim": "EC count per conductor is NOT Poisson distributed",
    "n_conductors": 3437,
    "mean_per_cond": 9.040733197556008,
    "var_mean_ratio": 20.241247943627656,
    "chi2": 27330.483716186594,
    "p_chi": 0.0,
    "f24": {
      "verdict": "NEGLIGIBLE_EFFECT",
      "eta_squared": 0.005843623863072599,
      "f_statistic": 6.724400566973076,
      "ss_between": 3651.4720455481493,
      "ss_within": 621212.8469300048,
      "ss_total": 624864.3189755529,
      "n_groups": 4,
      "n_total": 3436,
      "group_stats": {
        "mag_bin_2": {
          "n": 10,
          "mean": 4.9,
          "std": 1.5132745950421556,
          "cv": 0.30883155000860313
        },
        "mag_bin_3": {
          "n": 106,
          "mean": 5.0,
          "std": 3.5475210584825794,
          "cv": 0.7095042116965159
        },
        "mag_bin_4": {
          "n": 526,
          "mean": 7.513307984790875,
          "std": 7.720326098348514,
          "cv": 1.0275535242235116
        },
        "mag_bin_5": {
          "n": 2794,
          "mean": 9.473514674302075,
          "std": 14.513150801983315,
          "cv": 1.5319711111391205
        }
      }
    },
    "verdict": "SURVIVES"
  },
  "G.R4.mod": {
    "claim": "Rank-2 conductor mod 12 distribution differs from rank-0",
    "n_r2": 691,
    "n_r0_sample": 6910,
    "chi2": 522.6107875306784,
    "dof": 11,
    "p": 4.812105571538752e-105,
    "f24": {
      "verdict": "NEGLIGIBLE_EFFECT",
      "eta_squared": 0.008750732300754821,
      "f_statistic": 50.22239882662774,
      "ss_between": 556.8699039687154,
      "ss_within": 63080.07896266282,
      "ss_total": 63636.94886663153,
      "n_groups": 2,
      "n_total": 5691,
      "group_stats": {
        "rank-0": {
          "n": 5000,
          "mean": 4.5864,
          "std": 3.3304857063197253,
          "cv": 0.726165556061339
        },
        "rank-2": {
          "n": 691,
          "mean": 5.544138929088278,
          "std": 3.320637517178908,
          "cv": 0.5989455819291636
        }
      }
    },
    "verdict": "SURVIVES"
  },
  "C89": {
    "verdict": "SKIP",
    "reason": "no root number data in L-functions table"
  },
  "C51-f24": {
    "claim": "EC conductor distribution M4/M\u00b2 = 1.71",
    "n": 31073,
    "m4m2": 1.0399997094610753,
    "f24_by_rank": {
      "verdict": "SMALL_EFFECT",
      "eta_squared": 0.016845069285766595,
      "f_statistic": 266.1718343458596,
      "ss_between": 378.29452032514155,
      "ss_within": 22078.99039240509,
      "ss_total": 22457.28491273023,
      "n_groups": 3,
      "n_total": 31073,
      "group_stats": {
        "rank-0": {
          "n": 15599,
          "mean": 7.527963986682664,
          "std": 0.9588736495938331,
          "cv": 0.12737489861669468
        },
        "rank-1": {
          "n": 14783,
          "mean": 7.718806406312587,
          "std": 0.7169915192127101,
          "cv": 0.09288891072929886
        },
        "rank-2": {
          "n": 691,
          "mean": 8.009102808266917,
          "std": 0.4453792054214751,
          "cv": 0.055609125776455146
        }
      }
    },
    "f24_by_torsion": {
      "verdict": "SMALL_EFFECT",
      "eta_squared": 0.02182642898909617,
      "f_statistic": 69.30781314503119,
      "ss_between": 490.04863431472086,
      "ss_within": 21962.026991960858,
      "ss_total": 22452.07562627558,
      "n_groups": 11,
      "n_total": 31072,
      "group_stats": {
        "tor-1": {
          "n": 12143,
          "mean": 7.712326515996517,
          "std": 0.7550287097688043,
          "cv": 0.09789895541932282
        },
        "tor-5": {
          "n": 102,
          "mean": 6.958889629298456,
          "std": 1.3972415721213678,
          "cv": 0.20078513190361194
        },
        "tor-2": {
          "n": 13871,
          "mean": 7.6402083245523205,
          "std": 0.8306150157211091,
          "cv": 0.10871627846218174
        },
        "tor-6": {
          "n": 416,
          "mean": 7.103267628920067,
          "std": 1.2587582932604557,
          "cv": 0.17720834396490687
        },
        "tor-4": {
          "n": 3017,
          "mean": 7.464515975211942,
          "std": 0.9909269785162087,
          "cv": 0.13275167228616896
        },
        "tor-8": {
          "n": 149,
          "mean": 7.080108092646118,
          "std": 1.3949215809894253,
          "cv": 0.1970198142085268
        },
        "tor-3": {
          "n": 1330,
          "mean": 7.455479969111359,
          "std": 0.9802861358152207,
          "cv": 0.13148531548292308
        },
        "tor-7": {
          "n": 13,
          "mean": 6.2803027732386925,
          "std": 1.2102331839053495,
          "cv": 0.1927029997761149
        },
        "tor-12": {
          "n": 18,
          "mean": 6.760875815199735,
          "std": 1.5759964719766562,
          "cv": 0.23310537200424777
        },
        "tor-9": {
          "n": 5,
          "mean": 6.550786890748235,
          "std": 1.322867879100931,