{
  "G.R1.6": {
    "claim": "Equations have different symbol counts than definitions",
    "n_eq": 2640,
    "n_def": 228,
    "mean_eq": 7.692424242424242,
    "mean_def": 6.758771929824562,
    "diff": 0.9336523125996807,
    "p": 0.0034982508745627187,
    "z": 3.837295017439405,
    "f24": {
      "verdict": "NEGLIGIBLE_EFFECT",
      "eta_squared": 0.0034244120790746465,
      "f_statistic": 9.848088933327023,
      "ss_between": 182.9489753291558,
      "ss_within": 53241.98094098884,
      "ss_total": 53424.929916318,
      "n_groups": 2,
      "n_total": 2868,
      "group_stats": {
        "equation": {
          "n": 2640,
          "mean": 7.692424242424242,
          "std": 4.18394516615021,
          "cv": 0.5439046306202754
        },
        "definition": {
          "n": 228,
          "mean": 6.758771929824562,
          "std": 5.551881479780333,
          "cv": 0.8214334700778169
        }
      }
    },
    "f24b": {
      "verdict": "CONSISTENT",
      "m4m2_by_group": {
        "equation": 3.351580358246817,
        "definition": 4.285593624118963
      },
      "m4m2_ratio": 1.2786784638995559,
      "eta_squared": 0.0034244120790746465,
      "medians": {
        "equation": 7.0,
        "definition": 5.0
      },
      "median_range_ratio": 1.4,
      "iqrs": {
        "equation": [
          5.0,
          9.0
        ],
        "definition": [
          3.0,
          9.0
        ]
      },
      "tail_frac_by_group": {
        "equation": 0.14204545454545456,
        "definition": 0.12719298245614036
      },
      "tail_contribution": 0.6500096850128424
    },
    "f27": {
      "verdict": "NOT_TAUTOLOGY"
    },
    "verdict": "SURVIVES"
  },
  "G.R2.pi": {
    "claim": "Pi formulas have more symbols than non-Pi",
    "n_pi": 855,
    "n_non_pi": 2278,
    "mean_pi": 8.902923976608188,
    "mean_non_pi": 6.898595258999122,
    "diff": 2.0043287176090656,
    "p": 0.0004997501249375312,
    "z": 17.53009573505439,
    "f24": {
      "verdict": "SMALL_EFFECT",
      "eta_squared": 0.04463565843717707,
      "f_statistic": 146.28371657475287,
      "ss_between": 2497.453078652463,
      "ss_within": 53454.51819488728,
      "ss_total": 55951.97127353974,
      "n_groups": 2,
      "n_total": 3133,
      "group_stats": {
        "has_Pi": {
          "n": 855,
          "mean": 8.902923976608188,
          "std": 4.477747800902754,
          "cv": 0.5029524920877371
        },
        "no_Pi": {
          "n": 2278,
          "mean": 6.898595258999122,
          "std": 3.99250700211146,
          "cv": 0.578742026777595
        }
      }
    },
    "verdict": "SURVIVES"
  },
  "G.R2.zeta": {
    "claim": "Zeta formulas concentrated in fewer modules than random",
    "n_zeta": 201,
    "n_zeta_modules": 20,
    "null_mean_modules": 49.29,
    "p": 0.0004997501249375312,
    "z": 12.271568433153956,
    "verdict": "SURVIVES"
  },
  "G.R4.fung": {
    "claim": "Later formulas within a module use more symbols",
    "n_modules_tested": 54,
    "mean_within_r": 0.22592414335665226,
    "abs_mean_r": 0.22592414335665226,
    "p": 0.000999000999000999,
    "z": 13.949708512458573,
    "f24_module_symbols": {
      "verdict": "MODERATE_EFFECT",
      "eta_squared": 0.11892873685000302,
      "f_statistic": 7.147062706537654,
      "ss_between": 6553.211865851291,
      "ss_within": 48548.79324596979,
      "ss_total": 55102.00511182108,
      "n_groups": 59,
      "n_total": 3130,
      "group_stats": {
        "agm": {
          "n": 54,
          "mean": 7.2407407407407405,
          "std": 3.3385247639415985,
          "cv": 0.4610750313372029
        },
        "airy": {
          "n": 24,
          "mean": 5.875,
          "std": 2.3507534253227553,
          "cv": 0.40012824260812857
        },
        "atan": {
          "n": 84,
          "mean": 7.726190476190476,
          "std": 3.6850766951900886,
          "cv": 0.4769590791925538
        },
        "barnes_g": {
          "n": 67,
          "mean": 9.149253731343284,
          "std": 4.5293527966494205,
          "cv": 0.49505161072677184
        },
        "bell_numbers": {
          "n": 39,
          "mean": 5.538461538461538,
          "std": 2.285362046682789,
          "cv": 0.41263481398439245
        },
        "bernoulli_numbers": {
          "n": 28,
          "mean": 6.714285714285714,
          "std": 2.4032291201801033,
          "cv": 0.35792774130341964
        },
        "bessel": {
          "n": 75,
          "mean": 9.56,
          "std": 4.3550430537481475,
          "cv": 0.45554843658453426
        },
        "beta_function": {
          "n": 24,
          "mean": 7.416666666666667,
          "std": 2.8565227501671018,
          "cv": 0.3851491348539912
        },
        "carlson_elliptic": {
          "n": 278,
          "mean": 7.73021582733813,
          "std": 4.405999093392158,
          "cv": 0.5699710320907491
        },
        "chebyshev": {
          "n": 91,
          "mean": 7.582417582417582,
          "std": 3.5178225472551303,
          "cv": 0.4639447127539375
        },
        "complex_parts": {
          "n": 35,
          "mean": 5.6,
          "std": 1.870064933937551,
          "cv": 0.33394016677456273
        },
        "complex_plane": {
          "n": 8,
          "mean": 7.875,
          "std": 2.6190408549696205,
          "cv": 0.33257661650407877
        },
        "confluent_hypergeometric": {
          "n": 31,
          "mean": 7.193548387096774,
          "std": 4.453482543334791,
          "cv": 0.6190939858447467
        },
        "const_catalan": {
          "n": 35,
          "mean": 6.228571428571429,
          "std": 1.4359807855004645,
          "cv": 0.2305473738188819
        },
        "const_gamma": {
          "n": 16,
          "mean": 7.5625,
          "std": 4.513434806220203,
          "cv": 0.5968178256158946
        },
        "coulomb_wave": {
          "n": 29,
          "mean": 10.0,
          "std": 3.6198685440029545,
          "cv": 0.36198685440029543
        },
        "dedekind_eta": {
          "n": 43,
          "mean": 6.5813953488372094,
          "std": 2.345034914596378,
          "cv": 0.3563127255393789
        },
        "digamma_function": {
          "n": 124,
          "mean": 8.0,
          "std": 3.1443754187745374,
          "cv": 0.3930469273468172
        },
        "dirichlet": {
          "n": 99,
          "mean": 9.565656565656566,
          "std": 5.796483810804748,
          "cv": 0.6059682125339705
        },
        "eisenstein": {
          "n": 80,
          "mean": 9.825,
          "std": 8.149808279953584,
          "cv": 0.8294970259494743
        },
        "error_functions": {
          "n": 19,
          "mean": 5.842105263157895,
          "std": 3.013358991220976,
          "cv": 0.5158001876864734
        },
        "exp": {
          "n": 52,
          "mean": 5.5576923076923075,
          "std": 1.895474991601573,
          "cv": 0.3410543237483799
        },
        "factorials": {
          "n": 65,
          "mean": 5.769230769230769,
          "std": 2.4100381788819525,
          "cv": 0.4177399510062051
        },
        "fibonacci": {
          "n": 68,
          "mean": 6.044117647058823,
          "std": 3.050717483253695,
          "cv": 0.5047415787378376
        },
        "gamma": {
          "n": 59,
          "mean": 9.186440677966102,
          "std": 6.384500766942633,
          "cv": 0.6949917809033493
        },
        "gauss_hypergeometric": {
          "n": 22,
          "mean": 8.590909090909092,
          "std": 4.716114453359893,
          "cv": 0.5489657035657017
        },
        "gcd": {
          "n": 97,
          "mean": 5.845360824742268,
          "std": 2.316859793512589,
          "cv": 0.39635873010709194
        },
        "general_functions": {
          "n": 5,
          "mean": 12.8,
          "std": 6.43117407632541,
          "cv": 0.5024354747129226
        },
        "golden_ratio": {
          "n": 18,