{
  "G.R1.3": {
    "claim": "det ~ max Alexander coeff",
    "n": 2977,
    "spearman_r": 0.9619138211828049,
    "p": 0.0004997501249375312,
    "z": 86.89278229165475,
    "f24": {
      "verdict": "STRONG_EFFECT",
      "eta_squared": 0.7947207773245424,
      "f_statistic": 1915.7045032973858,
      "ss_between": 995052.9843864209,
      "ss_within": 257025.74914852518,
      "ss_total": 1252078.733534946,
      "n_groups": 7,
      "n_total": 2976,
      "group_stats": {
        "bin_6": {
          "n": 1271,
          "mean": 30.201416207710466,
          "std": 8.88772690713366,
          "cv": 0.29428179281422606
        },
        "bin_7": {
          "n": 846,
          "mean": 58.463356973995275,
          "std": 12.919845825469183,
          "cv": 0.220990488644297
        },
        "bin_5": {
          "n": 553,
          "mean": 13.828209764918626,
          "std": 4.936977120466117,
          "cv": 0.3570221456280584
        },
        "bin_4": {
          "n": 185,
          "mean": 6.594594594594595,
          "std": 2.7652228243089,
          "cv": 0.41931657581733317
        },
        "bin_3": {
          "n": 90,
          "mean": 3.7,
          "std": 1.9347695814575268,
          "cv": 0.5229106976912234
        },
        "bin_2": {
          "n": 14,
          "mean": 3.857142857142857,
          "std": 2.899683304312063,
          "cv": 0.7517697455623867
        },
        "bin_1": {
          "n": 17,
          "mean": 2.764705882352941,
          "std": 1.9259653580876352,
          "cv": 0.6966257678189319
        }
      }
    },
    "f24b": {
      "verdict": "CONSISTENT",
      "m4m2_by_group": {
        "bin_6": 1.3317203380847773,
        "bin_7": 1.198244456321679,
        "bin_5": 1.453397518473226,
        "bin_4": 1.6789323243745788,
        "bin_3": 2.1535193708893763
      },
      "m4m2_ratio": 1.7972287370309732,
      "eta_squared": 0.7947207773245424,
      "medians": {
        "bin_6": 29.0,
        "bin_7": 57.0,
        "bin_5": 13.0,
        "bin_4": 7.0,
        "bin_3": 3.0
      },
      "median_range_ratio": 19.0,
      "iqrs": {
        "bin_6": [
          23.0,
          37.0
        ],
        "bin_7": [
          49.0,
          67.0
        ],
        "bin_5": [
          10.0,
          17.0
        ],
        "bin_4": [
          4.0,
          9.0
        ],
        "bin_3": [
          2.25,
          5.0
        ]
      },
      "tail_frac_by_group": {
        "bin_6": 0.0,
        "bin_7": 0.3735224586288416,
        "bin_5": 0.0,
        "bin_4": 0.0,
        "bin_3": 0.0
      },
      "tail_contribution": 0.4100389680340877
    },
    "verdict": "SURVIVES"
  },
  "G.R1.8": {
    "claim": "crossing differs: det-is-conductor vs not",
    "n_in": 165,
    "n_out": 84,
    "mean_in": 9.55151515151515,
    "mean_out": 9.130952380952381,
    "diff": 0.4205627705627695,
    "p": 0.00399800099950025,
    "z": 3.4542644260210387,
    "f24": {
      "verdict": "SMALL_EFFECT",
      "eta_squared": 0.03369149266939304,
      "f_statistic": 8.611948074770401,
      "ss_between": 9.845222448234445,
      "ss_within": 282.3716450216451,
      "ss_total": 292.21686746987956,
      "n_groups": 2,
      "n_total": 249,
      "group_stats": {
        "in_cond": {
          "n": 165,
          "mean": 9.55151515151515,
          "std": 0.7970100231760945,
          "cv": 0.08344330826399467
        },
        "not_cond": {
          "n": 84,
          "mean": 9.130952380952381,
          "std": 1.4538926558983933,
          "cv": 0.15922683584806394
        }
      }
    },
    "verdict": "SURVIVES"
  },
  "G.R4.6": {
    "claim": "Alexander(-1) ~ Jones(-1)",
    "n": 2977,
    "spearman_r": 1.0,
    "p": 0.0004997501249375312,
    "z": 87.6514970636879,
    "f24": {
      "verdict": "STRONG_EFFECT",
      "eta_squared": 0.7455020467303284,
      "f_statistic": 2175.741054476048,
      "ss_between": 11881291.88161106,
      "ss_within": 4056010.9517222717,
      "ss_total": 15937302.833333332,
      "n_groups": 5,
      "n_total": 2976,
      "group_stats": {
        "alex_bin_5": {
          "n": 1410,
          "mean": 182.71205673758865,
          "std": 49.40364283691097,
          "cv": 0.2703907104929838
        },
        "alex_bin_4": {
          "n": 1195,
          "mean": 74.68535564853556,
          "std": 22.44371283442239,
          "cv": 0.30051022237935165
        },
        "alex_bin_3": {
          "n": 270,
          "mean": 22.496296296296297,
          "std": 6.731764475176292,
          "cv": 0.2992387896439906
        },
        "alex_bin_2": {
          "n": 84,
          "mean": 6.666666666666667,
          "std": 2.2218253613882295,
          "cv": 0.33327380420823444
        },
        "alex_bin_1": {
          "n": 17,
          "mean": 1.0,
          "std": 0.0,
          "cv": 0.0
        }
      }
    },
    "verdict": "SURVIVES"
  },
  "G.R4.5": {
    "claim": "max Jones coeff ~ determinant",
    "n": 2977,
    "spearman_r": 0.9974240346993559,
    "p": 0.0004997501249375312,
    "z": 89.2083001619991,
    "f24": {
      "verdict": "STRONG_EFFECT",
      "eta_squared": 0.8507830865785644,
      "f_statistic": 2821.3680408082696,
      "ss_between": 331256.80305076024,
      "ss_within": 58098.37840085267,
      "ss_total": 389355.1814516129,
      "n_groups": 7,
      "n_total": 2976,
      "group_stats": {
        "bin_6": {
          "n": 1271,
          "mean": 17.681353265145553,
          "std": 4.036024645968728,
          "cv": 0.22826446513710913
        },
        "bin_7": {
          "n": 846,
          "mean": 33.95744680851064,
          "std": 6.437595332912633,
          "cv": 0.1895783086759986
        },
        "bin_5": {
          "n": 553,
          "mean": 8.182640144665461,
          "std": 1.929383220595283,
          "cv": 0.2357898167931915
        },
        "bin_4": {
          "n": 185,
          "mean": 4.037837837837838,
          "std": 1.0046786097248055,
          "cv": 0.2488159876828501
        },
        "bin_3": {
          "n": 90,
          "mean": 2.488888888888889,
          "std": 0.8723460633951343,
          "cv": 0.350496186185545
        },
        "bin_2": {
          "n": 14,
          "mean": 1.8571428571428572,
          "std": 0.8329931278350429,
          "cv": 0.4485347611419461
        },
        "bin_1": {
          "n": 17,
          "mean": 1.8235294117647058,
          "std": 0.7848037684780196,
          "cv": 0.43037626013310754
        }
      }
    },
    "f24b": {
      "verdict": "CONSISTENT",
      "m4m2_by_group": {
        "bin_6": 1.1968222841226241,
        "bin_7": 1.156505157323847,
        "bin_5": 1.1970793530512458,
        "bin_4": 1.2299481373271566,
        "bin_3": 1.4308097459400428
      },
      "m4m2_ratio": 1.2371840599923798,
      "eta_squared": 0.8507830865785644,
      "medians": {
        "bin_6": 17.0,
        "bin_7": 33.0,
        "bin_5": 8.0,
        "bin_4": 4.0,
        "bin_3": 2.0
      },
      "median_range_ratio": 16.5,
      "iqrs": {
        "bin_6": [
          14.0,
          21.0
        ],
        "bin_7": [
          29.0,
          38.0
        ],
        "bin_5": [
          7.0,
          10.0
        ],
        "bin_4": [
          3.0,
          5.0
        ],
        "bin_3": [
          2.0,
          3.0
        ]
      },
      "tail_frac_by_group": {
        "bin_6": 0.0,
        "bin_7": 0.3557919621749409,
        "bin_5": 0.0,
        "bin_4": 0.0,
        "bin_3": 0.0
      },
      "tail_contribution": 0.39515139139566646
    },
    "verdict": "SURVIVES"
  },
  "C67": {
    "claim": "Alexander polynomial satisfies linear recurrence (BM)",
    "n_tested": 0,
    "n_recurrent": 0,
    "rate": 0.0,
    "order_distribution": {},
    "verdict": "KILLED"
  },
  "C84": {
    "claim": "Knot det -> Alexander coefficient magnitude",
    "n": 2977,
    "spearman_r": 0.95762987019779,
    "p": 0.0004997501249375312,
    "z": 86.7065053442285,