{
  "C72": {
    "claim": "hR/sqrt(D) (Brauer-Siegel ratio) has universal structure",
    "n": 9115,
    "mean": 0.44483190794138416,
    "median": 0.3382561784282848,
    "m4m2": 3.5825683605456016,
    "f24": {
      "verdict": "STRONG_EFFECT",
      "eta_squared": 0.29395928622533396,
      "f_statistic": 1264.3128766119428,
      "ss_between": 347.5260084542008,
      "ss_within": 834.6989619378057,
      "ss_total": 1182.2249703920065,
      "n_groups": 4,
      "n_total": 9114,
      "group_stats": {
        "2": {
          "n": 6086,
          "mean": 0.5777175781857381,
          "std": 0.36427460447423465,
          "cv": 0.630540974048602
        },
        "3": {
          "n": 1902,
          "mean": 0.24646449649574717,
          "std": 0.11740790352482013,
          "cv": 0.47636842301481763
        },
        "4": {
          "n": 1044,
          "mean": 0.06607560006960032,
          "std": 0.029238351919274926,
          "cv": 0.4424984697600459
        },
        "5": {
          "n": 82,
          "mean": 0.010843515102937847,
          "std": 0.0020569901765002023,
          "cv": 0.18969772780995153
        }
      }
    },
    "f24b": {
      "verdict": "CONSISTENT",
      "m4m2_by_group": {
        "2": 2.6312618603686806,
        "3": 1.913949402912495,
        "4": 1.856883994983216,
        "5": 1.138681114326312
      },
      "m4m2_ratio": 2.3107978408208143,
      "eta_squared": 0.29395928622533396,
      "medians": {
        "2": 0.4777165976550869,
        "3": 0.22766688687171,
        "4": 0.058731232041408704,
        "5": 0.010814487396641356
      },
      "median_range_ratio": 44.173762484891405,
      "iqrs": {
        "2": [
          0.29981734311413394,
          0.764117216992972
        ],
        "3": [
          0.15947284949193402,
          0.31460149654143676
        ],
        "4": [
          0.0455953366283842,
          0.08187531274153209
        ],
        "5": [
          0.009426263531378654,
          0.01229426744349981
        ]
      },
      "tail_frac_by_group": {
        "2": 0.14985211961879724,
        "3": 0.0,
        "4": 0.0,
        "5": 0.0
      },
      "tail_contribution": 0.5588285576699542
    },
    "f25": {
      "verdict": "UNIVERSAL",
      "per_group": [
        {
          "held_out": "even",
          "n_test": 4314,
          "r2_oos": -0.030324003056632964
        },
        {
          "held_out": "odd",
          "n_test": 4801,
          "r2_oos": 0.3608049109741859
        }
      ],
      "weighted_oos_r2": 0.1756891528689799,
      "mean_oos_r2": 0.16524045395877646,
      "n_groups_tested": 2
    },
    "verdict": "STRONG_EFFECT"
  },
  "C91": {
    "claim": "Galois group predicts discriminant within fixed degree",
    "per_degree": {
      "degree_3": {
        "n": 1902,
        "n_galois_groups": 2,
        "f24": {
          "verdict": "NEGLIGIBLE_EFFECT",
          "eta_squared": 0.00831931988224922,
          "f_statistic": 15.939312011601006,
          "ss_between": 12.432310326948713,
          "ss_within": 1481.9579166284186,
          "ss_total": 1494.3902269553673,
          "n_groups": 2,
          "n_total": 1902,
          "group_stats": {
            "3T2": {
              "n": 1886,
              "mean": 8.299818404856936,
              "std": 0.8732143825532158,
              "cv": 0.10520885397230176
            },
            "3T1": {
              "n": 16,
              "mean": 7.414600189667785,
              "std": 1.6559850473581261,
              "cv": 0.22334111145544092
            }
          }
        },
        "f24b": {
          "verdict": "INSUFFICIENT_DATA"
        }
      },
      "degree_4": {
        "n": 1044,
        "n_galois_groups": 5,
        "f24": {
          "verdict": "SMALL_EFFECT",
          "eta_squared": 0.036739429927396636,
          "f_statistic": 13.171254171275827,
          "ss_between": 22.07982032880586,
          "ss_within": 578.904472907081,
          "ss_total": 600.9842932358869,
          "n_groups": 4,
          "n_total": 1040,
          "group_stats": {
            "4T3": {
              "n": 413,
              "mean": 8.3418123480463,
              "std": 0.7965386683777359,
              "cv": 0.09548748343209731
            },
            "4T5": {
              "n": 570,
              "mean": 8.492988399505387,
              "std": 0.6611272286070401,
              "cv": 0.07784388692271647
            },
            "4T2": {
              "n": 47,
              "mean": 7.9021643211740535,
              "std": 1.0723264291189916,
              "cv": 0.1357003455680699
            },
            "4T1": {
              "n": 10,
              "mean": 7.759300826509184,
              "std": 1.1696741032021678,
              "cv": 0.15074478092227675
            }
          }
        },
        "f24b": {
          "verdict": "CONSISTENT",
          "m4m2_by_group": {
            "4T3": 1.0311719650448767,
            "4T5": 1.0212959503811334,
            "4T2": 1.0617375629335435
          },
          "m4m2_ratio": 1.0395983285132169,
          "eta_squared": 0.036739429927396636,
          "medians": {
            "4T3": 8.589141690728821,
            "4T5": 8.708390391841883,
            "4T2": 8.1886891244442
          },
          "median_range_ratio": 1.063465746409436,
          "iqrs": {
            "4T3": [
              7.943427767876373,
              8.938006576471201
            ],
            "4T5": [
              8.184284127486555,
              8.981052962170235
            ],
            "4T2": [
              7.3777589082278725,
              8.812843433517195
            ]
          },
          "tail_frac_by_group": {
            "4T3": 0.08958837772397095,
            "4T5": 0.11578947368421053,
            "4T2": 0.0
          },
          "tail_contribution": 0.1005190967618729
        }
      }
    },
    "f25": {
      "verdict": "CONTEXT_DEPENDENT",
      "per_group": [
        {
          "held_out": "2",
          "n_test": 6086,
          "r2_oos": -0.01363298646348099
        },
        {
          "held_out": "3",
          "n_test": 1902,
          "r2_oos": -0.003850082210434369
        },
        {
          "held_out": "4",
          "n_test": 1044,
          "r2_oos": -0.0503297351685561
        }
      ],
      "weighted_oos_r2": -0.01581459870426971,
      "mean_oos_r2": -0.022604267947490486,
      "n_groups_tested": 3
    },
    "verdict": "ANALYZED"
  },
  "G.R5.3": {
    "claim": "NF regulator ~ EC conductor density",
    "n": 4427,
    "spearman_r": 0.04194947938125397,
    "p": 0.0034982508745627187,
    "z": 3.380773952895423,
    "f24": {
      "verdict": "NEGLIGIBLE_EFFECT",
      "eta_squared": 0.002290817711511627,
      "f_statistic": 2.537739774871709,
      "ss_between": 235.388696131559,
      "ss_within": 102517.74392926384,
      "ss_total": 102753.1326253954,
      "n_groups": 5,
      "n_total": 4426,
      "group_stats": {
        "reg_bin_1": {
          "n": 1668,
          "mean": 67.73021582733813,
          "std": 5.391206375982146,
          "cv": 0.07959824592506436
        },
        "reg_bin_3": {
          "n": 1047,
          "mean": 67.93791786055397,
          "std": 4.359771453415119,
          "cv": 0.06417287415790063
        },
        "reg_bin_2": {
          "n": 876,
          "mean": 68.10958904109589,
          "std": 4.661054941152926,
          "cv": 0.06843463610300958
        },
        "reg_bin_4": {
          "n": 649,
          "mean": 67.40986132511556,
          "std": 4.289769405506311,
          "cv": 0.06363711957241527
        },
        "reg_bin_5": {
          "n": 186,
          "mean": 67.43548387096774,
          "std": 4.12292685372148,
          "cv": 0.06113883399443476
        }
      }
    },
    "verdict": "SURVIVES"
  },
  "G.R5.nf": {
    "claim": "NF disc differs when class#  in  small knot determinants",
    "n_in": 2000,
    "n_not": 2000,
    "mean_in": 8.021361093622065,