{
  "challenge": "ALL-069",
  "title": "Scaling Slope as Classification Invariant",
  "timestamp": "2026-04-10T06:25:19",
  "elapsed_seconds": 2.2,
  "endomorphism_slopes": {
    "CM": {
      "slope": 0.12116975854816339,
      "ci_lo": -0.4678229304222972,
      "ci_hi": 0.3313238209827595,
      "n_curves": 16,
      "endo_dim": 4
    },
    "Q": {
      "slope": 0.0007500476528321639,
      "ci_lo": -0.021392448435182093,
      "ci_hi": 0.020689277108307293,
      "n_curves": 9538,
      "endo_dim": 1
    },
    "QM": {
      "slope": 0.5672085027545419,
      "ci_lo": 0.46425864257513116,
      "ci_hi": 0.6917322533498138,
      "n_curves": 12,
      "endo_dim": 8
    },
    "RM": {
      "slope": -0.25808834455873264,
      "ci_lo": -0.6829559747613053,
      "ci_hi": 0.08085966559953635,
      "n_curves": 434,
      "endo_dim": 2
    }
  },
  "sato_tate_slopes": {
    "USp(4)": {
      "slope": 0.007801557461898241,
      "ci_lo": -0.004369406121152261,
      "ci_hi": 0.01456436511214304,
      "n_curves": 9537,
      "st_order": 1
    },
    "G_{3,3}": {
      "slope": -0.26580403417470333,
      "ci_lo": -0.689574148805294,
      "ci_hi": 0.08195716111561115,
      "n_curves": 383,
      "st_order": 3
    },
    "N(G_{1,3})": {
      "slope": -0.20380807600992268,
      "ci_lo": -0.6400928585766427,
      "ci_hi": 0.1911501842771222,
      "n_curves": 35,
      "st_order": 6
    },
    "N(G_{3,3})": {
      "slope": 0.5778542271913247,
      "ci_lo": 0.2889497237900111,
      "ci_hi": 0.7991357339804053,
      "n_curves": 15,
      "st_order": 6
    },
    "E_6": {
      "slope": 0.014231961704460427,
      "ci_lo": -0.6734579611886645,
      "ci_hi": 0.2551658632834379,
      "n_curves": 13,
      "st_order": 6
    },
    "J(E_1)": {
      "slope": 0.39753881813479536,
      "ci_lo": 0.07915871231539164,
      "ci_hi": 0.7035606510743784,
      "n_curves": 5,
      "st_order": 12
    }
  },
  "genus2_slopes": {
    "USp(4)": {
      "slope": 0.007801557461898241,
      "ci_lo": -0.004369406121152261,
      "ci_hi": 0.01456436511214304,
      "n_curves": 9537
    },
    "G_{3,3}": {
      "slope": -0.26580403417470333,
      "ci_lo": -0.689574148805294,
      "ci_hi": 0.08195716111561115,
      "n_curves": 383
    },
    "N(G_{1,3})": {
      "slope": -0.20380807600992268,
      "ci_lo": -0.6400928585766427,
      "ci_hi": 0.1911501842771222,
      "n_curves": 35
    },
    "N(G_{3,3})": {
      "slope": 0.5778542271913247,
      "ci_lo": 0.2889497237900111,
      "ci_hi": 0.7991357339804053,
      "n_curves": 15
    },
    "E_6": {
      "slope": 0.014231961704460427,
      "ci_lo": -0.6734579611886645,
      "ci_hi": 0.2551658632834379,
      "n_curves": 13
    },
    "J(E_1)": {
      "slope": 0.39753881813479536,
      "ci_lo": 0.07915871231539164,
      "ci_hi": 0.7035606510743784,
      "n_curves": 5
    }
  },
  "separation_fraction": 0.3333,
  "separable_pairs": [
    {
      "a": "endo/CM",
      "b": "endo/QM",
      "a_slope": 0.12116975854816339,
      "b_slope": 0.5672085027545419,
      "separated": true
    },
    {
      "a": "endo/Q",
      "b": "endo/QM",
      "a_slope": 0.0007500476528321639,
      "b_slope": 0.5672085027545419,
      "separated": true
    },
    {
      "a": "endo/Q",
      "b": "st/J(E_1)",
      "a_slope": 0.0007500476528321639,
      "b_slope": 0.39753881813479536,
      "separated": true
    },
    {
      "a": "endo/Q",
      "b": "st/N(G_{3,3})",
      "a_slope": 0.0007500476528321639,
      "b_slope": 0.5778542271913247,
      "separated": true
    },
    {
      "a": "endo/QM",
      "b": "endo/RM",
      "a_slope": 0.5672085027545419,
      "b_slope": -0.25808834455873264,
      "separated": true
    },
    {
      "a": "endo/QM",
      "b": "st/E_6",
      "a_slope": 0.5672085027545419,
      "b_slope": 0.014231961704460427,
      "separated": true
    },
    {
      "a": "endo/QM",
      "b": "st/G_{3,3}",
      "a_slope": 0.5672085027545419,
      "b_slope": -0.26580403417470333,
      "separated": true
    },
    {
      "a": "endo/QM",
      "b": "st/N(G_{1,3})",
      "a_slope": 0.5672085027545419,
      "b_slope": -0.20380807600992268,
      "separated": true
    },
    {
      "a": "endo/QM",
      "b": "st/USp(4)",
      "a_slope": 0.5672085027545419,
      "b_slope": 0.007801557461898241,
      "separated": true
    },
    {
      "a": "endo/RM",
      "b": "st/N(G_{3,3})",
      "a_slope": -0.25808834455873264,
      "b_slope": 0.5778542271913247,
      "separated": true
    },
    {
      "a": "st/E_6",
      "b": "st/N(G_{3,3})",
      "a_slope": 0.014231961704460427,
      "b_slope": 0.5778542271913247,
      "separated": true
    },
    {
      "a": "st/G_{3,3}",
      "b": "st/N(G_{3,3})",
      "a_slope": -0.26580403417470333,
      "b_slope": 0.5778542271913247,
      "separated": true
    },
    {
      "a": "st/J(E_1)",
      "b": "st/USp(4)",
      "a_slope": 0.39753881813479536,
      "b_slope": 0.007801557461898241,
      "separated": true
    },
    {
      "a": "st/N(G_{1,3})",
      "b": "st/N(G_{3,3})",
      "a_slope": -0.20380807600992268,
      "b_slope": 0.5778542271913247,
      "separated": true
    },
    {
      "a": "st/N(G_{3,3})",
      "b": "st/USp(4)",
      "a_slope": 0.5778542271913247,
      "b_slope": 0.007801557461898241,
      "separated": true
    }
  ],
  "n_separable": 15,
  "n_overlapping": 30,
  "assessment": "PARTIAL: slope separates 33% of pairs \u2014 weak discriminator, not invariant"
}