{
  "metadata": {
    "total_forms": 17314,
    "n_starved_non_cm_ell_ge5": 156,
    "n_congruence_nodes_ell_ge5": 1816,
    "congruence_ells_checked": [
      5,
      7,
      11,
      13,
      17,
      19,
      23
    ]
  },
  "global": {
    "overlap_count": 27,
    "expected_overlap": 16.3623,
    "enrichment_ratio": 1.6501,
    "p_value_hypergeometric": 0.0062136120002790445,
    "overlap_labels": [
      "1650.2.a.a",
      "1650.2.a.c",
      "1650.2.a.d",
      "1650.2.a.q",
      "1650.2.a.s",
      "1914.2.a.o",
      "1914.2.a.p",
      "1950.2.a.a",
      "1950.2.a.bb",
      "2850.2.a.d",
      "2850.2.a.e",
      "3025.2.a.b",
      "3025.2.a.e",
      "3075.2.a.l",
      "3075.2.a.m",
      "4450.2.a.e",
      "4450.2.a.f",
      "4650.2.a.b",
      "4650.2.a.bn",
      "4650.2.a.bu",
      "4650.2.a.i",
      "4650.2.a.k",
      "4774.2.a.h",
      "4774.2.a.i",
      "490.2.a.k",
      "550.2.a.e",
      "550.2.a.f"
    ]
  },
  "per_ell": {
    "5": {
      "congruence_nodes": 1568,
      "overlap": 25,
      "expected": 14.1278,
      "enrichment": 1.7696,
      "p_value": 0.003518768188456975,
      "overlap_labels": [
        "1650.2.a.a",
        "1650.2.a.c",
        "1650.2.a.d",
        "1650.2.a.q",
        "1650.2.a.s",
        "1914.2.a.o",
        "1914.2.a.p",
        "2850.2.a.d",
        "2850.2.a.e",
        "3025.2.a.b",
        "3025.2.a.e",
        "3075.2.a.l",
        "3075.2.a.m",
        "4450.2.a.e",
        "4450.2.a.f",
        "4650.2.a.b",
        "4650.2.a.bn",
        "4650.2.a.bu",
        "4650.2.a.i",
        "4650.2.a.k",
        "4774.2.a.h",
        "4774.2.a.i",
        "490.2.a.k",
        "550.2.a.e",
        "550.2.a.f"
      ]
    },
    "7": {
      "congruence_nodes": 318,
      "overlap": 2,
      "expected": 2.8652,
      "enrichment": 0.698,
      "p_value": 0.7839748909415047,
      "overlap_labels": [
        "1950.2.a.a",
        "1950.2.a.bb"
      ]
    },
    "11": {
      "congruence_nodes": 10,
      "overlap": 0,
      "expected": 0.0901,
      "enrichment": 0.0,
      "p_value": 1.0,
      "overlap_labels": []
    },
    "13": {
      "congruence_nodes": 0,
      "overlap": 0,
      "expected": 0.0,
      "enrichment": Infinity,
      "p_value": 1.0,
      "overlap_labels": []
    },
    "17": {
      "congruence_nodes": 0,
      "overlap": 0,
      "expected": 0.0,
      "enrichment": Infinity,
      "p_value": 1.0,
      "overlap_labels": []
    },
    "19": {
      "congruence_nodes": 0,
      "overlap": 0,
      "expected": 0.0,
      "enrichment": Infinity,
      "p_value": 1.0,
      "overlap_labels": []
    },
    "23": {
      "congruence_nodes": 0,
      "overlap": 0,
      "expected": 0.0,
      "enrichment": Infinity,
      "p_value": 1.0,
      "overlap_labels": []
    }
  },
  "prime_alignment": {
    "same_prime_count": 22,
    "different_prime_count": 5,
    "same_prime_forms": [
      {
        "label": "1650.2.a.a",
        "starvation_primes": [
          5
        ],
        "congruence_primes": [
          5
        ],
        "shared_primes": [
          5
        ],
        "type": "SAME_PRIME"
      },
      {
        "label": "1650.2.a.c",
        "starvation_primes": [
          5
        ],
        "congruence_primes": [
          5
        ],
        "shared_primes": [
          5
        ],
        "type": "SAME_PRIME"
      },
      {
        "label": "1650.2.a.d",
        "starvation_primes": [
          5
        ],
        "congruence_primes": [
          5
        ],
        "shared_primes": [
          5
        ],
        "type": "SAME_PRIME"
      },
      {
        "label": "1650.2.a.q",
        "starvation_primes": [
          5
        ],
        "congruence_primes": [
          5
        ],
        "shared_primes": [
          5
        ],
        "type": "SAME_PRIME"
      },
      {
        "label": "1650.2.a.s",
        "starvation_primes": [
          5
        ],
        "congruence_primes": [
          5
        ],
        "shared_primes": [
          5
        ],
        "type": "SAME_PRIME"
      },
      {
        "label": "1914.2.a.o",
        "starvation_primes": [
          5
        ],
        "congruence_primes": [
          5
        ],
        "shared_primes": [
          5
        ],
        "type": "SAME_PRIME"
      },
      {
        "label": "1914.2.a.p",
        "starvation_primes": [
          5
        ],
        "congruence_primes": [
          5
        ],
        "shared_primes": [
          5
        ],
        "type": "SAME_PRIME"
      },
      {
        "label": "2850.2.a.d",
        "starvation_primes": [
          5
        ],
        "congruence_primes": [
          5
        ],
        "shared_primes": [
          5
        ],
        "type": "SAME_PRIME"
      },
      {
        "label": "2850.2.a.e",
        "starvation_primes": [
          5
        ],
        "congruence_primes": [
          5
        ],
        "shared_primes": [
          5
        ],
        "type": "SAME_PRIME"
      },
      {
        "label": "3075.2.a.l",
        "starvation_primes": [
          5
        ],
        "congruence_primes": [
          5
        ],
        "shared_primes": [
          5
        ],
        "type": "SAME_PRIME"
      },
      {
        "label": "3075.2.a.m",
        "starvation_primes": [
          5
        ],
        "congruence_primes": [
          5
        ],
        "shared_primes": [
          5
        ],
        "type": "SAME_PRIME"
      },
      {
        "label": "4450.2.a.e",
        "starvation_primes": [
          5
        ],
        "congruence_primes": [
          5
        ],
        "shared_primes": [
          5
        ],
        "type": "SAME_PRIME"
      },
      {
        "label": "4450.2.a.f",
        "starvation_primes": [
          5
        ],
        "congruence_primes": [
          5
        ],
        "shared_primes": [
          5
        ],
        "type": "SAME_PRIME"
      },
      {
        "label": "4650.2.a.b",
        "starvation_primes": [
          5
        ],
        "congruence_primes": [
          5
        ],
        "shared_primes": [
          5
        ],
        "type": "SAME_PRIME"
      },
      {
        "label": "4650.2.a.bn",
        "starvation_primes": [
          5
        ],
        "congruence_primes": [
          5
        ],
        "shared_primes": [
          5
        ],
        "type": "SAME_PRIME"
      },
      {
        "label": "4650.2.a.bu",
        "starvation_primes": [
          5
        ],
        "congruence_primes": [
          5
        ],
        "shared_primes": [
          5
        ],
        "type": "SAME_PRIME"
      },
      {
        "label": "4650.2.a.i",
        "starvation_primes": [
          5
        ],
        "congruence_primes": [
          5
        ],
        "shared_primes": [
          5
        ],
        "type": "SAME_PRIME"
      },
      {
        "label": "4650.2.a.k",
        "starvation_primes": [
          5
        ],
        "congruence_primes": [
          5
        ],
        "shared_primes": [
          5
        ],
        "type": "SAME_PRIME"
      },
      {
        "label": "4774.2.a.h",
        "starvation_primes": [
          5
        ],
        "congruence_primes": [
          5
        ],
        "shared_primes": [
          5
        ],
        "type": "SAME_PRIME"
      },
      {
        "label": "4774.2.a.i",
        "starvation_primes": [
          5
        ],
        "congruence_primes": [
          5
        ],
        "shared_primes": [
          5
        ],
        "type": "SAME_PRIME"
      },
      {
        "label": "550.2.a.e",
        "starvation_primes": [
          5
        ],
        "congruence_primes": [
          5
        ],
        "shared_primes": [
          5
        ],
        "type": "SAME_PRIME"
      },
      {
        "label": "550.2.a.f",
        "starvation_primes": [
          5
        ],