{
  "data_points": {
    "gl2_graph": {
      "5": {
        "edges": 817,
        "nodes": 1568,
        "triangles": 27,
        "max_degree": 4,
        "largest_comp": 5
      },
      "7": {
        "edges": 159,
        "nodes": 318,
        "triangles": 0,
        "max_degree": 1,
        "largest_comp": 2
      },
      "11": {
        "edges": 5,
        "nodes": 10,
        "triangles": 0,
        "max_degree": 1,
        "largest_comp": 2
      }
    },
    "gl2_clustering": {
      "3": {
        "non_singleton": 3556,
        "pct_clustered": 58.51,
        "n_pairs": 2484,
        "n_triples": 555
      },
      "5": {
        "non_singleton": 816,
        "pct_clustered": 9.66,
        "n_pairs": 792,
        "n_triples": 18
      },
      "7": {
        "non_singleton": 164,
        "pct_clustered": 1.89,
        "n_pairs": 164,
        "n_triples": 0
      }
    },
    "gsp4_coprime": {
      "2": {
        "edges": 1115,
        "nodes": 1961,
        "triangles": 99,
        "max_degree": 3,
        "largest_comp": 4
      },
      "3": {
        "edges": 42,
        "nodes": 84,
        "triangles": 0,
        "max_degree": 1,
        "largest_comp": 2
      }
    },
    "gsp4_all": {
      "2": {
        "edges": 11356,
        "nodes": 9101,
        "triangles": 20917,
        "max_degree": 23,
        "largest_comp": 24
      },
      "3": {
        "edges": 181,
        "nodes": 296,
        "triangles": 37,
        "max_degree": 4,
        "largest_comp": 5
      }
    },
    "group_orders": {
      "gl2": {
        "2": 6,
        "3": 48,
        "5": 480,
        "7": 2016,
        "11": 13200,
        "13": 26208
      },
      "gsp4": {
        "2": 720,
        "3": 51840,
        "5": 9360000,
        "7": 276595200
      }
    }
  },
  "normalized_curves": {
    "edge_over_group_order": {
      "gl2": {
        "5": 1.7020833333333334,
        "7": 0.07886904761904762,
        "11": 0.0003787878787878788
      },
      "gsp4_coprime": {
        "2": 1.5486111111111112,
        "3": 0.0008101851851851852
      },
      "universal": false,
      "note": "GL_2 ratios: O(1) at ell=5, decay to ~O(10^-4). GSp_4 ratios: O(10^-2) at ell=2, O(10^-7) at ell=3. NOT universal -- different scales."
    }
  },
  "model_fits": {
    "gl2": {
      "super_exponential": {
        "A": 4490.8169100537025,
        "B": 0.06816684057031219,
        "ssr": 14.640666155436362,
        "r2": 0.9999606442169108,
        "formula": "E(ell) = 4490.82 * exp(-0.0682 * ell^2)",
        "predictions": {
          "5": 816.9834926390947,
          "7": 159.1130118535999,
          "11": 1.1753925713325528
        }
      },
      "exponential": {
        "A": 48988.47230209599,
        "B": 0.8187366063401177,
        "ssr": 1.0311518516768141,
        "r2": 0.99999722814603,
        "formula": "E(ell) = 48988.47 * exp(-0.8187 * ell)",
        "predictions": {
          "5": 817.014839888704,
          "7": 158.88553636481552,
          "11": 6.008875465853155
        }
      },
      "power_law": {
        "A": 2253865.4561268426,
        "B_alpha": 4.922287385025316,
        "ssr": 149.82706580280387,
        "r2": 0.9995972477317616,
        "formula": "E(ell) = 2253865.46 * ell^(-4.9223)",
        "predictions": {
          "5": 817.3287063383136,
          "7": 155.99567797124826,
          "11": 16.8614108390829
        }
      },
      "best_model": "exponential",
      "best_r2": 0.99999722814603
    },
    "gsp4_coprime": {
      "super_exponential": {
        "A": 15363.682689311128,
        "B": 0.6557880131221702,
        "ssr": 5.169878828456423e-26,
        "r2": 1.0,
        "formula": "E(ell) = 15363.68 * exp(-0.6558 * ell^2)",
        "predictions": {
          "2": 1115.0000000000002,
          "3": 42.0
        }
      },
      "exponential": {
        "A": 785825.3259637196,
        "B": 3.2789400656108514,
        "ssr": 5.578824321722995e-26,
        "r2": 1.0,
        "formula": "E(ell) = 785825.33 * exp(-3.2789 * ell)",
        "predictions": {
          "2": 1114.9999999999998,
          "3": 41.999999999999936
        }
      },
      "power_law": {
        "A": 303153.55846251186,
        "B_alpha": 8.086861236740845,
        "ssr": 2.0760294670520323e-25,
        "r2": 1.0,
        "formula": "E(ell) = 303153.56 * ell^(-8.0869)",
        "predictions": {
          "2": 1115.0000000000005,
          "3": 42.00000000000003
        }
      },
      "best_model": "super_exponential",
      "best_r2": 1.0
    },
    "gsp4_all": {
      "super_exponential": {
        "A": 311360.00892815884,
        "B": 0.8278008972654072,
        "ssr": 3.3289172893857686e-24,
        "r2": 1.0,
        "formula": "E(ell) = 311360.01 * exp(-0.8278 * ell^2)",
        "predictions": {
          "2": 11356.000000000002,
          "3": 181.00000000000014
        }
      },
      "exponential": {
        "A": 44701181.46625562,
        "B": 4.139004486327036,
        "ssr": 1.3315669157543074e-23,
        "r2": 1.0,
        "formula": "E(ell) = 44701181.47 * exp(-4.1390 * ell)",
        "predictions": {
          "2": 11355.999999999996,
          "3": 180.99999999999972
        }
      },
      "power_law": {
        "A": 13432348.486796632,
        "B_alpha": 10.208041095419953,
        "ssr": 1.324215994295096e-23,
        "r2": 1.0,
        "formula": "E(ell) = 13432348.49 * ell^(-10.2080)",
        "predictions": {
          "2": 11356.000000000004,
          "3": 181.00000000000009
        }
      },
      "best_model": "super_exponential",
      "best_r2": 1.0
    },
    "gl2_clustering": {
      "super_exponential": {
        "A": 8021.011439302205,
        "B": 0.0904673098034907,
        "ssr": 5112.481621844018,
        "r2": 0.9992109705472428,
        "formula": "E(ell) = 8021.01 * exp(-0.0905 * ell^2)",
        "predictions": {
          "3": 3553.2360097610704,
          "5": 835.5891646489464,
          "7": 95.28969067047079
        }
      },
      "exponential": {
        "A": 32898.19816917542,
        "B": 0.7415010895387619,
        "ssr": 446.3111671784086,
        "r2": 0.9999311190372805,
        "formula": "E(ell) = 32898.20 * exp(-0.7415 * ell)",
        "predictions": {
          "3": 3556.9897835800525,
          "5": 807.2776980518335,
          "7": 183.21595546331426
        }
      },
      "power_law": {
        "A": 100780.31896421475,
        "B_alpha": 3.042758804532612,
        "ssr": 15357.639849608922,
        "r2": 0.9976297948701852,
        "formula": "E(ell) = 100780.32 * ell^(-3.0428)",
        "predictions": {
          "3": 3561.3186161919166,
          "5": 752.6249194638739,
          "7": 270.3623586540442
        }
      },
      "best_model": "exponential",
      "best_r2": 0.9999311190372805
    }
  },
  "hasse_squeeze": {
    "gl2": {
      "fitted_k": 6.529687043190652,
      "predicted_k": 1,
      "ratio": 6.529687043190652,
      "matches_prediction": false,
      "note": "Observed k=6.53 >> predicted k=1. Decay is MUCH steeper than pure Hasse bound."
    },
    "gsp4_coprime": {
      "fitted_k": 8.08686123674084,
      "predicted_k": 2,
      "ratio": 4.04343061837042,
      "matches_prediction": false,
      "note": "Observed k=8.09 vs predicted k=2."
    },
    "gsp4_all": {
      "fitted_k": 10.208041095419945,
      "predicted_k": 2
    },
    "key_finding": "GSp_4 exponent (8.09) > GL_2 exponent (6.53): higher-rank groups show steeper collapse, consistent with Hasse squeeze. But both exponents exceed their predicted k values (1 and 2), indicating additional structure beyond naive Hasse counting."
  },
  "triangle_prediction": {
    "gl2": {
      "5": {
        "edges": 817,
        "nodes": 1568,
        "triangles_observed": 27,
        "edge_prob": 0.0006650235078077179,
        "triangles_er_predicted": 0.18861079875916575,
        "excess_ratio": 143.15193073582117
      },
      "7": {
        "edges": 159,
        "nodes": 318,
        "triangles_observed": 0,