{
  "matrix_size": 1961,
  "n_edges": 1115,
  "svd_time_seconds": 3.56,
  "singular_values_top30": [
    3.0,
    3.0,
    3.0,
    3.0,
    3.0,
    3.0,
    3.0,
    2.0,
    2.0,
    2.0,
    2.0,
    2.0,
    2.0,
    2.0,
    2.0,
    2.0,
    2.0,
    2.0,
    2.0,
    2.0,
    2.0,
    2.0,
    2.0,
    2.0,
    2.0,
    2.0,
    2.0,
    2.0,
    2.0,
    2.0
  ],
  "singular_values_nonzero": 1961,
  "effective_rank_90": 1738,
  "effective_rank_95": 1850,
  "effective_rank_99": 1939,
  "total_energy": 2230.0,
  "energy_fraction_top1": 0.004036,
  "energy_fraction_top3": 0.012108,
  "energy_fraction_top10": 0.033632,
  "gap_ratios_top15": [
    1.0,
    1.0,
    1.0,
    1.0,
    1.0,
    1.0,
    1.5,
    1.0,
    1.0,
    1.0,
    1.0,
    1.0,
    1.0,
    1.0,
    1.0
  ],
  "spectrum": {
    "edge_density": 0.00058019,
    "mp_sigma_max_random": 1.0923,
    "actual_sigma_max": 3.0,
    "excess_over_mp": 2.7464,
    "n_above_mp_bound": 78
  },
  "eigenvector_analysis": {
    "conductor_correlations_top10": [
      -0.036477,
      -0.027213,
      0.053035,
      -0.075082,
      -0.006973,
      0.061369,
      -0.070811,
      0.00429,
      -0.054231,
      -0.054389
    ],
    "degree_correlations_top10": [
      0.219722,
      0.219722,
      0.219722,
      0.219722,
      0.219722,
      0.219722,
      0.219722,
      -0.088114,
      -0.088114,
      -0.088114
    ],
    "component_separation_eta2_top10": [
      1.0,
      1.0,
      1.0,
      1.0,
      1.0,
      1.0,
      1.0,
      1.0,
      1.0,
      1.0
    ],
    "by_conductor_decade": {
      "eigvec_0": {
        "10^2": {
          "mean_abs": 0.0,
          "mean_signed": 0.0,
          "std": 0.0,
          "count": 2
        },
        "10^3": {
          "mean_abs": 0.0,
          "mean_signed": 0.0,
          "std": 0.0,
          "count": 175
        },
        "10^4": {
          "mean_abs": 0.003012,
          "mean_signed": 0.003012,
          "std": 0.03869,
          "count": 664
        },
        "10^5": {
          "mean_abs": 0.0,
          "mean_signed": 0.0,
          "std": 0.0,
          "count": 1120
        }
      },
      "eigvec_1": {
        "10^2": {
          "mean_abs": 0.0,
          "mean_signed": 0.0,
          "std": 0.0,
          "count": 2
        },
        "10^3": {
          "mean_abs": 0.0,
          "mean_signed": 0.0,
          "std": 0.0,
          "count": 175
        },
        "10^4": {
          "mean_abs": 0.003012,
          "mean_signed": 0.003012,
          "std": 0.03869,
          "count": 664
        },
        "10^5": {
          "mean_abs": 0.0,
          "mean_signed": 0.0,
          "std": 0.0,
          "count": 1120
        }
      },
      "eigvec_2": {
        "10^2": {
          "mean_abs": 0.0,
          "mean_signed": 0.0,
          "std": 0.0,
          "count": 2
        },
        "10^3": {
          "mean_abs": 0.0,
          "mean_signed": 0.0,
          "std": 0.0,
          "count": 175
        },
        "10^4": {
          "mean_abs": 0.0,
          "mean_signed": 0.0,
          "std": 0.0,
          "count": 664
        },
        "10^5": {
          "mean_abs": 0.001786,
          "mean_signed": 0.001786,
          "std": 0.029827,
          "count": 1120
        }
      }
    }
  },
  "top3_eigenvectors": {
    "eigvec_0": {
      "singular_value": 3.0,
      "energy_fraction": 0.004036,
      "conductor_correlation": -0.036477,
      "degree_correlation": 0.219722,
      "component_separation_eta2": 1.0,
      "sign_distribution": {
        "positive": 4,
        "negative": 0,
        "near_zero": 1957
      },
      "top_nodes": [
        {
          "node": "N31475_31475_[-x^5-6*x^4-9*x^3-1,x+1]",
          "value": 0.5,
          "abs_value": 0.5,
          "conductor": 31475,
          "degree": 3
        },
        {
          "node": "N31475_786875_[5*x^5+7*x^4-10*x^3+x^2+2*x,x^",
          "value": 0.5,
          "abs_value": 0.5,
          "conductor": 31475,
          "degree": 3
        },
        {
          "node": "N31475_786875_[x^5+4*x^4+2*x^3+2*x^2+x,x]",
          "value": 0.5,
          "abs_value": 0.5,
          "conductor": 31475,
          "degree": 3
        },
        {
          "node": "N31475_786875_[2*x^6-x^5-6*x^4-x^3+6*x^2+3*x",
          "value": 0.5,
          "abs_value": 0.5,
          "conductor": 31475,
          "degree": 3
        },
        {
          "node": "N985109_985109_[x^5-5*x^3-3*x^2+x,x]",
          "value": 0.0,
          "abs_value": 0.0,
          "conductor": 985109,
          "degree": 1
        },
        {
          "node": "N985109_985109_[x^5+84*x^4+58*x^3+13*x^2+x,x]",
          "value": 0.0,
          "abs_value": 0.0,
          "conductor": 985109,
          "degree": 1
        },
        {
          "node": "N984531_984531_[8*x^6-6*x^5-48*x^4+27*x^3+87*",
          "value": 0.0,
          "abs_value": 0.0,
          "conductor": 984531,
          "degree": 2
        },
        {
          "node": "N984531_984531_[7*x^5+72*x^4+203*x^3-192*x^2+",
          "value": 0.0,
          "abs_value": 0.0,
          "conductor": 984531,
          "degree": 2
        },
        {
          "node": "N984531_984531_[-2*x^5+x^4+x^3-3*x^2,x^3+x+1]",
          "value": 0.0,
          "abs_value": 0.0,
          "conductor": 984531,
          "degree": 2
        },
        {
          "node": "N9843_9843_[x^5-x^4-3*x^3+x^2+x-1,x^3+x+1",
          "value": 0.0,
          "abs_value": 0.0,
          "conductor": 9843,
          "degree": 1
        }
      ]
    },
    "eigvec_1": {
      "singular_value": 3.0,
      "energy_fraction": 0.004036,
      "conductor_correlation": -0.027213,
      "degree_correlation": 0.219722,
      "component_separation_eta2": 1.0,
      "sign_distribution": {
        "positive": 4,
        "negative": 0,
        "near_zero": 1957
      },
      "top_nodes": [
        {
          "node": "N43375_216875_[-2*x^4-x^3+2*x^2-x-2,x^3]",
          "value": 0.5,
          "abs_value": 0.5,
          "conductor": 43375,
          "degree": 3
        },
        {
          "node": "N43375_216875_[x^5-3*x^3-2*x^2+x+2,x^3]",
          "value": 0.5,
          "abs_value": 0.5,
          "conductor": 43375,
          "degree": 3
        },
        {
          "node": "N43375_216875_[x^5-x^4-4*x^3+6*x+4,1]",
          "value": 0.5,
          "abs_value": 0.5,
          "conductor": 43375,
          "degree": 3
        },
        {
          "node": "N43375_216875_[x^5+x^4-26*x^3+x^2+224*x-297,",
          "value": 0.5,
          "abs_value": 0.5,
          "conductor": 43375,
          "degree": 3
        },
        {
          "node": "N985109_985109_[x^5-5*x^3-3*x^2+x,x]",
          "value": 0.0,
          "abs_value": 0.0,
          "conductor": 985109,
          "degree": 1
        },
        {
          "node": "N985109_985109_[x^5+84*x^4+58*x^3+13*x^2+x,x]",
          "value": 0.0,
          "abs_value": 0.0,
          "conductor": 985109,
          "degree": 1
        },
        {
          "node": "N984531_984531_[8*x^6-6*x^5-48*x^4+27*x^3+87*",
          "value": 0.0,
          "abs_value": 0.0,
          "conductor": 984531,
          "degree": 2
        },
        {
          "node": "N984531_984531_[7*x^5+72*x^4+203*x^3-192*x^2+",
          "value": 0.0,
          "abs_value": 0.0,
          "conductor": 984531,
          "degree": 2
        },
        {
          "node": "N984531_984531_[-2*x^5+x^4+x^3-3*x^2,x^3+x+1]",
          "value": 0.0,
          "abs_value": 0.0,
          "conductor": 984531,
          "degree": 2
        },
        {
          "node": "N9843_9843_[x^5-x^4-3*x^3+x^2+x-1,x^3+x+1",
          "value": 0.0,
          "abs_value": 0.0,
          "conductor": 9843,
          "degree": 1
        }
      ]
    },
    "eigvec_2": {
      "singular_value": 3.0,
      "energy_fraction": 0.004036,
      "conductor_correlation": 0.053035,
      "degree_correlation": 0.219722,