claim_id,doc,location,claim_text,rederived_value,status,denominator,denominator_ok,wording_exceeds,proposed_correction,raw_path,notes
C1-01,pte/C1_REPORT.md,header,"12 h 02 m, 0 failed cells, 6596 rows","rows 6596; finished_at ['2026-09-24T12:04:16Z', '2026-09-25T00:06:00Z']; log fail lines 0",MATCH,,,,,roles/Ananke/pte/c1_rows/cells.jsonl.gz,"failures.log is run state, not in git; 0 failed is inferred from log.txt having no failure lines and all specs present"
C1-02,pte/REVIEW_PACKET_PTE_C1.txt,s5,"A0 5000; A1 400 (352 run, 48 censored); B 786; B2 270; C 132; D 36; E 20","{""A"":352,""A0"":5000,""B"":786,""B2"":270,""C"":132,""D"":36,""E"":20} | dget exhausted after 352 cells; 48 not run (BUDGET_CENSORED)",MATCH,,,,,roles/Ananke/pte/c1_rows/cells.jsonl.gz,
C1-03,pte/REVIEW_PACKET_PTE_C1.txt,s2,"31 physics dials + 4 env dials; GA pop 96, 36 gens; twin-contrast bonus max +0.12; held-out 64 worlds","dials 31+4; search {""pop"":96,""gens"":36,""w_contrast"":0.1,""w_any"":0.02,""M_held"":64}",MATCH,,,,,roles/Ananke/pte/c1_rows/cells.jsonl.gz,"+0.12 = w_contrast .10 + w_any .02 (fitness = acc + .10*max(sens_act,0) + .02*sens_any)"
C1-04,pte/C1_REPORT.md,F6,48/400 censored; 51 s/cell vs 37 preflight,A1 mean cell_wall 51.15 s (median 45.056); 37 s is the PREREG s5 pre-data estimate,MATCH,,,,,roles/Ananke/pte/c1_rows/cells.jsonl.gz ; PREREG_PTE_C1.md L117,
C1-05,pte/C1_REPORT.md,F7,Throughput 11-21M site-updates/s,"search-phase n_world_evals*T*N/wall_s over 678 evolve rows: median 11.5M, IQR 9.0-15.7M, p10-p90 7.3-18.8M",PARTIAL,,,minor,,roles/Ananke/pte/c1_rows/cells.jsonl.gz,definition of the reported throughput not recorded; range plausible but not reproducible exactly
C1-06,pte/C1_REPORT.md,header,Every number here is recomputed from the rows by report.py,"FALSE as stated: 0/253, 0/755, 0 of 7, 11-23%, 0.3-0.7%, M2 post-hoc numbers, 37 s preflight and 11-21M come from analysis_a0.py / a0_interactions.json / c1_posthoc / PREREG / unrecorded",MISMATCH,,,yes,"'Numbers in s1, s3 (M1, M3, M4), s4, s5 are recomputed by report.py; ladder rungs come from analysis_a0.py (c1_a0/); M2 from c1_posthoc/; throughput is an unrecorded estimate.'",(provenance statement),
C1-07,pte/C1_REPORT.md,s2 L1,perturbable common: 11-23% of comm-family A0 cells,"L1 (sens>=.30) RELAY 109, XOR 108, MAJ 226, FLIP 176 per 1000",MATCH,1000 A0 cells per family,yes,,,roles/Ananke/pte/c1_rows/cells.jsonl.gz,"A0_FINDINGS s1 table prints FLIP 196 and HOLD 156/279/879: those are FIT-half rates x1000 from a0_interactions.json, not counts (see A0F-01)"
A0F-01,pte/c1_a0/A0_FINDINGS.md,s1 table,"per 1000: FLIP L1 196, L2 18; HOLD L1 156, L2 279, L2' 879","full-census counts FLIP L1 176, L2 13; HOLD L1 132, L2 266, L2' 875; the printed values equal the FIT-half pos_rate x1000 (FLIP .1955/.0183, HOLD .1559/.2794/.8785)",MISMATCH,"mixed: RELAY/XOR/MAJ rows are full counts, FLIP/HOLD rows are FIT-half rates",no,,FLIP 176 / 13 / 0; HOLD 132 / 266 / 875 (full 1000-cell counts),roles/Ananke/pte/c1_rows/cells.jsonl.gz ; c1_a0/a0_interactions.json,feeds C1_REPORT s2; no headline changes (FLIP 17.6% stays inside 11-23%)
C1-08,pte/C1_REPORT.md,s2 L2,distal influence rare: 0.3-0.7% of cells for a random program,"L2 RELAY 7, XOR 3, MAJ 6 per 1000 (FLIP 13 excluded)",MATCH,comm families minus FLIP,partly,minor,add '(FLIP excluded: its L2 includes the local teacher path)',roles/Ananke/pte/c1_rows/cells.jsonl.gz,
C1-09,pte/C1_REPORT.md,s2 L2',known design viable RELAY 19/1000,19/1000,MATCH,,,,,roles/Ananke/pte/c1_rows/cells.jsonl.gz,
C1-10,pte/C1_REPORT.md,s2,L2' and L2 are disjoint in RELAY (0 of 7),L2 and L2' both: 0 of 7,MATCH,,,,,roles/Ananke/pte/c1_rows/cells.jsonl.gz,
C1-11,pte/C1_REPORT.md,s2,a RELAY SIGNAL at loss 0.6 where the design is 0/253,"A0 RELAY plant viable at loss .6: 0/253; RELAY SIGNAL evolve rows at loss .6: 14 (1 A1 c939c3c7 + 13 B/B2 descendants, one smallworld lineage)",MATCH,,,no,,roles/Ananke/pte/c1_rows/cells.jsonl.gz,the 14 rows are one lineage at one physics
C1-12,pte/C1_REPORT.md,s2,MAJ SIGNALs at decay 3 and 6 where it [the design] is 0/755,"0/755 is the RELAY plant at decay>0 (255+250+250 cells); MAJ A0 cells at decay 3/6 = 0/514; MAJ plant viable anywhere = 0/1000; MAJ SIGNAL at decay 3: 16 rows, decay 6: 1 row",PARTIAL,RELAY plant's denominator used for a MAJ claim,no,yes,"'MAJ SIGNALs at decay 3 and 6; no hand design is viable for MAJ at any physics (0/1000), and the RELAY design is 0/755 at decay > 0'",roles/Ananke/pte/c1_rows/cells.jsonl.gz,'outside the design region' is vacuous for MAJ: the MAJ plant is never viable
C1-13,pte/C1_REPORT.md,s2,"Seeding half of A1 in living A0 cells gave no advantage (RELAY 2 vs 2, MAJ 2 vs 1 SIGNAL)",RELAY living 2/35 vs uniform 2/36; MAJ living 2/35 vs uniform 1/35,MATCH,35-36 cells per arm,yes,minor,,roles/Ananke/pte/c1_rows/cells.jsonl.gz,2 vs 2 and 2 vs 1 of ~35 cannot show or exclude an advantage (power ~0); 'no detectable advantage'
C1-L3-RELAY,pte/C1_REPORT.md ; pte/REVIEW_PACKET_PTE_C1.txt,s2 L3 ; packet s6,RELAY 50/196 evolve cells SIGNAL (all waves),"50/196; by wave {""A"":71,""B"":72,""B2"":33,""C"":11,""D"":8,""E"":1}; SIGNAL by wave {""A"":4,""B"":23,""B2"":14,""C"":2,""D"":6,""E"":1}; distinct physics+env among SIGNAL 17",MATCH,"all evolve rows incl. B2 reruns, C re-evolves, D replicate searches, E re-evolve",no,yes,'RELAY SIGNAL in 50 evolve rows (17 distinct physics x task conditions; post-A1 waves were targeted at A1 winners); unbiased A1 rate 4/71',roles/Ananke/pte/c1_rows/cells.jsonl.gz,ratio is not a discovery rate: post-A1 waves re-sample the neighbourhood of A1 SIGNAL cells and D replicates rerun the same physics
C1-L3-MAJ,pte/C1_REPORT.md ; pte/REVIEW_PACKET_PTE_C1.txt,s2 L3 ; packet s6,MAJ 19/162 evolve cells SIGNAL (all waves),"19/162; by wave {""A"":70,""B"":72,""C"":12,""D"":8}; SIGNAL by wave {""A"":3,""B"":11,""C"":2,""D"":3}; distinct physics+env among SIGNAL 10",MATCH,"all evolve rows incl. B2 reruns, C re-evolves, D replicate searches, E re-evolve",no,yes,'MAJ SIGNAL in 19 evolve rows (10 distinct physics x task conditions; post-A1 waves were targeted at A1 winners); unbiased A1 rate 3/70',roles/Ananke/pte/c1_rows/cells.jsonl.gz,ratio is not a discovery rate: post-A1 waves re-sample the neighbourhood of A1 SIGNAL cells and D replicates rerun the same physics
C1-L3-HOLD,pte/C1_REPORT.md ; pte/REVIEW_PACKET_PTE_C1.txt,s2 L3 ; packet s6,HOLD 97/155 evolve cells SIGNAL (all waves),"97/155; by wave {""A"":70,""B"":60,""B2"":12,""C"":1,""D"":8,""E"":4}; SIGNAL by wave {""A"":34,""B"":41,""B2"":11,""C"":1,""D"":6,""E"":4}; distinct physics+env among SIGNAL 50",MATCH,"all evolve rows incl. B2 reruns, C re-evolves, D replicate searches, E re-evolve",no,,,roles/Ananke/pte/c1_rows/cells.jsonl.gz,ratio is not a discovery rate: post-A1 waves re-sample the neighbourhood of A1 SIGNAL cells and D replicates rerun the same physics
C1-L3-XOR,pte/C1_REPORT.md ; pte/REVIEW_PACKET_PTE_C1.txt,s2 L3 ; packet s6,XOR 0/83 evolve cells SIGNAL (all waves),"0/83; by wave {""A"":71,""C"":12}; SIGNAL by wave {}; distinct physics+env among SIGNAL 0",MATCH,"all evolve rows incl. B2 reruns, C re-evolves, D replicate searches, E re-evolve",yes,,,roles/Ananke/pte/c1_rows/cells.jsonl.gz,ratio is not a discovery rate: post-A1 waves re-sample the neighbourhood of A1 SIGNAL cells and D replicates rerun the same physics
C1-L3-FLIP,pte/C1_REPORT.md ; pte/REVIEW_PACKET_PTE_C1.txt,s2 L3 ; packet s6,FLIP 0/82 evolve cells SIGNAL (all waves),"0/82; by wave {""A"":70,""C"":12}; SIGNAL by wave {}; distinct physics+env among SIGNAL 0",MATCH,"all evolve rows incl. B2 reruns, C re-evolves, D replicate searches, E re-evolve",yes,,,roles/Ananke/pte/c1_rows/cells.jsonl.gz,ratio is not a discovery rate: post-A1 waves re-sample the neighbourhood of A1 SIGNAL cells and D replicates rerun the same physics
C1-14,pte/C1_REPORT.md,s1,rare (A1: 8/352 cells COMM_DEPENDENT),"8/352 (comm families 7/282, which equals their SIGNAL count 7/282)",MATCH,A1 incl. HOLD,partly,yes,'rare (A1: 7/282 comm-family cells SIGNAL; COMM_DEPENDENT is identical to SIGNAL there because zero_comm is forced to .500)',roles/Ananke/pte/c1_rows/cells.jsonl.gz,
C1-15,pte/REVIEW_PACKET_PTE_C1.txt ; pte/C1_REPORT.md,s6 ; P4,"COMM_DEPENDENT RELAY 50, MAJ 19, HOLD 3; P4 HELD 8/352 = 2.3%","{""RELAY"":[50,50],""XOR"":[0,0],""MAJ"":[19,19],""FLIP"":[0,0],""HOLD"":[97,3]}; P4 8/352 = 2.27%",MATCH,,,yes,,roles/Ananke/pte/c1_rows/cells.jsonl.gz,"COMM_DEPENDENT == SIGNAL for every comm family (see HV-01): P4 is a SIGNAL-rarity prediction, not a comm-dependence finding"
C1-16,pte/C1_REPORT.md,s1/F1/P3,XOR and FLIP produced no signal at all; 0 signal in 165 evolve cells; P3 0/83,"XOR 0/83, FLIP 0/82; total 165",MATCH,evolve rows (XOR: 71 A1 + 12 C; FLIP: 70 A1 + 12 C),yes,yes,"'XOR 0/83, FLIP 0/82 SIGNAL; 36 XOR and 24 FLIP rows were physically capped below .60 (light cone), so at most 47 XOR and 58 FLIP searches were informative'",roles/Ananke/pte/c1_rows/cells.jsonl.gz,36/83 XOR and 24/82 FLIP evolve rows are light-cone capped below .60 (no program could pass); a one-flag readout passes the XOR SIGNAL rule (H-PLANT). 'NULL' mixes physics-capped and search-limited cells
C1-17,pte/C1_REPORT.md,s2 L3->transport,RELAY 4/4 promoted CAUSAL_SUPPORT,4/4 (labels recomputed from controls),MATCH,,,yes,,roles/Ananke/pte/c1_rows/cells.jsonl.gz,"causal rule = zero_comm<=.55 AND packet_ablation<=normal-.10; zero_comm is forced in RELAY, so the label rests on packet_ablation alone"
C1-18,pte/C1_REPORT.md ; pte/REVIEW_PACKET_PTE_C1.txt,s3 M1 ; s12,Fresh-seed searches reproduce it in 3 of 4 cells; REPRODUCED_SIGNAL YES (RELAY 3/4),"3/4 (both reps SIGNAL in 3/4); reps {""bbef66a1"":[0.572,0.506],""31cd2a8a"":[0.667,0.789],""62a7fff9"":[0.857,0.751],""c16d5231"":[0.811,0.816]}",MATCH,,,minor,,roles/Ananke/pte/c1_rows/cells.jsonl.gz,"all 4 promoted RELAY cells share one physics point (d9cc) and descend from A1 86fc0105: 3/4 is one lineage, one physics"
C1-19,pte/REVIEW_PACKET_PTE_C1.txt,s6 table,"promoted D table: held .837/.850/.857/.883, MAJ .789/.695/.686; reps as listed; labels","{""bbef66a1"":[0.883,[0.572,0.506],""CAUSAL_SUPPORT""],""31cd2a8a"":[0.857,[0.667,0.789],""CAUSAL_SUPPORT""],""62a7fff9"":[0.85,[0.857,0.751],""CAUSAL_SUPPORT""],""c16d5231"":[0.837,[0.811,0.816],""CAUSAL_SUPPORT""],""4781b0a1"":[0.789,[0.636,0.52],""CAUSAL_SUPPORT""],""0a23398f"":[0.695,[0.549,0.699],""NOT_SUPPORTED""],""f6b623cd"":[0.686,[0.533,0.68],""NOT_SUPPORTED""],""613162a3"":[0.682,[0.5,0.51],""CAUSAL_SUPPORT""]}",MATCH,,,minor,,roles/Ananke/pte/c1_rows/cells.jsonl.gz,"table omits MAJ 613162a3 (CAUSAL_SUPPORT, not reproduced: reps .500/.510) and the 4 HOLD latches; 10 of 12 D cells are CAUSAL_SUPPORT"
C1-20,pte/C1_REPORT.md ; pte/REVIEW_PACKET_PTE_C1.txt,s3 M1 ; s8,"zero-comm, max-loss and shuffled destinations -> 0.50(-0.52); shuffled timing 0.73-0.88; payload randomisation 0.50-0.70; env-permutation 0.50","{""zero_comm"":[0.5,0.5],""max_loss"":[0.5,0.5],""shuffle_dest"":[0.5,0.523],""shuffle_time"":[0.73,0.882],""randomize_payload"":[0.497,0.698],""env_permutation"":[0.497,0.505]}",MATCH,,,yes,,roles/Ananke/pte/c1_rows/cells.jsonl.gz,"zero_comm and max_loss are the same forced control (both exactly .500 by mirror construction, HV-01); env_permutation is near .5 for any policy"
C1-21,pte/C1_REPORT.md ; pte/REVIEW_PACKET_PTE_C1.txt,s3 M1 ; s8,"Survives +0.2 loss, +1 latency, +2 jitter, x2.25 size, async 0.7","{""loss+0.2"":[0.771,0.854],""latency+1"":[0.857,0.909],""jitter+2"":[0.823,0.888],""size_x2.25"":[0.828,0.88],""async0.7"":[0.688,0.891],""noise+32"":[0.53,0.883]}",MATCH,,,,,roles/Ananke/pte/c1_rows/cells.jsonl.gz,noise+32 not claimed (c16d5231 .53)
C1-22,pte/C1_REPORT.md ; pte/REVIEW_PACKET_PTE_C1.txt,"s1, s3 M1, F2 ; s8, s12",topology-bound: every RELAY law collapses to 0.500 on a random graph; the machinery encodes lattice geometry (routing to specific offsets),"recorded topology->random: {""bbef66a1"":0.5,""31cd2a8a"":0.5,""62a7fff9"":0.5,""c16d5231"":0.5}. But the transplant keeps env d=3, and on a BFS-distance graph that forces a 3-hop task (128/128 placements, all 4 cells; native ring r3 d3 = 1 hop). Same random graph at d=1: {""bbef66a1"":{""acc"":0.831,""lo99"":0.758,""hi99"":0.889},""31cd2a8a"":{""acc"":0.809,""lo99"":0.747,""hi99"":0.861},""62a7fff9"":{""acc"":0.598,""lo99"":0.573,""hi99"":0.622},""c16d5231"":{""acc"":0.854,""lo99"":0.811,""hi99"":0.899}}",MISMATCH,"4 cells, 1 physics",,yes,"'Every RELAY law scores .500 when moved to a random graph at the same d, but that transplant turns a 1-hop task into a 3-hop task. At d = 1 on the same random graph all four laws stay above chance (lo99 .57-.81; W2-G post hoc). The collapse measures hop count, not lattice geometry.'",roles/Ananke/pte/c1_rows/cells.jsonl.gz ; W2-G/random_transplant_hops.json ; W2-G/random_transplant_d1.json,"[V] check_random_transplant_hops.py and check_random_transplant_d1.py (post hoc, 32 mirror pairs, W2-G seed namespace)"
C1-23,pte/C1_REPORT.md ; pte/REVIEW_PACKET_PTE_C1.txt,s1 ; s6,SIZE-FREE: frozen RELAY laws keep 0.875-0.893 from N=100-ish up to N=2304,"E transfers: one law only (sources ['bbef66a1']), source N=144: [[400,0.875,0.849],[1024,0.893,0.866],[2304,0.882,0.855],[400,0.619,0.605]]; that law's fresh-seed reps [0.572, 0.506] (not reproduced)",MISMATCH,1 law,no,yes,"'One frozen RELAY law (bbef66a1, N=144, not reproduced under fresh seeds) keeps .875-.893 at N=400-2304. At fixed d=3 on a radius-3 ring the task stays one hop at every N, so size independence is expected by construction.'",roles/Ananke/pte/c1_rows/cells.jsonl.gz,
C1-24,pte/C1_REPORT.md,s1/s2 L4/P5,0 cross-family TRANSFER_SUPPORT,"0 of 84 C transfers; best cross-family lo99 ['HOLD', 'RELAY', 'null', 0.53, 0.517, False]",MATCH,,,,,roles/Ananke/pte/c1_rows/cells.jsonl.gz,
C1-25,pte/C1_REPORT.md,s2 L4,within-family env transfer yes (RELAY d1/delta4: 0.755),"[[""RELAY"",""RELAY"",""null"",0.908,0.88,false],[""RELAY"",""RELAY"",""{\""block\"": 4, \""d\"": 5, \""delta\"": 16, \""gap\"": 8}"",0.5,0.5,false],[""RELAY"",""RELAY"",""{\""block\"": 4, \""d\"": 1, \""delta\"": 4, \""gap\"": 8}"",0.755,0.715,true]]",PARTIAL,2 RELAY env variants of 1 champion,,yes,"'within-family env transfer 1 of 2 (bbef66a1: d1/delta4 .755; d5/delta16 .500, a 2-hop task)'",roles/Ananke/pte/c1_rows/cells.jsonl.gz,
C1-26,pte/C1_REPORT.md,F5,22 HOLD 'transfers' were the same condition rerun,HOLD->HOLD variant TRANSFER_SUPPORT 22,MATCH,,,,,roles/Ananke/pte/c1_rows/cells.jsonl.gz,
C1-27,pte/C1_REPORT.md,s3 M3,M3: zero-comm .50; packet ablation in cue->readout window does nothing (0.70); adaptation off 0.53-0.55; routing freeze no effect; +1 latency 0.49-0.50,"{""0a23398f"":{""zero_comm"":0.5,""packet_ablation"":0.697,""adaptation_off"":0.527,""frozen_routing"":0.691,""latency+1"":0.491},""f6b623cd"":{""zero_comm"":0.5,""packet_ablation"":0.697,""adaptation_off"":0.552,""frozen_routing"":0.695,""latency+1"":0.5}}",MATCH,,,superseded,,roles/Ananke/pte/c1_rows/cells.jsonl.gz,"C1b: the C1 window missed the readout tick (D-A); frozen_routing is vacuous (dest_mode all). Reading superseded, numbers correct"
C1-28,pte/C1_REPORT.md,s3 M4,"MAJ 4781b0a1 0.789, lo99 0.742 > 0.70; CAUSAL_SUPPORT; fresh-seed reps 0.636 and 0.520","[0.789,0.742,""CAUSAL_SUPPORT"",[0.636,0.52]]",MATCH,,,yes,,roles/Ananke/pte/c1_rows/cells.jsonl.gz,"INTEGRATION = lo99 > .70 is a threshold on accuracy, not a test of aggregation; H-SCI F5 shows descriptive multi-sensor agreement in 4 MAJ champions. 'Integration beyond one sensor did NOT reproduce' should read 'the INTEGRATION label (lo99 > .70) did not reproduce'"
C1-29,pte/C1_REPORT.md ; pte/REVIEW_PACKET_PTE_C1.txt,s3 M2 ; s8,M2 HOLD 4ab2ba01 0.883: site-state reset mid-gap no effect (0.88); packet ablation / payload randomisation / zero-comm 0.50,"{""family"":""HOLD"",""held"":0.883,""controls"":{""normal"":0.88,""zero_comm"":0.5,""shuffle_dest"":0.569,""shuffle_time"":0.817,""randomize_payload"":0.5,""packet_ablation"":0.5,""memory_ablation"":0.88,""adaptation_off"":0.836,""frozen_routing"":0.836,""max_loss"":0.5,""irrelevant_channel"":""NOT_APPLICABLE"",""env_permutation"":0.505}}",MATCH,,,,,roles/Ananke/pte/c1_posthoc/posthoc_adjudication.json,4ab2ba01 is a wave-C re-evolve on bbef66a1's (d9cc) physics; HOLD zero_comm is not forced (sensor = actuator) but is exactly .500 here
C1-30,pte/C1_REPORT.md,s4,"13 SUPPORTED, 24 CANDIDATE; RELAY plant decay -0.45/-0.26, delta +0.40/+0.15, economy -0.45/-0.22; 4 of 13 are one HOLD dip; 3 program-space","{""PHASE_BOUNDARY_CANDIDATE"":24,""PHASE_BOUNDARY_SUPPORTED"":13}; {""RELAY/phys/plant/decay_shift"":2,""RELAY/phys/plant/delta"":2,""RELAY/phys/plant/economy"":2,""HOLD/phys/plant/decay_shift"":4,""MAJ/phys/emit/rules"":1,""FLIP/phys/emit/rules"":2}; RELAY plant jumps recomputed from B transect rows: {""decay_shift@base0"":-0.453,""delta@base0"":0.398,""economy@base0"":-0.453,""decay_shift@base1"":-0.264,""delta@base1"":0.155,""economy@base1"":-0.215}",MATCH,,,,,roles/Ananke/pte/c1_rows/cells.jsonl.gz ; c1_rows/boundaries_verdicts.json,labels recounted from the stored verdict file; means and jumps independently recomputed from B census rows
C1-31,pte/C1_REPORT.md,s4,"Evolved competence: only CANDIDATE (RELAY acc delta 4->8 +0.18, fresh seeds yes, second base no); no SUPPORTED evo boundary",SUPPORTED on evo track: 0; RELAY evo delta jump +0.180 fresh=True ortho=False,MATCH,,,,,roles/Ananke/pte/c1_rows/cells.jsonl.gz,
C1-32,pte/C1_REPORT.md,s5,"Predictions: 5 HELD, 3 LOST (P2 3/9 SIGNAL, P4 8/352, P6 1 flag, P7 HOLD at N=1024, P8 0 ANTI)","P2 3 SIGNAL of 9; P4 8/352; P6 1; P7 [[1.0, 1.0], [1.0, 1.0], [1.0, 1.0], [0.958, 0.958]]; P8 ANTI 0",MATCH,,,,,roles/Ananke/pte/c1_rows/cells.jsonl.gz,
C1-33,pte/c1_report/REPORT.md,s4,"anomaly counts MEMORY_WITHOUT_USE 46, ROBUST_UNDER_LOSS 32, SILENT_COMPETENCE 22, COMPETENT_UNDER_COST 11, DMUD 1","{""COMPETENT_UNDER_COST"":11,""MEMORY_WITHOUT_USE"":46,""ROBUST_UNDER_LOSS"":32,""SILENT_COMPETENCE"":22,""DISTRIBUTED_MEMORY_UNDER_DECAY"":1}; rows whose stored flags differ from recomputed: 0",MATCH,,,,,roles/Ananke/pte/c1_rows/cells.jsonl.gz,COMPETENT_WITHOUT_COMM can never fire in RELAY/MAJ/XOR (zero_comm forced): its 0 is uninformative
RPT-01,pte/c1_report/REPORT.md,s1-s9,report.py output (all tables) vs independent recomputation,"per-wave, A0 plant/viable/living, A1 table, C transfers and re-evolve, D labels/controls/reps, E, anomalies, boundary counts and P1-P8 all reproduce",MATCH,,,,,roles/Ananke/pte/c1_rows/cells.jsonl.gz,report.py issues (no numeric error): (1) 'evolve cells (all waves)' pools D replicate searches and targeted waves; (2) P2 tests decay_shift against the union of 6 dials (top-3 plant + top-3 sens) while the claim says top-3; (3) A1 INTEGRATION column adds the XOR SIGNAL count; (4) TRANSFER_SUPPORT counts HOLD env variants HOLD never reads (C1 F5 discloses); (5) causal_label uses forced zero_comm
C1-34,pte/C1_REPORT.md,s2 L3->L4/F1,Evolution finds transport outside the region a human design needs,RELAY: 14 loss-.6 SIGNAL rows (one lineage); MAJ comparison uses the RELAY design (C1-12),PARTIAL,,,yes,,roles/Ananke/pte/c1_rows/cells.jsonl.gz,"true for one RELAY lineage; for MAJ there is no viable design anywhere, so 'outside' is undefined"
C1B-01,pte/c1b/REVIEW_PACKET_PTE_C1b.txt,header,"27/27 cells, 0 failed, 510 s; raw rows sha256 8019247c19cdf2f0","27 rows {""DONE"":27}; wall 509.9 s; sha256(rows) 8019247c19cdf2f0",MATCH,,,,,roles/Ananke/pte/c1b/c1b_rows/rows.jsonl.gz,
C1B-02,pte/c1b/REVIEW_PACKET_PTE_C1b.txt,s4 M3 table,normal .693/.686; C1 window .697/.686; readout tick .511/.500; corrected .501/.500; lat+1 .493/.500; lat-1 .741/.715; freeze_rule .520/.522; routing .693/.686; zero_comm .500; rule predicts .50,"{""0a23398f"":{""normal"":0.693,""drop_window_c1"":0.697,""drop_window_corrected"":0.501,""drop_readout_tick_only"":0.511,""freeze_rule"":0.52,""freeze_routing"":0.693,""adaptation_off"":0.52,""latency_minus1"":0.741,""latency_plus1"":0.493,""jitter_plus1"":0.606,""zero_comm"":0.5,""rule_predicts"":0.5},""f6b623cd"":{""normal"":0.686,""drop_window_c1"":0.686,""drop_window_corrected"":0.5,""drop_readout_tick_only"":0.5,""freeze_rule"":0.522,""freeze_routing"":0.686,""adaptation_off"":0.522,""latency_minus1"":0.715,""latency_plus1"":0.5,""jitter_plus1"":0.628,""zero_comm"":0.5,""rule_predicts"":0.5}}",MATCH,,,,,roles/Ananke/pte/c1b/c1b_rows/rows.jsonl.gz,
C1B-03,pte/c1b/REVIEW_PACKET_PTE_C1b.txt,s4,T positive components: C1 window lo99 0.655 / 0.643,"{""0a23398f"":0.655,""f6b623cd"":0.643}",MATCH,,,,,roles/Ananke/pte/c1b/c1b_rows/rows.jsonl.gz,
C1B-04,pte/c1b/REVIEW_PACKET_PTE_C1b.txt,s4 M2 table,normal .883; reset S/inbox .883; reset Kp/En n/a; reset w .817; reset all non-packet .821; flush mid-gap .497; flush pre-readout .853; ITI sham .888; corrected .500; zero_comm/rand payload .500; signed-sum predictor .44 (p .998),"{""normal"":0.883,""normal_from1"":0.888,""reset_S"":0.883,""reset_inbox"":0.883,""reset_Kp"":""NOT_APPLICABLE"",""reset_w"":0.817,""reset_En"":""NOT_APPLICABLE"",""reset_all_nonpacket"":0.821,""flush_inflight"":0.497,""flush_inflight_late"":0.853,""flush_inflight_iti"":0.888,""drop_window_corrected"":0.5,""zero_comm"":0.5,""randomize_payload"":0.5,""shuffle_time"":0.836,""census"":{""acc"":0.436,""perm_p"":0.998}}",MATCH,,,,,roles/Ananke/pte/c1b/c1b_rows/rows.jsonl.gz,the .44 predictor reading was later corrected (CORRECTIONS K1: component 0 only)
C1B-05,pte/c1b/REVIEW_PACKET_PTE_C1b.txt,s4,"Carryover: ~1500-1900 packets in flight at every trial onset, not correlated with previous target","{""4ab2ba01"":[1933,false],""0a23398f"":[1509,false],""f6b623cd"":[1509,false]}",MATCH,,,minor,,roles/Ananke/pte/c1b/c1b_rows/rows.jsonl.gz,M2 is 1933 (rounds to ~1900)
C1B-06,pte/c1b/REVIEW_PACKET_PTE_C1b.txt,s5,"M2 fresh: k0 .527 no; k1 .842, k2 .862, k3 .861 SIGNAL; M3 0a23 0.54-0.59 0/4; f6b6 .577 yes, .626 yes, .560 no, .594 yes","[[""M2"",""4ab2ba01"",0,0.527,false],[""M2"",""4ab2ba01"",1,0.842,true],[""M2"",""4ab2ba01"",2,0.862,true],[""M2"",""4ab2ba01"",3,0.861,true],[""M3"",""0a23398f"",0,0.562,false],[""M3"",""0a23398f"",1,0.546,false],[""M3"",""0a23398f"",2,0.594,false],[""M3"",""0a23398f"",3,0.539,false],[""M3"",""f6b623cd"",0,0.577,true],[""M3"",""f6b623cd"",1,0.626,true],[""M3"",""f6b623cd"",2,0.56,false],[""M3"",""f6b623cd"",3,0.594,true]]",MATCH,,,,,roles/Ananke/pte/c1b/c1b_rows/rows.jsonl.gz,
C1B-07,pte/c1b/REVIEW_PACKET_PTE_C1b.txt,s5/s12,M2 in-flight memory reproduced under fresh seeds YES (3/3),SIGNAL 3/4 searches; flush kills in 3/3 SIGNAL champions,MATCH,SIGNAL champions (3 of 4 searches),yes,minor,"'3 of 4 fresh searches reached SIGNAL, and all 3 are in-flight memories'",roles/Ananke/pte/c1b/c1b_rows/rows.jsonl.gz,
C1B-08,pte/c1b/REVIEW_PACKET_PTE_C1b.txt,s5,f6b623cd's three SIGNAL champions: C1 window no effect; readout-tick drop -> .50; latency +1 -> .50; champions reach .56-.63,"[{""normal"":0.557,""drop_window_c1"":0.563,""drop_readout_tick_only"":0.499,""latency_plus1"":0.501},{""normal"":0.619,""drop_window_c1"":0.632,""drop_readout_tick_only"":0.501,""latency_plus1"":0.499},{""normal"":0.607,""drop_window_c1"":0.62,""drop_readout_tick_only"":0.496,""latency_plus1"":0.499}]",MATCH,,,,,roles/Ananke/pte/c1b/c1b_rows/rows.jsonl.gz,
C1B-09,pte/c1b/REVIEW_PACKET_PTE_C1b.txt,s6,"S3 recheck: RELAY C1 window .50-.64, corrected .50 in all 4; MAJ 4781 .50, 6131 .54 -> ~.50; 0a23 .70, f6b6 .69 -> .50; frozen_routing VACUOUS in both M3 cells; no RELAY/HOLD verdict moves","{""85ca202e"":[1.0,1.0,""live""],""ab089e45"":[1.0,1.0,""live""],""a0a5244d"":[1.0,1.0,""live""],""7b7b025e"":[1.0,1.0,""live""],""bbef66a1"":[0.637,0.5,""live""],""31cd2a8a"":[0.641,0.5,""live""],""62a7fff9"":[0.5,0.5,""live""],""c16d5231"":[0.5,0.5,""live""],""4781b0a1"":[0.5,0.5,""live""],""0a23398f"":[0.697,0.501,""VACUOUS""],""f6b623cd"":[0.686,0.5,""VACUOUS""],""613162a3"":[0.536,0.498,""live""]}",MATCH,,,,,roles/Ananke/pte/c1b/c1b_rows/rows.jsonl.gz,
C1B-10,pte/c1b/REVIEW_PACKET_PTE_C1b.txt,s7 P4/P6,P4 reset_inbox alone does not drop M2 (0.883); P6 recheck changes no RELAY verdict,reset_inbox 0.883; RELAY corrected all .500 (C1 causal rule already met),MATCH,,,,,roles/Ananke/pte/c1b/c1b_rows/rows.jsonl.gz,
C1B-11,pte/c1b/CORRECTIONS_2026-09-27.md,K1-K3,component-1 sign decodes the cue at 1.00; swap of component 1 flips; 3/3 fresh; w swap carries nothing 4/4; rule state identical in mirror partners,not in c1b rows; source is SPIKES_2026-09-27_LOG / research/spikes outputs,REPORT_ONLY,,,,,research/spikes/ (not re-derived here),
HV-01,research/harvest/INFERENCE_HARVEST_HANDOFF.md,s1.1,"zero_comm exactly .500 in 213/213 RELAY, 174/174 MAJ, 95/95 XOR rows; forced by mirror-pair construction; COMM_DEPENDENT = SIGNAL there","RELAY 213/213 (= 196/196 evolve + 17/17 transfer); MAJ 174/174; XOR 95/95; FLIP 62/94, HOLD 21/201 (not forced); D-wave zero_comm,max_loss [[0.5, 0.5]]",MATCH,"evolve + transfer rows (kinds mixed, harmless here)",yes,,,roles/Ananke/pte/c1_rows/cells.jsonl.gz,"[V] code: envs.build never places the actuator on a sensor in RELAY/XOR/MAJ (_pick_at needs distance d >= 1; XOR excludes s1,s2), and assays.evaluate shares physics seeds within a mirror pair, so with comm off the actuator trajectory is identical in both twins and the pair mean is exactly .5. FLIP is not forced (teacher lands on the actuator)."
HV-02,research/harvest/INFERENCE_HARVEST_HANDOFF.md,s1.2,Evolved PTE transport is one hop: 35+4+9 of 50 competent RELAY cells and 19/19 MAJ cells need no relay; multi-hop has 2 marginal cells,"RELAY SIGNAL by topology|radius|d {""global|r3|d1"":1,""global|r3|d3"":2,""global|r3|d5"":1,""ring|r1|d1"":1,""ring|r3|d1"":1,""ring|r3|d3"":28,""ring|r3|d5"":1,""smallworld|r3|d1"":9,""smallworld|r3|d3"":1,""torus|r3|d1"":4,""torus|r3|d3"":1}; multi-hop [[""925caa3a"",""A"",""ring"",5,0.578,0.556],[""882525a9"",""B"",""smallworld"",3,0.591,0.564]]; MAJ {""global|r3|d5"":1,""ring|r3|d1"":5,""ring|r3|d2"":3,""ring|r3|d3"":9,""torus|r2|d1"":1}. SIGNAL rate by hop class, A1 only: RELAY {""1hop"":""3/18"",""global"":""0/11"",""multihop"":""1/26"",""random_d1"":""0/3"",""random_d2"":""0/6"",""random_d3"":""0/2"",""random_d5"":""0/5""}, MAJ {""1hop"":""3/20"",""global"":""0/16"",""multihop"":""0/25"",""random_d1"":""0/1"",""random_d2"":""0/2"",""random_d3"":""0/4"",""random_d5"":""0/2""}; all waves RELAY {""1hop"":""44/111"",""global"":""4/30"",""multihop"":""2/30"",""random_d1"":""0/9"",""random_d2"":""0/6"",""random_d3"":""0/5"",""random_d5"":""0/5""}",MATCH,50 RELAY SIGNAL evolve rows = 17 distinct physics x task conditions (14 physics); 27 at the d9cc point; 6 are D replicate searches,no,yes,"'Of 50 RELAY SIGNAL evolve rows (17 distinct conditions, 27 at one physics point), 48 are one-hop tasks. The unbiased A1 census found SIGNAL in 3/18 one-hop and 1/26 multi-hop RELAY searches (0/16 on random graphs); follow-up waves sampled almost only one-hop tasks (4 multi-hop rows after A1). So multi-hop is rarer in A1, but not shown to be absent.'",roles/Ananke/pte/c1_rows/cells.jsonl.gz,"smallworld d is BFS hops on a radius-1 torus base, so smallworld d=1 is one hop (counted with the 9). MAJ 18 one-hop + 1 global, reproduces. A1 Fisher exact: RELAY one-hop 3/18 vs multi-hop 1/26 p=.29; vs multi-hop+random 1/42 p=.077; MAJ 3/20 vs 0/25 p=.080 (scipy)"
HV-03,research/harvest/INFERENCE_HARVEST_HANDOFF.md,s1.3,fitness shaping pays one-sided codes (acc .75 plus full contrast bonus),"w_contrast 0.1, w_any 0.02 in every A search spec",PARTIAL,,,,,roles/Ananke/pte/c1_rows/cells.jsonl.gz,"weights verified; the 'plausible common cause' is untested, as stated"
HV-04,research/harvest/INFERENCE_HARVEST_HANDOFF.md,s2,"only ONE law was scaled, and it is unreproduced","E RELAY sources ['bbef66a1']; reps [0.572, 0.506] (neither SIGNAL)",MATCH,,,,,roles/Ananke/pte/c1_rows/cells.jsonl.gz,
HV-05,research/harvest/INFERENCE_HARVEST_HANDOFF.md,s2,KILLED: C1 MAJ/XOR REACH_BEYOND_HOP labels (a silent program scores 1.0),"code (assays.twin, legacy key): reach measured from sensor column 0 only while every sensor column is negated, so divergence at other sensors counts as distal reach; MAJ D cells beyond_hop 1.0 (0a23, f6b6, 4781)",MATCH,,,,,prometheus/ananke/assays.py twin (beyond_hop vs beyond_hop_nearest),[I] from code; not re-run
HV-06,research/harvest/INFERENCE_HARVEST_HANDOFF.md,s1.6,verify_reach 'applied' while readout exactly NOT_REACHED (85 applied ticks),H-INST test fixture value; not re-run,REPORT_ONLY,,,,,research/harvest/H-INST/logs/pytest.log,
HV-07,research/harvest/INFERENCE_HARVEST_HANDOFF.md ; H-PLANT/REPORT.md,s8 ; s6 A7,"17% of C1 XOR evolve rows are light-cone-capped below .60 (XOR 37/218, FLIP 24/247, RELAY 22/406 'evolve rows')","lc_census.py filters only wave != A0, so its 871 'evolve rows' include B/B2 census, C transfer and D adjudicate rows. Split: {""FLIP/A1-evolve"":""24/70 (0.343)"",""FLIP/census"":""0/153 (0.000)"",""FLIP/evolve"":""24/82 (0.293)"",""FLIP/transfer"":""0/12 (0.000)"",""RELAY/A1-evolve"":""16/71 (0.225)"",""RELAY/adjudicate"":""0/4 (0.000)"",""RELAY/census"":""6/189 (0.032)"",""RELAY/evolve"":""16/196 (0.082)"",""RELAY/transfer"":""0/17 (0.000)"",""XOR/A1-evolve"":""35/71 (0.493)"",""XOR/census"":""0/123 (0.000)"",""XOR/evolve"":""36/83 (0.434)"",""XOR/transfer"":""1/12 (0.083)""}",MISMATCH,non-A0 rows of every kind,no,understates,'36 of 83 C1 XOR evolve rows (43%; 35/71 in A1) and 24 of 82 FLIP evolve rows (29%) are light-cone-capped below .60',roles/Ananke/pte/c1_rows/cells.jsonl.gz ; H-PLANT/out/lc_census.json,also H-PLANT REPORT 'none of the 55 RELAY rows with held lo99 > .55' = 50 evolve + 5 transfer rows
HV-08,research/harvest/INFERENCE_HARVEST_HANDOFF.md ; H-PLANT/REPORT.md,s8 ; L50 ; L29,FLIP @ d9cc NULL is search-limited (cells 6f82f9c7 held .479 and ef77ef2e held .507); XOR at d9cc: 'the one XOR point where C1 searched (cells d64656f2 and 1b26026f)',"kinds: {""6f82f9c7"":[""C"",""evolve"",""FLIP"",0.479],""ef77ef2e"":[""C"",""transfer"",""FLIP"",0.507],""d64656f2"":[""C"",""evolve"",""XOR"",0.487],""1b26026f"":[""C"",""transfer"",""XOR"",0.505]}",MISMATCH,,,yes,"'FLIP @ d9cc: one searched NULL (6f82f9c7, held .479); ef77ef2e is a transfer of RELAY champion bbef66a1, not a search. XOR @ d9cc: one searched cell (d64656f2); 1b26026f is a transfer.'",roles/Ananke/pte/c1_rows/cells.jsonl.gz,TRANSFER-AS-SEARCH instances 2 and 3 (after fac4aaa2). Handoff s8 itself cites only 6f82f9c7 (correct); the principal review did not re-check ef77ef2e
HV-09,research/harvest/INFERENCE_HARVEST_HANDOFF.md ; H-PLANT/REPORT.md ; H-PLANT/PLAN.md,s8 ; L59 ; L120,fac4aaa2 described as 'C1 RELAY NULL cell ... C1 search held .5',"kind [""C"",""transfer"",""RELAY"",0.5,""bbef66a1""]: a C-wave TRANSFER of bbef66a1 to d5; zero RELAY multi-hop evolve rows exist at d9cc",MISMATCH,,,,handoff s8 wording ('fac4aaa2 is a transfer of a one-hop champion') is already correct; H-PLANT REPORT L59 and PLAN L120 still say NULL/search,roles/Ananke/pte/c1_rows/cells.jsonl.gz,"instance 1 (known, principal-corrected in PRINCIPAL_REVIEW and handoff)"
HV-10,research/harvest/H-PLANT/PRINCIPAL_REVIEW.md,item 2,9 multi-hop evolve cells exist only at other physics,RELAY multi-hop evolve rows: ring 5 + torus 4 = 9 by ceil(d/r); plus smallworld d>1 21 and random d>1 16 (d is BFS hops there) = 46,PARTIAL,ring/torus only,no,,"'46 multi-hop RELAY evolve rows (9 ring/torus, 21 smallworld, 16 random), none at d9cc; 2 reached SIGNAL'",roles/Ananke/pte/c1_rows/cells.jsonl.gz,
HV-11,research/harvest/INFERENCE_HARVEST_HANDOFF.md,s8,XOR @ d9cc physics-limited: light-cone caps any program at .574,"H-PLANT/out/lightcone_*.json: f_in_reach .1484, acc_upper_bound .5742 for d64656f2 (also computed for transfer 1b26026f)",MATCH,,,,,H-PLANT/out/lightcone_d64656f2_1b26026f_6f82f9c7_fac4aaa2.json,analytic bound read from file; bound function not re-implemented
HV-12,research/harvest/INFERENCE_HARVEST_HANDOFF.md,s8,a one-flag readout passes C1's XOR SIGNAL rule (.763),"1 - .237 ('+ iff P' at X0, H-PLANT/out/xor_mf.json); complement, not separately run",PARTIAL,,,,,H-PLANT/out/xor_mf.json,"X0 is H-PLANT's designed physics, not a C1 cell; the claim is about the rule, fine"
HV-13,research/harvest/INFERENCE_HARVEST_HANDOFF.md,s1.2,Multi-hop has 2 marginal cells and no plant,2 cells: lo99 .556 and .564; 'no plant' was refuted by H-PLANT (relay_flood .984 at d9cc d5; A0 plant rows .97-.99 at multi-hop envs),PARTIAL,,,superseded,,roles/Ananke/pte/c1_rows/cells.jsonl.gz,handoff s8 addendum supersedes 'no plant'; s1.2 text not annotated
ARC-01,research/PTE_ENGINE_CARD.md,BEST EXPERIMENT TYPES,Transfer across size (laws are size-free) and topology (they are topology-bound),"size: 1 law, unreproduced, one hop at every N (C1-23); topology: the transplant changed hop count 1->3; at d=1 on the random graph all 4 laws stay above chance (C1-22)",MISMATCH,,,yes,"'Transfer across size has been tested for one law (one-hop task, unreproduced law); the topology result is a hop-count effect (C1-22)'",roles/Ananke/pte/c1_rows/cells.jsonl.gz,
ARC-02,research/SYNTHESIS_2026-09-28_ARC3.md,s14,What PTE does NOT give: ... rich composition (XOR/FLIP NULL),XOR 0/83 with 36 capped by light cone; FLIP 0/82 but a 16-line plant solves FLIP at d9cc (.97-.98),PARTIAL,,,yes,'XOR/FLIP were not found by C1-budget search (FLIP is expressible: a 16-line plant scores .98 at d9cc; 43% of XOR searches were physically capped)',roles/Ananke/pte/c1_rows/cells.jsonl.gz,
ARC-03,research/SYNTHESIS_2026-09-28_ARC3.md,s1 / s14,"H6: search reachability, not physics, bounds what PTE shows (four lines of evidence)",none of the four lines is a search-vs-plant comparison at matched physics except W-L; the first direct one is H-PLANT FLIP (1 cell); XOR at d9cc is physics-capped,PARTIAL,,,yes,,roles/Ananke/pte/c1_rows/cells.jsonl.gz,"see sub_arc3 6c (designed_echoes are plants, not searches)"
ARC-04,research/THREADS.md,E-ANANKE rows,E-ANANKE id -> artefact path map,missing paths: none,MATCH,,,,,research/THREADS.md,the rows carry no quantitative claims; provenance only
ARC-05,research/ARC3_PRIORITIES.md ; BACKLOG_V2.md ; SYNTHESIS ARC2,T-RET-2 etc.,'the f7e62fe3 w-integrator' treated as a specimen id,"f7e62fe3 is the D-wave ADJUDICATE row of RELAY 62a7fff9 ([""D"",""adjudicate"",""RELAY"",null,""62a7fff9""]), not an evolved cell",PARTIAL,,,,"name the specimen by its champion (62a7fff9, via adjudication row f7e62fe3)",roles/Ananke/pte/c1_rows/cells.jsonl.gz,provenance naming hole: the same genome appears under two ids in W-E/W-G
A3-1a,SYNTHESIS_2026-09-28_ARC3.md,s3 RETENTION l.44-46,"There is no nontrivial retention regime in the evolved champions (preregistered, replicated in two namespaces; 5 controls valid ...; W-G)",L3/L4 hits 0x5eb=[] 0x5ec=[]; min adj L3/L4 both ns = 1.0: True; controls valid both ns: True,MATCH,"16 champions (HOLD 8; MAJ 4; RELAY 4; 12 C1 D-wave cells + 4 M2 HOLD champions), 8 physics points (7 distinct among the 12 D-wave cells -- all 4 RELAY cells share one -- + 1 M2 physics shared by the 4 M2 champions); 32 twin pairs/specimen; 2 namespaces","yes (stated in REPORT, not in synthesis)",minor,,roles/Ananke/research/workers/W-G/out/0x5eb/*.json; out/0x5ec/*.json,"report=NO among these 16 champions; every adj p = 1.0 (L3, P1-P5) both namespaces; 5 controls behaved | src=workers/W-G/REPORT.md | Synthesis says 'the evolved champions' without the count; REPORT scopes to 'these 16 champions'. Suggested: 'no nontrivial retention regime in the 16 champions tested (12 C1 D-wave cells + 4 M2 HOLD champions), none selected for cross-trial memory'."
A3-1b,SYNTHESIS_2026-09-28_ARC3.md,s14 PTE'S VALUE l.180,What PTE does NOT give: persistent memory in evolved champions,"same as 1a; W-G REPORT DISAGREEMENT 2 says the NO is about what evolved under non-rewarding tasks, not PTE",PARTIAL,"16 champions (HOLD 8; MAJ 4; RELAY 4; 12 C1 D-wave cells + 4 M2 HOLD champions), 8 physics points (7 distinct among the 12 D-wave cells -- all 4 RELAY cells share one -- + 1 M2 physics shared by the 4 M2 champions); 32 twin pairs/specimen; 2 namespaces",no (no count given),YES,,roles/Ananke/research/workers/W-G/out/0x5eb/*.json; out/0x5ec/*.json,"report=W-G: NO for 16 champions under tasks never rewarding cross-trial memory; W-L: retention reachable when rewarded (integration) | src=workers/W-G/REPORT.md; workers/W-L/REPORT.md | Generalises a 16-specimen null (task never rewards retention) to PTE's capability, and is in tension with ARC3 s3 / W-L (retention IS reachable when rewarded, as integration) and W-G's plants (substrate retains). Suggested: 'PTE's current champions (16 tested, selected on tasks without cross-trial reward) show no trial-specific memory; rewarded searches evolve integration, not selective storage'."
A3-1c,PTE_ENGINE_CARD.md,KNOWN FAILURE MODES l.99-101,"No champion expresses trial-specific retention (preregistered, replicated).",same as 1a,PARTIAL,"16 champions (HOLD 8; MAJ 4; RELAY 4; 12 C1 D-wave cells + 4 M2 HOLD champions), 8 physics points (7 distinct among the 12 D-wave cells -- all 4 RELAY cells share one -- + 1 M2 physics shared by the 4 M2 champions); 32 twin pairs/specimen; 2 namespaces",no,YES,,roles/Ananke/research/workers/W-G/out/0x5eb/*.json; out/0x5ec/*.json,"report=NO among 16 champions | src=workers/W-G/REPORT.md | 'No champion' reads as universal; only 16 were tested. Also the card was later aware of W-L (T-RET-EVO): W-L champions evolved under 1-back reward DO retain (integration) -- 'no champion' is then false for W-L's rewarded champions unless 'trial-specific' is read as 'selective'. Suggested: 'None of the 16 C1/M2 champions tested expresses trial-specific retention (preregistered, replicated); W-L's rewarded champions retain only as integration.' The card's own next sentence ('evolution was never rewarded for it') is outdated after W-L."
A3-1d,BACKLOG_V2.md,T-RET-2 row l.16,"ANSWERED (W-G): NO retention regime (L3/L4 all adj p = 1.0 in both namespaces; 5 controls valid, incl. a latent Kp store the L4 probes detect)","min adj L3 = 1.0 (0x5ec), 1.0 (0x5eb); min adj L4 = 1.0 / 1.0; C-AVL CLEAR_S0/CLEAR_FAST fire (p 1.5e-4) while L3 null: True",MATCH,"16 champions (HOLD 8; MAJ 4; RELAY 4; 12 C1 D-wave cells + 4 M2 HOLD champions), 8 physics points (7 distinct among the 12 D-wave cells -- all 4 RELAY cells share one -- + 1 M2 physics shared by the 4 M2 champions); 32 twin pairs/specimen; 2 namespaces",no,minor,,roles/Ananke/research/workers/W-G/out/0x5eb/*.json; out/0x5ec/*.json,report=all adj p = 1.0; controls valid | src=workers/W-G/REPORT.md | Numbers re-derive exactly with independent Holm. Row does say 'SI01 CLOSED for current champions' and 'the NO is about what evolved' -- adequately scoped in the follow-on text; headline 'NO retention regime' lacks the n=16.
A3-1e,workers/W-G/REPORT.md,VERDICT PER SPECIMEN,"Of the raw probe statistics, only e79e72df BLANK (raw p 0.022, 0x5EB) was below 0.1, and it did not replicate.","0x5eb raw<0.1: [('D_e79e72df', 'BLANK', 0.022098895055247238, 8.0)]; 0x5ec raw<0.1: [('D_e79e72df', 'BLANK', 0.022548872556372182, 7.0)]",MISMATCH,16 specimens x 5 probes = 80 tests per namespace,yes,no,,roles/Ananke/research/workers/W-G/out/0x5eb/*.json; out/0x5ec/*.json,"report=raw p .022 in 0x5EB only; not replicated | src=workers/W-G/REPORT.md | e79e72df BLANK has raw p ~.0225 (T=7) in 0x5EC as well; the report's 'did not replicate' is wrong at the raw level. Non-consequential for the verdict (Holm adj = 1.0 in both; 80-test family), but the replication sentence should read 'raw p .022 in both namespaces, adj p 1.0'."
A3-1f,SYNTHESIS_2026-09-28_ARC2.md / ARC3,ARC2 s9; ARC3 s3 'SI01 is CLOSED for the current champions',SI01 CLOSED for the current champions,16 champions tested,MATCH,"16 champions (HOLD 8; MAJ 4; RELAY 4; 12 C1 D-wave cells + 4 M2 HOLD champions), 8 physics points (7 distinct among the 12 D-wave cells -- all 4 RELAY cells share one -- + 1 M2 physics shared by the 4 M2 champions); 32 twin pairs/specimen; 2 namespaces",n/a,no,,roles/Ananke/research/workers/W-G/out/0x5eb/*.json; out/0x5ec/*.json,"report=Close SI01 for these champions only | src=workers/W-G/REPORT.md | Correctly scoped ('current champions'), though 'current' = the 16 W-G specimens, not all 166 C1 cells."
A3-7a,SYNTHESIS_2026-09-28_ARC2.md;BACKLOG_V2.md,ARC2 s1/s5; BACKLOG_V2 T-DE-1 row,zero-parameter model predicts 46/46 unseen accuracy-vs-gap curves (median MAE .02),"sat ""46/46"" MAE(med,max) ""(0.0202, 0.058)""; nosat ""46/46""; bit-identical to a base (trained-condition) curve: [""pr0:fresh1"", ""canon:specimen""]; canon:uniform == pr0:4ab2ba01 == pr0:fresh3 (bit-identical)",MATCH,46 curves = 50 engine curves - 4 base,PARTIAL,YES (minor),,roles/Ananke/research/workers/W-A/out/engine.json; predictions.json,"report=46/46 FIT+INTERVAL-HOLDS; median MAE ~0.02, max 0.058 | src=roles/Ananke/research/workers/W-A/REPORT.md s2 | Rule reproduced exactly. But 2 of the 46 'unseen' curves are bit-identical to base curves (canon:specimen; pr0:fresh1) and 3 more are one curve counted 3 times: 42 distinct curves not equal to a base curve. All 46 are TRANSFER re-evaluations of 4 frozen champions (one genome family), not independent mechanisms. Suggested: '46/46 curves (42 distinct, 4 champions of one lineage under 13 conditions)'."
A3-7b,SYNTHESIS_2026-09-28_ARC2.md,s1,the base-curve null passes 12/44,"""12/44""",MATCH,44 = 46 minus 2 canonical-genome curves,YES,NO,,roles/Ananke/research/workers/W-A/out/engine.json,"report=12/44 | src=roles/Ananke/research/workers/W-A/REPORT.md s2 (post hoc) | Labelled post hoc by W-A; ARC2 omits the post-hoc label. Null includes the pr0:fresh1 curve, which trivially passes (identical)."
A3-7c,SYNTHESIS_2026-09-28_ARC2.md,s2,gap 7 beats gap 8 in 4/4 champions (readout-parity sawtooth),"{""4ab2ba01"": [0.967, 0.865], ""fresh1"": [0.968, 0.855], ""fresh2"": [0.928, 0.864], ""fresh3"": [0.903, 0.86]}",MATCH,"4 champions (1 specimen + 3 regenerated fresh searches, same physics)",YES,NO,,roles/Ananke/research/workers/W-A/out/engine.json base:*,"report=4/4 (0.97 vs 0.87 specimen) | src=roles/Ananke/research/workers/W-A/REPORT.md s3(a) | Point estimates only; 7-vs-8 differences .04-.11, well outside pair CIs for 3/4 (not a formal test)."
A3-7d,SYNTHESIS_2026-09-27.md,s2,[M2] tuned to the trained gap: at chance at gap >= 12,"gap12 lo99>0.5 in 3/4 (acc .53-.58); gap16 lo99>0.5 in 0/4; W-A base gap12 lo99 {""4ab2ba01"": 0.529, ""fresh1"": 0.466, ""fresh2"": 0.512, ""fresh3"": 0.551}",MISMATCH,4 champions,YES,YES,,roles/Ananke/research/spikes/out/s_m2b.json; W-A/out/engine.json,"report=gap >= 12 at chance in 4/4 | src=SPIKES_2026-09-27_LOG.md S-M2b (Ananke spike, not a W- worker) | At gap 12 three of four champions are above chance by their own 99% CI (spike AND W-A independent runs agree). Chance holds from gap 13/16. Correct: 'near chance by gap 12 (acc .53-.58), at chance by gap >= 16'. The frozen TUNED decision rule (gap 16 lo99 < .60) is unaffected."
A3-8a,SYNTHESIS_2026-09-28_ARC2.md;PTE_ENGINE_CARD.md,ARC2 s2/s5; engine card MEMORY,SETRULE is a per-tick conditional branch in 29% of 42 qualifying cells; bootstrap in 64%,"""27/42 = 0.643""; ""12/42 = 0.286""; classes {""TRANSIENT"": 1, ""UNIFORM_BOOT/ZERO"": 24, ""ONGOING/CUE_CARRYING"": 12, ""UNRESOLVED"": 2, ""UNIFORM_BOOT/R1"": 1, ""PATTERN_BOOT/GENERIC"": 2}",MATCH,42 C1 cells,PARTIAL,YES,,roles/Ananke/research/workers/W-B/out/census.json,"report=bootstrap sufficient 27/42 (64%); ONGOING 12/42 (29%) | src=roles/Ananke/research/workers/W-B/REPORT.md s2 | Numbers match. Denominator caveat stated by W-B but dropped downstream: 5 of the 12 ONGOING are one lineage (c939c3c7 + 4 children). ARC2 s5 calls the 64% a 'bootstrap ARTIFACT'; the engine card says 'bootstrap into the ZERO-DEFAULT rule variant in ~64%' but only 24/42 (57%) are UNIFORM_BOOT/ZERO (1 settles on rule 1; 2 are PATTERN_BOOT). ARC2 calls ONGOING 'a per-tick branch' for all 29%, but the branch was shown in 6 RELAY + 2 HOLD deep-dived cells, not all 12."
A3-8c,SYNTHESIS_2026-09-28_ARC2.md;PTE_ENGINE_CARD.md,ARC2 s1 '0 FLIPs in 18 swaps'; engine card 'r never the memory carrier in 18/18 swap tests',r is never the bit carrier: 0 FLIPs in 18 swaps,"n=17; {""NO-EFFECT"": 16, ""CHANCE"": 1}",MISMATCH,17 cells (not 18),NO,"NO (direction), denominator wrong",,roles/Ananke/research/workers/W-B/out/deepdive_all.json (merge of deepdive_part1 6 + part2 11),"report=NO-EFFECT 17/18, CHANCE 1, FLIP 0 | src=roles/Ananke/research/workers/W-B/REPORT.md s3 (and LOG A11) | Raw has 17 cells (6 part 1 + 11 part 2; LOG A10 lists exactly 6+11). Report/LOG say 18 and '17/18 NO-EFFECT'. Also 'pin all other sites exactly 0.000 in 13/18': raw exact-zero ""exact 9/17, |d|<.005 13/17""; pin readout HURTS ""12/17"" (report 12/18). The 1 CHANCE (b059e735) is 'needed but not carrying' only under the absolute rule; W-O shows CHANCE is often a partial effect. Correct: 'r-swap FLIP 0/17 (16 NO-EFFECT, 1 CHANCE)'."
A3-8d,SYNTHESIS_2026-09-28_ARC2.md,s1,M3: a one-rule law is bit-identical to the champion,"bit-identical vs r0-frozen {""0a23398f"": true, ""f6b623cd"": true}; vs normal {""0a23398f"": [""EQUIV"", 0.0137], ""f6b623cd"": [""EQUIV"", 0.0065]}",MISMATCH,2 M3 specimens,YES,YES,,roles/Ananke/research/workers/W-B/out/m3.json X7,"report=rules=1 law bit-identical to rules=4 with r:=0 frozen; that arm EQUIV to normal (+0.014/+0.007) | src=roles/Ananke/research/workers/W-B/REPORT.md s1 | The one-rule law is bit-identical to the champion WITH r:=0 FROZEN, not to the champion; vs the champion it is EQUIV with a +.014/+.007 gain concentrated in trial 0 (0.53 -> 0.67). Correct: 'a one-rule law is bit-identical to the champion with r reset to 0, and behaviourally EQUIV to the champion (2 M3 specimens)'."
A3-9a,SYNTHESIS_2026-09-28_ARC2.md;PTE_ENGINE_CARD.md,ARC2 s5,carriers: HOLD = site (81/85),"""81/85""; after W-O 512-world audit HOLD SITE 84/85",MATCH,85 readable of 97 HOLD,YES,NO,,roles/Ananke/research/workers/W-F/out/census_table.csv,report=81/85 readable | src=roles/Ananke/research/workers/W-F/REPORT.md | 12 HOLD UNREADABLE excluded (stated). W-O audit moves 3 HOLD ELSEWHERE->SITE (84/85). Census is a RE-EVALUATION of stored champions at one tick (mid).
A3-9b,SYNTHESIS_2026-09-28_ARC2.md;ARC3_PRIORITIES.md,ARC2 s3; ARC3_PRIORITIES DEMOTED T-DM-2 ('14/14 were phase mixtures'),all 14 JOINT cells are per-trial PHASE MIXTURES (site_acc + chan_acc = 1.00),"(n,min,max,mean) ""(14, 0.978, 1.011, 0.9991)""; JOINT count after W-O audit 12",PARTIAL,14 JOINT of 124 readable,PARTIAL,YES,,roles/Ananke/research/workers/W-F/out/census_table.csv,"report=14/14, mean .999 | src=roles/Ananke/research/workers/W-F/REPORT.md surprise 2 | Numbers match raw (sum .978-1.011). The inference 'sum = 1 => phase mixture' is RETRACTED in ARC3 s2 (sum is a mirror-pair identity; by phi only 3/7 mixtures, W-I). ARC3_PRIORITIES still demotes T-DM-2 on '14/14 were phase mixtures' with no correction note, and W-O's 512-world audit leaves 12 JOINT (3 -> SITE, 1 -> CHANNEL, 2 ELSEWHERE -> JOINT). Correct: '14 census-JOINT cells (12 after audit) have site+chan accuracy summing to ~1, which is forced by the mirror-pair identity and does not by itself show a mixture'."
A3-9c,SYNTHESIS_2026-09-28_ARC2.md,s5 W-F line,RELAY/MAJ = program- and phase-dependent; family 'selects' only via HOLD,not recomputed (classifier CV; needs refit),REPORT_ONLY,"39 non-HOLD readable, 11 physics points",YES,NO,,roles/Ananke/research/workers/W-F/out/model.json,"report=tree CV .730 vs family .797; non-HOLD no model > ~.40 | src=roles/Ananke/research/workers/W-F/REPORT.md decision + surprise 1 | 'Family selects' is a classifier-accuracy statement over a re-evaluated census, not a selection/search outcome."
A3-10a,SYNTHESIS_2026-09-28_ARC2.md;PTE_ENGINE_CARD.md,ARC2 s6; engine card MEMORY CORRECTION,7/13 PTE specimens carry the cue as WHO FIRES,"fire_share>0.5: [""HOLD:a0a5244d"", ""HOLD:ab089e45"", ""MAJ:4781b0a1"", ""RELAY:31cd2a8a"", ""RELAY:62a7fff9"", ""RELAY:bbef66a1"", ""RELAY:c16d5231""]",MATCH,13 specimens (12 D-wave + M2),YES,PARTIAL,,roles/Ananke/research/workers/W-C/out/x12.json,"report=7/13 | src=roles/Ananke/research/workers/W-C/REPORT.md bottom line | 7 by fire_share > .5. W-C's own class list names 8 presence cells (incl. HOLD 7b7b025e, fire .49/presence .50). 13 specimens from one campaign; 'PTE specimens carry...' should read '7 of 13 C1 D-wave/M2 specimens'."
A3-10b,PTE_ENGINE_CARD.md,MEMORY CORRECTION,'never counts' is NOT_VERIFIED where the counts swap was near-identity (5/13),"[""HOLD:85ca202e"", ""M2:4ab2ba01"", ""MAJ:0a23398f"", ""MAJ:613162a3"", ""MAJ:f6b623cd""]",MATCH,13,YES,NO,,roles/Ananke/research/workers/W-C/out/x12.json x2.pairs_mcnt_differ,report=5/13 | src=roles/Ananke/research/workers/W-C/REPORT.md X2 | 4 have exactly 0 count-differing pairs; 85ca202e has 1.8% (near-identity threshold not stated in report; <5% reproduces).
A3-10c,SYNTHESIS_2026-09-28_ARC2.md,s6,"the cost made champions communicate more (3/3 vs 1/3), not change code class (n = 3 per arm)","comm_delta>0: A1 ""2/3"", A0 ""1/3""; fire_share defined A1 3/3, A0 1/3; per-run {""A0_0"": [0.699, 0.656, 0.0, null, ""FLIP"", ""NO-EFFECT"", ""NO-EFFECT""], ""A0_1"": [0.881, 0.864, 0.381, 1.0, ""NO-EFFECT"", ""FLIP"", ""NO-EFFECT""], ""A0_2"": [0.685, 0.638, 0.0, null, ""FLIP"", ""NO-EFFECT"", ""NO-EFFECT""], ""A1_0"": [0.743, 0.738, 0.243, 1.0, ""CHANCE"", ""FLIP"", ""FLIP""], ""A1_1"": [0.67, 0.654, 0.17, 1.0, ""NO-EFFECT"", ""FLIP"", ""NO-EFFECT""], ""A1_2"": [0.76, 0.717, 0.0, 1.0, ""FLIP"", ""NO-EFFECT"", ""NO-EFFECT""]}",MISMATCH,3 searches per arm,YES (n=3 stated),YES,,"roles/Ananke/research/workers/W-C/out/x4_A{0,1}_{0,1,2}.json","report=A1 3/3 vs A0 1/3 communicate | src=roles/Ananke/research/workers/W-C/X4_RESULT.md | A1_2 has comm_delta = 0.000 (zero-comm accuracy = held .760; site FLIP): it FIRES (fire share 1.0) but communication is not used. By the behavioural measure the cost arm communicates in 2/3, not 3/3. 3/3 counts 'fires', not 'communicates'. Correct: 'cost champions fired in 3/3 (vs 1/3) but used communication in 2/3 (vs 1/3); n = 3 per arm, different economy (W-C pre-run deviation 2/1/64)'. This IS a search outcome (6 real searches)."
A3-10d,PTE_ENGINE_CARD.md,MEMORY CORRECTION,an emission-cost pilot evolved a counts code that FLIPs under a counts swap (n = 1),"A1_0 counts FLIP, inflight FLIP, site CHANCE",MATCH,1 search,YES,NO,,roles/Ananke/research/workers/W-C/out/x4_A1_0.json,report=A1 seed 0 counts FLIP | src=roles/Ananke/research/workers/W-C/REPORT.md X4 pilot | n=1 stated.
A3-11a,SYNTHESIS_2026-09-28_ARC2.md,s5 W-E line; s9,W-E: no recoverable retention past the query (preregistered NO),"family 112 (16x7); min Holm j>=2 ""(0.1488, ('D_f7e62fe3', 3))""; labels {""FORGETS"": 7, ""DIVERGES-UNRECOVERABLE"": 5, ""MIXED"": 2, ""INTERFERES"": 2}; j0 decodes after Holm 15/16",PARTIAL,"16 champions (12 D-wave + 4 M2), 1 namespace",YES,YES,,"roles/Ananke/research/workers/W-E/out/D_*.json, M2_*.json decoder_single","report=NO; min Holm p .149 (f7e62fe3); 'mostly a POWER limit' | src=roles/Ananke/research/workers/W-E/REPORT.md verdict | Preregistered verdict reproduced exactly (0.149). But W-E itself says the NO is mostly a POWER limit, and its post-hoc history-aware decoder RECOVERS cue k from f7e62fe3 w_sum at .89-.97 for j=1..6; W-G later CONFIRMED this as preregistered L2 in two namespaces. So 'no recoverable retention' is contradicted for f7e62fe3; what failed is EFFECTIVE (answer-changing) retention. Minor report mismatch: 'all 16 decode at j=0 (p at the floor)': D_544f3d24 raw p 2e-4 (not floor) -> Holm 15/16. Correct: 'no champion's cue k is recoverable by the preregistered single-world decoder (power-limited); one accumulation trace (f7e62fe3 w) is recoverable post hoc and never changes an answer'."
A3-13a,SYNTHESIS_2026-09-27.md,s6,C1 window covered 0% of the cue-bearing arrivals in both M3 cells and 69-100% elsewhere,"{""M2:4ab2ba01"": 0.797, ""M3:0a23398f"": 0.0, ""M3:f6b623cd"": 0.0, ""D-RELAY:bbef66a1"": 0.917, ""D-RELAY:31cd2a8a"": 0.687, ""D-RELAY:62a7fff9"": 1.0, ""D-RELAY:c16d5231"": 0.73, ""D-MAJ:4781b0a1"": 0.929, ""D-MAJ:613162a3"": 0.935}",MATCH,"9 cells (2 M3, 4 RELAY, 2 MAJ, M2); 28-30 of 32 pairs with any cue arrival in M3",YES,PARTIAL,,roles/Ananke/research/spikes/out/s_f.json,"report=0 / 0; RELAY .69-1.00, MAJ .93, M2 .80 | src=TEMPORAL_INTERVENTION_COVERAGE.md / SPIKES S-F (Ananke spike) | 'elsewhere' = the 7 other spike cells, not all C1 cells."
A3-13b,SYNTHESIS_2026-09-27.md,s11,Predictions held: 15. Lost: 5,"lines marked HELD 16 (2 of them partial 3/4), LOST 7",PARTIAL,unclear grouping,NO,NO,,roles/Ananke/research/SPIKES_2026-09-27_LOG.md (pred column),"report=itemised per line | src=SPIKES_2026-09-27_LOG.md | The tally depends on grouping: synthesis counts the 3 S-CT cell losses (bbef66a1, 613162a3, 4781b0a1) as ONE loss and one HELD (likely the joint-swap addendum or a partial) is not counted. Line count: 16 HELD (2 partial 3/4) vs 7 LOST. No raw ledger of predictions to recount."
A3-13c,SYNTHESIS_2026-09-27.md,s2,M2 carrier: sign of the in-flight sum of one component (decoder 1.00),"{""4ab2ba01"": 1.0, ""fresh1"": 1.0, ""fresh2"": 1.0, ""fresh3"": 1.0}",MATCH,"4 champions, held-out half of pairs",YES,NO,,roles/Ananke/research/spikes/out/s_m2.json,"report=1.00 [1.00] in 4/4 | src=SPIKES_2026-09-27_LOG.md S-M2 | pay1 for specimen/fresh2/fresh3, pay0 for fresh1."
A3-13d,SYNTHESIS_2026-09-27.md,s4,"EXTERNAL RESEARCH (~45 sources, graded)",Source: blocks 44; unique URLs/DOIs 72,MATCH,44 source entries,YES,NO,,roles/Ananke/research/PRIOR_ART_temporal_distributed_computation.md,report=~45 | src=PRIOR_ART_temporal_distributed_computation.md | Not worker-sourced. Count depends on unit (entries vs references).
A3-13e,SYNTHESIS_2026-09-27.md,s2,The same code in 3/3 fresh champions (one on the other component),"{""4ab2ba01"": 1.0, ""fresh1"": 1.0, ""fresh2"": 1.0, ""fresh3"": 1.0}",MATCH,"3 fresh re-searches, same physics and seed recipe",YES,NO,,roles/Ananke/research/spikes/out/s_m2.json,"report=pay1 x3 (incl. specimen), pay0 fresh1 | src=SPIKES_2026-09-27_LOG.md D5/D6 | fresh1-3 are deterministic regenerations of stored search seeds (bit-identical held), i.e. replay, not new searches."
A3-14a,SYNTHESIS_2026-09-28_ARC2.md,s1,carrier swap and temporal reach instruments: 10 known-answer tests with negative controls,def test_ count = 10,MATCH,test functions,YES,NO,,prometheus/ananke/tests/test_lens_instruments.py @a4e414392 (git show),report=10 | src=instruments/INSTRUMENT_CARRIER_SWAP.md; commit a4e414392 | 9 at bb61f8483 + 1 arm_identical test at a4e414392 = 10 before the ARC2 commit 8eabc990b. Not run here (read-only).
A3-14b,SYNTHESIS_2026-09-28_ARC2.md,s1,used across 166 cells with 0 errors,"166 rows, error fields 0",PARTIAL,166 C1 cells,YES,YES,,"roles/Ananke/research/workers/W-F/out/census_s{0,1}.jsonl","report=166 cells, 0 errors | src=roles/Ananke/research/workers/W-F/REPORT.md | '0 errors' = 0 runtime/software errors. It is not verdict validity: W-O's 512-world audit changed 9 W-F mid classes (21 under re-run normal) and found the absolute rule blind to complete transfers at normal ~.57-.62. Correct: '166 cells, 0 runtime errors; verdicts later partly revised (W-O)'."
A3-15a,SYNTHESIS_2026-09-28_ARC2.md,s4,W-D mined 8 'could not fire' cases in 5 seats; three checks plus an identical-arms alarm cover all 8,none,REPORT_ONLY,8 cases,n/a,NO,,none (W-D has REPORT.md only),report=8 cases; cover 8/8 | src=roles/Ananke/research/workers/W-D/REPORT.md | Provenance hole: W-D has no PLAN/LOG/out/ in the worker dir.
A3-15b,SYNTHESIS_2026-09-28_ARC2.md,s1/s5,"M2 in-flight carrier is CONTENT, not presence (W-C twin census: no firing difference)","presence_share 0.0, fire_share 0.0",MATCH,1 specimen (M2),YES,NO,,roles/Ananke/research/workers/W-C/out/x12.json M2:4ab2ba01,report=presence/fire share 0/0 | src=roles/Ananke/research/workers/W-C/REPORT.md X1 | 
A3-3a,SYNTHESIS_2026-09-28_ARC3.md; PTE_ENGINE_CARD.md; BACKLOG_V2.md,ARC3 s4; card MEMORY; BACKLOG T-BR-1 row,Dynamic rule switching COMPRESSES; it does not EXPAND (5/5 cells) / COMPRESSION 5/5,"5/5 (best H or B program point acc >= A*: S1 .764>=.707, S2 .999>=.715, S3 .792>=.648 (H3alt), S4 1.000>=.560, S5 .735>=.592)",MATCH,5 hand-picked cells (chosen to discriminate mechanisms) of 42 qualifying C1 cells,yes (5 cells stated),MILD,,"W-H/out/hand.json, hand_s4.json, hand_s5.json, search_*.json","report=COMPRESSION in 5 of 5 cells | src=workers/W-H/REPORT.md | S3 counts as COMPRESSION only via H3alt = the S1 mechanism run on S3 physics; the faithful fixed-rule compile of S3's own relay FAILED (.511) and W-H calls that narrower question UNRESOLVED. W-H: 'not found within these bounds, not an impossibility result'. ARC3 states it as a property of switching with only a (5/5 cells) tag."
A3-3b,BACKLOG_V2.md; CROSS_THREAD_COMPRESSION.md; PTE_ENGINE_CARD.md,BACKLOG T-BR-1 row; CTC H6; card MEMORY,fixed-rule latches match or beat every champion (.999 vs .755),"hand >= champion point 5/5; hand lo99 > champion mean 4/5 (S1: H1 .764 [.736,.793] vs champ .741 = match not beat); .999 vs .755 is S2 only",MATCH,"5 cells; each comparison same cell, same physics, same 0x5ED 64 worlds",yes (matched per cell),YES,,"W-H/out/hand.json, hand_s4.json, hand_s5.json, cf.json","report=S2: H2 .999 vs champion .755; fixed-rule latches match or beat every champion | src=workers/W-H/REPORT.md | The .999 vs .755 parenthetical is the single most extreme cell (S2), printed beside 'every champion' as if it summarized all 5. Only S2/S4/S5 programs are latches; S1 and S3 use a 7-instruction SELECT (H1); the S3 'beat' is H3alt (borrowed S1 mechanism). Hand programs are DESIGNED, not searched; rules=1 search (B_fixed_L) reached A* only in S2 (2/4), 0/4 in S1 and S3."
A3-3c,SYNTHESIS_2026-09-28_ARC3.md; BACKLOG_V2.md,ARC3 s4; BACKLOG T-BR-1 row,Every switch lasts 1-2 ticks,"max non-zero-r run in awake ticks: S1 2 (864 excursions), S2 1 (730), S3 1 (8460); 100% <= 2",PARTIAL,"3 of the 5 cells have per-tick dumps; S4/S5 (faafa5b0, ed884172) have none","no (stated for 5 cells, observable for 3)",MILD,,"W-H/out/obs_b59e6c3a.npz, obs_311c465f.npz, obs_95649e2c.npz (r, awake)",report=Every switch is a 1-2 tick excursion that returns to rule 0 | src=workers/W-H/REPORT.md | Re-derived exactly for S1-S3 (all sites and the readout site). No raw per-tick rule data for S4/S5.
A3-3d,W-H REPORT (cited in task list; no numeric citation in the six docs),W-H WHAT FAILED,champion's own budget reproduced S1/S3 champions in 0/4 seeds,S1 0/4 (best .564 vs A* .707); S3 0/4 (best .641 vs A* .648); S2 1/4 (.949),MATCH,4 fresh GA seeds per cell at the champion's original budget (arm A_orig),yes,NO,,"W-H/out/search_b59e6c3a.json, search_95649e2c.json, search_311c465f.json","report=0 of 4 seeds (S1 and S3); S2 A_orig 1/4 | src=workers/W-H/REPORT.md | A genuine SEARCH outcome (new searches, fresh seeds, champion's budget) and treated as such. S3 best misses A* by .007. Underlies W-H's 'lucky tails' remark and T-H2."
A3-3e,SYNTHESIS_2026-09-28_ARC3.md; BACKLOG_V2.md,ARC3 s4; BACKLOG T-BR-1 row,r never carries the bit (attributed to W-H) / never the carrier,not recomputable from W-H out/; the r-swap evidence is W-B 18/18 (ARC2),REPORT_ONLY,n/a for W-H (W-B: 18 swaps),n/a,MILD,,"none (W-H ran rule pins CF1/CF2, no r carrier swap)","report='The answer bit lives in S0 or in traffic, not in r' (W-H ran no r swap) | src=workers/W-H/REPORT.md | W-H inferred it from excursion length (r returns to 0 within 2 ticks), not from a swap. Cite W-B 18/18 for the swap evidence."
A3-3f,PTE_ENGINE_CARD.md; CROSS_THREAD_COMPRESSION.md,card MEMORY; CTC H6,Fixed-rule latches of 4-7 instructions,"n_instr recorded: S1 7, S2 4, S3(H3alt) 7; S4 H4b and S5 H4a not recorded",PARTIAL,"5 programs, 3 with recorded length",no,NO,,"W-H/out/hand.json, hand_s4.json, hand_s5.json",report=fixed-rule hand programs of 4-7 live instructions | src=workers/W-H/REPORT.md | Instruction counts for the S4 Kp/WIMM latch and S5 S0 latch are absent from raw outputs.
A3-4a,SYNTHESIS_2026-09-28_ARC3.md; BACKLOG_V2.md; CROSS_THREAD_COMPRESSION.md,ARC3 s1; BACKLOG T-CT-2 row,"Carriers are trajectories, not places (W-I, 33 specimens)","33 tables, 33 traj JSON, 32 readable, 20 at panel digest d9ccb6a71d986501",MATCH,33 (32 readable); 20 share one physics,yes,MILD,,"W-I/out/table_*.csv, traj_*.json, traj_table.csv",report=33 C1 champions (20 panel at one physics + 13 span); 42716814 unreadable | src=workers/W-I/REPORT.md | General phrasing; 20/33 are one ring-144 physics and every site-only specimen is an off-panel HOLD cell.
A3-4b,SYNTHESIS_2026-09-28_ARC3.md; CROSS_THREAD_COMPRESSION.md,ARC3 s2,By phi only 3/7 are mixtures,"3/7 as recorded (phi -.94, -.72, -.63); after W-O 512-world corrections 2/7 (c16d5231 o5 M->S, 8c37f32e o5 J->S)",PARTIAL,7 of the 14 census-JOINT cells retested,yes (refutes 'all 14' with 7 retested),STALE,,"W-I/out/traj_*.json (joint verdict, phi), explore.json mid; W-O/out/corrections_WI.csv","report=3 of 7 census-JOINT cells are M at the census mid tick (2dccdaa5, c16d5231, 78f3b0ec) | src=workers/W-I/REPORT.md | Matches W-I raw record but superseded: W-O changes c16d5231 mid letter M->S; W-R says c16d5231/8c37f32e o5 S holds in one update phase only. ARC3 s2 not annotated. Current reading 2-3/7 depending on phase."
A3-4c,SYNTHESIS_2026-09-28_ARC3.md; BACKLOG_V2.md; CROSS_THREAD_COMPRESSION.md,ARC3 s1 and s5,"site-only retention (HOLD, 8/8); Site-only retention is a HOLD phenomenon","8 site-only (all-S interval) specimens, all HOLD, 8 digests; 9 HOLD in the 33 (4ab2ba01 HOLD is channel-using)",MATCH,8 site-only specimens; 9 HOLD specimens in 33,"partly ('8/8' = 8 of 8 site-only are HOLD, not 8 of 8 HOLD)",MILD,,"W-I/out/table_*.csv, traj_*.json, traj_table.csv","report=R1 SITE-ONLY RETENTION: 8 specimens, 8 digests, all HOLD, off the panel | src=workers/W-I/REPORT.md | 'HOLD, 8/8' can be read as all HOLD cells being site-only; true figure 8/9 HOLD. Family and physics confounded (no site-only on the panel)."
A3-4d,SYNTHESIS_2026-09-28_ARC3.md; BACKLOG_V2.md,ARC3 s5; BACKLOG 'F7 on 6 champions',6 presence-as-content champions,"6, identical set (all channel_content-FLIP offsets physically N without V); all 6 on the panel",MATCH,32 readable,yes,NO,,"W-I/out/table_*.csv (sub_flip, phys)","report=6 panel specimens (e9196cae, 62a7fff9, 35c721fd, bf82cb29, bbef66a1, 31cd2a8a) | src=workers/W-I/REPORT.md | Opposite direction (count read as count): report lists 3, my rule finds 4 (adds 63d17a90); not quoted in the six docs."
A3-4e,SYNTHESIS_2026-09-28_ARC3.md; BACKLOG_V2.md,ARC3 s5,SLACK predicts latency tolerance (rho .52),"rho 0.522, n=23 (slack = ro_off-1 minus last C/M offset; retention = (lat-.5)/(base-.5))",MATCH,"23 channel-using specimens, mixed physics",yes,NO,,"W-I/out/table_*.csv, robust.json","report=Spearman .52, n=23 (exploratory, post hoc) | src=workers/W-I/REPORT.md | Correctly labelled exploratory and queued as T-CT-3'."
A3-4f,SYNTHESIS_2026-09-28_ARC3.md; BACKLOG_V2.md,ARC3 s1; BACKLOG T-CT-2 row,Census-SITE relays carry the bit in the channel first / census-SITE RELAY cells are channel-then-latch,"6/7 start with C; bbef66a1 = SSSSSSSSSJCCCCS (site at offsets 1-8, channel 11-14, site at 15)",MISMATCH,7 panel census-SITE RELAY cells,yes,YES,,"W-I/out/table_*.csv, traj_*.json","report=All 7 panel RELAY cells the census calls SITE have a channel phase first | src=workers/W-I/REPORT.md | W-I's own motif list puts bbef66a1 in R5 (S->C->S regeneration), contradicting its 'All 7' line. Correct: 6 of 7."
A3-4g,SYNTHESIS_2026-09-28_ARC3.md; BACKLOG_V2.md,ARC3 s5,Robustness vs trajectory INCONCLUSIVE (the panel had no site-only specimens),panel site-only 0/20,MATCH,20 panel,yes,NO,,"W-I/out/robust_tests.json, table_*.csv","report=panel SITE-ONLY n=0, all 18 CHANNEL-USING | src=workers/W-I/REPORT.md | "
A3-5a,SYNTHESIS_2026-09-28_ARC3.md; BACKLOG_V2.md; PTE_ENGINE_CARD.md,ARC3 s7; BACKLOG receiver row; card LENS,At C1 physics the operator is behaviourally irrelevant (29/32 presence codes),"27/32 at emit <= .03 (28/32 at W-J's dense threshold .2); emit > .03: ALOHA2_MAJ_1 .203, ALOHA2_MAJ_2 .032, ARB_MAJ_1 .240, ARB_MAJ_2 .792, SAT2_RELAY_2 .791; SUM=SAT2=ARB to 3 dp in only 12/32 (sparse ones differ by up to .011)",MISMATCH,"32 fresh E2 searches (4 operators x MAJ/RELAY x 4 seeds), f6b6 physics",yes,YES,,"W-J/out/e2_*_*_[0-3].json (held_tel.emit_rate, transfer)","report=29/32 sparse (emit <= .03) sensor-presence champions, accuracy identical under SUM/SAT2/ARB to 3 decimals | src=workers/W-J/REPORT.md | 29 not reproducible from raw emit rates under either W-J threshold. 'Presence code' is an emission-sparsity proxy, not swap-verified per champion. 'Identical to 3 decimals' overstated; 'within ~.01' supported. Qualitative irrelevance at this physics still holds."
A3-5b,PTE_ENGINE_CARD.md; BACKLOG_V2.md,card LENS,aggregation gain ~.02 at C1 physics,"SUM-ARB = .021 (designed plant E5, MAJ)",MATCH,"1 designed plant, 64 held worlds",yes,NO,,W-J/out/e5.json,"report=SUM .695 vs ARB .674 (designed plant, lossy) | src=workers/W-J/REPORT.md | Measured on a DESIGNED plant, not evolved champions."
A3-5c,PTE_ENGINE_CARD.md,card LENS,aggregation gain ~.13 lossless,measured plant gain SUM-ARB = .096; .137 is theory (.837-.700),MISMATCH,1 designed plant,yes,YES,,W-J/out/e5b.json,report='lossless -> gain ~.13' (NOTES s8 post-hoc law) | src=workers/W-J/REPORT.md | Card quotes the theoretical gain as if measured; W-J's own E5b clause 'gap >= .10' FAILED at .096.
A3-5d,SYNTHESIS_2026-09-28_ARC3.md,ARC3 s7,"Designed plants match it (lossless: SUM .823 = SAT, ARB .727, ALOHA .500)","SUM .823, SAT2 .823, ARB .727, ALOHA2 .500",MATCH,"1 designed plant (MAJ), 64 held worlds",yes,NO,,W-J/out/e5b.json,"report=E5b lossless: SUM .823 = SAT; ARB .727; ALOHA .500 | src=workers/W-J/REPORT.md | Correctly attributed to DESIGNED plants, not evolved champions."
A3-5e,SYNTHESIS_2026-09-28_ARC3.md; BACKLOG_V2.md; PTE_ENGINE_CARD.md,ARC3 s7; card LENS,"With lossless physics the first pure superposition count-majority code appeared, exactly 0.500 under every other operator / a SUM count-threshold majority code emerged","SUM .801; SAT2/ALOHA2/ARB .500 each; 1 of 4 SUM seeds, 1 of 12 E6 searches (other SUM seeds .553-.583)",MATCH,n=1 of 12 lossless searches,yes ('first' = n=1 in ARC3),MILD,,"W-J/out/e6_SUM_MAJ_0.json (transfer), e6_*_MAJ_*.json","report=one SUM champion .801 -> .500 under SAT2/ALOHA2/ARB | src=workers/W-J/REPORT.md | 'Exactly .500 under every other operator' is a TRANSFER (frozen champion re-evaluated), described as such; emergence is a search outcome with n=1. Card's 'lossless -> ... emerged' reads as a regularity; E6-P1 (median SUM-ARB) FAILED (.027)."
A3-2a,BACKLOG_V2.md; SYNTHESIS_2026-09-28_ARC3.md,BACKLOG T-RET-2 row (T-RET-EVO); ARC3 s3,"retention IS reachable when rewarded (4/8 searches, carrier S, local)","4/8 (n1_s0,n1_s3,n2_s1,n2_s2); recomputed lo99>.60 & diff_lo99>0 agrees with SUCCESS flag 10/10; |zero_comm-acc| <= .0008",MATCH,"8 searches = n in {1,2} x 4 seeds, pop96 gens36, M2 physics, 64 held-out worlds 0x5F3",yes,yes,,roles/Ananke/research/workers/W-L/out/search_n*_s*.json (held_5F3),"report=4/8 pass frozen criterion; n=1 2/4, n=2 2/4; zero_comm = normal | src=roles/Ananke/research/workers/W-L/REPORT.md | Count verified. 'when rewarded' is not isolated: the UNREWARDED n=0 HOLD control n0_s0 reaches the same integrator (held .672, lo99 .637 > .60 = criterion a). W-L says criterion (a) cannot tell retention from integration and the integrator reading is post hoc. 2 of the 4 successes are n=2 runs that pass only by integrating (lag-2 selectivity < 0)."
A3-2b,BACKLOG_V2.md; SYNTHESIS_2026-09-28_ARC3.md,BACKLOG T-RET-2 row; ARC3 s3,carrier S (only site state S carries the bit in every SUCCESS champion),"S swap acc .323/.344/.385/.385 (successes), .406 (n1_s2); all <= 1-normal; Kp,w,inbox,channel_all,pay0,pay1 NO-EFFECT; recorded verdict CHANCE 5/5",PARTIAL,"5 champions (4 SUCCESS + n1_s2), 64-world swap design",yes,no,,roles/Ananke/research/workers/W-L/out/carriers_champs.json,"report=S swap .32-.39 vs normal ~.60; formal verdict CHANCE; other arms exactly NO-EFFECT | src=roles/Ananke/research/workers/W-L/REPORT.md | Recorded verdict is CHANCE, not FLIP; 'carrier S' at report time rested on an informal 1-normal reading. Supported later by W-N's re-run at 512 worlds (FLIP on all 5; workers/W-N/REPORT.md). That is a RE-EVALUATION of frozen champions, not part of the W-L search. The ARC3 CORRECTION blocks record this."
A3-2c,SYNTHESIS_2026-09-28_ARC3.md; BACKLOG_V2.md,ARC3 s3; BACKLOG T-RET-2,Selective lag-2 storage was not reached (0/4 at n=2),"lag2 minus max(other lags) = -.015,-.015,-.015,-.032 for n2_s0..s3 -> 0/4 selective",MATCH,"4 n=2 seeds, pop96 gens36; lag profile on 256 worlds, no CI, post hoc",partial,no,,roles/Ananke/research/workers/W-L/out/lagprofile.json,report=0/4; no n=2 champion prefers lag 2 | src=roles/Ananke/research/workers/W-L/REPORT.md | Selectivity criterion is post hoc (not preregistered). n2_s0 and n2_s2 have identical lag profiles to 3 dp (possibly the same program).
A3-2d,SYNTHESIS_2026-09-28_ARC3.md; BACKLOG_V2.md,ARC3 s3 'although a 16-line plant solves it'; BACKLOG T-RET-2,a 16-line plant solves selective lag-2 at the same physics and prog_len,"P2S n=2 lines 16 acc 1.0 lo99 1.0 analysis+held; physics prog_len 16; swap S FLIP, reset_S -> .50",MATCH,"1 hand plant, 2 namespaces",yes,no,,roles/Ananke/research/workers/W-L/out/checks.json (plants); carriers_plants.json,"report=P2S 16 lines, 1.000 [1.000,1.000] both namespaces | src=roles/Ananke/research/workers/W-L/REPORT.md | Hand-built positive control; consistent with the claim."
A3-2e,BACKLOG_V2.md; SYNTHESIS_2026-09-28_ARC3.md,BACKLOG T-RET-2 'Even the HOLD control evolved an integrator'; ARC3 s2 'The search builds integrators even on HOLD',Even the HOLD control evolved an integrator,n0_s0 flat .619-.650 (range .031; PLANT_INTEGRATOR .629-.651); n0_s1 at chance .497-.510 (no integrator),MATCH,1 of 2 HOLD-control seeds,no,yes,,roles/Ananke/research/workers/W-L/out/lagprofile.json; search_n0_s*.json,report=n0_s0 is an integrator (post hoc lag profile) | src=roles/Ananke/research/workers/W-L/REPORT.md | ARC3 s2 turns 1/2 seeds into 'The search builds integrators even on HOLD'. Corrected: 'one of two HOLD-control searches (n0_s0) evolved an integrator; the other reached nothing'.
A3-2f,SYNTHESIS_2026-09-28_ARC3.md,s1 H6 bullet 'selective retention is never evolved though a plant solves it (W-L)'; s3 'what evolves is INTEGRATION',selective retention is never evolved,"n=1: n1_s2 lag1 .635 vs max other .513 (sel +.122; failed, lo99 .581); n1_s3 lag1 .694 vs .603 (sel +.091; a SUCCESS); 2/4 n=1 runs have lag-1 selectivity > .05",PARTIAL,8 rewarded searches at one budget (pop96 gens36),no,yes,,roles/Ananke/research/workers/W-L/out/lagprofile.json,"report='No champion built a selective lag-n store like P1S or P2S'; n1_s2 lag-selective but failed; n1_s3 weighted integrator with a lag-1 peak | src=roles/Ananke/research/workers/W-L/REPORT.md | 'never evolved' is contradicted at n=1: one SUCCESS (n1_s3) and one near-miss (n1_s2) have clear lag-1 peaks (256-world profile, SE ~.03). Supported: 'selective lag-2 retention was not reached (0/4 n=2 searches at one budget); at n=1, partial lag selectivity appeared in 2/4 runs (one passing), mixed with integration'."
A3-2g,SYNTHESIS_2026-09-28_ARC3.md,s1 H6 'Four independent lines'; s3,"W-L shows the limit is search reachability, not physics","a single budget (pop96/gens36), 4 seeds per arm; no budget-scaling run in out/",REPORT_ONLY,4 seeds x 1 budget,no,yes,,roles/Ananke/research/workers/W-L/out/search_*.json,"report='At this budget that is a search-reachability limit, not a physics limit' | src=roles/Ananke/research/workers/W-L/REPORT.md | The reachability reading rests on one budget. W-L proposed budget scaling, which was not run. 'Search reachability bounds PTE' is an interpretation at one search configuration."
A3-2h,SYNTHESIS_2026-09-28_ARC3.md,CORRECTION (W-N) block,W-L swap CHANCE was a sample-size effect: at 512 worlds the absolute rule gives FLIP on every W-L champion,"64-world side reproduced: n1_s0 normal .583, swap .323, CHANCE. The 512-world values were not recomputed (out of group C scope).",PARTIAL,5 W-L champions,yes,no,,roles/Ananke/research/workers/W-L/out/carriers_champs.json (64-world side only),"report=FLIP on S and site_all of 5 W-L champions at M=512; W-L design reproduced (n1_s0 normal .583, swap .323) | src=workers/W-N/REPORT.md | A re-evaluation of frozen champions, correctly labelled as a correction, not as a search outcome."
A3-12a,SYNTHESIS_2026-09-28_ARC3.md,s8,"There is no universal check (W-K, 21 fixtures x 16 checks with valid twins)","21 fixtures: 10 broken, 11 valid (all with a twin field), 16 checks; max J .70 (K2) < 1, so no universal check",MATCH,"10 broken / 11 valid hand-built fixtures, one specimen each, one author",yes,no,,roles/Ananke/research/workers/W-K/out/matrix.json,"report=21 fixtures (10 BROKEN, 11 VALID), 16 checks | src=roles/Ananke/research/workers/W-K/REPORT.md | 'valid twins': 8 are true twins of broken fixtures; 3 are V0 true-null fixtures. One author built both the fixtures and the checks (not independent; report Limits)."
A3-12b,SYNTHESIS_2026-09-28_ARC3.md; BACKLOG_V2.md,"ARC3 s8 'Best single check ... (J .70, 0 false alarms)'","must-flip PLANT through the arm's own code: J .70, 0 false alarms","K2 caught 7/10, FA 0/11, J = .70 (recomputed from FLAG statuses; lenient: NA = not flagged); scores.json K2 J .70",MATCH,"10 broken, 11 valid",yes,no,,roles/Ananke/research/workers/W-K/out/matrix.json,"report=K2 caught 7/10, FA 0/11, J 0.70 | src=roles/Ananke/research/workers/W-K/REPORT.md | Small n (10/11) and perfect-solver plants give degenerate CIs (report Limits). 'Best single check' is scoped to this fixture set."
A3-12c,SYNTHESIS_2026-09-28_ARC3.md,s8,"Minimum zero-false-alarm cover: {plant, applied count, could-fail counter-plant}","brute force: size-3 covers {K1g,K2,K7}, {K2,K4d,K7}, {K2,K7,K9}; no cover of size <= 2",MATCH,10 broken fixtures,yes,no,,roles/Ananke/research/workers/W-K/out/matrix.json,"report={K2,K4d,K7}; equal-size alternatives {K1g,K2,K7} and {K2,K7,K9} | src=roles/Ananke/research/workers/W-K/REPORT.md | ARC3 names only the cheapest cover; it is one of three equal-size covers. Per the report, K4d's zero FA is partly vacuous (only hook arms count their own hits)."
A3-12d,SYNTHESIS_2026-09-28_ARC3.md,s2 falsified 'Identical arm => the intervention never took',Identical outputs also describe true nulls (W-K),"K3 FA 2/11 (V0-WIN, V0-RULE); K3b FA 2/11",MATCH,11 valid fixtures,yes,no,,roles/Ananke/research/workers/W-K/out/matrix.json,report=K3/K3b false-alarm on V0-WIN and V0-RULE (2/11) | src=roles/Ananke/research/workers/W-K/REPORT.md | 
A3-6a,SYNTHESIS_2026-09-28_ARC3.md; BACKLOG_V2.md,ARC3 s6; BACKLOG T-DE-1,"7/7 designs FIT (MAE .012-.023), including a deliberate failure at the trained gap and comb-shaped intervals","MAE .0119-.0232 over gaps 2-16 (15 points each); 7/7 have MAE <= .07 and INTERVAL-HOLDS (+-1); E4 gap 8 .526, hi99 .590 <= .60",MATCH,"7 hand-designed specimens x 15 gaps, 64 worlds",yes,no,,roles/Ananke/research/designed_echoes/predictions.json; engine.json,"report=7/7 FIT; MAE .012-.023; E4 gap 8 .53, hi99 .59 | src=roles/Ananke/research/designed_echoes/RESULT.md | The FIT bar is MAE <= .07 (W-A's rule); all seven are far inside it."
A3-6b,SYNTHESIS_2026-09-28_ARC3.md; BACKLOG_V2.md,ARC3 s6 'The instruments read the designed channel -> site trajectory at the right time'; BACKLOG 'instruments 2/3',instruments 2/3,"E1 held; arrival mean lag E1 -1.49 vs E2 -5.49 (shift 3.99, predicted ~4) held; E2 compound prediction failed (site part held, transit part failed) -> 2/3",MATCH,3 committed predictions,yes,yes,,roles/Ananke/research/designed_echoes/instruments.json; PLAN.md lines 29-39,"report=2/3 held (E1 HELD, arrival HELD, E2 FAILED) | src=roles/Ananke/research/designed_echoes/RESULT.md | ARC3 s6 'read ... at the right time' overstates it: the one tick-TIMING prediction (E2 in transit at -6/-4) is the one that FAILED. Better: 'the instruments read channel-then-site in the designed order; the predicted handoff tick was wrong (2/3)'."
A3-6c,SYNTHESIS_2026-09-28_ARC3.md; BACKLOG_V2.md,ARC3 s1 'the echo model designs mechanisms search never produced (T-DE-1)'; BACKLOG T-REACH-GAP 'the model designs what search never found',the echo model designs mechanisms that search never produced,"no search was run on designed tasks (gaps 11-15, pipeline designs); designed_echoes holds engine evaluations of hand-built genomes only",UNDERIVABLE,0 searches,no,yes,,roles/Ananke/research/designed_echoes/*.json,"report=RESULT: 'calibration, NOT emergence: every specimen is hand-built'; T-REDISCOVER NOT queued | src=roles/Ananke/research/designed_echoes/RESULT.md | T-DE-1 tested the model, not search, so 'search never produced' has no search denominator (ARC3 s6 itself says T-REDISCOVER was not queued). Corrected: 'the model designs mechanisms (pipeline depth, combs) not observed among existing champions; whether search can reach them is untested'. It is still counted as one of the four 'independent lines' for H6."
A3-6d,SYNTHESIS_2026-09-28_ARC3.md,s2 (retraction of the designed-echo 'mixture signature'),CHANCE/CHANCE at the handoff reproduces W-F's phase-mixture signature (claim retracted),"E2 lag -6: site_all CHANCE, channel_all CHANCE, pay1 CHANCE (raw consistent)",MATCH,1 tick of 1 design,yes,no,,roles/Ananke/research/designed_echoes/instruments.json,report=retracted by CORRECTION (W-I identity); W-M later found lag -6 is a real per-trial mixture | src=roles/Ananke/research/designed_echoes/RESULT.md | The retraction is correctly carried into ARC3 s2.
A3-JCa,SYNTHESIS_2026-09-28_ARC2.md,s3,4781b0a1 is SOURCE-LATCHED REGENERATION; the 5 sensors latch the cue and keep firing,"J5a sensors .500, actuator .790, others .790 (normal .790); Kp erase diff exactly 0; w diff 0",PARTIAL,"1 specimen, 64 worlds",yes,yes,,roles/Ananke/research/joint_carrier/out_j5.json; out_j_probe.json,"report=erasing S at the sensors kills (.50); actuator/others .79 = normal; Kp/w/inbox irrelevant; preset-rule verdict UNRESOLVED | src=roles/Ananke/research/joint_carrier/RESULT.md | The raw data support 'the necessary S is at the sensors'. 'Latch and keep firing' is a reading of the program. The preregistered verdict was UNRESOLVED (no hypothesis met its rule), and ARC2 names the mechanism without that caveat. The count '5' sensors comes from the env (n_maj); it is not counted in out/."
A3-JCb,SYNTHESIS_2026-09-28_ARC2.md,s3,the bit is at the source until the transmission deadline (~readout minus max delay) and in the channel after it,"erase_S exactly .50 at t0+1..8, .56 at t0+9, .62 at t0+10, .70-.79 at t0+11..14, .645 at t0+15; flush .50 at t0+1..2, .60-.62 at t0+3..11, .535/.546 at t0+12..13, .745 at t0+15",PARTIAL,"1 specimen, 15 ticks, 64 worlds",yes,no,,roles/Ananke/research/joint_carrier/out_j5.json (J5b),"report=erase_S kills through t0+9, recovers t0+10 (.62), harmless t0+11..14; flush worst at t0+12..13 | src=roles/Ananke/research/joint_carrier/RESULT.md | The profile matches RESULT, except that t0+9 is a partial kill (.56). 'Readout minus max delay' cannot be computed from raw (no readout or delay values in out/). The H-HAND preset rule failed (8-tick overlap where both carriers are necessary), and ARC2 does not mention it."
A3-JCc,SYNTHESIS_2026-09-28_ARC2.md,s3,The single-swap ~0.5 was a conflict between two pipeline stages holding the same bit,"t0+8: S .582, site .486, channel .516, pay1 .516 (all CHANCE); joint .221 FLIP; J4 t0-1 joint .779 NO-EFFECT",PARTIAL,"1 specimen, 1 tick",yes,yes,,roles/Ananke/research/joint_carrier/out_j_probe.json,"report=mid-interval single swaps ~0.5; joint swap FLIP; J4 pre-cue joint swap no effect (.78) | src=roles/Ananke/research/joint_carrier/RESULT.md | The numbers match. 'Conflict, not synergy' is an interpretation. W-I later showed that site+chan ~1 is a mirror-pair identity, so ~0.5 single swaps cannot by themselves tell conflict from mixture."
A3-JCd,PTE_ENGINE_CARD.md,KNOWN FAILURE MODES: PRESENT-BUT-UNUSED,"4781b0a1 pay0: decoder 0.85, swap no effect","pay0 decoder .848 [.802,.889]; pay0 swap NO-EFFECT (= normal .766); pay1 swap .516 CHANCE",MATCH,"1 specimen, 1 tick",yes,no,,"roles/Ananke/research/joint_carrier/out_j_probe.json (J3, swap t0+8)",report=pay0 decodes at .85 out of sample; swap has no effect; pay1 swap -> .52 | src=roles/Ananke/research/joint_carrier/RESULT.md | RESULT's W-C cross-check notes that pay0's decodability may be presence leaking into content (F7).
A3-JCe,PTE_ENGINE_CARD.md,MEMORY: 'a JOINT channel+site carrier (MAJ 4781b0a1)',a JOINT channel+site carrier (MAJ 4781b0a1),joint swap FLIP (.221) while single swaps are CHANCE at t0+8: 'joint' only in the swap sense,PARTIAL,1 specimen,yes,yes,,roles/Ananke/research/joint_carrier/out_j_probe.json,"report=verdict UNRESOLVED; reading = source-latched regeneration, the same bit at two stages, 'not a synergistic code' | src=roles/Ananke/research/joint_carrier/RESULT.md | The engine-card label (currency 09-27) predates the joint_carrier RESULT and ARC2 s3 ('No genuinely synergistic carrier observed'). Suggested: 'a source-latch -> channel handoff carrier (both stages necessary at mid-interval; not shown to be a synergistic code)'. Later BACKLOG lines (W-M era) call it a clean JOINT carrier again; that is outside group C."
SW-WO-01,SYNTHESIS_2026-09-28_ARC3.md (CORRECTION blocks),CORRECTION 2,"of all 733 recorded CHANCE swap verdicts, 84% stay CHANCE at 512 worlds under the same rule",615/733=0.839,MATCH,733 verdict rows; 249 groups; 85 distinct specimens; 18 exact duplicate rows (W-F mid==late same offset) + 41 W-F/W-I cross-source repeats of the same specimen x offset x arm,NO,YES: count reproduces but rows are not independent units (see denominator/notes),,roles/Ananke/research/workers/W-O/out/rerun_s*.jsonl + roles/Ananke/research/workers/W-O/out/inventory.csv,"report=615/733=.839 | src=W-O REPORT | Recorded CIs all re-derive CHANCE: {'CHANCE': 733}. Unique specimen x offset x arm: 674 rows, stay 566/674=0.840. Specimen-cluster: median per-specimen stay share 1.00; 20 of 85 specimens have < half staying. Top-3 specimens (42716814,369f5a5b,4781b0a1) hold 196/733 rows; without them stay = 451/537=0.840."
SW-WO-02,SYNTHESIS_2026-09-28_ARC3.md (CORRECTION blocks),CORRECTION 2,(readable: 8% -> FLIP),39/495=0.079,MATCH,readable = recorded 64-world normal lo99 >= .60,PARTIAL,,,roles/Ananke/research/workers/W-O/out/rerun_s*.jsonl + roles/Ananke/research/workers/W-O/out/inventory.csv,"report=39/495=.079 | src=W-O REPORT | readable stay 439/495=0.887, NO-EFFECT 17. Readability judged at 64 worlds; W-O itself shows 117/238 'unreadable' are readable at 512."
SW-WO-03,BACKLOG_V2.md,T-SWAP-AUDIT line,"12% -> FLIP, 4% -> NO-EFFECT",90/733=0.123 / 28/733=0.038,MATCH,733 rows,NO,,,roles/Ananke/research/workers/W-O/out/rerun_s*.jsonl + roles/Ananke/research/workers/W-O/out/inventory.csv,report=90 (.123) / 28 (.038) | src=W-O REPORT | 
SW-WO-04,SYNTHESIS_2026-09-28_ARC3.md (CORRECTION blocks),CORRECTION 2,concentrated in HOLD (44% -> FLIP),35/80=0.438,MATCH,HOLD = 80/733 rows (10.9%); HOLD supplies 35/90 of all FLIPs,PARTIAL,,,roles/Ananke/research/workers/W-O/out/rerun_s*.jsonl + roles/Ananke/research/workers/W-O/out/inventory.csv,"report=35/80 (.44) | src=W-O REPORT | HOLD is a minority of rows but ~39% of all flips; RELAY (536 rows, 73%) dominates the denominator and drives the 84%."
SW-WO-05,SYNTHESIS_2026-09-28_ARC3.md (CORRECTION blocks),CORRECTION 2,and W-F site_all/joint arms (~23%),"W-F-only site_all+joint 47/127=0.370; all-source site_all 40/172, joint 18/75; W-F site_all 29/82, W-F joint 18/45",MISMATCH,arm rows across sources,PARTIAL,YES: ~23% is the ALL-source site_all/joint rate (58/247); the W-F-only rate is 37% (47/127) -- the 'W-F' label is wrong,,roles/Ananke/research/workers/W-O/out/rerun_s*.jsonl + roles/Ananke/research/workers/W-O/out/inventory.csv,"report=site_all 40/172, joint 18/75 | src=W-O REPORT (table rows 'site_all arm 172 .23', 'joint arm 75 .24' are ALL sources) | Number right, attribution wrong. Also: W-F|HOLD alone flips 34/43 (79%) while W-I|HOLD flips 1/37, so 'HOLD' and 'W-F site_all/joint' are largely the same C1-row W-F records, not two independent concentrations."
SW-WO-06,SYNTHESIS_2026-09-28_ARC3.md (CORRECTION blocks),CORRECTION 2 / CORRECTIONS register,"Specific reading changes (13 W-F classes, 11 W-I letters)",13 W-F cells changed (rec_normal basis) / 11 W-I reader letters; 20 W-I rows change sub_chance/sub_flip,MATCH,,,,,roles/Ananke/research/workers/W-O/out/corrections_WF.csv ; roles/Ananke/research/workers/W-O/out/corrections_WI.csv,"report=13 / 11 | src=W-O REPORT | Counted from W-O's own corrections CSVs (derived by W-O's rule D3), not re-derived from census rules. W-P/W-R later qualified 369f5a5b o2 J->S and phase-indexed 4781b0a1 letters."
SW-WO-07,SYNTHESIS_2026-09-28_ARC3.md (CORRECTION blocks),CORRECTION 2,The absolute rule stays blind to complete transfers at normal ~.57-.62 (42 gated FLIP_REL cases),"42 rows; 20 source x specimen x offset groups; 14 specimens; z bins {'le_m95': 24, 'm95_m75': 2, 'm75_m57': 15, 'gt_m57': 1}; 512-world normal lo99 0.580-0.672",MATCH,42 rows in 20 groups,NO,YES: 'complete transfers' -- only 24 have z <= -.95,,roles/Ananke/research/workers/W-O/out/rerun_s*.jsonl + roles/Ananke/research/workers/W-O/out/inventory.csv (rel_ungated label + rerun_table p_min),"report=42 | src=W-O REPORT | REL label is the worker's saved label (pair arrays not saved by W-O), gate recomputed. Families {'RELAY': 19, 'MAJ': 16, 'HOLD': 7}."
SW-WO-08,SYNTHESIS_2026-09-29.md,s1 bullet 4,"the full audit (W-O, 733 verdicts at 512 worlds) shows 84% stay CHANCE; the effect concentrates in HOLD and W-F site_all/joint arms",615/733=0.839,MATCH,see WO-01,NO,PARTIAL (see WO-05 qualifier),,roles/Ananke/research/workers/W-O/out/rerun_s*.jsonl + roles/Ananke/research/workers/W-O/out/inventory.csv,report=84% | src=W-O REPORT | 
SW-WO-09,SYNTHESIS_2026-09-28_ARC3.md (CORRECTION blocks),CORRECTION 2,Most recorded CHANCE verdicts are real partial or mixed effects,"of 615 stays: rel_ungated {'FLIP_REL': 95, 'CHANCE_REL': 365, 'INDETERMINATE': 101, 'NO_EFFECT_REL': 54}; census {'UNDEFINED': 175, 'CHANNEL': 19, 'NEITHER': 32, 'SITE': 29, 'UNRESOLVED': 228, 'MIXTURE': 50, 'IDENTITY-BROKEN': 82}",UNDERIVABLE,615 stays,NO,YES: 'stay CHANCE at 512' does not identify partial/mixed effects,,roles/Ananke/research/workers/W-O/out/rerun_s*.jsonl + roles/Ananke/research/workers/W-O/out/inventory.csv,"report=inferred from census UNRESOLVED/IDENTITY-BROKEN/MIXTURE + CHANCE_REL/INDETERMINATE | src=W-O REPORT DISAGREEMENTS 1 | CHANCE_REL (365) certifies only z in (-1/2,+1/2): consistent with partial transfer, a true null of an arm that is not read, or a mixture; NO_EFFECT_REL (54) are nulls; INDETERMINATE (101) is no reading. Census UNDEFINED/UNRESOLVED mean the census could not classify. Harmonia #1045 and the harvest both flag this; the register accepted the narrower reading but the ARC3 CORRECTION 2 text is unchanged (raw record not edited)."
SW-WO-10,CORRECTIONS_2026-09-29_SWAP_AUDIT.md,Harmonia correction,"W-O plan freeze not provable from git (PLAN first committed with results, 93e2e544b); inventory hash 73eecd8a frozen before re-runs",PLAN.md first commit 93e2e544b; rerun_table.csv first commit 93e2e544b; sha256(inventory.csv)[:16]=73eecd8a77a0c4e5,MATCH,,,,,roles/Ananke/research/workers/W-O/PLAN.md,"report=FAIL plan-before-results | src=Harmonia audit #1045 / harvest freeze_check | Plan and results share their first commit -> plan-before-results unprovable (W-O predictions = unverified-frozen). Inventory hash matches today's file, but its pre-run timing rests only on W-O LOG A1 (self-report), not git."
SW-WO-11,SYNTHESIS_2026-09-29.md,s3,W-O's frozen proportions missed all three,FLIP pred 0.30+-0.10 obs 0.123; NOEFF pred 0.15+-0.10 obs 0.038; CHANCE pred 0.55+-0.15 obs 0.839,MATCH,733 rows,NO,,,roles/Ananke/research/workers/W-O/out/rerun_s*.jsonl + roles/Ananke/research/workers/W-O/out/inventory.csv,"report=FLIP 30+-10 -> 12.3; NE 15+-10 -> 3.8; CHANCE 55+-15 -> 83.9 | src=W-O REPORT | Prediction values taken from W-O REPORT (PLAN not git-frozen, see WO-10)."
SW-WO-12,SYNTHESIS_2026-09-28_ARC3.md (CORRECTION blocks) / SYNTHESIS_2026-09-29.md,CORRECTION 2 / s1,84% stay CHANCE (does it hold per family / per source record?),HOLD stay 44/80=0.55; MAJ stay 91/117=0.778; RELAY stay 480/536=0.896 || SCT stay 4/4=1.0; WF stay 206/281=0.733; WI stay 405/448=0.904 || SCT|MAJ 1.0; SCT|RELAY 1.0; WF|HOLD 0.186; WF|MAJ 0.786; WF|RELAY 0.846; WI|HOLD 0.973; WI|MAJ 0.759; WI|RELAY 0.921,MATCH,per stratum,NO,"YES: 84% is a mixture -- W-F stays only 73%, HOLD 55%, W-F|HOLD lower still; RELAY/W-I (73%+61% of rows) carry the pooled figure",,roles/Ananke/research/workers/W-O/out/rerun_s*.jsonl + roles/Ananke/research/workers/W-O/out/inventory.csv,"report=W-F 206/281, W-I 405/448, HOLD 44/80, MAJ 91/117, RELAY 480/536 | src=W-O REPORT | The pooled 84% is not a property of 'recorded CHANCE verdicts' generally; it is dominated by W-I RELAY sub-carrier arms (S, channel_content, inbox, channel_count, r), most of which the census cannot classify."
SW-WN-01,SYNTHESIS_2026-09-28_ARC3.md (CORRECTION blocks),CORRECTION (W-N),"at 512 worlds the absolute rule gives FLIP (S carrier, z ~ -1) on every W-L champion","14/14 S/site_all rows FLIP by re-applied rule; champions ['W-L n1_s0', 'W-L n1_s2', 'W-L n1_s3', 'W-L n2_s1', 'W-L n2_s2']; z -1.08..-0.95",MATCH,5 specimens (5 champions + n1_s2 near-miss),YES,,,roles/Ananke/research/workers/W-N/out/verdict_changes.csv,"report=FLIP on all 5 champions (+ near-miss n1_s2), z -.95..-1.08 | src=W-N REPORT | verdict_changes.csv is W-N's derived table (CIs from its own bootstrap); specimens_wl.json is the raw-er output. Rule re-applied to the saved CIs. Superseded in generality by CORRECTION 2."
SW-WQ-01,BACKLOG_V2.md,T-SWAP-REL2,"FLIP_REL 170, NO_EFFECT_REL 81, CHANCE_REL 376, INDETERMINATE 105, NOT_ELIGIBLE 1","{'FLIP_REL': 170, 'NO_EFFECT_REL': 81, 'CHANCE_REL': 376, 'INDETERMINATE': 105, 'NOT_ELIGIBLE': 1}",MATCH,733 rows,NO,,,roles/Ananke/research/workers/W-Q/out/rel2_table.csv,"report=170/81/376/105/1 | src=W-Q REPORT | Recount of W-Q's per-verdict label table (labels need pair data W-O did not save: recount, not recompute)."
SW-WQ-02,CORRECTIONS_2026-09-29_SWAP_AUDIT.md,W-Q qualification,95 of the 615 absolute-CHANCE verdicts become FLIP_REL (53 of them only under the non-strict rule),95 / 53,MATCH,615 CHANCE rows,NO,,,roles/Ananke/research/workers/W-Q/out/rel2_table.csv,report=95 / 53 | src=W-Q REPORT | 
SW-WU-01,BACKLOG_V2.md,T-SWAP-REL3,"REL3 on W-O's 733: 669 identical to REL2, 64 ambiguous, 0 inconsistent","status {'DETERMINED': 669, 'AMBIGUOUS': 64}; rel3==rel2 string-equal 669",MATCH,733 rows,NO,,,roles/Ananke/research/workers/W-U/out/rel3_733.csv,report=669/64/0 | src=W-U REPORT | 64 AMBIGUOUS are rows where the saved MARGINALS could not fix the pair-level label (W-U bounded over rho).
SW-WU-02,BACKLOG_V2.md,T-SWAP-REL3,Transfer class by paired z CI: 101 COMPLETE / 33 PARTIAL / 33 ambiguous of 170 FLIP_REL,"zclass over rel2 FLIP_REL rows (n=170): {'COMPLETE': 101, 'PARTIAL': 36, 'ambiguous': 33, 'other': 0}; over rel3=='FLIP_REL' exactly (n=167): {'COMPLETE': 101, 'PARTIAL': 33, 'ambiguous': 33, 'other': 0}",PARTIAL,170 REL2 FLIP_REL rows,PARTIAL,,,roles/Ananke/research/workers/W-U/out/rel3_733.csv,"report=101/33/33 of 170 | src=W-U REPORT | 101+33+33=167, not 170: the three numbers are over the 167 rows whose REL3 label is exactly FLIP_REL; the text's denominator 170 is REL2's FLIP_REL count (the other 3 are REL3-ambiguous FLIP|INDETERMINATE rows, all PARTIAL). Rows, not independent groups."
SW-WU-03,SYNTHESIS_2026-09-29.md,s1 bullet 5,"only ~half are complete transfers (W-U paired z CI: 19 COMPLETE, 18 PARTIAL, 5 ambiguous)","n42=42: {'COMPLETE': 19, 'PARTIAL': 18, 'ambiguous': 5, 'other': 0} raw {'COMPLETE|PARTIAL': 5, 'COMPLETE': 19, 'PARTIAL': 18}",MATCH,42 rows = ~20 dependent groups (W-Q),NO,,,roles/Ananke/research/workers/W-U/out/rel3_733.csv x roles/Ananke/research/workers/W-Q/out/rel2_table.csv,report=19/18/5 of 42 | src=W-U REPORT | zclass column is W-U's saved per-row class (delta-method CI from marginals); not recomputable without pairs.
SW-WQ-03,SYNTHESIS_2026-09-29.md,s1 bullet 5,Per-verdict attainability (W-Q) certifies the 42 low-accuracy transfers the absolute rule cannot call,42/42 rel2 FLIP_REL,MATCH,42 rows in ~20 groups,NO,"YES (accepted by register): 42/42 FLIP_REL was guaranteed by construction (W-Q PLAN P3: they had passed W-N's gate); 'certifies' = FLIP_REL under modelled FC, not completeness",,roles/Ananke/research/workers/W-Q/out/rel2_table.csv,report=42/42 FLIP_REL | src=W-Q REPORT | 
SW-WU-04,SYNTHESIS_2026-09-29.md,s1 bullet 5,The studentized pair bootstrap is the only tested interval holding a 1% false-certificate rate at 32 pairs (W-U),PCT: max 1.65% (Wilson99 up 1.77%); BCA: max 1.45% (Wilson99 up 1.57%); BOOTT: max 0.99% (Wilson99 up 1.09%); TINT: max 1.51% (Wilson99 up 1.62%); XPCT: max 1.21% (Wilson99 up 1.32%); T90: max 7.23% (Wilson99 up 7.47%),MATCH,simulated nulls (worst/realistic/hetero) x p grid,,"YES (minor): 'holding' -- point max <= 1% but the 99% upper bound exceeds 1% at K11/K12 (not robust), and the FC model treats K trials per pair as independent (H-IMPL H16)",,roles/Ananke/research/workers/W-U/out/fc_table.json,"report=BOOTT only; upper CI 1.05-1.09% at K11/K12 | src=W-U REPORT | W-U floors (smallest P passing): {'PCT': 128, 'BCA': 128, 'BOOTT': 32, 'TINT': 128, 'XPCT': 64, 'T90': None}. Max taken over fc_table (aggregated from fc_w*.json)."
SW-WZ-01,BACKLOG_V2.md,T-SWAP-AUDIT3,promoted swap_rel on 124/249 groups (365/733 rows),124 pair files; 365 rows; 439 group-arms,MATCH,groups = source x specimen x offset,PARTIAL,,,roles/Ananke/research/workers/W-Z/out/pairs/*.npz ; roles/Ananke/research/workers/W-Z/out/row_table.csv,"report=124/249; 365/733 | src=W-Z REPORT | Coverage is not random: 31 AMBIGUOUS-containing groups first, then ascending sha256; 249-124 = 125 uncovered."
SW-WZ-02,BACKLOG_V2.md,T-SWAP-AUDIT3,"Pa HELD: 54/64 AMBIGUOUS rows resolve to their REL2 label, all 64 inside W-U's bounds",54/64; in bound 64/64 (labels recomputed with own BOOTT+floor from pairs),MATCH,64 rows in 31 groups,PARTIAL,,,roles/Ananke/research/workers/W-Z/out/pairs/*.npz,report=54/64; 64 in bound | src=W-Z REPORT | My labels equal W-Z's on 365/365 rows.
SW-WZ-03,BACKLOG_V2.md,T-SWAP-AUDIT3,"Pb HELD: 35/124 groups CARRIER-NAMED (28%); 22 PARTIAL, 1 OVERSHOOT, 61 NO-CARRIER-FOUND, 5 UNDECIDED","{'UNDECIDED': 5, 'NO-CARRIER-FOUND': 61, 'CARRIER-NAMED': 35, 'CARRIER-PARTIAL': 22, 'CARRIER-OVERSHOOT': 1}; per-group equality with W-Z 124/124",MATCH,"124 groups; NAMED groups span 31 specimens; sources {'WF': 32, 'WI': 3}",PARTIAL,"PARTIAL: 'CARRIER-NAMED' for the WF site_all companion arm means 'the whole site array carries', not a named sub-carrier",,roles/Ananke/research/workers/W-Z/out/pairs/*.npz,"report=35/22/1/61/5 | src=W-Z REPORT | Recorded-arms-only: {'UNDECIDED': 6, 'NO-CARRIER-FOUND': 78, 'CARRIER-NAMED': 32, 'CARRIER-PARTIAL': 8}. 16/35 NAMED groups are named only by a site_all/channel_all COMPLETE arm. NAMED by family {'RELAY': 16, 'HOLD': 12, 'MAJ': 7}."
SW-WZ-04,BACKLOG_V2.md,T-SWAP-AUDIT3,Consistency vs W-U DETERMINED rows 279/301 = 92.7%,"279/301; disagreements {'INDETERMINATE->FLIP_REL': 4, 'INDETERMINATE->NO_EFFECT_REL': 4, 'INDETERMINATE->CHANCE_REL': 12, 'NO_EFFECT_REL->INDETERMINATE': 2} in 10 groups / 8 specimens; |z| [0.3393, 0.6246]",MATCH,301 rows (~10 group events),PARTIAL,,,roles/Ananke/research/workers/W-Z/out/pairs/*.npz ; roles/Ananke/research/workers/W-U/out/rel3_733.csv,report=279/301 | src=W-Z REPORT | 
SW-WZ-05,BACKLOG_V2.md,T-SWAP-AUDIT3,125 uncovered AUDIT3 groups (no automatic run of the other 125 groups),249 - 124 = 125,MATCH,,,,,roles/Ananke/research/workers/W-O/out/inventory.csv,report=125 | src=W-Z REPORT / BACKLOG | 
SW-WZ-06,T_SWAP_REL4_INTERPRETATION_TREE.md,What REL4 should NOT claim,under the relative rule 48 of 314 covered absolute-CHANCE rows are FLIP_REL (W-Z),"{'n': 314, 'CHANCE_REL': 200, 'NO_EFFECT_REL': 35, 'INDETERMINATE': 31, 'FLIP_REL': 48}",MATCH,314 covered rows,PARTIAL,,,roles/Ananke/research/workers/W-Z/out/pairs/*.npz,report=314; 200 CHANCE_REL / 48 FLIP_REL / 35 NO_EFFECT_REL / 31 INDETERMINATE | src=W-Z REPORT DISAGREEMENTS | 
SW-HV-01,harvest/INFERENCE_HARVEST_HANDOFF.md,s1 item 5,The promoted swap_rel H2 interval ... equals REL3 on 439/439 real group-arms,439 group-arms with P>=32 (of 439); certificate differs 0; floor ever binds 0; zero-SD resample 0; min(resample SD / floor) = 2.4; max |interval change| = 0.00e+00,MATCH,group-arms incl. W-O auto-added companion arms,YES,,,roles/Ananke/research/workers/W-Z/out/pairs/*.npz,"report=0/439 differ; 0/439 zero-SD resamples | src=harvest (T_SWAP_REL4_INTERPRETATION_TREE.md census) | PROVENANCE HOLE: the harvest census code/output was not saved (only described in prose); re-derived here. Inertness is structural: the H2 floor sqrt(1/4K)/sqrt(P)/2 (~.0045 at P256) is at least 2.4x below every resample SD on every real group-arm, so H2 intervals are bit-identical to BOOTT, not just same labels (cf. H-IMPL H16 floor-scale defect)."
SW-HV-02,harvest/INFERENCE_HARVEST_HANDOFF.md,s1 item 5,About half of AUDIT3's consistency miss is plain threshold noise [V: 11.8 expected vs 22],independent-DF/DN normal approx: 11.8; bivariate (empirical rho) approx: 11.8; observed 22,MATCH,301 rows; plug-in truth,PARTIAL,"YES: plug-in (truth = one draw's estimate) understates disagreement near thresholds; 'about half' is a lower-bound-ish model figure, and rows are ~10 dependent group events",,roles/Ananke/research/workers/W-Z/out/pairs/*.npz,report=11.8 expected vs 22 observed | src=harvest (T_SWAP_REL4_INTERPRETATION_TREE.md) | PROVENANCE HOLE: no saved script/output; [V] tag in the handoff points to nothing on disk. Method re-implemented from the prose.
SW-WW-01,BACKLOG_V2.md,T-SWAP-REL4,FLIP/NO_EFFECT power 1.00 at p=.99 P64 K11 vs REL3 .70/.72,H2 F 1.0 N 1.0; H0(=REL3 BOOTT) F 0.7 N 0.724,MATCH,"n=2000 simulated designs, synthetic 'realistic' null",,"PARTIAL: the gain is in a synthetic regime (p=.99, P64) no real group reaches (HV-01)",,roles/Ananke/research/workers/W-W/out/jobs/POW_P64_K11_realistic.json,report=1.00/1.00 vs .700/.724 | src=W-W REPORT | 
SW-WX-01,BACKLOG_V2.md,T-SWAP-REL5,H2 FC <= .22% (FLIP/NO_EFFECT) and <= .40% (CHANCE) on near-degenerate boundary truths,36 points; H2 max F 0.195% N 0.225% C 0.400%,MATCH,"36 synthetic boundary points, P32 only reaches degeneracy",,,,roles/Ananke/research/workers/W-X/out/fc_w*.json,report=.22% / .40% | src=W-X REPORT | 
SW-WX-02,BACKLOG_V2.md,T-SWAP-REL5,zero-width must-fail control failed (9 point-verdicts > 1%),9,MATCH,,,,,roles/Ananke/research/workers/W-X/out/fc_w*.json,report=9 | src=W-X REPORT | 
SW-WP-01,BACKLOG_V2.md,T-INS-8,"{S1, Msum pay1} decisive in 91-95% of N at o1-o6","o1 0.947 (n=132), o6 0.906 (n=267); sub-array split run only at ['s2_4781b0a1_o15_inbox+Msum.json', 's2_4781b0a1_o1_S+Msum.json', 's2_4781b0a1_o6_S+Msum.json']; coarse {S,Msum} at o1-o6: {'1': 0.95, '2': 0.97, '3': 0.98, '4': 0.97, '5': 0.98, '6': 0.91}",PARTIAL,N trials only (132 / 267),PARTIAL,"YES (minor): '{S1, pay1} at o1-o6' was measured at o1 and o6 only; o2-o5 have only the coarse {S, Msum} split (.97-.98)",,"roles/Ananke/research/workers/W-P/out/s2_4781b0a1_o{1,6}_S+Msum.json","report=o1 95%, o6 91% | src=W-P REPORT | Parsed from W-P stage-2 JSON (truth-table npz not re-analysed). Harvest: a count-threshold plant reproduces these tables."
SW-WP-02,BACKLOG_V2.md,T-INS-8,The GATED (phase-register MUX) hypothesis never met its rule (<= 16% of N),"max MUX share: {'4781b0a1': (0.05555555555555555, '11'), '369f5a5b': (0.16, '3')}",MATCH,N trials per offset,,,,roles/Ananke/research/workers/W-P/out/summary_*.json,report=<= 16% | src=W-P REPORT | Parsed from summary JSON.
SW-WR-01,BACKLOG_V2.md,T-INS-9,11 PARTLY ... 6 stay mixed (4781b0a1 o5-10),"PARTLY 11 over ['2dccdaa5', 'c16d5231', '8c37f32e', '4781b0a1']; STAYS_MIXED {'4781b0a1': [5, 6, 7, 8, 9, 10]}; total field {'RESOLVES': 0, 'PARTLY': 11, 'STAYS_MIXED': 24}",MATCH,"offsets of 4 period-2 cells (7 of the 11 PARTLY and all 6 mixed are one cell, 4781b0a1)",PARTIAL,,,roles/Ananke/research/workers/W-R/out/summary.json,report=11 / 6 | src=W-R REPORT | summary.json 'total' STAYS_MIXED=24 includes async 369f5a5b and E1/E2; the 6 is the period-2-with-both-phases subset.
SW-WR-02,BACKLOG_V2.md,T-INS-9,Async negative control 369f5a5b flagged 2 offsets at ns 0x620 but 0/16 at 0x621,"0x620 369f5a5b phase_effect offsets ['1', '3'] (summary [1, 3]); 0x621 phase_effect offsets {'369f5a5b': '[] of 16', '2dccdaa5': ""['0', '5'] of 8"", 'c16d5231': ""['0', '4', '5'] of 8""}",MATCH,16 offsets of one async control cell,,,,roles/Ananke/research/workers/W-R/out/summary.json ; strat_*_ns0x621.json,"report=2 / 0 of 16 | src=W-R REPORT | 0x621 replication also covered 2dccdaa5/c16d5231 (period-2 cells, effects expected); '0/16' refers to 369f5a5b only."
SW-WS-01,BACKLOG_V2.md,T-INS-11,"P8 decisive accuracy 1.00 in all four units, P8any .88 / 1.00 / 1.00 / .65 (confirmatory 0x632)",2dccdaa5o5q0 dec 1.0 n403 cov 0.75 any 0.876 n540; c16d5231o4q0 dec 1.0 n327 cov 0.61 any 1.0 n535; c16d5231o5q0 dec 1.0 n401 cov 0.6 any 1.0 n664; 8c37f32eo5q0 dec 1.0 n116 cov 0.28 any 0.65 n414,MATCH,per-trial rows in 3 RELAY cells (4 units = 3 cells),PARTIAL,PARTIAL: 'decisive 1.00' holds on covered trials only (coverage .28-.75); P8 is post hoc (confirmed on fresh worlds),,roles/Ananke/research/workers/W-S/out/posthoc_*_ns632.json,report=1.00 x4; .88/1.00/1.00/.65 | src=W-S REPORT | Recomputed from per-trial posthoc rows (P8 pred and n1_flight/n1_held). Unit identity inferred from matching the report.
SW-WT-01,BACKLOG_V2.md,T-INS-16,"MAJ 4781b0a1 0/22 units (dense multi-sensor traffic, ~30 cue copies per trial)",22 mixed-stratum units (W-T frozen rule re-applied to W-R 0x620 strata); units with P8 decisive point acc > .90: 0; max decisive 0.869; mean n_cue_a 30.6,MATCH,22 units of one specimen,,,,roles/Ananke/research/workers/W-T/out/rows_4781b0a1.npz,report=0/22; ~30 | src=W-T REPORT | Point estimates only (a point <= .90 already implies lo99 <= .90 -> DOES NOT REACH); P8any criterion not re-checked.
SW-WT-02,BACKLOG_V2.md,T-INS-16,78f3b0ec 0/6,"[(9, 0, 0.481, 373), (11, 1, 0.567, 323), (14, 1, 0.507, 373), (15, 1, 0.433, 323), (10, 0, 0.567, 323), (10, 1, 0.48, 373)]",MATCH,"6 units, follow census",,,,roles/Ananke/research/workers/W-T/out/rows_78f3b0ec.npz,report=0/6 | src=W-T REPORT | If any unit has decisive point > .90 the second criterion (P8any lo99 > .80) decides; see value.
SW-WV-01,BACKLOG_V2.md,T-INS-18,pivotality contrast .10-.12 vs 1.00 in a majority plant,"champB D_piv {'o12 pooled': ('0.10', '4]'), 'o12 q0': ('0.10', '4]'), 'o12 q1': ('0.10', '4]'), 'o14 pooled': ('0.08', '4]'), 'o14 q0': ('0.12', '4]'), 'o14 q1': ('0.05', 'NOT-INFORMATIVE')}; PMAJ o2 pooled ('1.00', '4]')",PARTIAL,o12/o14 units of one specimen,PARTIAL,YES: 'readout is NOT a majority' -- harvest H-CHK C1 shows a lossy TRUE majority plant also reads 'not a majority'; only the low pivotality residue survives,,roles/Ananke/research/workers/W-V/out/summary_champB.txt ; summary_pmaj.txt,"report=.10-.12 vs 1.00 | src=W-V REPORT | Parsed from W-V summary text (bootstrap not redone). o14 pooled D_piv .08 is also classed DISTRIBUTED-NONMAJ, so the range over NONMAJ units is .08-.12."
SW-WY-01,BACKLOG_V2.md,T-INS-20,readout Kp[7] is 0 in every world at every tick (only Kp[0] ever nonzero or mirror-different),"readout nonzero frac (mean over 228 ticks) slot7=0.0, slots1-15 max=0.0, slot0=0.5288",MATCH,one specimen,,,,roles/Ananke/research/workers/W-Y/out/posthoc_kp.json,report=0 in all 4224 world-trial-offsets; post hoc whole episode | src=W-Y REPORT | Post-hoc census (labelled as such in W-Y); a mean of 0 over ticks of a nonnegative frequency implies 0 everywhere.
