{
  "0": {
    "q_proj.lora_A": 10.388260834083123,
    "q_proj.lora_B": 10.342137629355065,
    "v_proj.lora_A": 10.487342636744865,
    "v_proj.lora_B": 5.963162479366761,
    "gate_proj.lora_A": 10.50096443289356,
    "gate_proj.lora_B": 16.814328013052638
  },
  "1": {
    "q_proj.lora_A": 10.46333303765386,
    "q_proj.lora_B": 10.20956087192794,
    "v_proj.lora_A": 10.32635848291821,
    "v_proj.lora_B": 6.0578268526098995,
    "gate_proj.lora_A": 10.43043101859636,
    "gate_proj.lora_B": 16.86367211189638
  },
  "2": {
    "q_proj.lora_A": 10.530733330155407,
    "q_proj.lora_B": 10.275847121197792,
    "v_proj.lora_A": 10.494676190848546,
    "v_proj.lora_B": 6.070274013759788,
    "gate_proj.lora_A": 10.321707307968005,
    "gate_proj.lora_B": 16.850622430974948
  },
  "3": {
    "q_proj.lora_A": 10.466972592025288,
    "q_proj.lora_B": 10.36635263199766,
    "v_proj.lora_A": 10.432185495539366,
    "v_proj.lora_B": 5.980136278968272,
    "gate_proj.lora_A": 10.466608228944454,
    "gate_proj.lora_B": 17.02221829322658
  },
  "4": {
    "q_proj.lora_A": 10.493925733767025,
    "q_proj.lora_B": 10.467643998250823,
    "v_proj.lora_A": 10.466802915848284,
    "v_proj.lora_B": 5.966453393675663,
    "gate_proj.lora_A": 10.481130109029946,
    "gate_proj.lora_B": 16.91775330404766
  },
  "5": {
    "q_proj.lora_A": 10.506087570629068,
    "q_proj.lora_B": 10.347960945870456,
    "v_proj.lora_A": 10.537674494042765,
    "v_proj.lora_B": 5.997036931287172,
    "gate_proj.lora_A": 10.4675603387543,
    "gate_proj.lora_B": 16.893007717588482
  },
  "6": {
    "q_proj.lora_A": 10.408541840585073,
    "q_proj.lora_B": 10.487530299996859,
    "v_proj.lora_A": 10.496407302347212,
    "v_proj.lora_B": 5.823978708346322,
    "gate_proj.lora_A": 10.412994343253175,
    "gate_proj.lora_B": 16.913802515743296
  },
  "7": {
    "q_proj.lora_A": 10.526520593507625,
    "q_proj.lora_B": 10.32650228913781,
    "v_proj.lora_A": 10.595645857334704,
    "v_proj.lora_B": 5.961596503067291,
    "gate_proj.lora_A": 10.442908636119727,
    "gate_proj.lora_B": 16.961500061655965
  },
  "8": {
    "q_proj.lora_A": 10.454422935313891,
    "q_proj.lora_B": 10.322829214968463,
    "v_proj.lora_A": 10.619943877658095,
    "v_proj.lora_B": 6.040628304877626,
    "gate_proj.lora_A": 10.537980578549803,
    "gate_proj.lora_B": 16.89609682254523
  },
  "9": {
    "q_proj.lora_A": 10.376858584032645,
    "q_proj.lora_B": 10.363356777089443,
    "v_proj.lora_A": 10.50056174768309,
    "v_proj.lora_B": 5.905202928073289,
    "gate_proj.lora_A": 10.571164471447553,
    "gate_proj.lora_B": 17.048421396512182
  },
  "10": {
    "q_proj.lora_A": 10.32103300682972,
    "q_proj.lora_B": 10.420473846504436,
    "v_proj.lora_A": 10.524758817921,
    "v_proj.lora_B": 6.024001926170496,
    "gate_proj.lora_A": 10.454602019922994,
    "gate_proj.lora_B": 16.878886390594484
  },
  "11": {
    "q_proj.lora_A": 10.634366038385679,
    "q_proj.lora_B": 10.331916410271335,
    "v_proj.lora_A": 10.504348666191675,
    "v_proj.lora_B": 5.910166644068296,
    "gate_proj.lora_A": 10.608061837953771,
    "gate_proj.lora_B": 16.862430525502525
  },
  "12": {
    "q_proj.lora_A": 10.389341332016174,
    "q_proj.lora_B": 10.24975552965871,
    "v_proj.lora_A": 10.664334149586184,
    "v_proj.lora_B": 6.0741623253784,
    "gate_proj.lora_A": 10.367186752601745,
    "gate_proj.lora_B": 16.827833113145577
  },
  "13": {
    "q_proj.lora_A": 10.620197929336813,
    "q_proj.lora_B": 10.345517631379616,
    "v_proj.lora_A": 10.5053629193372,
    "v_proj.lora_B": 5.898976079219584,
    "gate_proj.lora_A": 10.40880747861666,
    "gate_proj.lora_B": 16.931529192287503
  },
  "14": {
    "q_proj.lora_A": 10.488634791970833,
    "q_proj.lora_B": 10.298302876842124,
    "v_proj.lora_A": 10.443659051003166,
    "v_proj.lora_B": 6.044220694520901,
    "gate_proj.lora_A": 10.39950632425716,
    "gate_proj.lora_B": 16.943579044645382
  },
  "15": {
    "q_proj.lora_A": 10.353194817197503,
    "q_proj.lora_B": 10.401936737354024,
    "v_proj.lora_A": 10.61103886264957,
    "v_proj.lora_B": 6.108976969583617,
    "gate_proj.lora_A": 10.474123795651034,
    "gate_proj.lora_B": 17.0172007533734
  },
  "16": {
    "q_proj.lora_A": 10.471449941156592,
    "q_proj.lora_B": 10.406847255970597,
    "v_proj.lora_A": 10.447912102576828,
    "v_proj.lora_B": 6.002363296054371,
    "gate_proj.lora_A": 10.404730722753605,
    "gate_proj.lora_B": 16.76024781234966
  },
  "17": {
    "q_proj.lora_A": 10.597168598488365,
    "q_proj.lora_B": 10.334183307011767,
    "v_proj.lora_A": 10.487877916855894,
    "v_proj.lora_B": 5.874947608875565,
    "gate_proj.lora_A": 10.588114205461515,
    "gate_proj.lora_B": 16.828363963042158
  },
  "18": {
    "q_proj.lora_A": 10.378342191978902,
    "q_proj.lora_B": 10.34321090321593,
    "v_proj.lora_A": 10.451651758829858,
    "v_proj.lora_B": 5.85839120704161,
    "gate_proj.lora_A": 10.507406705061824,
    "gate_proj.lora_B": 16.972692106172243
  },
  "19": {
    "q_proj.lora_A": 10.450039671990984,
    "q_proj.lora_B": 10.202515615417452,
    "v_proj.lora_A": 10.36880539006273,
    "v_proj.lora_B": 6.079763461302764,
    "gate_proj.lora_A": 10.422784054646092,
    "gate_proj.lora_B": 16.780953763799065
  },
  "20": {
    "q_proj.lora_A": 10.53426690195125,
    "q_proj.lora_B": 10.402680333126979,
    "v_proj.lora_A": 10.3626995789155,
    "v_proj.lora_B": 5.910569237125506,
    "gate_proj.lora_A": 10.46776101063421,
    "gate_proj.lora_B": 16.7372386572954
  },
  "21": {
    "q_proj.lora_A": 10.446165754951435,
    "q_proj.lora_B": 10.308910368739443,
    "v_proj.lora_A": 10.603207439240615,
    "v_proj.lora_B": 5.944434906597651,
    "gate_proj.lora_A": 10.414565845111472,
    "gate_proj.lora_B": 16.947857053022236
  },
  "22": {
    "q_proj.lora_A": 10.656337392411507,
    "q_proj.lora_B": 10.351347203622462,
    "v_proj.lora_A": 10.443953479620605,
    "v_proj.lora_B": 5.8781448222662975,
    "gate_proj.lora_A": 10.356071399840738,
    "gate_proj.lora_B": 16.926361273693537
  },
  "23": {
    "q_proj.lora_A": 10.42851079751124,
    "q_proj.lora_B": 10.509503847664853,
    "v_proj.lora_A": 10.43363159158345,
    "v_proj.lora_B": 5.893324609059629,
    "gate_proj.lora_A": 10.513397757919249,
    "gate_proj.lora_B": 16.953245676142068
  },
  "24": {
    "q_proj.lora_A": 10.484710960092034,
    "q_proj.lora_B": 10.330685328201229,
    "v_proj.lora_A": 10.483205856322597,
    "v_proj.lora_B": 6.003553357283981,
    "gate_proj.lora_A": 10.351314895276936,
    "gate_proj.lora_B": 16.931393504121356
  },
  "25": {
    "q_proj.lora_A": 10.395682685923672,
    "q_proj.lora_B": 10.300310431334895,
    "v_proj.lora_A": 10.524749329947701,
    "v_proj.lora_B": 6.009837647319541,
    "gate_proj.lora_A": 10.353049914468738,
    "gate_proj.lora_B": 16.87999969746066
  },
  "26": {
    "q_proj.lora_A": 10.483949925617864,
    "q_proj.lora_B": 10.346852350523156,
    "v_proj.lora_A": 10.313369519305143,
    "v_proj.lora_B": 5.936461470181414,
    "gate_proj.lora_A": 10.49463441982673,
    "gate_proj.lora_B": 16.808696966927535
  },
  "27": {
    "q_proj.lora_A": 10.454968966827225,
    "q_proj.lora_B": 10.484793640929107,
    "v_proj.lora_A": 10.441317246891655,
    "v_proj.lora_B": 5.82166732205506,
    "gate_proj.lora_A": 10.278773336294327,
    "gate_proj.lora_B": 17.00518544149692
  },
  "28": {
    "q_proj.lora_A": 10.4978943622,
    "q_proj.lora_B": 10.40485029440588,
    "v_proj.lora_A": 10.438502419680214,
    "v_proj.lora_B": 5.991689363872202,
    "gate_proj.lora_A": 10.542359808516991,
    "gate_proj.lora_B": 17.001082023419098
  },
  "29": {
    "q_proj.lora_A": 10.603336086899507,
    "q_proj.lora_B": 10.298346120976838,
    "v_proj.lora_A": 10.441647887671486,
    "v_proj.lora_B": 6.0808117377702455,
    "gate_proj.lora_A": 10.435507939622608,
    "gate_proj.lora_B": 16.98443248122433
  },
  "30": {
    "q_proj.lora_A": 10.642263191202662,
    "q_proj.lora_B": 10.366750225110074,