{
  "0": {
    "q_proj.lora_A": 10.255664689915575,
    "q_proj.lora_B": 10.250733239609826,
    "v_proj.lora_A": 10.290103820870785,
    "v_proj.lora_B": 5.896421343927031,
    "gate_proj.lora_A": 10.285561774973164,
    "gate_proj.lora_B": 16.554366559132827
  },
  "1": {
    "q_proj.lora_A": 10.313326971195895,
    "q_proj.lora_B": 10.058936454629897,
    "v_proj.lora_A": 10.132976866887356,
    "v_proj.lora_B": 5.932192784871096,
    "gate_proj.lora_A": 10.23518997651946,
    "gate_proj.lora_B": 16.52068065299529
  },
  "2": {
    "q_proj.lora_A": 10.361669083321676,
    "q_proj.lora_B": 10.081820966925147,
    "v_proj.lora_A": 10.2089468526408,
    "v_proj.lora_B": 5.932638010434282,
    "gate_proj.lora_A": 10.13848452782022,
    "gate_proj.lora_B": 16.634022520802105
  },
  "3": {
    "q_proj.lora_A": 10.327401752293046,
    "q_proj.lora_B": 10.163887678223505,
    "v_proj.lora_A": 10.301258179217978,
    "v_proj.lora_B": 5.890356849058866,
    "gate_proj.lora_A": 10.306536229599683,
    "gate_proj.lora_B": 16.771411857350294
  },
  "4": {
    "q_proj.lora_A": 10.234039299852643,
    "q_proj.lora_B": 10.290644822404008,
    "v_proj.lora_A": 10.348629760834486,
    "v_proj.lora_B": 5.931356934009823,
    "gate_proj.lora_A": 10.338303797782789,
    "gate_proj.lora_B": 16.717133749965615
  },
  "5": {
    "q_proj.lora_A": 10.292722087772052,
    "q_proj.lora_B": 10.205399067563368,
    "v_proj.lora_A": 10.309447462616872,
    "v_proj.lora_B": 5.8433842810217715,
    "gate_proj.lora_A": 10.298074333099912,
    "gate_proj.lora_B": 16.536341564075933
  },
  "6": {
    "q_proj.lora_A": 10.210387407551055,
    "q_proj.lora_B": 10.254020187836725,
    "v_proj.lora_A": 10.397657619769348,
    "v_proj.lora_B": 5.738069014800649,
    "gate_proj.lora_A": 10.259925913136419,
    "gate_proj.lora_B": 16.615201320829897
  },
  "7": {
    "q_proj.lora_A": 10.310553211894328,
    "q_proj.lora_B": 10.09709070495176,
    "v_proj.lora_A": 10.40627881478409,
    "v_proj.lora_B": 5.844704348791841,
    "gate_proj.lora_A": 10.284769123353385,
    "gate_proj.lora_B": 16.68669810039374
  },
  "8": {
    "q_proj.lora_A": 10.262862793015978,
    "q_proj.lora_B": 10.163801167309751,
    "v_proj.lora_A": 10.42466633715342,
    "v_proj.lora_B": 5.913076781540635,
    "gate_proj.lora_A": 10.365096639771032,
    "gate_proj.lora_B": 16.616902217387544
  },
  "9": {
    "q_proj.lora_A": 10.227683706479711,
    "q_proj.lora_B": 10.23405633354425,
    "v_proj.lora_A": 10.27761312494326,
    "v_proj.lora_B": 5.750642981925947,
    "gate_proj.lora_A": 10.405215975988146,
    "gate_proj.lora_B": 16.76632043902451
  },
  "10": {
    "q_proj.lora_A": 10.191860333101411,
    "q_proj.lora_B": 10.187737008955489,
    "v_proj.lora_A": 10.390536224439906,
    "v_proj.lora_B": 5.893529412545189,
    "gate_proj.lora_A": 10.390251558797244,
    "gate_proj.lora_B": 16.647357818769184
  },
  "11": {
    "q_proj.lora_A": 10.471208211387166,
    "q_proj.lora_B": 10.10122049606347,
    "v_proj.lora_A": 10.413311191557938,
    "v_proj.lora_B": 5.890815919465048,
    "gate_proj.lora_A": 10.432348022941754,
    "gate_proj.lora_B": 16.602312160727713
  },
  "12": {
    "q_proj.lora_A": 10.204154376140162,
    "q_proj.lora_B": 10.04550877926627,
    "v_proj.lora_A": 10.43074226006503,
    "v_proj.lora_B": 6.027237103452177,
    "gate_proj.lora_A": 10.164054141961678,
    "gate_proj.lora_B": 16.56220558914407
  },
  "13": {
    "q_proj.lora_A": 10.506437481595732,
    "q_proj.lora_B": 10.180156618599,
    "v_proj.lora_A": 10.341614533260744,
    "v_proj.lora_B": 5.811372521438015,
    "gate_proj.lora_A": 10.25579087460116,
    "gate_proj.lora_B": 16.670435506024088
  },
  "14": {
    "q_proj.lora_A": 10.355876222982406,
    "q_proj.lora_B": 10.081142342982988,
    "v_proj.lora_A": 10.239833768878608,
    "v_proj.lora_B": 5.991501173128316,
    "gate_proj.lora_A": 10.195658460632314,
    "gate_proj.lora_B": 16.668758387223654
  },
  "15": {
    "q_proj.lora_A": 10.183544100538333,
    "q_proj.lora_B": 10.248954512220305,
    "v_proj.lora_A": 10.426778407749945,
    "v_proj.lora_B": 6.01248914570806,
    "gate_proj.lora_A": 10.396074863900497,
    "gate_proj.lora_B": 16.703928862420305
  },
  "16": {
    "q_proj.lora_A": 10.298129304646947,
    "q_proj.lora_B": 10.236378696916729,
    "v_proj.lora_A": 10.333702231327154,
    "v_proj.lora_B": 5.905190057591336,
    "gate_proj.lora_A": 10.292165129121528,
    "gate_proj.lora_B": 16.56698753291192
  },
  "17": {
    "q_proj.lora_A": 10.411607403293283,
    "q_proj.lora_B": 10.161282295865425,
    "v_proj.lora_A": 10.322400230204556,
    "v_proj.lora_B": 5.817577778413555,
    "gate_proj.lora_A": 10.356183901977106,
    "gate_proj.lora_B": 16.61037319460557
  },
  "18": {
    "q_proj.lora_A": 10.252825102492729,
    "q_proj.lora_B": 10.169691288161191,
    "v_proj.lora_A": 10.311563783240809,
    "v_proj.lora_B": 5.785976769488792,
    "gate_proj.lora_A": 10.356048467481058,
    "gate_proj.lora_B": 16.729368776648986
  },
  "19": {
    "q_proj.lora_A": 10.256600829475447,
    "q_proj.lora_B": 10.0524581556421,
    "v_proj.lora_A": 10.244905137986136,
    "v_proj.lora_B": 5.985480185364082,
    "gate_proj.lora_A": 10.27621144019273,
    "gate_proj.lora_B": 16.547061407857058
  },
  "20": {
    "q_proj.lora_A": 10.280644708848653,
    "q_proj.lora_B": 10.131155534290212,
    "v_proj.lora_A": 10.246806024264501,
    "v_proj.lora_B": 5.790503422344512,
    "gate_proj.lora_A": 10.27224168736543,
    "gate_proj.lora_B": 16.49424033667016
  },
  "21": {
    "q_proj.lora_A": 10.283467181021475,
    "q_proj.lora_B": 10.141657002398706,
    "v_proj.lora_A": 10.438609951841388,
    "v_proj.lora_B": 5.84247214063965,
    "gate_proj.lora_A": 10.20275053356074,
    "gate_proj.lora_B": 16.624340167658048
  },
  "22": {
    "q_proj.lora_A": 10.460846900004753,
    "q_proj.lora_B": 10.185788376548164,
    "v_proj.lora_A": 10.314272557292329,
    "v_proj.lora_B": 5.848476561335848,
    "gate_proj.lora_A": 10.238309706616288,
    "gate_proj.lora_B": 16.6174841557275
  },
  "23": {
    "q_proj.lora_A": 10.27216486757785,
    "q_proj.lora_B": 10.33392408317101,
    "v_proj.lora_A": 10.242701623209314,
    "v_proj.lora_B": 5.826362573822666,
    "gate_proj.lora_A": 10.315897993474676,
    "gate_proj.lora_B": 16.602207135973277
  },
  "24": {
    "q_proj.lora_A": 10.31388828335139,
    "q_proj.lora_B": 10.203771119127092,
    "v_proj.lora_A": 10.34265999379536,
    "v_proj.lora_B": 5.871897699330818,
    "gate_proj.lora_A": 10.207916772228312,
    "gate_proj.lora_B": 16.680945436450344
  },
  "25": {
    "q_proj.lora_A": 10.246010979729856,
    "q_proj.lora_B": 10.193176631382714,
    "v_proj.lora_A": 10.406409879645425,
    "v_proj.lora_B": 5.862082426381789,
    "gate_proj.lora_A": 10.185087933191408,
    "gate_proj.lora_B": 16.645425952947697
  },
  "26": {
    "q_proj.lora_A": 10.298721070866323,
    "q_proj.lora_B": 10.18269576187187,
    "v_proj.lora_A": 10.132375061562898,
    "v_proj.lora_B": 5.7935274406581465,
    "gate_proj.lora_A": 10.333759398807496,
    "gate_proj.lora_B": 16.525861755079568
  },
  "27": {
    "q_proj.lora_A": 10.276750849107593,
    "q_proj.lora_B": 10.29824271316509,
    "v_proj.lora_A": 10.310790814354538,
    "v_proj.lora_B": 5.760052444291177,
    "gate_proj.lora_A": 10.106932301881985,
    "gate_proj.lora_B": 16.82628561736933
  },
  "28": {
    "q_proj.lora_A": 10.314310529360023,
    "q_proj.lora_B": 10.236437216370305,
    "v_proj.lora_A": 10.25688686553648,
    "v_proj.lora_B": 5.861734903842332,
    "gate_proj.lora_A": 10.350138438523985,
    "gate_proj.lora_B": 16.70872093986021
  },
  "29": {
    "q_proj.lora_A": 10.450374855590395,
    "q_proj.lora_B": 10.14138508107084,
    "v_proj.lora_A": 10.253245140704216,
    "v_proj.lora_B": 5.868457049944797,
    "gate_proj.lora_A": 10.222805293801144,
    "gate_proj.lora_B": 16.67273306871744
  },
  "30": {
    "q_proj.lora_A": 10.436754772651527,
    "q_proj.lora_B": 10.170479563609877,