{
  "0": {
    "q_proj.lora_A": 10.319867713410586,
    "q_proj.lora_B": 10.270773322921661,
    "v_proj.lora_A": 10.420683343535439,
    "v_proj.lora_B": 5.971372078621804,
    "gate_proj.lora_A": 10.450962810413685,
    "gate_proj.lora_B": 16.75054233367569
  },
  "1": {
    "q_proj.lora_A": 10.399055149522809,
    "q_proj.lora_B": 10.155239554396815,
    "v_proj.lora_A": 10.316692523165967,
    "v_proj.lora_B": 5.997121132916301,
    "gate_proj.lora_A": 10.336863840464341,
    "gate_proj.lora_B": 16.722395607564327
  },
  "2": {
    "q_proj.lora_A": 10.4700764284381,
    "q_proj.lora_B": 10.216186132635295,
    "v_proj.lora_A": 10.37739568773613,
    "v_proj.lora_B": 6.010667902203944,
    "gate_proj.lora_A": 10.278840075893571,
    "gate_proj.lora_B": 16.800980101525273
  },
  "3": {
    "q_proj.lora_A": 10.416611594045575,
    "q_proj.lora_B": 10.25657173118251,
    "v_proj.lora_A": 10.389263916626675,
    "v_proj.lora_B": 5.956362022699307,
    "gate_proj.lora_A": 10.385278554339768,
    "gate_proj.lora_B": 16.895623577100363
  },
  "4": {
    "q_proj.lora_A": 10.415829610419362,
    "q_proj.lora_B": 10.393380719976781,
    "v_proj.lora_A": 10.449188959821202,
    "v_proj.lora_B": 5.936002347773275,
    "gate_proj.lora_A": 10.41830207574349,
    "gate_proj.lora_B": 16.85490946773332
  },
  "5": {
    "q_proj.lora_A": 10.392396557525775,
    "q_proj.lora_B": 10.306461855912556,
    "v_proj.lora_A": 10.467405966708867,
    "v_proj.lora_B": 5.9414568278956565,
    "gate_proj.lora_A": 10.40630562675458,
    "gate_proj.lora_B": 16.767073441763017
  },
  "6": {
    "q_proj.lora_A": 10.2833676920219,
    "q_proj.lora_B": 10.44018570665194,
    "v_proj.lora_A": 10.455481367232935,
    "v_proj.lora_B": 5.797628865030682,
    "gate_proj.lora_A": 10.32957753354846,
    "gate_proj.lora_B": 16.743378033090174
  },
  "7": {
    "q_proj.lora_A": 10.442461413729463,
    "q_proj.lora_B": 10.2427572570755,
    "v_proj.lora_A": 10.507458717632653,
    "v_proj.lora_B": 5.968603602300511,
    "gate_proj.lora_A": 10.431957929107448,
    "gate_proj.lora_B": 16.872982561286033
  },
  "8": {
    "q_proj.lora_A": 10.399098120566341,
    "q_proj.lora_B": 10.231503710646825,
    "v_proj.lora_A": 10.517205122542718,
    "v_proj.lora_B": 6.009446338285831,
    "gate_proj.lora_A": 10.497529767524677,
    "gate_proj.lora_B": 16.76685621896088
  },
  "9": {
    "q_proj.lora_A": 10.317182421927363,
    "q_proj.lora_B": 10.320413945706685,
    "v_proj.lora_A": 10.41565406672116,
    "v_proj.lora_B": 5.87152361147435,
    "gate_proj.lora_A": 10.526177147285914,
    "gate_proj.lora_B": 16.85973867717595
  },
  "10": {
    "q_proj.lora_A": 10.253648274134498,
    "q_proj.lora_B": 10.353569033740337,
    "v_proj.lora_A": 10.466572346940405,
    "v_proj.lora_B": 5.971307141801365,
    "gate_proj.lora_A": 10.42472137631611,
    "gate_proj.lora_B": 16.80809635404864
  },
  "11": {
    "q_proj.lora_A": 10.586791285083928,
    "q_proj.lora_B": 10.260192315588322,
    "v_proj.lora_A": 10.464557227097032,
    "v_proj.lora_B": 5.940824705734757,
    "gate_proj.lora_A": 10.542924773798449,
    "gate_proj.lora_B": 16.788634658528743
  },
  "12": {
    "q_proj.lora_A": 10.324355643989875,
    "q_proj.lora_B": 10.167919804052818,
    "v_proj.lora_A": 10.55544994264294,
    "v_proj.lora_B": 6.063713225031956,
    "gate_proj.lora_A": 10.277119712708185,
    "gate_proj.lora_B": 16.728491559339428
  },
  "13": {
    "q_proj.lora_A": 10.597247230896551,
    "q_proj.lora_B": 10.336731500265907,
    "v_proj.lora_A": 10.389695754923908,
    "v_proj.lora_B": 5.890051589466675,
    "gate_proj.lora_A": 10.334995147077196,
    "gate_proj.lora_B": 16.876524152991514
  },
  "14": {
    "q_proj.lora_A": 10.44899127015526,
    "q_proj.lora_B": 10.203996989224885,
    "v_proj.lora_A": 10.333684703751008,
    "v_proj.lora_B": 6.003790447160328,
    "gate_proj.lora_A": 10.391202317083582,
    "gate_proj.lora_B": 16.839613362926368
  },
  "15": {
    "q_proj.lora_A": 10.29228804887305,
    "q_proj.lora_B": 10.383859086617957,
    "v_proj.lora_A": 10.539623478173391,
    "v_proj.lora_B": 6.109206364250686,
    "gate_proj.lora_A": 10.468846913168132,
    "gate_proj.lora_B": 16.872894515739375
  },
  "16": {
    "q_proj.lora_A": 10.366085202038233,
    "q_proj.lora_B": 10.34616630588191,
    "v_proj.lora_A": 10.382686720487904,
    "v_proj.lora_B": 5.978747295437359,
    "gate_proj.lora_A": 10.38362391298018,
    "gate_proj.lora_B": 16.704037274278022
  },
  "17": {
    "q_proj.lora_A": 10.514142128216966,
    "q_proj.lora_B": 10.29382891868182,
    "v_proj.lora_A": 10.473523403819541,
    "v_proj.lora_B": 5.822901869813449,
    "gate_proj.lora_A": 10.513394440692789,
    "gate_proj.lora_B": 16.710049099251588
  },
  "18": {
    "q_proj.lora_A": 10.31855138400885,
    "q_proj.lora_B": 10.289467509683423,
    "v_proj.lora_A": 10.401952700629996,
    "v_proj.lora_B": 5.859126023309565,
    "gate_proj.lora_A": 10.429474860395326,
    "gate_proj.lora_B": 16.90381287691209
  },
  "19": {
    "q_proj.lora_A": 10.40187720889436,
    "q_proj.lora_B": 10.137164637656394,
    "v_proj.lora_A": 10.343353183022405,
    "v_proj.lora_B": 6.090715594005956,
    "gate_proj.lora_A": 10.3750821683866,
    "gate_proj.lora_B": 16.670174163350428
  },
  "20": {
    "q_proj.lora_A": 10.433940967432237,
    "q_proj.lora_B": 10.289368604895731,
    "v_proj.lora_A": 10.32079901777244,
    "v_proj.lora_B": 5.897853207950018,
    "gate_proj.lora_A": 10.425480609503229,
    "gate_proj.lora_B": 16.66439184805533
  },
  "21": {
    "q_proj.lora_A": 10.342487557630395,
    "q_proj.lora_B": 10.259463552175715,
    "v_proj.lora_A": 10.564142291461936,
    "v_proj.lora_B": 5.977058628907065,
    "gate_proj.lora_A": 10.313432740473143,
    "gate_proj.lora_B": 16.823109365991407
  },
  "22": {
    "q_proj.lora_A": 10.59738906627125,
    "q_proj.lora_B": 10.273579539217216,
    "v_proj.lora_A": 10.408312762823915,
    "v_proj.lora_B": 5.833419868224044,
    "gate_proj.lora_A": 10.375688303137602,
    "gate_proj.lora_B": 16.816572533326593
  },
  "23": {
    "q_proj.lora_A": 10.364610050796424,
    "q_proj.lora_B": 10.404111406778037,
    "v_proj.lora_A": 10.395961801943178,
    "v_proj.lora_B": 5.898177466991627,
    "gate_proj.lora_A": 10.443017563847121,
    "gate_proj.lora_B": 16.795632575842838
  },
  "24": {
    "q_proj.lora_A": 10.387679564554961,
    "q_proj.lora_B": 10.34586566375771,
    "v_proj.lora_A": 10.472685926713652,
    "v_proj.lora_B": 5.938952427030531,
    "gate_proj.lora_A": 10.245733689270592,
    "gate_proj.lora_B": 16.849600367067406
  },
  "25": {
    "q_proj.lora_A": 10.332071510348818,
    "q_proj.lora_B": 10.22085054833323,
    "v_proj.lora_A": 10.488116125100861,
    "v_proj.lora_B": 5.952215761791124,
    "gate_proj.lora_A": 10.307851157578476,
    "gate_proj.lora_B": 16.77874040783708
  },
  "26": {
    "q_proj.lora_A": 10.41180144996907,
    "q_proj.lora_B": 10.280440543022847,
    "v_proj.lora_A": 10.224457085447298,
    "v_proj.lora_B": 5.90270411736757,
    "gate_proj.lora_A": 10.408035303339354,
    "gate_proj.lora_B": 16.731703202267088
  },
  "27": {
    "q_proj.lora_A": 10.351344488199894,
    "q_proj.lora_B": 10.412067010388558,
    "v_proj.lora_A": 10.417505439941113,
    "v_proj.lora_B": 5.784686171520566,
    "gate_proj.lora_A": 10.258431563788744,
    "gate_proj.lora_B": 16.890863516524803
  },
  "28": {
    "q_proj.lora_A": 10.429628730597354,
    "q_proj.lora_B": 10.310659999343407,
    "v_proj.lora_A": 10.41668056183499,
    "v_proj.lora_B": 5.975540040201831,
    "gate_proj.lora_A": 10.41362446306328,
    "gate_proj.lora_B": 16.914270994998812
  },
  "29": {
    "q_proj.lora_A": 10.54554744012235,
    "q_proj.lora_B": 10.285206794449923,
    "v_proj.lora_A": 10.423130012098367,
    "v_proj.lora_B": 5.995390169310437,
    "gate_proj.lora_A": 10.375900962154741,
    "gate_proj.lora_B": 16.860303564844155
  },
  "30": {
    "q_proj.lora_A": 10.519604200024666,
    "q_proj.lora_B": 10.300113281709185,