{
  "0": {
    "q_proj.lora_A": 9.932099750367183,
    "q_proj.lora_B": 9.885189761090388,
    "v_proj.lora_A": 9.981103275105564,
    "v_proj.lora_B": 5.721531704476971,
    "gate_proj.lora_A": 9.986855586464335,
    "gate_proj.lora_B": 16.064229522462508
  },
  "1": {
    "q_proj.lora_A": 9.8935078593612,
    "q_proj.lora_B": 9.816879872167972,
    "v_proj.lora_A": 9.80138504793308,
    "v_proj.lora_B": 5.71747292554703,
    "gate_proj.lora_A": 9.954046280196684,
    "gate_proj.lora_B": 16.062108282157016
  },
  "2": {
    "q_proj.lora_A": 10.106902273257875,
    "q_proj.lora_B": 9.729647583242475,
    "v_proj.lora_A": 9.978565603524409,
    "v_proj.lora_B": 5.69211534203872,
    "gate_proj.lora_A": 9.905085688168791,
    "gate_proj.lora_B": 16.0935261625034
  },
  "3": {
    "q_proj.lora_A": 9.97627560690215,
    "q_proj.lora_B": 9.847833890526653,
    "v_proj.lora_A": 9.961875054112026,
    "v_proj.lora_B": 5.667403129520787,
    "gate_proj.lora_A": 10.040615715423476,
    "gate_proj.lora_B": 16.086943354200137
  },
  "4": {
    "q_proj.lora_A": 9.950785672855643,
    "q_proj.lora_B": 9.979414144970448,
    "v_proj.lora_A": 10.13798574014671,
    "v_proj.lora_B": 5.650839682028466,
    "gate_proj.lora_A": 9.984251118434852,
    "gate_proj.lora_B": 16.153133655022458
  },
  "5": {
    "q_proj.lora_A": 10.014088026380994,
    "q_proj.lora_B": 9.863782293624412,
    "v_proj.lora_A": 9.971355517886138,
    "v_proj.lora_B": 5.607649274212229,
    "gate_proj.lora_A": 9.93829424379576,
    "gate_proj.lora_B": 16.00092662252532
  },
  "6": {
    "q_proj.lora_A": 9.81931533891201,
    "q_proj.lora_B": 9.943302108182824,
    "v_proj.lora_A": 10.066875928750019,
    "v_proj.lora_B": 5.591157466681544,
    "gate_proj.lora_A": 9.916610597344949,
    "gate_proj.lora_B": 16.04897069241969
  },
  "7": {
    "q_proj.lora_A": 9.998191600543757,
    "q_proj.lora_B": 9.740079551897683,
    "v_proj.lora_A": 10.062451521118591,
    "v_proj.lora_B": 5.715062204499698,
    "gate_proj.lora_A": 9.954648835046743,
    "gate_proj.lora_B": 16.094362493529008
  },
  "8": {
    "q_proj.lora_A": 9.946577725572062,
    "q_proj.lora_B": 9.83863661045855,
    "v_proj.lora_A": 10.088729165176348,
    "v_proj.lora_B": 5.718944125530399,
    "gate_proj.lora_A": 9.995355602925185,
    "gate_proj.lora_B": 16.11535275595819
  },
  "9": {
    "q_proj.lora_A": 9.87303707190354,
    "q_proj.lora_B": 9.894666630561831,
    "v_proj.lora_A": 9.96452474796912,
    "v_proj.lora_B": 5.601677063838811,
    "gate_proj.lora_A": 9.90008693219858,
    "gate_proj.lora_B": 16.175739167572587
  },
  "10": {
    "q_proj.lora_A": 9.843297326898966,
    "q_proj.lora_B": 9.872201858803756,
    "v_proj.lora_A": 10.070378378537868,
    "v_proj.lora_B": 5.726659912300766,
    "gate_proj.lora_A": 9.938880982775677,
    "gate_proj.lora_B": 16.076559553072947
  },
  "11": {
    "q_proj.lora_A": 10.147972128776523,
    "q_proj.lora_B": 9.79662008441696,
    "v_proj.lora_A": 10.074660023877673,
    "v_proj.lora_B": 5.631801777805199,
    "gate_proj.lora_A": 10.04300633579181,
    "gate_proj.lora_B": 16.042366369306947
  },
  "12": {
    "q_proj.lora_A": 10.032914637044106,
    "q_proj.lora_B": 9.786744810875042,
    "v_proj.lora_A": 10.102891149577271,
    "v_proj.lora_B": 5.8151865621406325,
    "gate_proj.lora_A": 9.827204186128126,
    "gate_proj.lora_B": 16.033728993918338
  },
  "13": {
    "q_proj.lora_A": 10.114735791022692,
    "q_proj.lora_B": 9.884939118363413,
    "v_proj.lora_A": 10.073007483487958,
    "v_proj.lora_B": 5.611219285610908,
    "gate_proj.lora_A": 9.934193187349516,
    "gate_proj.lora_B": 16.084469259147816
  },
  "14": {
    "q_proj.lora_A": 10.050622757198349,
    "q_proj.lora_B": 9.72758107963251,
    "v_proj.lora_A": 9.99331458537986,
    "v_proj.lora_B": 5.780732072711422,
    "gate_proj.lora_A": 9.956043505850467,
    "gate_proj.lora_B": 16.195940946755588
  },
  "15": {
    "q_proj.lora_A": 9.90658046471641,
    "q_proj.lora_B": 9.845665489822254,
    "v_proj.lora_A": 10.175452262811815,
    "v_proj.lora_B": 5.772927590622174,
    "gate_proj.lora_A": 9.955662550294372,
    "gate_proj.lora_B": 16.122183681436056
  },
  "16": {
    "q_proj.lora_A": 9.979923201818437,
    "q_proj.lora_B": 9.901781392921457,
    "v_proj.lora_A": 10.030982815653852,
    "v_proj.lora_B": 5.725277291669693,
    "gate_proj.lora_A": 9.951794827934824,
    "gate_proj.lora_B": 15.993434856785694
  },
  "17": {
    "q_proj.lora_A": 10.096532740372444,
    "q_proj.lora_B": 9.745240445937387,
    "v_proj.lora_A": 10.010505861878752,
    "v_proj.lora_B": 5.624733460529721,
    "gate_proj.lora_A": 10.067484185770407,
    "gate_proj.lora_B": 16.06615607325406
  },
  "18": {
    "q_proj.lora_A": 9.953090321107883,
    "q_proj.lora_B": 9.84193801085056,
    "v_proj.lora_A": 9.926747288571285,
    "v_proj.lora_B": 5.6572654084669,
    "gate_proj.lora_A": 9.839952748749084,
    "gate_proj.lora_B": 16.150565227016443
  },
  "19": {
    "q_proj.lora_A": 9.979267502122035,
    "q_proj.lora_B": 9.670397287929317,
    "v_proj.lora_A": 10.021874222031768,
    "v_proj.lora_B": 5.824144190474833,
    "gate_proj.lora_A": 9.912079073868005,
    "gate_proj.lora_B": 15.925587098719303
  },
  "20": {
    "q_proj.lora_A": 9.971639499690063,
    "q_proj.lora_B": 9.917177530682752,
    "v_proj.lora_A": 9.911100545494396,
    "v_proj.lora_B": 5.663626368822808,
    "gate_proj.lora_A": 9.965462369013517,
    "gate_proj.lora_B": 15.979676111848699
  },
  "21": {
    "q_proj.lora_A": 9.991274905461953,
    "q_proj.lora_B": 9.78690452579284,
    "v_proj.lora_A": 10.063957292624663,
    "v_proj.lora_B": 5.6744530682616485,
    "gate_proj.lora_A": 9.899044326493055,
    "gate_proj.lora_B": 16.07822170654059
  },
  "22": {
    "q_proj.lora_A": 10.142409702453685,
    "q_proj.lora_B": 9.79819819061991,
    "v_proj.lora_A": 9.933363646930294,
    "v_proj.lora_B": 5.62495190223364,
    "gate_proj.lora_A": 9.880122162777935,
    "gate_proj.lora_B": 16.115464140066287
  },
  "23": {
    "q_proj.lora_A": 10.009322717084702,
    "q_proj.lora_B": 9.96300502104873,
    "v_proj.lora_A": 9.822557659374224,
    "v_proj.lora_B": 5.573430666549388,
    "gate_proj.lora_A": 9.98380590621498,
    "gate_proj.lora_B": 16.057931027271998
  },
  "24": {
    "q_proj.lora_A": 10.028166931641085,
    "q_proj.lora_B": 9.824930816558018,
    "v_proj.lora_A": 9.989283219423843,
    "v_proj.lora_B": 5.66861086848662,
    "gate_proj.lora_A": 9.904161494396577,
    "gate_proj.lora_B": 16.18287635722015
  },
  "25": {
    "q_proj.lora_A": 9.865440183606706,
    "q_proj.lora_B": 9.781520186386151,
    "v_proj.lora_A": 10.06787234158048,
    "v_proj.lora_B": 5.635989207276034,
    "gate_proj.lora_A": 9.87752642534727,
    "gate_proj.lora_B": 16.029903331706187
  },
  "26": {
    "q_proj.lora_A": 9.917964910881672,
    "q_proj.lora_B": 9.746544228570523,
    "v_proj.lora_A": 9.856763066033473,
    "v_proj.lora_B": 5.655071831032154,
    "gate_proj.lora_A": 9.997253284454093,
    "gate_proj.lora_B": 16.013012213855163
  },
  "27": {
    "q_proj.lora_A": 9.844734291075111,
    "q_proj.lora_B": 9.905778107123178,
    "v_proj.lora_A": 10.033611754951796,
    "v_proj.lora_B": 5.543208454497468,
    "gate_proj.lora_A": 9.807305305428088,
    "gate_proj.lora_B": 16.129761750277034
  },
  "28": {
    "q_proj.lora_A": 9.914781316728531,
    "q_proj.lora_B": 9.926323709964342,
    "v_proj.lora_A": 9.965877468688626,
    "v_proj.lora_B": 5.740539386565688,
    "gate_proj.lora_A": 9.989175276703428,
    "gate_proj.lora_B": 16.13223960815795
  },
  "29": {
    "q_proj.lora_A": 10.053301209887346,
    "q_proj.lora_B": 9.804650923777858,
    "v_proj.lora_A": 9.900127796442549,
    "v_proj.lora_B": 5.687344866006905,
    "gate_proj.lora_A": 9.862729995619341,
    "gate_proj.lora_B": 16.164188487326932
  },
  "30": {
    "q_proj.lora_A": 10.009033266176166,
    "q_proj.lora_B": 9.874440243162125,
    "v_proj.lora_A": 10.091522499714282,
    "v_proj.lora_B": 5.7324135814680055,