{
  "0": {
    "q_proj.lora_A": 9.370643095353946,
    "q_proj.lora_B": 9.287614718119295,
    "v_proj.lora_A": 9.420359929934111,
    "v_proj.lora_B": 5.4426783105367615,
    "gate_proj.lora_A": 9.299418351593285,
    "gate_proj.lora_B": 15.165506723867413
  },
  "1": {
    "q_proj.lora_A": 9.429628577283147,
    "q_proj.lora_B": 9.333466012327845,
    "v_proj.lora_A": 9.292879624521797,
    "v_proj.lora_B": 5.421606243551775,
    "gate_proj.lora_A": 9.463258696343393,
    "gate_proj.lora_B": 15.170625160805841
  },
  "2": {
    "q_proj.lora_A": 9.424574473317946,
    "q_proj.lora_B": 9.214106224869363,
    "v_proj.lora_A": 9.399400632904392,
    "v_proj.lora_B": 5.365648675381231,
    "gate_proj.lora_A": 9.294420218885302,
    "gate_proj.lora_B": 15.175650693434998
  },
  "3": {
    "q_proj.lora_A": 9.424321587314846,
    "q_proj.lora_B": 9.273106678215232,
    "v_proj.lora_A": 9.365310671841025,
    "v_proj.lora_B": 5.346684443405012,
    "gate_proj.lora_A": 9.454406222897106,
    "gate_proj.lora_B": 15.20501813494733
  },
  "4": {
    "q_proj.lora_A": 9.43607741821197,
    "q_proj.lora_B": 9.362340071307326,
    "v_proj.lora_A": 9.46850890164881,
    "v_proj.lora_B": 5.477466171831735,
    "gate_proj.lora_A": 9.488569371583733,
    "gate_proj.lora_B": 15.171257138374186
  },
  "5": {
    "q_proj.lora_A": 9.495490770205915,
    "q_proj.lora_B": 9.310625948577481,
    "v_proj.lora_A": 9.453311470636049,
    "v_proj.lora_B": 5.294930288676585,
    "gate_proj.lora_A": 9.434687841487184,
    "gate_proj.lora_B": 15.119714751452152
  },
  "6": {
    "q_proj.lora_A": 9.39791415876201,
    "q_proj.lora_B": 9.417869180705102,
    "v_proj.lora_A": 9.51915907347892,
    "v_proj.lora_B": 5.331310639338592,
    "gate_proj.lora_A": 9.383826071713845,
    "gate_proj.lora_B": 15.194553254126433
  },
  "7": {
    "q_proj.lora_A": 9.367819469929156,
    "q_proj.lora_B": 9.158773930065037,
    "v_proj.lora_A": 9.481740299460023,
    "v_proj.lora_B": 5.351712728793878,
    "gate_proj.lora_A": 9.405348309835535,
    "gate_proj.lora_B": 15.213827426807466
  },
  "8": {
    "q_proj.lora_A": 9.437329389477833,
    "q_proj.lora_B": 9.301595530170873,
    "v_proj.lora_A": 9.42334760459005,
    "v_proj.lora_B": 5.405082873446806,
    "gate_proj.lora_A": 9.453253924685729,
    "gate_proj.lora_B": 15.212393272421151
  },
  "9": {
    "q_proj.lora_A": 9.400029742891553,
    "q_proj.lora_B": 9.278557497330555,
    "v_proj.lora_A": 9.37559816936301,
    "v_proj.lora_B": 5.3262128162722755,
    "gate_proj.lora_A": 9.348782472684594,
    "gate_proj.lora_B": 15.200211064604867
  },
  "10": {
    "q_proj.lora_A": 9.267369717203472,
    "q_proj.lora_B": 9.422290369371606,
    "v_proj.lora_A": 9.473144423884209,
    "v_proj.lora_B": 5.301991544524547,
    "gate_proj.lora_A": 9.414917022499482,
    "gate_proj.lora_B": 15.15566530516545
  },
  "11": {
    "q_proj.lora_A": 9.491917605675557,
    "q_proj.lora_B": 9.182389565208823,
    "v_proj.lora_A": 9.458851030271937,
    "v_proj.lora_B": 5.373700478576805,
    "gate_proj.lora_A": 9.492465827346727,
    "gate_proj.lora_B": 15.149885934376892
  },
  "12": {
    "q_proj.lora_A": 9.416659333736815,
    "q_proj.lora_B": 9.166189460788752,
    "v_proj.lora_A": 9.55748067412467,
    "v_proj.lora_B": 5.482643459757133,
    "gate_proj.lora_A": 9.31014214783836,
    "gate_proj.lora_B": 15.141625394994886
  },
  "13": {
    "q_proj.lora_A": 9.499311929044856,
    "q_proj.lora_B": 9.260046310897273,
    "v_proj.lora_A": 9.463776827725232,
    "v_proj.lora_B": 5.323896800314111,
    "gate_proj.lora_A": 9.345883638573358,
    "gate_proj.lora_B": 15.128120949785604
  },
  "14": {
    "q_proj.lora_A": 9.44407515195227,
    "q_proj.lora_B": 9.176413968388204,
    "v_proj.lora_A": 9.394145958752196,
    "v_proj.lora_B": 5.4563932841569125,
    "gate_proj.lora_A": 9.427850124331323,
    "gate_proj.lora_B": 15.197469224436922
  },
  "15": {
    "q_proj.lora_A": 9.36460876199662,
    "q_proj.lora_B": 9.301891214330189,
    "v_proj.lora_A": 9.563267562185223,
    "v_proj.lora_B": 5.415928110019077,
    "gate_proj.lora_A": 9.465031165674008,
    "gate_proj.lora_B": 15.14371565181339
  },
  "16": {
    "q_proj.lora_A": 9.482513267560236,
    "q_proj.lora_B": 9.27316853269809,
    "v_proj.lora_A": 9.506740927959104,
    "v_proj.lora_B": 5.455016954520851,
    "gate_proj.lora_A": 9.349087258737265,
    "gate_proj.lora_B": 15.093281920003005
  },
  "17": {
    "q_proj.lora_A": 9.455847716285161,
    "q_proj.lora_B": 9.330784067395419,
    "v_proj.lora_A": 9.428280672008377,
    "v_proj.lora_B": 5.275445868812877,
    "gate_proj.lora_A": 9.481161463018921,
    "gate_proj.lora_B": 15.157593659628928
  },
  "18": {
    "q_proj.lora_A": 9.401679336685614,
    "q_proj.lora_B": 9.424373630843997,
    "v_proj.lora_A": 9.423594395298844,
    "v_proj.lora_B": 5.317433165565246,
    "gate_proj.lora_A": 9.336523487808396,
    "gate_proj.lora_B": 15.217279288757055
  },
  "19": {
    "q_proj.lora_A": 9.46893163484309,
    "q_proj.lora_B": 9.183671551785164,
    "v_proj.lora_A": 9.427489319034901,
    "v_proj.lora_B": 5.448625391053181,
    "gate_proj.lora_A": 9.435926148837902,
    "gate_proj.lora_B": 15.10793250792431
  },
  "20": {
    "q_proj.lora_A": 9.465194711904106,
    "q_proj.lora_B": 9.30021563878188,
    "v_proj.lora_A": 9.374001353966351,
    "v_proj.lora_B": 5.332146046423004,
    "gate_proj.lora_A": 9.395303196346225,
    "gate_proj.lora_B": 15.118236767352178
  },
  "21": {
    "q_proj.lora_A": 9.412169447040313,
    "q_proj.lora_B": 9.222690422210878,
    "v_proj.lora_A": 9.57355107603065,
    "v_proj.lora_B": 5.3545256703858515,
    "gate_proj.lora_A": 9.33492759927996,
    "gate_proj.lora_B": 15.104537791059224
  },
  "22": {
    "q_proj.lora_A": 9.507249872680207,
    "q_proj.lora_B": 9.255348143490792,
    "v_proj.lora_A": 9.426782179614811,
    "v_proj.lora_B": 5.350291954233219,
    "gate_proj.lora_A": 9.298027100329833,
    "gate_proj.lora_B": 15.206470770800767
  },
  "23": {
    "q_proj.lora_A": 9.420838558987814,
    "q_proj.lora_B": 9.441988913048881,
    "v_proj.lora_A": 9.289307251227346,
    "v_proj.lora_B": 5.218148310708324,
    "gate_proj.lora_A": 9.344801739811347,
    "gate_proj.lora_B": 15.212718339824251
  },
  "24": {
    "q_proj.lora_A": 9.411739164052241,
    "q_proj.lora_B": 9.248728882440473,
    "v_proj.lora_A": 9.395333596544234,
    "v_proj.lora_B": 5.37712061927169,
    "gate_proj.lora_A": 9.326519711147888,
    "gate_proj.lora_B": 15.190184328713677
  },
  "25": {
    "q_proj.lora_A": 9.315861769942158,
    "q_proj.lora_B": 9.296064883457435,
    "v_proj.lora_A": 9.572635377692034,
    "v_proj.lora_B": 5.403432605148686,
    "gate_proj.lora_A": 9.323349083495813,
    "gate_proj.lora_B": 15.211322436479612
  },
  "26": {
    "q_proj.lora_A": 9.387718090396007,
    "q_proj.lora_B": 9.312795965499905,
    "v_proj.lora_A": 9.31732630409138,
    "v_proj.lora_B": 5.3473317017407505,
    "gate_proj.lora_A": 9.526519819674602,
    "gate_proj.lora_B": 15.130223700896735
  },
  "27": {
    "q_proj.lora_A": 9.342212279164062,
    "q_proj.lora_B": 9.364914331792493,
    "v_proj.lora_A": 9.49358943254799,
    "v_proj.lora_B": 5.22907215592889,
    "gate_proj.lora_A": 9.262569596611431,
    "gate_proj.lora_B": 15.2307660108261
  },
  "28": {
    "q_proj.lora_A": 9.430043705127048,
    "q_proj.lora_B": 9.407117307061792,
    "v_proj.lora_A": 9.452008625012473,
    "v_proj.lora_B": 5.38637898469557,
    "gate_proj.lora_A": 9.457298865007889,
    "gate_proj.lora_B": 15.28375188638672
  },
  "29": {
    "q_proj.lora_A": 9.522171711111865,
    "q_proj.lora_B": 9.212326307766673,
    "v_proj.lora_A": 9.345935291932618,
    "v_proj.lora_B": 5.387281018166494,
    "gate_proj.lora_A": 9.407142261669792,
    "gate_proj.lora_B": 15.248681995958641
  },
  "30": {
    "q_proj.lora_A": 9.455241074630159,
    "q_proj.lora_B": 9.321548813788425,
    "v_proj.lora_A": 9.53095700660252,
    "v_proj.lora_B": 5.4861713977454105,