{
  "0": {
    "q_proj.lora_A": 8.063623490277982,
    "q_proj.lora_B": 8.064541205009016,
    "v_proj.lora_A": 8.108105770428802,
    "v_proj.lora_B": 4.58674694812972,
    "gate_proj.lora_A": 8.009303195913098,
    "gate_proj.lora_B": 13.03996013970228
  },
  "1": {
    "q_proj.lora_A": 8.017210788063203,
    "q_proj.lora_B": 7.912325557017,
    "v_proj.lora_A": 8.03677084281019,
    "v_proj.lora_B": 4.634327732602881,
    "gate_proj.lora_A": 8.120858274177907,
    "gate_proj.lora_B": 12.930392996418725
  },
  "2": {
    "q_proj.lora_A": 8.075247441619915,
    "q_proj.lora_B": 7.900982340400142,
    "v_proj.lora_A": 8.055992802253565,
    "v_proj.lora_B": 4.62816773584643,
    "gate_proj.lora_A": 8.019960151820486,
    "gate_proj.lora_B": 12.991102765459713
  },
  "3": {
    "q_proj.lora_A": 8.094876303200822,
    "q_proj.lora_B": 7.958091404847279,
    "v_proj.lora_A": 8.01100087423854,
    "v_proj.lora_B": 4.645245190313187,
    "gate_proj.lora_A": 8.179346807025842,
    "gate_proj.lora_B": 13.052425811530846
  },
  "4": {
    "q_proj.lora_A": 8.111276388192655,
    "q_proj.lora_B": 8.01518434422265,
    "v_proj.lora_A": 8.255749762791789,
    "v_proj.lora_B": 4.600415609443889,
    "gate_proj.lora_A": 8.266261983696808,
    "gate_proj.lora_B": 12.98557980261072
  },
  "5": {
    "q_proj.lora_A": 8.227668466661965,
    "q_proj.lora_B": 7.979546409419915,
    "v_proj.lora_A": 8.151100478153303,
    "v_proj.lora_B": 4.453468937806249,
    "gate_proj.lora_A": 8.112939747441775,
    "gate_proj.lora_B": 12.809868211198609
  },
  "6": {
    "q_proj.lora_A": 8.107900618240299,
    "q_proj.lora_B": 7.922358045952532,
    "v_proj.lora_A": 8.07180719902794,
    "v_proj.lora_B": 4.587155499418061,
    "gate_proj.lora_A": 8.207831749006893,
    "gate_proj.lora_B": 12.958110247425845
  },
  "7": {
    "q_proj.lora_A": 8.185280957988065,
    "q_proj.lora_B": 7.9303619425798795,
    "v_proj.lora_A": 8.001985905978708,
    "v_proj.lora_B": 4.528219431226397,
    "gate_proj.lora_A": 8.211925570907148,
    "gate_proj.lora_B": 12.87938753690404
  },
  "8": {
    "q_proj.lora_A": 8.151577847246813,
    "q_proj.lora_B": 7.979435206351102,
    "v_proj.lora_A": 8.111121770008067,
    "v_proj.lora_B": 4.698097133978148,
    "gate_proj.lora_A": 8.148409416832438,
    "gate_proj.lora_B": 12.984010356675766
  },
  "9": {
    "q_proj.lora_A": 8.105485845569975,
    "q_proj.lora_B": 7.96921048539597,
    "v_proj.lora_A": 8.082770372714556,
    "v_proj.lora_B": 4.57074284508454,
    "gate_proj.lora_A": 8.121837597329229,
    "gate_proj.lora_B": 13.035015217583865
  },
  "10": {
    "q_proj.lora_A": 8.064345266622073,
    "q_proj.lora_B": 7.974107012493951,
    "v_proj.lora_A": 8.128172078729238,
    "v_proj.lora_B": 4.588669560051803,
    "gate_proj.lora_A": 8.066512049931083,
    "gate_proj.lora_B": 12.963887836543966
  },
  "11": {
    "q_proj.lora_A": 8.09832297181919,
    "q_proj.lora_B": 7.910993559693566,
    "v_proj.lora_A": 8.204370838342834,
    "v_proj.lora_B": 4.672953745141136,
    "gate_proj.lora_A": 8.175647349567214,
    "gate_proj.lora_B": 13.028971512646974
  },
  "12": {
    "q_proj.lora_A": 8.017569257188363,
    "q_proj.lora_B": 7.944960751008048,
    "v_proj.lora_A": 8.138568663060225,
    "v_proj.lora_B": 4.587768564646712,
    "gate_proj.lora_A": 8.010460777393487,
    "gate_proj.lora_B": 13.053260941489633
  },
  "13": {
    "q_proj.lora_A": 8.110047713659158,
    "q_proj.lora_B": 7.9303731828494,
    "v_proj.lora_A": 8.18310300337455,
    "v_proj.lora_B": 4.645889968057199,
    "gate_proj.lora_A": 8.135419526085421,
    "gate_proj.lora_B": 13.000383423261306
  },
  "14": {
    "q_proj.lora_A": 8.109862268852341,
    "q_proj.lora_B": 7.845135913604865,
    "v_proj.lora_A": 8.164593045632143,
    "v_proj.lora_B": 4.594076047189142,
    "gate_proj.lora_A": 8.032665733375733,
    "gate_proj.lora_B": 12.993844924928199
  },
  "15": {
    "q_proj.lora_A": 8.188861199226894,
    "q_proj.lora_B": 7.878953902145996,
    "v_proj.lora_A": 8.212958592320806,
    "v_proj.lora_B": 4.467052966759927,
    "gate_proj.lora_A": 8.140460136683968,
    "gate_proj.lora_B": 13.049474761751329
  },
  "16": {
    "q_proj.lora_A": 8.170854515543914,
    "q_proj.lora_B": 7.968877951126124,
    "v_proj.lora_A": 8.07111573700632,
    "v_proj.lora_B": 4.630068471214576,
    "gate_proj.lora_A": 8.103961626034794,
    "gate_proj.lora_B": 12.92024414286973
  },
  "17": {
    "q_proj.lora_A": 8.105476915313107,
    "q_proj.lora_B": 7.816794460079365,
    "v_proj.lora_A": 8.207256017091336,
    "v_proj.lora_B": 4.562332039463985,
    "gate_proj.lora_A": 8.125684280620604,
    "gate_proj.lora_B": 12.897517552298318
  },
  "18": {
    "q_proj.lora_A": 8.115778439615108,
    "q_proj.lora_B": 8.017469012871995,
    "v_proj.lora_A": 8.144443572658137,
    "v_proj.lora_B": 4.641627186925592,
    "gate_proj.lora_A": 8.095355390854072,
    "gate_proj.lora_B": 13.03847369708838
  },
  "19": {
    "q_proj.lora_A": 8.276138952307459,
    "q_proj.lora_B": 7.883721950472243,
    "v_proj.lora_A": 8.221065483405798,
    "v_proj.lora_B": 4.575894308021758,
    "gate_proj.lora_A": 8.101665134861832,
    "gate_proj.lora_B": 12.97693580641894
  },
  "20": {
    "q_proj.lora_A": 8.108500061920223,
    "q_proj.lora_B": 7.949017415132886,
    "v_proj.lora_A": 8.00985935414476,
    "v_proj.lora_B": 4.556732174916515,
    "gate_proj.lora_A": 8.14855453021758,
    "gate_proj.lora_B": 13.025357635888533
  },
  "21": {
    "q_proj.lora_A": 8.019644864470878,
    "q_proj.lora_B": 7.861478264482851,
    "v_proj.lora_A": 8.222172739704677,
    "v_proj.lora_B": 4.624110525791365,
    "gate_proj.lora_A": 8.057311414591991,
    "gate_proj.lora_B": 13.026723612885663
  },
  "22": {
    "q_proj.lora_A": 8.07091369225693,
    "q_proj.lora_B": 7.909901482946598,
    "v_proj.lora_A": 8.118649278960106,
    "v_proj.lora_B": 4.710909481645228,
    "gate_proj.lora_A": 8.11554756977462,
    "gate_proj.lora_B": 13.010790454151573
  },
  "23": {
    "q_proj.lora_A": 8.100906955021733,
    "q_proj.lora_B": 7.848787338703271,
    "v_proj.lora_A": 7.889125780909274,
    "v_proj.lora_B": 4.497176688920549,
    "gate_proj.lora_A": 8.151599693738808,
    "gate_proj.lora_B": 12.932529979932179
  },
  "24": {
    "q_proj.lora_A": 8.110316988582083,
    "q_proj.lora_B": 7.896824464773796,
    "v_proj.lora_A": 8.024588252755962,
    "v_proj.lora_B": 4.647104310692009,
    "gate_proj.lora_A": 8.114057833139741,
    "gate_proj.lora_B": 12.951760676831311
  },
  "25": {
    "q_proj.lora_A": 8.086016159654264,
    "q_proj.lora_B": 7.927378633178341,
    "v_proj.lora_A": 8.069076183524928,
    "v_proj.lora_B": 4.562820445070646,
    "gate_proj.lora_A": 7.959008659773634,
    "gate_proj.lora_B": 12.995034455838477
  },
  "26": {
    "q_proj.lora_A": 8.07824374449058,
    "q_proj.lora_B": 7.91753778424375,
    "v_proj.lora_A": 8.088521546938932,
    "v_proj.lora_B": 4.677608679296908,
    "gate_proj.lora_A": 8.05970660508633,
    "gate_proj.lora_B": 13.038459534881179
  },
  "27": {
    "q_proj.lora_A": 7.923974348697463,
    "q_proj.lora_B": 7.930876240294027,
    "v_proj.lora_A": 8.11182683640395,
    "v_proj.lora_B": 4.596379218901418,
    "gate_proj.lora_A": 8.061042668968174,
    "gate_proj.lora_B": 12.986957010828673
  },
  "28": {
    "q_proj.lora_A": 8.120360745251869,
    "q_proj.lora_B": 8.100357141992133,
    "v_proj.lora_A": 8.080613044243853,
    "v_proj.lora_B": 4.630925309666432,
    "gate_proj.lora_A": 8.104817373806261,
    "gate_proj.lora_B": 12.968974193507103
  },
  "29": {
    "q_proj.lora_A": 8.265033695487183,
    "q_proj.lora_B": 7.944880356061404,
    "v_proj.lora_A": 8.096402097862505,
    "v_proj.lora_B": 4.605267571298823,
    "gate_proj.lora_A": 8.225075964823764,
    "gate_proj.lora_B": 13.041919396465177
  },
  "30": {
    "q_proj.lora_A": 8.088531431216973,
    "q_proj.lora_B": 7.879326275944244,
    "v_proj.lora_A": 8.175727598894929,
    "v_proj.lora_B": 4.6082728704292455,