{
  "0": {
    "q_proj.lora_A": 9.16940935953772,
    "q_proj.lora_B": 9.095182230033828,
    "v_proj.lora_A": 9.33274354273761,
    "v_proj.lora_B": 5.331566067986804,
    "gate_proj.lora_A": 9.117781437542206,
    "gate_proj.lora_B": 14.814604914325608
  },
  "1": {
    "q_proj.lora_A": 9.175707755061234,
    "q_proj.lora_B": 9.100323522024146,
    "v_proj.lora_A": 9.082797688115914,
    "v_proj.lora_B": 5.276089900507807,
    "gate_proj.lora_A": 9.292142545610062,
    "gate_proj.lora_B": 14.754268855163426
  },
  "2": {
    "q_proj.lora_A": 9.276291219895228,
    "q_proj.lora_B": 9.050753210608827,
    "v_proj.lora_A": 9.265672058420371,
    "v_proj.lora_B": 5.226477521130368,
    "gate_proj.lora_A": 9.11803928312923,
    "gate_proj.lora_B": 14.798259763922394
  },
  "3": {
    "q_proj.lora_A": 9.202307260053074,
    "q_proj.lora_B": 9.07622267724647,
    "v_proj.lora_A": 9.205515956526444,
    "v_proj.lora_B": 5.173459227519975,
    "gate_proj.lora_A": 9.191298470493603,
    "gate_proj.lora_B": 14.90680609150278
  },
  "4": {
    "q_proj.lora_A": 9.264371034872903,
    "q_proj.lora_B": 9.113665881653471,
    "v_proj.lora_A": 9.294480864681343,
    "v_proj.lora_B": 5.272453635745294,
    "gate_proj.lora_A": 9.34371666327676,
    "gate_proj.lora_B": 14.963791342657169
  },
  "5": {
    "q_proj.lora_A": 9.290813315489068,
    "q_proj.lora_B": 9.203214369783206,
    "v_proj.lora_A": 9.225147385777202,
    "v_proj.lora_B": 5.242285002468488,
    "gate_proj.lora_A": 9.181157035318636,
    "gate_proj.lora_B": 14.684348297861131
  },
  "6": {
    "q_proj.lora_A": 9.107684978154628,
    "q_proj.lora_B": 9.184919743864084,
    "v_proj.lora_A": 9.344268895985504,
    "v_proj.lora_B": 5.187672576883123,
    "gate_proj.lora_A": 9.159537741231343,
    "gate_proj.lora_B": 14.885562209395
  },
  "7": {
    "q_proj.lora_A": 9.128967454612491,
    "q_proj.lora_B": 9.124453958244926,
    "v_proj.lora_A": 9.227626296661876,
    "v_proj.lora_B": 5.253984819806453,
    "gate_proj.lora_A": 9.259593320612856,
    "gate_proj.lora_B": 14.908678155243518
  },
  "8": {
    "q_proj.lora_A": 9.105124333286621,
    "q_proj.lora_B": 9.039301108727162,
    "v_proj.lora_A": 9.237199704316664,
    "v_proj.lora_B": 5.311596749597912,
    "gate_proj.lora_A": 9.308841078965036,
    "gate_proj.lora_B": 14.90487894802305
  },
  "9": {
    "q_proj.lora_A": 9.158498124203986,
    "q_proj.lora_B": 9.08687557120604,
    "v_proj.lora_A": 9.200332915089401,
    "v_proj.lora_B": 5.286149289972234,
    "gate_proj.lora_A": 9.200735638729698,
    "gate_proj.lora_B": 14.897494049473519
  },
  "10": {
    "q_proj.lora_A": 9.136546038622681,
    "q_proj.lora_B": 9.250646852803158,
    "v_proj.lora_A": 9.288237961040707,
    "v_proj.lora_B": 5.192644536914528,
    "gate_proj.lora_A": 9.250285339956724,
    "gate_proj.lora_B": 14.816131137858576
  },
  "11": {
    "q_proj.lora_A": 9.377343345171715,
    "q_proj.lora_B": 9.021601491205354,
    "v_proj.lora_A": 9.297281621473635,
    "v_proj.lora_B": 5.213238024359684,
    "gate_proj.lora_A": 9.330485337959063,
    "gate_proj.lora_B": 14.777071554610327
  },
  "12": {
    "q_proj.lora_A": 9.25963032827818,
    "q_proj.lora_B": 9.062541562897481,
    "v_proj.lora_A": 9.292199775855696,
    "v_proj.lora_B": 5.3731610704376935,
    "gate_proj.lora_A": 9.11765708351401,
    "gate_proj.lora_B": 14.839139254903618
  },
  "13": {
    "q_proj.lora_A": 9.381206634447873,
    "q_proj.lora_B": 9.133400663662982,
    "v_proj.lora_A": 9.3662657884168,
    "v_proj.lora_B": 5.246795950497715,
    "gate_proj.lora_A": 9.152885831494507,
    "gate_proj.lora_B": 14.88918698671357
  },
  "14": {
    "q_proj.lora_A": 9.292035216352323,
    "q_proj.lora_B": 8.99975892377576,
    "v_proj.lora_A": 9.18018614297229,
    "v_proj.lora_B": 5.254278092068738,
    "gate_proj.lora_A": 9.169373001745733,
    "gate_proj.lora_B": 14.95780897491282
  },
  "15": {
    "q_proj.lora_A": 9.261881982823706,
    "q_proj.lora_B": 9.105568960611047,
    "v_proj.lora_A": 9.347957785675806,
    "v_proj.lora_B": 5.1915725762735985,
    "gate_proj.lora_A": 9.170359066255774,
    "gate_proj.lora_B": 14.835792813749737
  },
  "16": {
    "q_proj.lora_A": 9.292280907817231,
    "q_proj.lora_B": 9.077983558946451,
    "v_proj.lora_A": 9.223247013260854,
    "v_proj.lora_B": 5.368671163244256,
    "gate_proj.lora_A": 9.259115936935837,
    "gate_proj.lora_B": 14.877527654671038
  },
  "17": {
    "q_proj.lora_A": 9.237952045348209,
    "q_proj.lora_B": 9.132838557645824,
    "v_proj.lora_A": 9.251637771072813,
    "v_proj.lora_B": 5.169849743017054,
    "gate_proj.lora_A": 9.307118683275668,
    "gate_proj.lora_B": 14.789265518846156
  },
  "18": {
    "q_proj.lora_A": 9.189282154787216,
    "q_proj.lora_B": 9.137430462905774,
    "v_proj.lora_A": 9.291457841041977,
    "v_proj.lora_B": 5.184697270089869,
    "gate_proj.lora_A": 9.164334062669504,
    "gate_proj.lora_B": 14.938102906174311
  },
  "19": {
    "q_proj.lora_A": 9.210484754338884,
    "q_proj.lora_B": 9.040280989414654,
    "v_proj.lora_A": 9.283664597647133,
    "v_proj.lora_B": 5.278571043052621,
    "gate_proj.lora_A": 9.208135019656162,
    "gate_proj.lora_B": 14.866000349395076
  },
  "20": {
    "q_proj.lora_A": 9.15218751733617,
    "q_proj.lora_B": 9.019403595759236,
    "v_proj.lora_A": 9.106804957421538,
    "v_proj.lora_B": 5.188545593570988,
    "gate_proj.lora_A": 9.190742433890138,
    "gate_proj.lora_B": 14.779892998858344
  },
  "21": {
    "q_proj.lora_A": 9.301582154396918,
    "q_proj.lora_B": 9.095928533730989,
    "v_proj.lora_A": 9.34187041707007,
    "v_proj.lora_B": 5.232109865586537,
    "gate_proj.lora_A": 9.148251267462374,
    "gate_proj.lora_B": 14.776103910710873
  },
  "22": {
    "q_proj.lora_A": 9.278707998750225,
    "q_proj.lora_B": 9.025457943917827,
    "v_proj.lora_A": 9.188961779388029,
    "v_proj.lora_B": 5.269353349003779,
    "gate_proj.lora_A": 9.187196449793845,
    "gate_proj.lora_B": 14.86868265959547
  },
  "23": {
    "q_proj.lora_A": 9.229537148436128,
    "q_proj.lora_B": 9.113780222010405,
    "v_proj.lora_A": 9.045157117439699,
    "v_proj.lora_B": 5.1449042241627385,
    "gate_proj.lora_A": 9.288600247629441,
    "gate_proj.lora_B": 14.966823877627895
  },
  "24": {
    "q_proj.lora_A": 9.307667739880726,
    "q_proj.lora_B": 9.067751502751326,
    "v_proj.lora_A": 9.163263736502364,
    "v_proj.lora_B": 5.134318338445686,
    "gate_proj.lora_A": 9.209427719369048,
    "gate_proj.lora_B": 14.861650994772349
  },
  "25": {
    "q_proj.lora_A": 9.218247226508572,
    "q_proj.lora_B": 9.12530798008469,
    "v_proj.lora_A": 9.32601493010602,
    "v_proj.lora_B": 5.220702077078781,
    "gate_proj.lora_A": 9.0943063709405,
    "gate_proj.lora_B": 14.881543406674401
  },
  "26": {
    "q_proj.lora_A": 9.272224017209881,
    "q_proj.lora_B": 9.0638050915273,
    "v_proj.lora_A": 9.121527802193503,
    "v_proj.lora_B": 5.286459773145657,
    "gate_proj.lora_A": 9.343768634809013,
    "gate_proj.lora_B": 14.85381201631478
  },
  "27": {
    "q_proj.lora_A": 9.138861809251674,
    "q_proj.lora_B": 9.155632908683994,
    "v_proj.lora_A": 9.302242456938414,
    "v_proj.lora_B": 5.211998510448911,
    "gate_proj.lora_A": 9.141751234769334,
    "gate_proj.lora_B": 14.823913430650574
  },
  "28": {
    "q_proj.lora_A": 9.207432596935085,
    "q_proj.lora_B": 9.109216081428189,
    "v_proj.lora_A": 9.240246420513275,
    "v_proj.lora_B": 5.273611385090854,
    "gate_proj.lora_A": 9.199647440791045,
    "gate_proj.lora_B": 14.891392185229158
  },
  "29": {
    "q_proj.lora_A": 9.347027235260922,
    "q_proj.lora_B": 9.196047500217283,
    "v_proj.lora_A": 9.129802916865161,
    "v_proj.lora_B": 5.250840763054515,
    "gate_proj.lora_A": 9.278780634636385,
    "gate_proj.lora_B": 14.968401061080172
  },
  "30": {
    "q_proj.lora_A": 9.255327084490373,
    "q_proj.lora_B": 9.14887485182363,
    "v_proj.lora_A": 9.328019863053598,
    "v_proj.lora_B": 5.338656521180243,