{
  "total": 27279,
  "all_mf": true,
  "cross_conductor_pct": 1.0,
  "same_conductor_pct": 0.0,
  "n_clusters": 11,
  "noise_pct": 0.006341874702151838,
  "dim1_pct": 0.0,
  "dim_gt1_pct": 1.0,
  "trivial_char_pct": 0.647897650207119,
  "nontriv_char_pct": 0.35210234979288096,
  "has_ec_neighbor": 165
}