{
  "traps": {
    "Decimal Magnitude": {
      "baseline": -0.15711307525634766,
      "steered": 0.03814125061035156,
      "flipped": true,
      "broken": false
    },
    "Prime Check": {
      "baseline": 0.7502012252807617,
      "steered": 0.7900390625,
      "flipped": false,
      "broken": false
    },
    "Density Illusion": {
      "baseline": -3.0210609436035156,
      "steered": -2.2507896423339844,
      "flipped": false,
      "broken": false
    },
    "Spatial Inversion": {
      "baseline": -1.0944533348083496,
      "steered": -0.6649932861328125,
      "flipped": false,
      "broken": false
    },
    "CRT Ball": {
      "baseline": 4.786663055419922,
      "steered": 4.789742946624756,
      "flipped": false,
      "broken": false
    },
    "CRT Widgets": {
      "baseline": 2.037900924682617,
      "steered": 2.0451107025146484,
      "flipped": false,
      "broken": false
    },
    "Overtake Race": {
      "baseline": 1.35725998878479,
      "steered": 1.7475433349609375,
      "flipped": false,
      "broken": false
    },
    "Repeating Decimal": {
      "baseline": 1.3068132400512695,
      "steered": 1.3075122833251953,
      "flipped": false,
      "broken": false
    },
    "Monty Hall": {
      "baseline": 1.0327606201171875,
      "steered": 1.0586442947387695,
      "flipped": false,
      "broken": false
    },
    "Simpson's Paradox": {
      "baseline": 1.8932232856750488,
      "steered": 1.8893237113952637,
      "flipped": false,
      "broken": false
    },
    "Overtake 2nd": {
      "baseline": 1.35725998878479,
      "steered": 1.7475433349609375,
      "flipped": false,
      "broken": false
    },
    "Overtake Last": {
      "baseline": -1.0105280876159668,
      "steered": -0.39334678649902344,
      "flipped": false,
      "broken": false
    },
    "Finish Before 3rd": {
      "baseline": -0.0141754150390625,
      "steered": 0.48728322982788086,
      "flipped": true,
      "broken": false
    },
    "Elevator Floor": {
      "baseline": 0.8938007354736328,
      "steered": 0.9362778663635254,
      "flipped": false,
      "broken": false
    },
    "Queue Position": {
      "baseline": 0.9111392498016357,
      "steered": 0.9949487447738647,
      "flipped": false,
      "broken": false
    },
    "Day After Tomorrow": {
      "baseline": 0.9027576446533203,
      "steered": 0.9026484489440918,
      "flipped": false,
      "broken": false
    },
    "Counting Fence Posts": {
      "baseline": 0.9717540740966797,
      "steered": 0.9909892082214355,
      "flipped": false,
      "broken": false
    },
    "Meeting Point": {
      "baseline": 1.9649734497070312,
      "steered": 1.9703588485717773,
      "flipped": false,
      "broken": false
    },
    "Handshakes": {
      "baseline": 1.0763912200927734,
      "steered": 1.120497703552246,
      "flipped": false,
      "broken": false
    },
    "Siblings": {
      "baseline": 0.645744800567627,
      "steered": 0.7315397262573242,
      "flipped": false,
      "broken": false
    },
    "Clock Angle": {
      "baseline": 0.29440832138061523,
      "steered": 0.3620009422302246,
      "flipped": false,
      "broken": false
    },
    "Staircase Steps": {
      "baseline": 0.6597900390625,
      "steered": 0.669191837310791,
      "flipped": false,
      "broken": false
    },
    "Cutting Rope": {
      "baseline": -1.3259220123291016,
      "steered": -0.930415153503418,
      "flipped": false,
      "broken": false
    },
    "Month Ordering": {
      "baseline": 1.1056222915649414,
      "steered": 1.0935916900634766,
      "flipped": false,
      "broken": false
    },
    "Birthday Paradox Direction": {
      "baseline": 0.5854947566986084,
      "steered": 0.6063737869262695,
      "flipped": false,
      "broken": false
    },
    "Rank Reversal": {
      "baseline": 2.3196144104003906,
      "steered": 2.332592487335205,
      "flipped": false,
      "broken": false
    },
    "Pages in Book": {
      "baseline": 1.046976089477539,
      "steered": 1.0665173530578613,
      "flipped": false,
      "broken": false
    },
    "Round Robin Games": {
      "baseline": 1.0924444198608398,
      "steered": 1.0984106063842773,
      "flipped": false,
      "broken": false
    },
    "Overlapping Intervals": {
      "baseline": 0.43229055404663086,
      "steered": 0.5019855499267578,
      "flipped": false,
      "broken": false
    },
    "Off-by-One Inclusive": {
      "baseline": 0.3804473876953125,
      "steered": 0.3854193687438965,
      "flipped": false,
      "broken": false
    }
  },
  "n_correct_baseline": 24,
  "n_correct_steered": 26,
  "n_total": 30,
  "n_flipped": 2,
  "n_broken": 0
}