{
  "w2_strategy_2_qr_reduction": {
    "strassen_hash": "d45974286b254c81",
    "seed_hashes": [
      "a114ae2f829859dc",
      "92c761c34b5d5fc8",
      "9b5629c72364d661",
      "cfe9c799a7a9652e"
    ],
    "pair_same": 0,
    "n_pairs": 6,
    "strassen_matches": 0,
    "verdict": "FAIL"
  },
  "w3_strategy_d_gl2_integer_search": {
    "results": [
      {
        "seed": 0,
        "start_if": 0.0,
        "end_if": 0.20238095238095238,
        "delta": 0.20238095238095238,
        "final_residual": 7.492999928852043e-11,
        "history_len": 3
      },
      {
        "seed": 8,
        "start_if": 0.0,
        "end_if": 0.19047619047619047,
        "delta": 0.19047619047619047,
        "final_residual": 9.548220993168045e-12,
        "history_len": 7
      },
      {
        "seed": 13,
        "start_if": 0.13095238095238096,
        "end_if": 0.23809523809523808,
        "delta": 0.10714285714285712,
        "final_residual": 4.982396036583107e-12,
        "history_len": 3
      },
      {
        "seed": 17,
        "start_if": 0.047619047619047616,
        "end_if": 0.2857142857142857,
        "delta": 0.23809523809523808,
        "final_residual": 1.3890061259383178e-12,
        "history_len": 8
      }
    ],
    "best_end_if": 0.2857142857142857,
    "n_near_strassen": 0,
    "verdict": "FAIL"
  }
}