{
  "strassen_reference": 1.0,
  "results": [
    {
      "seed": 0,
      "initial_if": 0.0,
      "final_if": 0.0,
      "final_residual": 4.185359701450805e-11,
      "improvement": 0.0,
      "n_history_entries": 1
    },
    {
      "seed": 8,
      "initial_if": 0.0,
      "final_if": 0.0,
      "final_residual": 9.62097247157792e-13,
      "improvement": 0.0,
      "n_history_entries": 1
    },
    {
      "seed": 13,
      "initial_if": 0.13095238095238096,
      "final_if": 0.13095238095238096,
      "final_residual": 9.621070776475472e-13,
      "improvement": 0.0,
      "n_history_entries": 1
    },
    {
      "seed": 17,
      "initial_if": 0.047619047619047616,
      "final_if": 0.047619047619047616,
      "final_residual": 9.383237830976038e-13,
      "improvement": 0.0,
      "n_history_entries": 1
    }
  ],
  "verdict": "FAIL"
}