{
  "0": {
    "q_proj.lora_A": 1.314182469603271,
    "q_proj.lora_B": 0.6317546800785613,
    "v_proj.lora_A": 1.300012197983685,
    "v_proj.lora_B": 0.35686675221917974,
    "gate_proj.lora_A": 1.3055763989449416,
    "gate_proj.lora_B": 0.99945565187731
  },
  "1": {
    "q_proj.lora_A": 1.3136374798441643,
    "q_proj.lora_B": 0.6358300090637597,
    "v_proj.lora_A": 1.3106033831495838,
    "v_proj.lora_B": 0.36376485940548026,
    "gate_proj.lora_A": 1.2923829452134286,
    "gate_proj.lora_B": 1.0091148857015293
  },
  "2": {
    "q_proj.lora_A": 1.318042068541299,
    "q_proj.lora_B": 0.6208357812363506,
    "v_proj.lora_A": 1.3080046186773262,
    "v_proj.lora_B": 0.3552787226266413,
    "gate_proj.lora_A": 1.3121203376763133,
    "gate_proj.lora_B": 1.0171461577433878
  },
  "3": {
    "q_proj.lora_A": 1.3174177280007588,
    "q_proj.lora_B": 0.6141387896189877,
    "v_proj.lora_A": 1.292386830475718,
    "v_proj.lora_B": 0.35864423055420347,
    "gate_proj.lora_A": 1.3135083062494333,
    "gate_proj.lora_B": 1.005563896790739
  },
  "4": {
    "q_proj.lora_A": 1.3103529776031297,
    "q_proj.lora_B": 0.6136396773967544,
    "v_proj.lora_A": 1.3092520912172103,
    "v_proj.lora_B": 0.36440446563799667,
    "gate_proj.lora_A": 1.3088130441185208,
    "gate_proj.lora_B": 1.0133046681256683
  },
  "5": {
    "q_proj.lora_A": 1.3058648910680246,
    "q_proj.lora_B": 0.615834225165605,
    "v_proj.lora_A": 1.3109592248928612,
    "v_proj.lora_B": 0.3540918475320209,
    "gate_proj.lora_A": 1.311302094093244,
    "gate_proj.lora_B": 0.9992978924174839
  },
  "6": {
    "q_proj.lora_A": 1.300861464974985,
    "q_proj.lora_B": 0.6210420904994722,
    "v_proj.lora_A": 1.293161456003375,
    "v_proj.lora_B": 0.3583535138442454,
    "gate_proj.lora_A": 1.2769467185249221,
    "gate_proj.lora_B": 1.0118263780837657
  },
  "7": {
    "q_proj.lora_A": 1.3222403368123667,
    "q_proj.lora_B": 0.6223389092874766,
    "v_proj.lora_A": 1.3307757809274166,
    "v_proj.lora_B": 0.35515168834817984,
    "gate_proj.lora_A": 1.314977888447608,
    "gate_proj.lora_B": 1.0098767578392591
  },
  "8": {
    "q_proj.lora_A": 1.3071733273636692,
    "q_proj.lora_B": 0.6170627963362332,
    "v_proj.lora_A": 1.3048964582283549,
    "v_proj.lora_B": 0.3563496536430025,
    "gate_proj.lora_A": 1.308855955316245,
    "gate_proj.lora_B": 1.005351990627475
  },
  "9": {
    "q_proj.lora_A": 1.324761961103217,
    "q_proj.lora_B": 0.6317339722454728,
    "v_proj.lora_A": 1.315164936613228,
    "v_proj.lora_B": 0.358193246891706,
    "gate_proj.lora_A": 1.3418003168925017,
    "gate_proj.lora_B": 1.0021711424445114
  },
  "10": {
    "q_proj.lora_A": 1.3166469359274313,
    "q_proj.lora_B": 0.6199751499391968,
    "v_proj.lora_A": 1.3118128365966208,
    "v_proj.lora_B": 0.3491302198448676,
    "gate_proj.lora_A": 1.3206975401172163,
    "gate_proj.lora_B": 1.0178290865963275
  },
  "11": {
    "q_proj.lora_A": 1.3021058302599589,
    "q_proj.lora_B": 0.6168775018087579,
    "v_proj.lora_A": 1.3306898520920305,
    "v_proj.lora_B": 0.3579432168869725,
    "gate_proj.lora_A": 1.2968847593048953,
    "gate_proj.lora_B": 1.0076858474776271
  },
  "12": {
    "q_proj.lora_A": 1.3180681914911976,
    "q_proj.lora_B": 0.6188795516532324,
    "v_proj.lora_A": 1.3232062522200403,
    "v_proj.lora_B": 0.3644158182831572,
    "gate_proj.lora_A": 1.3170198950726535,
    "gate_proj.lora_B": 1.0154752774375833
  },
  "13": {
    "q_proj.lora_A": 1.2918165077247035,
    "q_proj.lora_B": 0.6314466580905366,
    "v_proj.lora_A": 1.3055267972257272,
    "v_proj.lora_B": 0.3538707111688741,
    "gate_proj.lora_A": 1.3040327247018706,
    "gate_proj.lora_B": 1.0137217006071786
  },
  "14": {
    "q_proj.lora_A": 1.2935522954775556,
    "q_proj.lora_B": 0.6274387484485694,
    "v_proj.lora_A": 1.322826249178215,
    "v_proj.lora_B": 0.3583691365637219,
    "gate_proj.lora_A": 1.320132718164124,
    "gate_proj.lora_B": 1.0133328525271985
  },
  "15": {
    "q_proj.lora_A": 1.3046269715866798,
    "q_proj.lora_B": 0.6334849337710745,
    "v_proj.lora_A": 1.2863394796461025,
    "v_proj.lora_B": 0.3546988586854971,
    "gate_proj.lora_A": 1.2978719721134657,
    "gate_proj.lora_B": 1.0253994456531452
  },
  "16": {
    "q_proj.lora_A": 1.300727695056772,
    "q_proj.lora_B": 0.6181416691975622,
    "v_proj.lora_A": 1.3221059364275765,
    "v_proj.lora_B": 0.3646805988780649,
    "gate_proj.lora_A": 1.2989539758503148,
    "gate_proj.lora_B": 1.0072218512009317
  },
  "17": {
    "q_proj.lora_A": 1.3111461486137936,
    "q_proj.lora_B": 0.6115927574066626,
    "v_proj.lora_A": 1.3139469354257496,
    "v_proj.lora_B": 0.356742648192268,
    "gate_proj.lora_A": 1.3148085427874603,
    "gate_proj.lora_B": 1.01546946339032
  },
  "18": {
    "q_proj.lora_A": 1.2991325109206997,
    "q_proj.lora_B": 0.6247527714133748,
    "v_proj.lora_A": 1.308793718375719,
    "v_proj.lora_B": 0.3602600543484329,
    "gate_proj.lora_A": 1.2995950019099274,
    "gate_proj.lora_B": 1.0155728888401971
  },
  "19": {
    "q_proj.lora_A": 1.3313716653343337,
    "q_proj.lora_B": 0.6252599724692248,
    "v_proj.lora_A": 1.314676547030917,
    "v_proj.lora_B": 0.34865198717896073,
    "gate_proj.lora_A": 1.3234756013680178,
    "gate_proj.lora_B": 1.0111330404180894
  },
  "20": {
    "q_proj.lora_A": 1.3126724219799775,
    "q_proj.lora_B": 0.6280459051253892,
    "v_proj.lora_A": 1.3026300884947646,
    "v_proj.lora_B": 0.35949524758109946,
    "gate_proj.lora_A": 1.3345714172577021,
    "gate_proj.lora_B": 1.015664130729946
  },
  "21": {
    "q_proj.lora_A": 1.3151054499168882,
    "q_proj.lora_B": 0.6148222571190385,
    "v_proj.lora_A": 1.312482961959883,
    "v_proj.lora_B": 0.3487530073055488,
    "gate_proj.lora_A": 1.2958993358159274,
    "gate_proj.lora_B": 1.010743848582432
  },
  "22": {
    "q_proj.lora_A": 1.3088232896059235,
    "q_proj.lora_B": 0.6169567507795924,
    "v_proj.lora_A": 1.2881540609362263,
    "v_proj.lora_B": 0.3617677401616199,
    "gate_proj.lora_A": 1.311835195325434,
    "gate_proj.lora_B": 1.0053687143239776
  },
  "23": {
    "q_proj.lora_A": 1.2858611069196433,
    "q_proj.lora_B": 0.6193324156940535,
    "v_proj.lora_A": 1.3276895444389547,
    "v_proj.lora_B": 0.37236006253437726,
    "gate_proj.lora_A": 1.3142942282713908,
    "gate_proj.lora_B": 1.0163969128303103
  },
  "24": {
    "q_proj.lora_A": 1.3312770000654044,
    "q_proj.lora_B": 0.619880960553321,
    "v_proj.lora_A": 1.3113931421341753,
    "v_proj.lora_B": 0.37288397267085527,
    "gate_proj.lora_A": 1.3257203653902918,
    "gate_proj.lora_B": 1.0014453521504834
  },
  "25": {
    "q_proj.lora_A": 1.301874514157028,
    "q_proj.lora_B": 0.6133513621982758,
    "v_proj.lora_A": 1.298223066579715,
    "v_proj.lora_B": 0.3527388409675774,
    "gate_proj.lora_A": 1.311972435866199,
    "gate_proj.lora_B": 1.013235526775863
  },
  "26": {
    "q_proj.lora_A": 1.3058598457113535,
    "q_proj.lora_B": 0.6232986668069251,
    "v_proj.lora_A": 1.313326515204712,
    "v_proj.lora_B": 0.3711473985249774,
    "gate_proj.lora_A": 1.2894870275763954,
    "gate_proj.lora_B": 1.0117873558907697
  },
  "27": {
    "q_proj.lora_A": 1.3166969259862085,
    "q_proj.lora_B": 0.6245413940274545,
    "v_proj.lora_A": 1.3224428414422253,
    "v_proj.lora_B": 0.3624187290811214,
    "gate_proj.lora_A": 1.3118812053243751,
    "gate_proj.lora_B": 0.9970475754612699
  },
  "28": {
    "q_proj.lora_A": 1.3352374045933646,
    "q_proj.lora_B": 0.6211360398998437,
    "v_proj.lora_A": 1.319022676436873,
    "v_proj.lora_B": 0.35670130807115796,
    "gate_proj.lora_A": 1.3046227400242112,
    "gate_proj.lora_B": 1.0216188242448332
  },
  "29": {
    "q_proj.lora_A": 1.3083649075374117,
    "q_proj.lora_B": 0.6108479868142147,
    "v_proj.lora_A": 1.305475170898842,
    "v_proj.lora_B": 0.35873176792977596,
    "gate_proj.lora_A": 1.2947679296625807,
    "gate_proj.lora_B": 1.0102857616394272
  },
  "30": {
    "q_proj.lora_A": 1.3089051035916428,