{
  "traps": {
    "Decimal Magnitude": {
      "baseline": -0.15711307525634766,
      "steered": -0.025936126708984375,
      "flipped": false,
      "broken": false
    },
    "Prime Check": {
      "baseline": 0.7502012252807617,
      "steered": 0.9358353614807129,
      "flipped": false,
      "broken": false
    },
    "Density Illusion": {
      "baseline": -3.0210609436035156,
      "steered": -1.292637825012207,
      "flipped": false,
      "broken": false
    },
    "Spatial Inversion": {
      "baseline": -1.0944533348083496,
      "steered": -0.7660584449768066,
      "flipped": false,
      "broken": false
    },
    "CRT Ball": {
      "baseline": 4.786663055419922,
      "steered": 4.901036739349365,
      "flipped": false,
      "broken": false
    },
    "CRT Widgets": {
      "baseline": 2.037900924682617,
      "steered": 2.0909194946289062,
      "flipped": false,
      "broken": false
    },
    "Overtake Race": {
      "baseline": 1.35725998878479,
      "steered": 1.7485969066619873,
      "flipped": false,
      "broken": false
    },
    "Repeating Decimal": {
      "baseline": 1.3068132400512695,
      "steered": 1.311110496520996,
      "flipped": false,
      "broken": false
    },
    "Monty Hall": {
      "baseline": 1.0327606201171875,
      "steered": 1.1300930976867676,
      "flipped": false,
      "broken": false
    },
    "Simpson's Paradox": {
      "baseline": 1.8932232856750488,
      "steered": 1.880598545074463,
      "flipped": false,
      "broken": false
    },
    "Overtake 2nd": {
      "baseline": 1.35725998878479,
      "steered": 1.7485969066619873,
      "flipped": false,
      "broken": false
    },
    "Overtake Last": {
      "baseline": -1.0105280876159668,
      "steered": -0.6306886672973633,
      "flipped": false,
      "broken": false
    },
    "Finish Before 3rd": {
      "baseline": -0.0141754150390625,
      "steered": 0.9940321445465088,
      "flipped": true,
      "broken": false
    },
    "Elevator Floor": {
      "baseline": 0.8938007354736328,
      "steered": 1.1665375232696533,
      "flipped": false,
      "broken": false
    },
    "Queue Position": {
      "baseline": 0.9111392498016357,
      "steered": 1.0983505249023438,
      "flipped": false,
      "broken": false
    },
    "Day After Tomorrow": {
      "baseline": 0.9027576446533203,
      "steered": 0.9316091537475586,
      "flipped": false,
      "broken": false
    },
    "Counting Fence Posts": {
      "baseline": 0.9717540740966797,
      "steered": 1.0400581359863281,
      "flipped": false,
      "broken": false
    },
    "Meeting Point": {
      "baseline": 1.9649734497070312,
      "steered": 1.966874122619629,
      "flipped": false,
      "broken": false
    },
    "Handshakes": {
      "baseline": 1.0763912200927734,
      "steered": 1.0745749473571777,
      "flipped": false,
      "broken": false
    },
    "Siblings": {
      "baseline": 0.645744800567627,
      "steered": 0.7130312919616699,
      "flipped": false,
      "broken": false
    },
    "Clock Angle": {
      "baseline": 0.29440832138061523,
      "steered": 0.2970905303955078,
      "flipped": false,
      "broken": false
    },
    "Staircase Steps": {
      "baseline": 0.6597900390625,
      "steered": 0.7987885475158691,
      "flipped": false,
      "broken": false
    },
    "Cutting Rope": {
      "baseline": -1.3259220123291016,
      "steered": -1.0702290534973145,
      "flipped": false,
      "broken": false
    },
    "Month Ordering": {
      "baseline": 1.1056222915649414,
      "steered": 1.1012468338012695,
      "flipped": false,
      "broken": false
    },
    "Birthday Paradox Direction": {
      "baseline": 0.5854947566986084,
      "steered": 0.5938634872436523,
      "flipped": false,
      "broken": false
    },
    "Rank Reversal": {
      "baseline": 2.3196144104003906,
      "steered": 2.4389607906341553,
      "flipped": false,
      "broken": false
    },
    "Pages in Book": {
      "baseline": 1.046976089477539,
      "steered": 1.1986308097839355,
      "flipped": false,
      "broken": false
    },
    "Round Robin Games": {
      "baseline": 1.0924444198608398,
      "steered": 1.091684341430664,
      "flipped": false,
      "broken": false
    },
    "Overlapping Intervals": {
      "baseline": 0.43229055404663086,
      "steered": 0.633181095123291,
      "flipped": false,
      "broken": false
    },
    "Off-by-One Inclusive": {
      "baseline": 0.3804473876953125,
      "steered": 0.4449501037597656,
      "flipped": false,
      "broken": false
    }
  },
  "n_correct_baseline": 24,
  "n_correct_steered": 25,
  "n_total": 30,
  "n_flipped": 1,
  "n_broken": 0
}