{
  "timestamp": "20260402_193314",
  "n_runs": 1,
  "epsilon_scale": 0.0,
  "scores": [
    24
  ],
  "min": 24,
  "max": 24,
  "mean": 24.0,
  "perfect_runs": 0,
  "stochastic_traps": [],
  "trap_margins": {
    "Decimal Magnitude": [
      -0.15711307525634766
    ],
    "Prime Check": [
      0.7502012252807617
    ],
    "Density Illusion": [
      -3.0210609436035156
    ],
    "Spatial Inversion": [
      -1.0944533348083496
    ],
    "CRT Ball": [
      4.786663055419922
    ],
    "CRT Widgets": [
      2.037900924682617
    ],
    "Overtake Race": [
      1.35725998878479
    ],
    "Repeating Decimal": [
      1.3068132400512695
    ],
    "Monty Hall": [
      1.0327606201171875
    ],
    "Simpson's Paradox": [
      1.8932232856750488
    ],
    "Overtake 2nd": [
      1.35725998878479
    ],
    "Overtake Last": [
      -1.0105280876159668
    ],
    "Finish Before 3rd": [
      -0.0141754150390625
    ],
    "Elevator Floor": [
      0.8938007354736328
    ],
    "Queue Position": [
      0.9111392498016357
    ],
    "Day After Tomorrow": [
      0.9027576446533203
    ],
    "Counting Fence Posts": [
      0.9717540740966797
    ],
    "Meeting Point": [
      1.9649734497070312
    ],
    "Handshakes": [
      1.0763912200927734
    ],
    "Siblings": [
      0.645744800567627
    ],
    "Clock Angle": [
      0.29440832138061523
    ],
    "Staircase Steps": [
      0.6597900390625
    ],
    "Cutting Rope": [
      -1.3259220123291016
    ],
    "Month Ordering": [
      1.1056222915649414
    ],
    "Birthday Paradox Direction": [
      0.5854947566986084
    ],
    "Rank Reversal": [
      2.3196144104003906
    ],
    "Pages in Book": [
      1.046976089477539
    ],
    "Round Robin Games": [
      1.0924444198608398
    ],
    "Overlapping Intervals": [
      0.43229055404663086
    ],
    "Off-by-One Inclusive": [
      0.3804473876953125
    ]
  },
  "trap_flip_counts": {
    "Decimal Magnitude": 0,
    "Prime Check": 0,
    "Density Illusion": 0,
    "Spatial Inversion": 0,
    "CRT Ball": 0,
    "CRT Widgets": 0,
    "Overtake Race": 0,
    "Repeating Decimal": 0,
    "Monty Hall": 0,
    "Simpson's Paradox": 0,
    "Overtake 2nd": 0,
    "Overtake Last": 0,
    "Finish Before 3rd": 0,
    "Elevator Floor": 0,
    "Queue Position": 0,
    "Day After Tomorrow": 0,
    "Counting Fence Posts": 0,
    "Meeting Point": 0,
    "Handshakes": 0,
    "Siblings": 0,
    "Clock Angle": 0,
    "Staircase Steps": 0,
    "Cutting Rope": 0,
    "Month Ordering": 0,
    "Birthday Paradox Direction": 0,
    "Rank Reversal": 0,
    "Pages in Book": 0,
    "Round Robin Games": 0,
    "Overlapping Intervals": 0,
    "Off-by-One Inclusive": 0
  },
  "all_runs": [
    {
      "run": 1,
      "n_correct": 24,
      "n_total": 30,
      "elapsed_s": 4.125730514526367,
      "traps": {
        "Decimal Magnitude": {
          "baseline": -0.15711307525634766,
          "steered": -0.15711307525634766,
          "flipped": false,
          "correct": false
        },
        "Prime Check": {
          "baseline": 0.7502012252807617,
          "steered": 0.7502012252807617,
          "flipped": false,
          "correct": true
        },
        "Density Illusion": {
          "baseline": -3.0210609436035156,
          "steered": -3.0210609436035156,
          "flipped": false,
          "correct": false
        },
        "Spatial Inversion": {
          "baseline": -1.0944533348083496,
          "steered": -1.0944533348083496,
          "flipped": false,
          "correct": false
        },
        "CRT Ball": {
          "baseline": 4.786663055419922,
          "steered": 4.786663055419922,
          "flipped": false,
          "correct": true
        },
        "CRT Widgets": {
          "baseline": 2.037900924682617,
          "steered": 2.037900924682617,
          "flipped": false,
          "correct": true
        },
        "Overtake Race": {
          "baseline": 1.35725998878479,
          "steered": 1.35725998878479,
          "flipped": false,
          "correct": true
        },
        "Repeating Decimal": {
          "baseline": 1.3068132400512695,
          "steered": 1.3068132400512695,
          "flipped": false,
          "correct": true
        },
        "Monty Hall": {
          "baseline": 1.0327606201171875,
          "steered": 1.0327606201171875,
          "flipped": false,
          "correct": true
        },
        "Simpson's Paradox": {
          "baseline": 1.8932232856750488,
          "steered": 1.8932232856750488,
          "flipped": false,
          "correct": true
        },
        "Overtake 2nd": {
          "baseline": 1.35725998878479,
          "steered": 1.35725998878479,
          "flipped": false,
          "correct": true
        },
        "Overtake Last": {
          "baseline": -1.0105280876159668,
          "steered": -1.0105280876159668,
          "flipped": false,
          "correct": false
        },
        "Finish Before 3rd": {
          "baseline": -0.0141754150390625,
          "steered": -0.0141754150390625,
          "flipped": false,
          "correct": false
        },
        "Elevator Floor": {
          "baseline": 0.8938007354736328,
          "steered": 0.8938007354736328,
          "flipped": false,
          "correct": true
        },
        "Queue Position": {
          "baseline": 0.9111392498016357,
          "steered": 0.9111392498016357,
          "flipped": false,
          "correct": true
        },
        "Day After Tomorrow": {
          "baseline": 0.9027576446533203,
          "steered": 0.9027576446533203,
          "flipped": false,
          "correct": true
        },
        "Counting Fence Posts": {
          "baseline": 0.9717540740966797,
          "steered": 0.9717540740966797,
          "flipped": false,
          "correct": true
        },
        "Meeting Point": {
          "baseline": 1.9649734497070312,
          "steered": 1.9649734497070312,
          "flipped": false,
          "correct": true
        },
        "Handshakes": {
          "baseline": 1.0763912200927734,
          "steered": 1.0763912200927734,
          "flipped": false,
          "correct": true
        },
        "Siblings": {
          "baseline": 0.645744800567627,
          "steered": 0.645744800567627,
          "flipped": false,
          "correct": true
        },
        "Clock Angle": {
          "baseline": 0.29440832138061523,
          "steered": 0.29440832138061523,
          "flipped": false,
          "correct": true
        },
        "Staircase Steps": {
          "baseline": 0.6597900390625,
          "steered": 0.6597900390625,
          "flipped": false,
          "correct": true
        },
        "Cutting Rope": {
          "baseline": -1.3259220123291016,
          "steered": -1.3259220123291016,
          "flipped": false,
          "correct": false
        },
        "Month Ordering": {
          "baseline": 1.1056222915649414,
          "steered": 1.1056222915649414,
          "flipped": false,
          "correct": true
        },
        "Birthday Paradox Direction": {
          "baseline": 0.5854947566986084,
          "steered": 0.5854947566986084,
          "flipped": false,
          "correct": true
        },
        "Rank Reversal": {
          "baseline": 2.3196144104003906,
          "steered": 2.3196144104003906,
          "flipped": false,
          "correct": true
        },
        "Pages in Book": {
          "baseline": 1.046976089477539,
          "steered": 1.046976089477539,
          "flipped": false,
          "correct": true
        },
        "Round Robin Games": {
          "baseline": 1.0924444198608398,
          "steered": 1.0924444198608398,
          "flipped": false,
          "correct": true
        },
        "Overlapping Intervals": {
          "baseline": 0.43229055404663086,
          "steered": 0.43229055404663086,
          "flipped": false,
          "correct": true
        },