{
  "elapsed_sec": 21.459908485412598,
  "results": {
    "2+2_run": {
      "t_final": 200.0,
      "t_max_requested": 200.0,
      "terminated_by_collision": false,
      "n_steps": 7097,
      "E_initial": -2.0466891717302893,
      "E_final": -2.0466891804247878,
      "E_drift_relative": 4.248079569004989e-09,
      "rmax_initial": 10.15,
      "rmax_final": 70.27162744668519,
      "rmax_growth_rate_at_end": 0.7333926300184966,
      "min_separation_seen": 0.3000000000000007,
      "params": {
        "R": 10.0,
        "r": 0.3,
        "v_pair": 1.5,
        "v_sep": 0.4,
        "t_max": 200.0
      }
    },
    "1+3_run": {
      "t_final": 250.0,
      "terminated_by_collision": false,
      "E_initial": -0.01106529086629715,
      "E_final": -0.011065290851207416,
      "E_drift_relative": 1.363699806846602e-09,
      "rmax_initial": 15.874308299891368,
      "rmax_final": 80.59133973842584,
      "min_separation_seen": 0.04631564083207501,
      "params": {
        "R": 12.0,
        "r": 0.4,
        "v_pair": 1.6,
        "v_osc": 0.3,
        "t_max": 250.0
      }
    },
    "v_sep_sweep": [
      {
        "v_sep": 0.05,
        "t_final": 100.0,
        "t_max_requested": 100.0,
        "terminated_by_collision": false,
        "n_steps": 5792,
        "E_initial": -2.3616891717302897,
        "E_final": -2.3616891855500217,
        "E_drift_relative": 5.8516303461245675e-09,
        "rmax_initial": 10.15,
        "rmax_final": 10.660848940637008,
        "rmax_growth_rate_at_end": 0.30819521257193283,
        "min_separation_seen": 0.018806057401460373,
        "params": {
          "R": 10.0,
          "r": 0.3,
          "v_pair": 1.5,
          "v_sep": 0.05,
          "t_max": 100.0
        }
      },
      {
        "v_sep": 0.1,
        "t_final": 100.0,
        "t_max_requested": 100.0,
        "terminated_by_collision": false,
        "n_steps": 4129,
        "E_initial": -2.34668917173029,
        "E_final": -2.34668917768228,
        "E_drift_relative": 2.5363350560725265e-09,
        "rmax_initial": 10.15,
        "rmax_final": 1.8851507767845042,
        "rmax_growth_rate_at_end": -0.4332018519460054,
        "min_separation_seen": 0.003600811299883276,
        "params": {
          "R": 10.0,
          "r": 0.3,
          "v_pair": 1.5,
          "v_sep": 0.1,
          "t_max": 100.0
        }
      },
      {
        "v_sep": 0.2,
        "t_final": 100.0,
        "t_max_requested": 100.0,
        "terminated_by_collision": false,
        "n_steps": 3520,
        "E_initial": -2.2866891717302895,
        "E_final": -2.286689176832983,
        "E_drift_relative": 2.231476600330128e-09,
        "rmax_initial": 10.15,
        "rmax_final": 16.411532564197007,
        "rmax_growth_rate_at_end": -0.043772859704548146,
        "min_separation_seen": 0.3000000000000007,
        "params": {
          "R": 10.0,
          "r": 0.3,
          "v_pair": 1.5,
          "v_sep": 0.2,
          "t_max": 100.0
        }
      },
      {
        "v_sep": 0.3,
        "t_final": 100.0,
        "t_max_requested": 100.0,
        "terminated_by_collision": false,
        "n_steps": 3529,
        "E_initial": -2.18668917173029,
        "E_final": -2.186689176659276,
        "E_drift_relative": 2.254086301737393e-09,
        "rmax_initial": 10.15,
        "rmax_final": 30.16767357596996,
        "rmax_growth_rate_at_end": 0.13890523070675131,
        "min_separation_seen": 0.3000000000000007,
        "params": {
          "R": 10.0,
          "r": 0.3,
          "v_pair": 1.5,
          "v_sep": 0.3,
          "t_max": 100.0
        }
      },
      {
        "v_sep": 0.5,
        "t_final": 100.0,
        "t_max_requested": 100.0,
        "terminated_by_collision": false,
        "n_steps": 3586,
        "E_initial": -1.8666891717302896,
        "E_final": -1.8666891741072305,
        "E_drift_relative": 1.2733458265856704e-09,
        "rmax_initial": 10.15,
        "rmax_final": 53.38678949574388,
        "rmax_growth_rate_at_end": 0.4013101843547295,
        "min_separation_seen": 0.3000000000000007,
        "params": {
          "R": 10.0,
          "r": 0.3,
          "v_pair": 1.5,
          "v_sep": 0.5,
          "t_max": 100.0
        }
      },
      {
        "v_sep": 0.8,
        "t_final": 100.0,
        "t_max_requested": 100.0,
        "terminated_by_collision": false,
        "n_steps": 3611,
        "E_initial": -1.0866891717302893,
        "E_final": -1.0866891753342958,
        "E_drift_relative": 3.3165016459020066e-09,
        "rmax_initial": 10.15,
        "rmax_final": 85.47784193225398,
        "rmax_growth_rate_at_end": 0.7351929894627252,
        "min_separation_seen": 0.3000000000000007,
        "params": {
          "R": 10.0,
          "r": 0.3,
          "v_pair": 1.5,
          "v_sep": 0.8,
          "t_max": 100.0
        }
      },
      {
        "v_sep": 1.2,
        "t_final": 100.0,
        "t_max_requested": 100.0,
        "terminated_by_collision": false,
        "n_steps": 3629,
        "E_initial": 0.5133108282697103,
        "E_final": 0.5133108225443523,
        "E_drift_relative": 1.1153783731392986e-08,
        "rmax_initial": 10.15,
        "rmax_final": 126.7996669789734,
        "rmax_growth_rate_at_end": 1.1737504633192903,
        "min_separation_seen": 0.3000000000000007,
        "params": {
          "R": 10.0,
          "r": 0.3,
          "v_pair": 1.5,
          "v_sep": 1.2,
          "t_max": 100.0
        }
      }
    ]
  }
}