{
  "test": "finance_rolling_symmetry",
  "vol_dispersion_rho": 0.6489415254390997,
  "vol_eta2_rho": -0.38187253229003787,
  "r2_linear": 0.09626396143220159,
  "r2_step": 0.04884707034175173,
  "rank_stability_rho": 0.6969696969696969,
  "transition": "SMOOTH"
}