{
  "1": {
    "2": {
      "mean": -0.019414343198601046,
      "std": 0.8769466076623116,
      "n": 4662
    },
    "3": {
      "mean": -0.0066811051268160365,
      "std": 0.9503191627732699,
      "n": 5617
    },
    "5": {
      "mean": 0.0012572774683721046,
      "std": 1.0012916001387195,
      "n": 7114
    },
    "7": {
      "mean": -0.006688791078408773,
      "std": 0.9926643052792192,
      "n": 7911
    },
    "11": {
      "mean": 0.009695337620027725,
      "std": 0.9953928153339368,
      "n": 8832
    },
    "13": {
      "mean": -0.006210243758753667,
      "std": 0.9971724970197766,
      "n": 9066
    },
    "17": {
      "mean": 0.01634779140526104,
      "std": 1.0083454008159543,
      "n": 9317
    },
    "19": {
      "mean": -0.01397419108194237,
      "std": 1.0018085992320374,
      "n": 9407
    },
    "23": {
      "mean": -0.009965843139479099,
      "std": 0.9984317891531086,
      "n": 9499
    },
    "29": {
      "mean": -0.02498782386002626,
      "std": 1.0037239969374114,
      "n": 9646
    },
    "31": {
      "mean": -0.007772458587086461,
      "std": 0.9949203364914199,
      "n": 9636
    },
    "37": {
      "mean": -0.024397958650455902,
      "std": 1.0017202784781478,
      "n": 9730
    },
    "41": {
      "mean": -0.0011966726748718274,
      "std": 1.0013078967298374,
      "n": 9788
    },
    "43": {
      "mean": -0.015279480515893323,
      "std": 1.0051732402572504,
      "n": 9781
    },
    "47": {
      "mean": 0.0004019549673855012,
      "std": 0.9979163422959304,
      "n": 9798
    },
    "53": {
      "mean": -0.006251945251670097,
      "std": 1.0066331850900483,
      "n": 9799
    },
    "59": {
      "mean": -0.011360010988744671,
      "std": 0.996967799810386,
      "n": 9810
    },
    "61": {
      "mean": -0.027527409555378107,
      "std": 0.998694644816954,
      "n": 9856
    },
    "67": {
      "mean": -0.00710777022709499,
      "std": 0.9947295576590782,
      "n": 9866
    },
    "71": {
      "mean": -0.023694738691009333,
      "std": 1.0041592331093059,
      "n": 9867
    },
    "73": {
      "mean": -0.033691147175857576,
      "std": 1.00114378083369,
      "n": 9866
    },
    "79": {
      "mean": -0.03410426255765443,
      "std": 1.0127608710284826,
      "n": 9887
    },
    "83": {
      "mean": -0.003997669275250021,
      "std": 0.9940529402613497,
      "n": 9912
    },
    "89": {
      "mean": -0.003612289266479356,
      "std": 1.0047508528723461,
      "n": 9889
    },
    "97": {
      "mean": -0.015053156711464965,
      "std": 1.0014654760187445,
      "n": 9922
    }
  },
  "2": {
    "2": {
      "mean": -0.012396682699623903,
      "std": 0.6861078180332298,
      "n": 1426
    },
    "3": {
      "mean": -0.017651725852929134,
      "std": 0.8861879540382812,
      "n": 2911
    },
    "5": {
      "mean": 0.0033529692063826643,
      "std": 0.9773259755895369,
      "n": 4935
    },
    "7": {
      "mean": -0.015267058548606516,
      "std": 0.9663232534316835,
      "n": 6313
    },
    "11": {
      "mean": 0.004280620534790142,
      "std": 0.9799249709236144,
      "n": 7748
    },
    "13": {
      "mean": -0.019211698158625872,
      "std": 1.00284163666482,
      "n": 8301
    },
    "17": {
      "mean": -0.005392163994011316,
      "std": 0.9843731443088242,
      "n": 8681
    },
    "19": {
      "mean": 0.003203414514501814,
      "std": 1.009605502141441,
      "n": 8952
    },
    "23": {
      "mean": 0.01362659986601059,
      "std": 1.0039610976378228,
      "n": 9120
    },
    "29": {
      "mean": 0.010217591511019138,
      "std": 0.9949051686413231,
      "n": 9396
    },
    "31": {
      "mean": -0.006122257826334791,
      "std": 1.0094390863974432,
      "n": 9417
    },
    "37": {
      "mean": 0.004607865799971699,
      "std": 0.9911764608704496,
      "n": 9526
    },
    "41": {
      "mean": -0.005967177873601612,
      "std": 1.0027880638048072,
      "n": 9579
    },
    "43": {
      "mean": -0.004077417038647461,
      "std": 1.0027545418635064,
      "n": 9612
    },
    "47": {
      "mean": 0.011064156670143701,
      "std": 0.9946073135338519,
      "n": 9624
    },
    "53": {
      "mean": -0.008667353864996152,
      "std": 0.9981700718792431,
      "n": 9699
    },
    "59": {
      "mean": 0.009096926777954139,
      "std": 0.9975914321011778,
      "n": 9746
    },
    "61": {
      "mean": -0.008063565879207599,
      "std": 1.0091356712420954,
      "n": 9797
    },
    "67": {
      "mean": 0.005274396131460485,
      "std": 0.9959681266095805,
      "n": 9821
    },
    "71": {
      "mean": -0.015069858086870112,
      "std": 1.0012888858284432,
      "n": 9781
    },
    "73": {
      "mean": -0.006383846025961731,
      "std": 1.0099783361825858,
      "n": 9827
    },
    "79": {
      "mean": 0.0017615243670456259,
      "std": 0.9993843941787626,
      "n": 9836
    },
    "83": {
      "mean": 0.0080595744648181,
      "std": 0.991380976333983,
      "n": 9833
    },
    "89": {
      "mean": -0.019056262700520844,
      "std": 1.0037206837122636,
      "n": 9840
    },
    "97": {
      "mean": -0.002595792164083108,
      "std": 1.0066509139634483,
      "n": 9857
    }
  },
  "3": {
    "2": {
      "mean": -0.013527260161829605,
      "std": 0.3633055549754124,
      "n": 2300
    },
    "3": {
      "mean": -0.03916032989920469,
      "std": 0.8674760759335963,
      "n": 4364
    },
    "5": {
      "mean": 0.013679134091194697,
      "std": 0.9930201295775694,
      "n": 6179
    },
    "7": {
      "mean": -0.04309276475710297,
      "std": 0.435802042280296,
      "n": 4710
    },
    "11": {
      "mean": 0.009833463516205242,
      "std": 1.0097903620487438,
      "n": 8340
    },
    "13": {
      "mean": -0.03360411574005436,
      "std": 1.2191246858066995,
      "n": 7164
    },
    "17": {
      "mean": -0.0011379363938578237,
      "std": 0.970691249126891,
      "n": 9378
    },
    "19": {
      "mean": -0.013192522707956279,
      "std": 0.8811564613454664,
      "n": 8208
    },
    "23": {
      "mean": 0.015342488413162566,
      "std": 1.0010712084963809,
      "n": 9595
    },
    "29": {
      "mean": -0.005345398857774702,
      "std": 1.006570340316515,
      "n": 9727
    },
    "31": {
      "mean": -0.012029175585374864,
      "std": 0.826501548951279,
      "n": 9063
    },
    "37": {
      "mean": 0.0017579930593249501,
      "std": 0.9572646385899665,
      "n": 9258
    },
    "41": {
      "mean": 0.0035040001398357313,
      "std": 1.0202506222660934,
      "n": 9850
    },
    "43": {
      "mean": -0.003651397076177094,
      "std": 1.116417891512707,
      "n": 9397
    },
    "47": {
      "mean": -0.021074313867882232,
      "std": 0.9691372018445518,
      "n": 9870
    },
    "53": {
      "mean": 0.004725612400206382,
      "std": 1.0154790573533896,
      "n": 9941
    },
    "59": {
      "mean": -0.00929264532457136,
      "std": 0.981715289567195,
      "n": 9919
    },
    "61": {
      "mean": -0.005937516837238311,
      "std": 0.9964662995118636,
      "n": 9596
    },
    "67": {
      "mean": 0.003012328195724435,
      "std": 1.1098579205146684,
      "n": 9693
    },
    "71": {
      "mean": 0.003787092668083869,
      "std": 0.9908436180789719,
      "n": 9934
    },
    "73": {
      "mean": 0.0008681325433317582,
      "std": 0.8955945136254109,
      "n": 9707
    },
    "79": {
      "mean": -0.016748507047814158,
      "std": 0.902154563443251,
      "n": 9727
    },
    "83": {
      "mean": -0.013983620713474252,
      "std": 1.0093161990472872,
      "n": 9961
    },
    "89": {
      "mean": 0.008746523513587675,
      "std": 1.030865317600774,
      "n": 9974
    },
    "97": {
      "mean": 0.015157201853325381,
      "std": 1.0493061456528379,
      "n": 9807
    }
  },
  "4": {
    "2": {
      "mean": -0.02917107183112819,
      "std": 0.7063101450959577,
      "n": 1818
    },