{
  "0": {
    "q_proj.lora_A": 8.020075535209493,
    "q_proj.lora_B": 7.8969940955733176,
    "v_proj.lora_A": 8.032357215080221,
    "v_proj.lora_B": 4.720509750080665,
    "gate_proj.lora_A": 7.910601789983078,
    "gate_proj.lora_B": 13.01058555201961
  },
  "1": {
    "q_proj.lora_A": 7.755320236706241,
    "q_proj.lora_B": 7.896043397596418,
    "v_proj.lora_A": 7.945753349628234,
    "v_proj.lora_B": 4.56747264691741,
    "gate_proj.lora_A": 8.011010132856924,
    "gate_proj.lora_B": 12.987205851480253
  },
  "2": {
    "q_proj.lora_A": 7.994923968133264,
    "q_proj.lora_B": 7.97012513891408,
    "v_proj.lora_A": 8.026484804061502,
    "v_proj.lora_B": 4.711684020232542,
    "gate_proj.lora_A": 8.018837667023947,
    "gate_proj.lora_B": 12.969274300887582
  },
  "3": {
    "q_proj.lora_A": 7.858677359010113,
    "q_proj.lora_B": 7.923397928284096,
    "v_proj.lora_A": 7.98359263068448,
    "v_proj.lora_B": 4.583564139107454,
    "gate_proj.lora_A": 7.909038096020012,
    "gate_proj.lora_B": 12.976910033095574
  },
  "4": {
    "q_proj.lora_A": 7.942848413690639,
    "q_proj.lora_B": 7.801639868396683,
    "v_proj.lora_A": 8.111038079259846,
    "v_proj.lora_B": 4.5679199460626725,
    "gate_proj.lora_A": 8.102528934620523,
    "gate_proj.lora_B": 13.078621108604025
  },
  "5": {
    "q_proj.lora_A": 8.028343283121497,
    "q_proj.lora_B": 8.014669155666393,
    "v_proj.lora_A": 7.912241273553857,
    "v_proj.lora_B": 4.484259103039087,
    "gate_proj.lora_A": 8.030474703484963,
    "gate_proj.lora_B": 12.863788523424821
  },
  "6": {
    "q_proj.lora_A": 8.021064978510072,
    "q_proj.lora_B": 7.898019516934475,
    "v_proj.lora_A": 8.23627418214775,
    "v_proj.lora_B": 4.461673383843987,
    "gate_proj.lora_A": 8.311875095817042,
    "gate_proj.lora_B": 12.920896544966446
  },
  "7": {
    "q_proj.lora_A": 7.894253992662574,
    "q_proj.lora_B": 7.92310319354745,
    "v_proj.lora_A": 7.944146106515006,
    "v_proj.lora_B": 4.5490933853096545,
    "gate_proj.lora_A": 7.997681565488459,
    "gate_proj.lora_B": 13.04970436339483
  },
  "8": {
    "q_proj.lora_A": 8.069012548874838,
    "q_proj.lora_B": 7.959928702527357,
    "v_proj.lora_A": 8.043077266595706,
    "v_proj.lora_B": 4.577504054884289,
    "gate_proj.lora_A": 7.939997371876209,
    "gate_proj.lora_B": 13.014749410552401
  },
  "9": {
    "q_proj.lora_A": 8.032536337128281,
    "q_proj.lora_B": 7.867287641850575,
    "v_proj.lora_A": 7.998218155600724,
    "v_proj.lora_B": 4.635861754788383,
    "gate_proj.lora_A": 7.923195407871223,
    "gate_proj.lora_B": 12.835030545543828
  },
  "10": {
    "q_proj.lora_A": 7.98026757335312,
    "q_proj.lora_B": 7.951515019909463,
    "v_proj.lora_A": 7.883804765634753,
    "v_proj.lora_B": 4.703366398834144,
    "gate_proj.lora_A": 7.9075063458393196,
    "gate_proj.lora_B": 12.928548465880505
  },
  "11": {
    "q_proj.lora_A": 8.034055248089043,
    "q_proj.lora_B": 8.059042411592298,
    "v_proj.lora_A": 8.17386005816162,
    "v_proj.lora_B": 4.5869414881648325,
    "gate_proj.lora_A": 8.012914562018748,
    "gate_proj.lora_B": 12.913632065846109
  },
  "12": {
    "q_proj.lora_A": 8.089301026460177,
    "q_proj.lora_B": 7.995474424591432,
    "v_proj.lora_A": 8.111840768855362,
    "v_proj.lora_B": 4.537647273447634,
    "gate_proj.lora_A": 7.9804094407331805,
    "gate_proj.lora_B": 12.78763866041779
  },
  "13": {
    "q_proj.lora_A": 8.020928164751378,
    "q_proj.lora_B": 7.914728538304215,
    "v_proj.lora_A": 7.917281503823901,
    "v_proj.lora_B": 4.688605931155952,
    "gate_proj.lora_A": 8.040927112524477,
    "gate_proj.lora_B": 13.107226342695046
  },
  "14": {
    "q_proj.lora_A": 8.010914329805548,
    "q_proj.lora_B": 8.07273154185857,
    "v_proj.lora_A": 7.929435816453092,
    "v_proj.lora_B": 4.418998285167639,
    "gate_proj.lora_A": 7.952503597875036,
    "gate_proj.lora_B": 12.927312037619528
  },
  "15": {
    "q_proj.lora_A": 7.997925784170814,
    "q_proj.lora_B": 8.054297852467315,
    "v_proj.lora_A": 8.02683056901528,
    "v_proj.lora_B": 4.663788553542208,
    "gate_proj.lora_A": 7.998647926352828,
    "gate_proj.lora_B": 12.887490120929462
  },
  "16": {
    "q_proj.lora_A": 8.08503004574025,
    "q_proj.lora_B": 8.015939201336304,
    "v_proj.lora_A": 7.975398735321006,
    "v_proj.lora_B": 4.49896973321194,
    "gate_proj.lora_A": 8.007205425067578,
    "gate_proj.lora_B": 13.127042390620803
  },
  "17": {
    "q_proj.lora_A": 7.962904101232414,
    "q_proj.lora_B": 8.020155910886634,
    "v_proj.lora_A": 7.807332169609638,
    "v_proj.lora_B": 4.59672554743648,
    "gate_proj.lora_A": 7.828927782159537,
    "gate_proj.lora_B": 12.924507810696893
  },
  "18": {
    "q_proj.lora_A": 7.957734958418501,
    "q_proj.lora_B": 8.000036061554063,
    "v_proj.lora_A": 7.9729297069331615,
    "v_proj.lora_B": 4.603010187854224,
    "gate_proj.lora_A": 8.033835346735518,
    "gate_proj.lora_B": 13.007318518541659
  },
  "19": {
    "q_proj.lora_A": 8.298300139228093,
    "q_proj.lora_B": 7.93529806737085,
    "v_proj.lora_A": 7.8852619091304925,
    "v_proj.lora_B": 4.522360352662025,
    "gate_proj.lora_A": 8.006600755272562,
    "gate_proj.lora_B": 12.974059250029214
  },
  "20": {
    "q_proj.lora_A": 8.055036264087692,
    "q_proj.lora_B": 7.94720002300774,
    "v_proj.lora_A": 8.06211603466803,
    "v_proj.lora_B": 4.646807466403971,
    "gate_proj.lora_A": 8.00293308864837,
    "gate_proj.lora_B": 12.962879717350356
  },
  "21": {
    "q_proj.lora_A": 8.0058949868969,
    "q_proj.lora_B": 7.990556456417592,
    "v_proj.lora_A": 8.070286793902666,
    "v_proj.lora_B": 4.577543080910865,
    "gate_proj.lora_A": 8.050201155046691,
    "gate_proj.lora_B": 12.910791822685868
  },
  "22": {
    "q_proj.lora_A": 8.154396742689977,
    "q_proj.lora_B": 7.84062508019532,
    "v_proj.lora_A": 8.002064879948904,
    "v_proj.lora_B": 4.46734604428087,
    "gate_proj.lora_A": 8.09177179051942,
    "gate_proj.lora_B": 13.081789436318827
  },
  "23": {
    "q_proj.lora_A": 7.867154213299409,
    "q_proj.lora_B": 7.740116215036095,
    "v_proj.lora_A": 8.06897351373748,
    "v_proj.lora_B": 4.545218300905105,
    "gate_proj.lora_A": 7.998781117130188,
    "gate_proj.lora_B": 12.967777035044108
  },
  "24": {
    "q_proj.lora_A": 7.898159837706926,
    "q_proj.lora_B": 7.786192802382207,
    "v_proj.lora_A": 8.073306408410776,
    "v_proj.lora_B": 4.73013354192508,
    "gate_proj.lora_A": 8.017702255037424,
    "gate_proj.lora_B": 12.85094236869339
  },
  "25": {
    "q_proj.lora_A": 7.971398566323953,
    "q_proj.lora_B": 7.85472382118662,
    "v_proj.lora_A": 8.11330596607128,
    "v_proj.lora_B": 4.373672917178785,
    "gate_proj.lora_A": 7.9749829888820605,
    "gate_proj.lora_B": 12.942598175236299
  },
  "26": {
    "q_proj.lora_A": 8.034018311198171,
    "q_proj.lora_B": 7.894479765796327,
    "v_proj.lora_A": 7.833921207860159,
    "v_proj.lora_B": 4.388621441367481,
    "gate_proj.lora_A": 7.916882888609252,
    "gate_proj.lora_B": 13.01263165606884
  },
  "27": {
    "q_proj.lora_A": 8.146660672001754,
    "q_proj.lora_B": 7.94097695453052,
    "v_proj.lora_A": 8.082388941508212,
    "v_proj.lora_B": 4.361631946310503,
    "gate_proj.lora_A": 8.074081587581249,
    "gate_proj.lora_B": 12.961323308184456
  },
  "28": {
    "q_proj.lora_A": 7.969087863088948,
    "q_proj.lora_B": 7.823408132787207,
    "v_proj.lora_A": 7.986168778656359,
    "v_proj.lora_B": 4.558277131093735,
    "gate_proj.lora_A": 7.968871128479073,
    "gate_proj.lora_B": 12.909457555540454
  },
  "29": {
    "q_proj.lora_A": 8.057387044121569,
    "q_proj.lora_B": 7.987929033827613,
    "v_proj.lora_A": 8.046605496985523,
    "v_proj.lora_B": 4.5791343840719305,
    "gate_proj.lora_A": 8.018191342915717,
    "gate_proj.lora_B": 13.001641519961746
  },
  "30": {
    "q_proj.lora_A": 8.187025078358596,
    "q_proj.lora_B": 7.862131167979327,
    "v_proj.lora_A": 7.883971545752636,
    "v_proj.lora_B": 4.517860292055877,