{
  "0": {
    "q_proj.lora_A": 7.736484840038798,
    "q_proj.lora_B": 7.458453272920901,
    "v_proj.lora_A": 7.693464156274717,
    "v_proj.lora_B": 4.383753383569979,
    "gate_proj.lora_A": 7.632984542494172,
    "gate_proj.lora_B": 12.317209152590506
  },
  "1": {
    "q_proj.lora_A": 7.485197459187755,
    "q_proj.lora_B": 7.572515664141967,
    "v_proj.lora_A": 7.740658785459763,
    "v_proj.lora_B": 4.335556937875168,
    "gate_proj.lora_A": 7.558498291527005,
    "gate_proj.lora_B": 12.209411583435651
  },
  "2": {
    "q_proj.lora_A": 7.627451012009903,
    "q_proj.lora_B": 7.5762238963938975,
    "v_proj.lora_A": 7.752064119854052,
    "v_proj.lora_B": 4.4551850195081695,
    "gate_proj.lora_A": 7.529955521526456,
    "gate_proj.lora_B": 12.3959549719825
  },
  "3": {
    "q_proj.lora_A": 7.494647429808239,
    "q_proj.lora_B": 7.552384398753857,
    "v_proj.lora_A": 7.619230284531456,
    "v_proj.lora_B": 4.322599812572192,
    "gate_proj.lora_A": 7.667565274024738,
    "gate_proj.lora_B": 12.282638590618387
  },
  "4": {
    "q_proj.lora_A": 7.589165560893554,
    "q_proj.lora_B": 7.496202316915925,
    "v_proj.lora_A": 7.540123140403982,
    "v_proj.lora_B": 4.278457206029833,
    "gate_proj.lora_A": 7.642887111973017,
    "gate_proj.lora_B": 12.423334383078599
  },
  "5": {
    "q_proj.lora_A": 7.583591805055585,
    "q_proj.lora_B": 7.6093712502548385,
    "v_proj.lora_A": 7.490979157933462,
    "v_proj.lora_B": 4.360644186466883,
    "gate_proj.lora_A": 7.559100206308429,
    "gate_proj.lora_B": 12.24930343214267
  },
  "6": {
    "q_proj.lora_A": 7.5503454000125005,
    "q_proj.lora_B": 7.5832734618598545,
    "v_proj.lora_A": 7.799638708895551,
    "v_proj.lora_B": 4.201455843163178,
    "gate_proj.lora_A": 7.9267662445770295,
    "gate_proj.lora_B": 12.351727759699374
  },
  "7": {
    "q_proj.lora_A": 7.5763294961054815,
    "q_proj.lora_B": 7.642060558462501,
    "v_proj.lora_A": 7.639939862432471,
    "v_proj.lora_B": 4.3172524015875124,
    "gate_proj.lora_A": 7.527629668959839,
    "gate_proj.lora_B": 12.470949482385345
  },
  "8": {
    "q_proj.lora_A": 7.607763730128301,
    "q_proj.lora_B": 7.593579953884468,
    "v_proj.lora_A": 7.581138966433699,
    "v_proj.lora_B": 4.247984316635805,
    "gate_proj.lora_A": 7.595902791879947,
    "gate_proj.lora_B": 12.305750427532912
  },
  "9": {
    "q_proj.lora_A": 7.628820217704035,
    "q_proj.lora_B": 7.410187729278212,
    "v_proj.lora_A": 7.486074977066401,
    "v_proj.lora_B": 4.435212748706613,
    "gate_proj.lora_A": 7.648961453022786,
    "gate_proj.lora_B": 12.220007640879142
  },
  "10": {
    "q_proj.lora_A": 7.71287950259505,
    "q_proj.lora_B": 7.554834898677225,
    "v_proj.lora_A": 7.481036629899937,
    "v_proj.lora_B": 4.480811226198339,
    "gate_proj.lora_A": 7.618257841450546,
    "gate_proj.lora_B": 12.366863724615747
  },
  "11": {
    "q_proj.lora_A": 7.612839785700714,
    "q_proj.lora_B": 7.606241714910718,
    "v_proj.lora_A": 7.720957048108667,
    "v_proj.lora_B": 4.297864038717726,
    "gate_proj.lora_A": 7.721288947055425,
    "gate_proj.lora_B": 12.393648864861595
  },
  "12": {
    "q_proj.lora_A": 7.720269176004858,
    "q_proj.lora_B": 7.6007651233942415,
    "v_proj.lora_A": 7.503386516347109,
    "v_proj.lora_B": 4.312955176381711,
    "gate_proj.lora_A": 7.571572461937209,
    "gate_proj.lora_B": 12.187971302493846
  },
  "13": {
    "q_proj.lora_A": 7.632636405715449,
    "q_proj.lora_B": 7.622304143136592,
    "v_proj.lora_A": 7.573409611442263,
    "v_proj.lora_B": 4.305216021705961,
    "gate_proj.lora_A": 7.695039525220553,
    "gate_proj.lora_B": 12.318577654628516
  },
  "14": {
    "q_proj.lora_A": 7.620022006507252,
    "q_proj.lora_B": 7.658458443317086,
    "v_proj.lora_A": 7.533094996785911,
    "v_proj.lora_B": 4.2943048688537715,
    "gate_proj.lora_A": 7.649547157241701,
    "gate_proj.lora_B": 12.200557303948404
  },
  "15": {
    "q_proj.lora_A": 7.684726934821531,
    "q_proj.lora_B": 7.603063549937617,
    "v_proj.lora_A": 7.596861657610607,
    "v_proj.lora_B": 4.476516744862499,
    "gate_proj.lora_A": 7.635660345054753,
    "gate_proj.lora_B": 12.250891655998378
  },
  "16": {
    "q_proj.lora_A": 7.602007260116228,
    "q_proj.lora_B": 7.50684610235439,
    "v_proj.lora_A": 7.5904668799786945,
    "v_proj.lora_B": 4.32878843168053,
    "gate_proj.lora_A": 7.631818823412871,
    "gate_proj.lora_B": 12.343424194194762
  },
  "17": {
    "q_proj.lora_A": 7.537959058435656,
    "q_proj.lora_B": 7.66195621986722,
    "v_proj.lora_A": 7.540629748047841,
    "v_proj.lora_B": 4.328217325041732,
    "gate_proj.lora_A": 7.551270133838198,
    "gate_proj.lora_B": 12.200332852476855
  },
  "18": {
    "q_proj.lora_A": 7.615536726885547,
    "q_proj.lora_B": 7.602776645073992,
    "v_proj.lora_A": 7.650421003210233,
    "v_proj.lora_B": 4.473716172214308,
    "gate_proj.lora_A": 7.794154018226348,
    "gate_proj.lora_B": 12.334596917604593
  },
  "19": {
    "q_proj.lora_A": 7.767453621825437,
    "q_proj.lora_B": 7.466372851951264,
    "v_proj.lora_A": 7.66815567986821,
    "v_proj.lora_B": 4.443579029399223,
    "gate_proj.lora_A": 7.627005660676273,
    "gate_proj.lora_B": 12.271433088247864
  },
  "20": {
    "q_proj.lora_A": 7.6827359064068546,
    "q_proj.lora_B": 7.6246929559996826,
    "v_proj.lora_A": 7.492685344819415,
    "v_proj.lora_B": 4.484199722484833,
    "gate_proj.lora_A": 7.5808894968901175,
    "gate_proj.lora_B": 12.342489179128952
  },
  "21": {
    "q_proj.lora_A": 7.682841350438333,
    "q_proj.lora_B": 7.597397499711265,
    "v_proj.lora_A": 7.662437766609022,
    "v_proj.lora_B": 4.265004625562085,
    "gate_proj.lora_A": 7.735089025227351,
    "gate_proj.lora_B": 12.279623585194706
  },
  "22": {
    "q_proj.lora_A": 7.7432800677046485,
    "q_proj.lora_B": 7.4406332761671194,
    "v_proj.lora_A": 7.636366463942032,
    "v_proj.lora_B": 4.2270646969234305,
    "gate_proj.lora_A": 7.699392814815127,
    "gate_proj.lora_B": 12.317596871145652
  },
  "23": {
    "q_proj.lora_A": 7.613625819906871,
    "q_proj.lora_B": 7.427002060017195,
    "v_proj.lora_A": 7.601285792037601,
    "v_proj.lora_B": 4.330912435687236,
    "gate_proj.lora_A": 7.616631729377318,
    "gate_proj.lora_B": 12.419143075096105
  },
  "24": {
    "q_proj.lora_A": 7.528569033419293,
    "q_proj.lora_B": 7.431345402429025,
    "v_proj.lora_A": 7.663112998980037,
    "v_proj.lora_B": 4.531564091033134,
    "gate_proj.lora_A": 7.585608981179637,
    "gate_proj.lora_B": 12.35825701589608
  },
  "25": {
    "q_proj.lora_A": 7.676091469419485,
    "q_proj.lora_B": 7.501186551379265,
    "v_proj.lora_A": 7.528199212782148,
    "v_proj.lora_B": 4.24807928410547,
    "gate_proj.lora_A": 7.570748947869097,
    "gate_proj.lora_B": 12.27712981976641
  },
  "26": {
    "q_proj.lora_A": 7.435339217854401,
    "q_proj.lora_B": 7.462334215358619,
    "v_proj.lora_A": 7.369158255392321,
    "v_proj.lora_B": 4.14759857755347,
    "gate_proj.lora_A": 7.689792616571433,
    "gate_proj.lora_B": 12.41274610724415
  },
  "27": {
    "q_proj.lora_A": 7.792600803360699,
    "q_proj.lora_B": 7.578213846861199,
    "v_proj.lora_A": 7.640402202534254,
    "v_proj.lora_B": 4.125802437340936,
    "gate_proj.lora_A": 7.588169211511322,
    "gate_proj.lora_B": 12.241459518705678
  },
  "28": {
    "q_proj.lora_A": 7.545505743894775,
    "q_proj.lora_B": 7.39865677702033,
    "v_proj.lora_A": 7.6831436459621525,
    "v_proj.lora_B": 4.253260813126687,
    "gate_proj.lora_A": 7.434635195550819,
    "gate_proj.lora_B": 12.421034527309445
  },
  "29": {
    "q_proj.lora_A": 7.637794090654684,
    "q_proj.lora_B": 7.577216866415031,
    "v_proj.lora_A": 7.563121866748438,
    "v_proj.lora_B": 4.414898582959035,
    "gate_proj.lora_A": 7.558179744289406,
    "gate_proj.lora_B": 12.239824757947183
  },
  "30": {
    "q_proj.lora_A": 7.732881551770219,
    "q_proj.lora_B": 7.595926717927253,
    "v_proj.lora_A": 7.5474252622566445,
    "v_proj.lora_B": 4.237614577247844,