{
  "0": {
    "q_proj.lora_A": 4.535315320515359,
    "q_proj.lora_B": 4.465824622499607,
    "v_proj.lora_A": 4.513078626567837,
    "v_proj.lora_B": 2.6230717357736295,
    "gate_proj.lora_A": 4.463982069926963,
    "gate_proj.lora_B": 7.062871042627413
  },
  "1": {
    "q_proj.lora_A": 4.515757731632905,
    "q_proj.lora_B": 4.453653288245088,
    "v_proj.lora_A": 4.596599618241231,
    "v_proj.lora_B": 2.511750011137849,
    "gate_proj.lora_A": 4.580515485770021,
    "gate_proj.lora_B": 7.189840633015765
  },
  "2": {
    "q_proj.lora_A": 4.498524113064543,
    "q_proj.lora_B": 4.351833706073945,
    "v_proj.lora_A": 4.566523487833275,
    "v_proj.lora_B": 2.530290991961133,
    "gate_proj.lora_A": 4.526349193491979,
    "gate_proj.lora_B": 7.200959542667958
  },
  "3": {
    "q_proj.lora_A": 4.385600310651184,
    "q_proj.lora_B": 4.31141734890768,
    "v_proj.lora_A": 4.499005281121388,
    "v_proj.lora_B": 2.5219404338152662,
    "gate_proj.lora_A": 4.484294430336591,
    "gate_proj.lora_B": 7.220576799636895
  },
  "4": {
    "q_proj.lora_A": 4.510001688251028,
    "q_proj.lora_B": 4.435901061234095,
    "v_proj.lora_A": 4.481921322679811,
    "v_proj.lora_B": 2.568515928814965,
    "gate_proj.lora_A": 4.574998097857206,
    "gate_proj.lora_B": 7.167469224650744
  },
  "5": {
    "q_proj.lora_A": 4.496460829111963,
    "q_proj.lora_B": 4.3171119875056805,
    "v_proj.lora_A": 4.495368878387029,
    "v_proj.lora_B": 2.5245645190492016,
    "gate_proj.lora_A": 4.537527190315437,
    "gate_proj.lora_B": 7.097636200880644
  },
  "6": {
    "q_proj.lora_A": 4.517631571155372,
    "q_proj.lora_B": 4.315445887657674,
    "v_proj.lora_A": 4.484487764963348,
    "v_proj.lora_B": 2.4408950645983456,
    "gate_proj.lora_A": 4.593273036280559,
    "gate_proj.lora_B": 7.142059938669539
  },
  "7": {
    "q_proj.lora_A": 4.5540507339532015,
    "q_proj.lora_B": 4.402514921987243,
    "v_proj.lora_A": 4.635977229147271,
    "v_proj.lora_B": 2.49184272160685,
    "gate_proj.lora_A": 4.535412209113228,
    "gate_proj.lora_B": 7.172258056591181
  },
  "8": {
    "q_proj.lora_A": 4.612104835954262,
    "q_proj.lora_B": 4.410897218194499,
    "v_proj.lora_A": 4.628398527470621,
    "v_proj.lora_B": 2.469376462478861,
    "gate_proj.lora_A": 4.4850486242017436,
    "gate_proj.lora_B": 7.15647092686021
  },
  "9": {
    "q_proj.lora_A": 4.547473673744358,
    "q_proj.lora_B": 4.360476400917319,
    "v_proj.lora_A": 4.627317477712414,
    "v_proj.lora_B": 2.523248738112551,
    "gate_proj.lora_A": 4.4707117353512285,
    "gate_proj.lora_B": 7.109778644980612
  },
  "10": {
    "q_proj.lora_A": 4.529839738205062,
    "q_proj.lora_B": 4.332804750204063,
    "v_proj.lora_A": 4.575049994687369,
    "v_proj.lora_B": 2.527988696441414,
    "gate_proj.lora_A": 4.596605191570553,
    "gate_proj.lora_B": 7.173328450736627
  },
  "11": {
    "q_proj.lora_A": 4.492802274035182,
    "q_proj.lora_B": 4.384562364972192,
    "v_proj.lora_A": 4.572183044944524,
    "v_proj.lora_B": 2.576859085124766,
    "gate_proj.lora_A": 4.599131997504374,
    "gate_proj.lora_B": 7.063152980588808
  },
  "12": {
    "q_proj.lora_A": 4.590467908173064,
    "q_proj.lora_B": 4.4221869007330215,
    "v_proj.lora_A": 4.519963103483276,
    "v_proj.lora_B": 2.460121654534907,
    "gate_proj.lora_A": 4.4646450037566945,
    "gate_proj.lora_B": 7.21807999233645
  },
  "13": {
    "q_proj.lora_A": 4.564449521971237,
    "q_proj.lora_B": 4.4544528509246195,
    "v_proj.lora_A": 4.571677831375192,
    "v_proj.lora_B": 2.4375628052748306,
    "gate_proj.lora_A": 4.542297390819179,
    "gate_proj.lora_B": 7.25577909465141
  },
  "14": {
    "q_proj.lora_A": 4.590586271471176,
    "q_proj.lora_B": 4.413776075672407,
    "v_proj.lora_A": 4.455363371527863,
    "v_proj.lora_B": 2.531703983436316,
    "gate_proj.lora_A": 4.59804539640082,
    "gate_proj.lora_B": 7.111121172460713
  },
  "15": {
    "q_proj.lora_A": 4.5351122816017995,
    "q_proj.lora_B": 4.409812222757868,
    "v_proj.lora_A": 4.451584218176301,
    "v_proj.lora_B": 2.6352926591681016,
    "gate_proj.lora_A": 4.467506009515762,
    "gate_proj.lora_B": 7.2816944891784186
  },
  "16": {
    "q_proj.lora_A": 4.530762254717577,
    "q_proj.lora_B": 4.385799390852709,
    "v_proj.lora_A": 4.541702144922486,
    "v_proj.lora_B": 2.62521526632911,
    "gate_proj.lora_A": 4.5630926568044385,
    "gate_proj.lora_B": 7.160819317054802
  },
  "17": {
    "q_proj.lora_A": 4.451038631753145,
    "q_proj.lora_B": 4.43218795519009,
    "v_proj.lora_A": 4.50076419532886,
    "v_proj.lora_B": 2.49283218902038,
    "gate_proj.lora_A": 4.531563129943459,
    "gate_proj.lora_B": 7.161475845557425
  },
  "18": {
    "q_proj.lora_A": 4.639659333869407,
    "q_proj.lora_B": 4.301741288173899,
    "v_proj.lora_A": 4.591425719117952,
    "v_proj.lora_B": 2.5184615083148985,
    "gate_proj.lora_A": 4.535217295288083,
    "gate_proj.lora_B": 7.15678518135109
  },
  "19": {
    "q_proj.lora_A": 4.486647668322245,
    "q_proj.lora_B": 4.3965027298377555,
    "v_proj.lora_A": 4.491575269618631,
    "v_proj.lora_B": 2.5854865981134143,
    "gate_proj.lora_A": 4.482894784806344,
    "gate_proj.lora_B": 7.159206233587647
  },
  "20": {
    "q_proj.lora_A": 4.562811441977874,
    "q_proj.lora_B": 4.500794610148884,
    "v_proj.lora_A": 4.525997041344719,
    "v_proj.lora_B": 2.54545748813495,
    "gate_proj.lora_A": 4.563513601622198,
    "gate_proj.lora_B": 7.180605661859013
  },
  "21": {
    "q_proj.lora_A": 4.624046189924895,
    "q_proj.lora_B": 4.347469202281698,
    "v_proj.lora_A": 4.5213928746650485,
    "v_proj.lora_B": 2.554689407787284,
    "gate_proj.lora_A": 4.648072379926749,
    "gate_proj.lora_B": 7.206918776485327
  },
  "22": {
    "q_proj.lora_A": 4.655904599988542,
    "q_proj.lora_B": 4.357044341125895,
    "v_proj.lora_A": 4.5329884500411355,
    "v_proj.lora_B": 2.507825737526189,
    "gate_proj.lora_A": 4.591832547677876,
    "gate_proj.lora_B": 7.123591962180201
  },
  "23": {
    "q_proj.lora_A": 4.500536726709572,
    "q_proj.lora_B": 4.400024165911865,
    "v_proj.lora_A": 4.657929961938563,
    "v_proj.lora_B": 2.5816044925490598,
    "gate_proj.lora_A": 4.5848466562700105,
    "gate_proj.lora_B": 7.150160039263384
  },
  "24": {
    "q_proj.lora_A": 4.5417142589602575,
    "q_proj.lora_B": 4.358525279566177,
    "v_proj.lora_A": 4.484504055803391,
    "v_proj.lora_B": 2.5270632580163768,
    "gate_proj.lora_A": 4.438946370186912,
    "gate_proj.lora_B": 7.1818871781066
  },
  "25": {
    "q_proj.lora_A": 4.437874062353636,
    "q_proj.lora_B": 4.407734020877837,
    "v_proj.lora_A": 4.584573766541771,
    "v_proj.lora_B": 2.5222772819328614,
    "gate_proj.lora_A": 4.564782947965902,
    "gate_proj.lora_B": 7.286487514876185
  },
  "26": {
    "q_proj.lora_A": 4.523802374581929,
    "q_proj.lora_B": 4.38483643439605,
    "v_proj.lora_A": 4.598082708518354,
    "v_proj.lora_B": 2.5616469004902878,
    "gate_proj.lora_A": 4.576332961359716,
    "gate_proj.lora_B": 7.23059984166013
  },
  "27": {
    "q_proj.lora_A": 4.587281604437148,
    "q_proj.lora_B": 4.391489192220899,
    "v_proj.lora_A": 4.488603855067312,
    "v_proj.lora_B": 2.4282935202720832,
    "gate_proj.lora_A": 4.532160725416693,
    "gate_proj.lora_B": 7.1943383692966325
  },
  "28": {
    "q_proj.lora_A": 4.524009766665774,
    "q_proj.lora_B": 4.391266851510781,
    "v_proj.lora_A": 4.55534772717801,
    "v_proj.lora_B": 2.5402328720076683,
    "gate_proj.lora_A": 4.516647636519871,
    "gate_proj.lora_B": 7.203768065738666
  },
  "29": {
    "q_proj.lora_A": 4.558108660493606,
    "q_proj.lora_B": 4.439676839129398,
    "v_proj.lora_A": 4.646736732530024,
    "v_proj.lora_B": 2.6002290195986273,
    "gate_proj.lora_A": 4.504928029927979,
    "gate_proj.lora_B": 7.2099742049783755
  },
  "30": {
    "q_proj.lora_A": 4.6232891702058385,
    "q_proj.lora_B": 4.334323658019437,
    "v_proj.lora_A": 4.5836003900399485,
    "v_proj.lora_B": 2.521467023677808,