{
  "0": {
    "q_proj.lora_A": 9.388437630841636,
    "q_proj.lora_B": 9.301447733882684,
    "v_proj.lora_A": 9.344080487265462,
    "v_proj.lora_B": 5.593579930533083,
    "gate_proj.lora_A": 9.438550139086423,
    "gate_proj.lora_B": 15.255258166200127
  },
  "1": {
    "q_proj.lora_A": 9.105108632586829,
    "q_proj.lora_B": 9.352982592597357,
    "v_proj.lora_A": 9.258764168419818,
    "v_proj.lora_B": 5.406576601555932,
    "gate_proj.lora_A": 9.259472139222472,
    "gate_proj.lora_B": 15.305202546627207
  },
  "2": {
    "q_proj.lora_A": 9.485702264002963,
    "q_proj.lora_B": 9.351840107135887,
    "v_proj.lora_A": 9.360477443807811,
    "v_proj.lora_B": 5.457804496454076,
    "gate_proj.lora_A": 9.45303180308311,
    "gate_proj.lora_B": 15.336445494002476
  },
  "3": {
    "q_proj.lora_A": 9.225059314593338,
    "q_proj.lora_B": 9.31274178887131,
    "v_proj.lora_A": 9.116120403650104,
    "v_proj.lora_B": 5.3970244339507625,
    "gate_proj.lora_A": 9.198980861879095,
    "gate_proj.lora_B": 15.13531081166676
  },
  "4": {
    "q_proj.lora_A": 9.143785115238611,
    "q_proj.lora_B": 9.123766087265345,
    "v_proj.lora_A": 9.329192128739974,
    "v_proj.lora_B": 5.24625341664925,
    "gate_proj.lora_A": 9.47462775761413,
    "gate_proj.lora_B": 15.31135741345939
  },
  "5": {
    "q_proj.lora_A": 9.410411616524366,
    "q_proj.lora_B": 9.314298828244404,
    "v_proj.lora_A": 9.31535287734489,
    "v_proj.lora_B": 5.3289478635660945,
    "gate_proj.lora_A": 9.388296625735475,
    "gate_proj.lora_B": 15.122385069978993
  },
  "6": {
    "q_proj.lora_A": 9.392340236168875,
    "q_proj.lora_B": 9.244799358307377,
    "v_proj.lora_A": 9.602007779238352,
    "v_proj.lora_B": 5.347608488265871,
    "gate_proj.lora_A": 9.519555824096763,
    "gate_proj.lora_B": 15.197689723836303
  },
  "7": {
    "q_proj.lora_A": 9.36790720558423,
    "q_proj.lora_B": 9.442407897175235,
    "v_proj.lora_A": 9.395262451268929,
    "v_proj.lora_B": 5.379972754468204,
    "gate_proj.lora_A": 9.331699997959435,
    "gate_proj.lora_B": 15.153778563976031
  },
  "8": {
    "q_proj.lora_A": 9.339160329627541,
    "q_proj.lora_B": 9.259306820181113,
    "v_proj.lora_A": 9.405190802464993,
    "v_proj.lora_B": 5.249750242549868,
    "gate_proj.lora_A": 9.416891799494884,
    "gate_proj.lora_B": 15.135168528262522
  },
  "9": {
    "q_proj.lora_A": 9.464701647600872,
    "q_proj.lora_B": 9.301705914555356,
    "v_proj.lora_A": 9.451496851386166,
    "v_proj.lora_B": 5.3741366852894,
    "gate_proj.lora_A": 9.175771680656474,
    "gate_proj.lora_B": 14.939621952490281
  },
  "10": {
    "q_proj.lora_A": 9.278604148432814,
    "q_proj.lora_B": 9.248322655609694,
    "v_proj.lora_A": 9.384996530423521,
    "v_proj.lora_B": 5.530107003778583,
    "gate_proj.lora_A": 9.327848669634736,
    "gate_proj.lora_B": 15.155696544919008
  },
  "11": {
    "q_proj.lora_A": 9.351653387370867,
    "q_proj.lora_B": 9.340991970693585,
    "v_proj.lora_A": 9.406146851814556,
    "v_proj.lora_B": 5.512572984744298,
    "gate_proj.lora_A": 9.522476362927918,
    "gate_proj.lora_B": 15.072399770728993
  },
  "12": {
    "q_proj.lora_A": 9.275069113009712,
    "q_proj.lora_B": 9.40727206131218,
    "v_proj.lora_A": 9.42691544168396,
    "v_proj.lora_B": 5.2632628010989695,
    "gate_proj.lora_A": 9.238364902296818,
    "gate_proj.lora_B": 15.035066107500914
  },
  "13": {
    "q_proj.lora_A": 9.428925166651911,
    "q_proj.lora_B": 9.210504104212518,
    "v_proj.lora_A": 9.472060805679225,
    "v_proj.lora_B": 5.559938448447021,
    "gate_proj.lora_A": 9.441837632409317,
    "gate_proj.lora_B": 15.220946044134267
  },
  "14": {
    "q_proj.lora_A": 9.292229420130356,
    "q_proj.lora_B": 9.571753516702511,
    "v_proj.lora_A": 9.319250230515667,
    "v_proj.lora_B": 5.3052241637284485,
    "gate_proj.lora_A": 9.2874435092762,
    "gate_proj.lora_B": 15.094647978778493
  },
  "15": {
    "q_proj.lora_A": 9.33284468302436,
    "q_proj.lora_B": 9.477033477941793,
    "v_proj.lora_A": 9.233950803727824,
    "v_proj.lora_B": 5.301563288354235,
    "gate_proj.lora_A": 9.411827584792695,
    "gate_proj.lora_B": 15.101471386242267
  },
  "16": {
    "q_proj.lora_A": 9.45615902840226,
    "q_proj.lora_B": 9.462021053893613,
    "v_proj.lora_A": 9.285433428932624,
    "v_proj.lora_B": 5.36336960958456,
    "gate_proj.lora_A": 9.249233868841893,
    "gate_proj.lora_B": 15.255238079267128
  },
  "17": {
    "q_proj.lora_A": 9.400558347688067,
    "q_proj.lora_B": 9.395524317866876,
    "v_proj.lora_A": 9.231421019867367,
    "v_proj.lora_B": 5.471645003757961,
    "gate_proj.lora_A": 9.204430429215174,
    "gate_proj.lora_B": 15.083738605678501
  },
  "18": {
    "q_proj.lora_A": 9.343443309479547,
    "q_proj.lora_B": 9.226652890132412,
    "v_proj.lora_A": 9.246424172795551,
    "v_proj.lora_B": 5.4260539078115535,
    "gate_proj.lora_A": 9.474775300348886,
    "gate_proj.lora_B": 15.289304047509832
  },
  "19": {
    "q_proj.lora_A": 9.600390092794196,
    "q_proj.lora_B": 9.239299785190738,
    "v_proj.lora_A": 9.378293500758419,
    "v_proj.lora_B": 5.334591159320584,
    "gate_proj.lora_A": 9.291680818590269,
    "gate_proj.lora_B": 15.185347588498015
  },
  "20": {
    "q_proj.lora_A": 9.186395259575955,
    "q_proj.lora_B": 9.270563877537255,
    "v_proj.lora_A": 9.345530081826816,
    "v_proj.lora_B": 5.410489607348396,
    "gate_proj.lora_A": 9.276178099198567,
    "gate_proj.lora_B": 15.188833509254183
  },
  "21": {
    "q_proj.lora_A": 9.456939574232091,
    "q_proj.lora_B": 9.029108663487836,
    "v_proj.lora_A": 9.249378392999466,
    "v_proj.lora_B": 5.33602911407531,
    "gate_proj.lora_A": 9.402471493742144,
    "gate_proj.lora_B": 15.150962436562743
  },
  "22": {
    "q_proj.lora_A": 9.451254383293637,
    "q_proj.lora_B": 9.13553617910246,
    "v_proj.lora_A": 9.393293954579978,
    "v_proj.lora_B": 5.240326873898328,
    "gate_proj.lora_A": 9.410013188372178,
    "gate_proj.lora_B": 15.22159911081702
  },
  "23": {
    "q_proj.lora_A": 9.30664966357536,
    "q_proj.lora_B": 9.114767148470795,
    "v_proj.lora_A": 9.478999115925399,
    "v_proj.lora_B": 5.166681621119348,
    "gate_proj.lora_A": 9.327693863003285,
    "gate_proj.lora_B": 15.160252857878852
  },
  "24": {
    "q_proj.lora_A": 9.25029505807023,
    "q_proj.lora_B": 9.270035122366174,
    "v_proj.lora_A": 9.405024701929397,
    "v_proj.lora_B": 5.3112699475648775,
    "gate_proj.lora_A": 9.170856717019037,
    "gate_proj.lora_B": 15.096136272892254
  },
  "25": {
    "q_proj.lora_A": 9.36646378402097,
    "q_proj.lora_B": 9.238100475256449,
    "v_proj.lora_A": 9.398831766739441,
    "v_proj.lora_B": 5.340977911148198,
    "gate_proj.lora_A": 9.41176664090553,
    "gate_proj.lora_B": 15.159619367610377
  },
  "26": {
    "q_proj.lora_A": 9.474522976980493,
    "q_proj.lora_B": 9.088558750723466,
    "v_proj.lora_A": 9.21953231019006,
    "v_proj.lora_B": 5.382929418587432,
    "gate_proj.lora_A": 9.190479632063738,
    "gate_proj.lora_B": 15.22379074379671
  },
  "27": {
    "q_proj.lora_A": 9.291762449977295,
    "q_proj.lora_B": 9.32534645362796,
    "v_proj.lora_A": 9.436829381670519,
    "v_proj.lora_B": 5.2399092978670225,
    "gate_proj.lora_A": 9.32091891423537,
    "gate_proj.lora_B": 15.157945836741478
  },
  "28": {
    "q_proj.lora_A": 9.260864911625038,
    "q_proj.lora_B": 9.251944363886647,
    "v_proj.lora_A": 9.29964027996019,
    "v_proj.lora_B": 5.419178003254474,
    "gate_proj.lora_A": 9.438240124058085,
    "gate_proj.lora_B": 15.151885727130688
  },
  "29": {
    "q_proj.lora_A": 9.419741211336843,
    "q_proj.lora_B": 9.392745950559197,
    "v_proj.lora_A": 9.20615910761454,
    "v_proj.lora_B": 5.24213122480066,
    "gate_proj.lora_A": 9.431760880993652,
    "gate_proj.lora_B": 15.205084495383085
  },
  "30": {
    "q_proj.lora_A": 9.534007613019169,
    "q_proj.lora_B": 9.344634821378968,
    "v_proj.lora_A": 9.111151785360354,
    "v_proj.lora_B": 5.278156402153956,