{
  "per_seed": [
    {
      "seed": 42,
      "n_episodes": 1000,
      "n_cells_filled": 688,
      "operator_fill_counts": {
        "symbolic": 221,
        "structural": 306,
        "structured_null": 48,
        "uniform": 65,
        "anti_prior": 48
      },
      "operator_eval_counts": {
        "symbolic": 305,
        "structural": 466,
        "structured_null": 76,
        "uniform": 81,
        "anti_prior": 72
      },
      "operator_fill_efficiency": {
        "symbolic": 0.7245901639344262,
        "structural": 0.6566523605150214,
        "structured_null": 0.631578947368421,
        "uniform": 0.8024691358024691,
        "anti_prior": 0.6666666666666666
      },
      "coverage_divergences": {
        "structural_vs_uniform": 1.0,
        "structural_vs_anti_prior": 1.0,
        "symbolic_vs_uniform": 1.0,
        "anti_prior_vs_uniform": 1.0,
        "anti_prior_vs_structured_null": 1.0
      },
      "band_concentration_per_operator": {
        "symbolic": {
          "4": 0.14479638009049775,
          "2": 0.2081447963800905,
          "3": 0.2081447963800905,
          "0": 0.19457013574660634,
          "1": 0.24434389140271492
        },
        "structural": {
          "1": 0.22549019607843138,
          "3": 0.19934640522875818,
          "2": 0.23202614379084968,
          "4": 0.1568627450980392,
          "0": 0.18627450980392157
        },
        "structured_null": {
          "2": 0.1875,
          "0": 0.16666666666666666,
          "1": 0.16666666666666666,
          "3": 0.22916666666666666,
          "4": 0.25
        },
        "uniform": {
          "1": 0.2153846153846154,
          "2": 0.24615384615384617,
          "0": 0.1076923076923077,
          "4": 0.13846153846153847,
          "3": 0.2923076923076923
        },
        "anti_prior": {
          "0": 0.2916666666666667,
          "2": 0.20833333333333334,
          "3": 0.125,
          "1": 0.1875,
          "4": 0.1875
        }
      },
      "n_substrate_passed": 0,
      "n_won_cell": 727,
      "n_trivial_rejects": 44,
      "f_trivial_band_reject_rate": 0.044,
      "saturation_curve": [
        [
          100,
          94
        ],
        [
          200,
          174
        ],
        [
          300,
          255
        ],
        [
          400,
          326
        ],
        [
          500,
          393
        ],
        [
          600,
          456
        ],
        [
          700,
          516
        ],
        [
          800,
          580
        ],
        [
          900,
          629
        ],
        [
          1000,
          688
        ]
      ],
      "scheduler_min_share_compliance": {
        "uniform": {
          "min_share": 0.05,
          "actual_share": 0.081,
          "compliant": true,
          "source": "cumulative"
        },
        "anti_prior": {
          "min_share": 0.05,
          "actual_share": 0.072,
          "compliant": true,
          "source": "cumulative"
        },
        "structured_null": {
          "min_share": 0.05,
          "actual_share": 0.076,
          "compliant": true,
          "source": "cumulative"
        }
      },
      "scheduler_cumulative_shares": {
        "symbolic": 0.305,
        "structural": 0.466,
        "structured_null": 0.076,
        "uniform": 0.081,
        "anti_prior": 0.072
      },
      "quaternary_pass": true
    },
    {
      "seed": 100,
      "n_episodes": 1000,
      "n_cells_filled": 672,
      "operator_fill_counts": {
        "structural": 307,
        "symbolic": 228,
        "uniform": 47,
        "structured_null": 45,
        "anti_prior": 45
      },
      "operator_eval_counts": {
        "structural": 466,
        "symbolic": 327,
        "uniform": 71,
        "structured_null": 70,
        "anti_prior": 66
      },
      "operator_fill_efficiency": {
        "structural": 0.6587982832618026,
        "symbolic": 0.6972477064220184,
        "uniform": 0.6619718309859155,
        "structured_null": 0.6428571428571429,
        "anti_prior": 0.6818181818181818
      },
      "coverage_divergences": {
        "structural_vs_uniform": 1.0,
        "structural_vs_anti_prior": 1.0,
        "symbolic_vs_uniform": 1.0,
        "anti_prior_vs_uniform": 1.0,
        "anti_prior_vs_structured_null": 1.0
      },
      "band_concentration_per_operator": {
        "structural": {
          "1": 0.18566775244299674,
          "2": 0.20521172638436483,
          "3": 0.24429967426710097,
          "4": 0.15960912052117263,
          "0": 0.20521172638436483
        },
        "symbolic": {
          "0": 0.22807017543859648,
          "3": 0.18859649122807018,
          "4": 0.13157894736842105,
          "2": 0.24561403508771928,
          "1": 0.20614035087719298
        },
        "uniform": {
          "2": 0.23404255319148937,
          "1": 0.2765957446808511,
          "4": 0.1276595744680851,
          "0": 0.10638297872340426,
          "3": 0.2553191489361702
        },
        "structured_null": {
          "2": 0.17777777777777778,
          "0": 0.2,
          "1": 0.2,
          "4": 0.17777777777777778,
          "3": 0.24444444444444444
        },
        "anti_prior": {
          "4": 0.2222222222222222,
          "0": 0.17777777777777778,
          "3": 0.26666666666666666,
          "2": 0.1111111111111111,
          "1": 0.2222222222222222
        }
      },
      "n_substrate_passed": 0,
      "n_won_cell": 702,
      "n_trivial_rejects": 38,
      "f_trivial_band_reject_rate": 0.038,
      "saturation_curve": [
        [
          100,
          89
        ],
        [
          200,
          172
        ],
        [
          300,
          246
        ],
        [
          400,
          321
        ],
        [
          500,
          391
        ],
        [
          600,
          455
        ],
        [
          700,
          522
        ],
        [
          800,
          579
        ],
        [
          900,
          627
        ],
        [
          1000,
          672
        ]
      ],
      "scheduler_min_share_compliance": {
        "uniform": {
          "min_share": 0.05,
          "actual_share": 0.071,
          "compliant": true,
          "source": "cumulative"
        },
        "anti_prior": {
          "min_share": 0.05,
          "actual_share": 0.066,
          "compliant": true,
          "source": "cumulative"
        },
        "structured_null": {
          "min_share": 0.05,
          "actual_share": 0.07,
          "compliant": true,
          "source": "cumulative"
        }
      },
      "scheduler_cumulative_shares": {
        "structural": 0.466,
        "symbolic": 0.327,
        "uniform": 0.071,
        "structured_null": 0.07,
        "anti_prior": 0.066
      },
      "quaternary_pass": true
    },
    {
      "seed": 1234,
      "n_episodes": 1000,
      "n_cells_filled": 680,
      "operator_fill_counts": {
        "anti_prior": 56,
        "structural": 307,
        "structured_null": 56,
        "symbolic": 211,
        "uniform": 50
      },
      "operator_eval_counts": {
        "anti_prior": 71,
        "structural": 473,
        "structured_null": 78,
        "symbolic": 301,
        "uniform": 77
      },
      "operator_fill_efficiency": {
        "anti_prior": 0.7887323943661971,
        "structural": 0.6490486257928119,
        "structured_null": 0.717948717948718,
        "symbolic": 0.7009966777408638,
        "uniform": 0.6493506493506493
      },
      "coverage_divergences": {
        "structural_vs_uniform": 1.0,
        "structural_vs_anti_prior": 1.0,
        "symbolic_vs_uniform": 1.0,
        "anti_prior_vs_uniform": 1.0,
        "anti_prior_vs_structured_null": 1.0
      },
      "band_concentration_per_operator": {
        "anti_prior": {
          "4": 0.10714285714285714,
          "2": 0.14285714285714285,
          "3": 0.23214285714285715,
          "1": 0.25,
          "0": 0.26785714285714285
        },