{
  "per_seed": [
    {
      "seed": 42,
      "n_episodes": 1000,
      "n_cells_filled": 701,
      "operator_fill_counts": {
        "structural": 320,
        "symbolic": 213,
        "structured_null": 57,
        "uniform": 61,
        "anti_prior": 50
      },
      "operator_eval_counts": {
        "symbolic": 305,
        "structural": 466,
        "structured_null": 76,
        "uniform": 81,
        "anti_prior": 72
      },
      "operator_fill_efficiency": {
        "symbolic": 0.6983606557377049,
        "structural": 0.6866952789699571,
        "structured_null": 0.75,
        "uniform": 0.7530864197530864,
        "anti_prior": 0.6944444444444444
      },
      "coverage_divergences": {
        "structural_vs_uniform": 1.0,
        "structural_vs_anti_prior": 1.0,
        "symbolic_vs_uniform": 1.0,
        "anti_prior_vs_uniform": 1.0,
        "anti_prior_vs_structured_null": 1.0
      },
      "band_concentration_per_operator": {
        "structural": {
          "4": 0.178125,
          "1": 0.184375,
          "3": 0.225,
          "2": 0.209375,
          "0": 0.203125
        },
        "symbolic": {
          "4": 0.19718309859154928,
          "2": 0.215962441314554,
          "3": 0.2112676056338028,
          "0": 0.19248826291079812,
          "1": 0.18309859154929578
        },
        "structured_null": {
          "2": 0.15789473684210525,
          "1": 0.2982456140350877,
          "3": 0.2807017543859649,
          "4": 0.14035087719298245,
          "0": 0.12280701754385964
        },
        "uniform": {
          "1": 0.19672131147540983,
          "2": 0.22950819672131148,
          "0": 0.22950819672131148,
          "4": 0.13114754098360656,
          "3": 0.21311475409836064
        },
        "anti_prior": {
          "0": 0.28,
          "2": 0.2,
          "3": 0.22,
          "1": 0.2,
          "4": 0.1
        }
      },
      "n_substrate_passed": 0,
      "n_won_cell": 726,
      "n_trivial_rejects": 37,
      "f_trivial_band_reject_rate": 0.037,
      "saturation_curve": [
        [
          100,
          94
        ],
        [
          200,
          175
        ],
        [
          300,
          259
        ],
        [
          400,
          338
        ],
        [
          500,
          404
        ],
        [
          600,
          470
        ],
        [
          700,
          530
        ],
        [
          800,
          591
        ],
        [
          900,
          645
        ],
        [
          1000,
          701
        ]
      ],
      "scheduler_min_share_compliance": {
        "uniform": {
          "min_share": 0.05,
          "actual_share": 0.081,
          "compliant": true,
          "source": "cumulative"
        },
        "anti_prior": {
          "min_share": 0.05,
          "actual_share": 0.072,
          "compliant": true,
          "source": "cumulative"
        },
        "structured_null": {
          "min_share": 0.05,
          "actual_share": 0.076,
          "compliant": true,
          "source": "cumulative"
        }
      },
      "scheduler_cumulative_shares": {
        "symbolic": 0.305,
        "structural": 0.466,
        "structured_null": 0.076,
        "uniform": 0.081,
        "anti_prior": 0.072
      },
      "quaternary_pass": true
    },
    {
      "seed": 100,
      "n_episodes": 1000,
      "n_cells_filled": 700,
      "operator_fill_counts": {
        "structural": 334,
        "symbolic": 212,
        "uniform": 54,
        "structured_null": 50,
        "anti_prior": 50
      },
      "operator_eval_counts": {
        "structural": 466,
        "symbolic": 327,
        "uniform": 71,
        "structured_null": 70,
        "anti_prior": 66
      },
      "operator_fill_efficiency": {
        "structural": 0.7167381974248928,
        "symbolic": 0.6483180428134556,
        "uniform": 0.7605633802816901,
        "structured_null": 0.7142857142857143,
        "anti_prior": 0.7575757575757576
      },
      "coverage_divergences": {
        "structural_vs_uniform": 1.0,
        "structural_vs_anti_prior": 1.0,
        "symbolic_vs_uniform": 1.0,
        "anti_prior_vs_uniform": 1.0,
        "anti_prior_vs_structured_null": 1.0
      },
      "band_concentration_per_operator": {
        "structural": {
          "1": 0.2155688622754491,
          "2": 0.18862275449101795,
          "3": 0.20958083832335328,
          "4": 0.1407185628742515,
          "0": 0.24550898203592814
        },
        "symbolic": {
          "0": 0.18396226415094338,
          "4": 0.18396226415094338,
          "2": 0.21226415094339623,
          "1": 0.19339622641509435,
          "3": 0.22641509433962265
        },
        "uniform": {
          "2": 0.18518518518518517,
          "1": 0.24074074074074073,
          "4": 0.2037037037037037,
          "0": 0.14814814814814814,
          "3": 0.2222222222222222
        },
        "structured_null": {
          "2": 0.12,
          "0": 0.22,
          "1": 0.22,
          "4": 0.16,
          "3": 0.28
        },
        "anti_prior": {
          "4": 0.14,
          "0": 0.18,
          "3": 0.24,
          "1": 0.28,
          "2": 0.16
        }
      },
      "n_substrate_passed": 0,
      "n_won_cell": 723,
      "n_trivial_rejects": 49,
      "f_trivial_band_reject_rate": 0.049,
      "saturation_curve": [
        [
          100,
          89
        ],
        [
          200,
          180
        ],
        [
          300,
          264
        ],
        [
          400,
          340
        ],
        [
          500,
          409
        ],
        [
          600,
          473
        ],
        [
          700,
          541
        ],
        [
          800,
          591
        ],
        [
          900,
          645
        ],
        [
          1000,
          700
        ]
      ],
      "scheduler_min_share_compliance": {
        "uniform": {
          "min_share": 0.05,
          "actual_share": 0.071,
          "compliant": true,
          "source": "cumulative"
        },
        "anti_prior": {
          "min_share": 0.05,
          "actual_share": 0.066,
          "compliant": true,
          "source": "cumulative"
        },
        "structured_null": {
          "min_share": 0.05,
          "actual_share": 0.07,
          "compliant": true,
          "source": "cumulative"
        }
      },
      "scheduler_cumulative_shares": {
        "structural": 0.466,
        "symbolic": 0.327,
        "uniform": 0.071,
        "structured_null": 0.07,
        "anti_prior": 0.066
      },
      "quaternary_pass": true
    },
    {
      "seed": 1234,
      "n_episodes": 1000,
      "n_cells_filled": 679,
      "operator_fill_counts": {
        "anti_prior": 52,
        "structural": 311,
        "structured_null": 52,
        "symbolic": 207,
        "uniform": 57
      },
      "operator_eval_counts": {
        "anti_prior": 71,
        "structural": 473,
        "structured_null": 78,
        "symbolic": 301,
        "uniform": 77
      },
      "operator_fill_efficiency": {
        "anti_prior": 0.7323943661971831,
        "structural": 0.6575052854122622,
        "structured_null": 0.6666666666666666,
        "symbolic": 0.6877076411960132,
        "uniform": 0.7402597402597403
      },
      "coverage_divergences": {
        "structural_vs_uniform": 1.0,
        "structural_vs_anti_prior": 1.0,
        "symbolic_vs_uniform": 1.0,
        "anti_prior_vs_uniform": 1.0,
        "anti_prior_vs_structured_null": 1.0
      },
      "band_concentration_per_operator": {
        "anti_prior": {
          "4": 0.15384615384615385,
          "2": 0.23076923076923078,
          "3": 0.2692307692307692,
          "1": 0.19230769230769232,
          "0": 0.15384615384615385
        },
        "structural": {
          "4": 0.19292604501607716,
          "3": 0.19614147909967847,
          "2": 0.21221864951768488,
          "1": 0.22186495176848875,